ticker,name,sector,cap_tier,avg_volume,exchange
NVDA,NVIDIA Corporation,Technology,Mega-Cap,181087637,NMS
AAPL,Apple Inc.,Technology,Mega-Cap,47781611,NMS
GOOGL,Alphabet Inc.,Communication Services,Mega-Cap,34338132,NMS
MSFT,Microsoft Corporation,Technology,Mega-Cap,36411312,NMS
AMZN,"Amazon.com, Inc.",Consumer Cyclical,Mega-Cap,50654203,NMS
AVGO,Broadcom Inc.,Technology,Mega-Cap,26509701,NMS
META,"Meta Platforms, Inc.",Communication Services,Mega-Cap,16060250,NMS
TSLA,"Tesla, Inc.",Consumer Cyclical,Mega-Cap,61566004,NMS
BRK-B,Berkshire Hathaway Inc. New,Financial Services,Mega-Cap,4853706,NYQ
WMT,Walmart Inc.,Consumer Defensive,Mega-Cap,31026485,NMS
LLY,Eli Lilly and Company,Healthcare,Mega-Cap,3229543,NYQ
JPM,JP Morgan Chase & Co.,Financial Services,Mega-Cap,11299638,NYQ
XOM,Exxon Mobil Corporation,Energy,Mega-Cap,22934340,NYQ
SPY,State Street SPDR S&P 500 ETF T,N/A,Mega-Cap,89191143,PCX
JNJ,Johnson & Johnson,Healthcare,Mega-Cap,8869380,NYQ
V,Visa Inc.,Financial Services,Mega-Cap,8151520,NYQ
ASML,ASML Holding N.V. - New York Re,Technology,Mega-Cap,1844009,NMS
MA,Mastercard Incorporated,Financial Services,Mega-Cap,3944864,NYQ
COST,Costco Wholesale Corporation,Consumer Defensive,Mega-Cap,2221287,NMS
ORCL,Oracle Corporation,Technology,Mega-Cap,27259829,NYQ
CVX,Chevron Corporation,Energy,Mega-Cap,13351687,NYQ
NFLX,"Netflix, Inc.",Communication Services,Mega-Cap,49388206,NMS
ABBV,AbbVie Inc.,Healthcare,Mega-Cap,7382701,NYQ
MU,"Micron Technology, Inc.",Technology,Mega-Cap,40774624,NMS
PLTR,Palantir Technologies Inc.,Technology,Mega-Cap,49297461,NMS
BAC,Bank of America Corporation,Financial Services,Mega-Cap,42665411,NYQ
PG,Procter & Gamble Company (The),Consumer Defensive,Mega-Cap,11639238,NYQ
AMD,"Advanced Micro Devices, Inc.",Technology,Mega-Cap,38296682,NMS
CAT,"Caterpillar, Inc.",Industrials,Mega-Cap,2850988,NYQ
HD,"Home Depot, Inc. (The)",Consumer Cyclical,Mega-Cap,4301812,NYQ
KO,Coca-Cola Company (The),Consumer Defensive,Mega-Cap,18550690,NYQ
CSCO,"Cisco Systems, Inc.",Technology,Mega-Cap,24087717,NMS
AZN,AstraZeneca PLC,Healthcare,Mega-Cap,3031729,NYQ
BABA,Alibaba Group Holding Limited,Consumer Cyclical,Mega-Cap,12228619,NYQ
GE,GE Aerospace,Industrials,Mega-Cap,5762533,NYQ
MRK,"Merck & Company, Inc.",Healthcare,Mega-Cap,11943961,NYQ
NVS,Novartis AG,Healthcare,Mega-Cap,2364772,NYQ
HSBC,"HSBC Holdings, plc.",Financial Services,Mega-Cap,2334893,NYQ
AMAT,"Applied Materials, Inc.",Technology,Mega-Cap,7733879,NMS
LRCX,Lam Research Corporation,Technology,Mega-Cap,11894953,NMS
SHEL,Shell PLC,Energy,Mega-Cap,7023831,NYQ
MS,Morgan Stanley,Financial Services,Mega-Cap,7585279,NYQ
RTX,RTX Corporation,Industrials,Mega-Cap,6293238,NYQ
PM,Philip Morris International Inc,Consumer Defensive,Mega-Cap,5424477,NYQ
GS,"Goldman Sachs Group, Inc. (The)",Financial Services,Mega-Cap,2465541,NYQ
WFC,Wells Fargo & Company,Financial Services,Mega-Cap,17592361,NYQ
UNH,UnitedHealth Group Incorporated,Healthcare,Mega-Cap,9739061,NYQ
GEV,GE Vernova Inc.,Industrials,Mega-Cap,2881203,NYQ
TMUS,"T-Mobile US, Inc.",Communication Services,Mega-Cap,6232725,NMS
LIN,Linde plc,Basic Materials,Mega-Cap,2723716,NMS
IBM,International Business Machines,Technology,Mega-Cap,5849251,NYQ
QQQ,"Invesco QQQ Trust, Series 1",N/A,Mega-Cap,65973764,NGM
RY,Royal Bank Of Canada,Financial Services,Mega-Cap,1429745,NYQ
MCD,McDonald's Corporation,Consumer Cyclical,Mega-Cap,3353064,NYQ
INTC,Intel Corporation,Technology,Mega-Cap,108055487,NMS
PEP,"Pepsico, Inc.",Consumer Defensive,Mega-Cap,8009201,NMS
VZ,Verizon Communications Inc.,Communication Services,Mega-Cap,32071346,NYQ
AXP,American Express Company,Financial Services,Mega-Cap,3715682,NYQ
T,AT&T Inc.,Communication Services,Large-Cap,45896580,NYQ
SAP,SAP  SE,Technology,Mega-Cap,3070827,NYQ
C,"Citigroup, Inc.",Financial Services,Mega-Cap,15375806,NYQ
TTE,TotalEnergies SE,Energy,Large-Cap,1979672,NYQ
NEE,"NextEra Energy, Inc.",Utilities,Large-Cap,9976135,NYQ
KLAC,KLA Corporation,Technology,Large-Cap,1129145,NMS
MUFG,"Mitsubishi UFJ Financial Group,",Financial Services,Large-Cap,3897620,NYQ
AMGN,Amgen Inc.,Healthcare,Large-Cap,2825735,NMS
BHP,BHP Group Limited,Basic Materials,Large-Cap,4371493,NYQ
TMO,Thermo Fisher Scientific Inc,Healthcare,Large-Cap,2395988,NYQ
ABT,Abbott Laboratories,Healthcare,Large-Cap,11383616,NYQ
TJX,"TJX Companies, Inc. (The)",Consumer Cyclical,Large-Cap,5227959,NYQ
TXN,Texas Instruments Incorporated,Technology,Large-Cap,7734240,NMS
CRM,"Salesforce, Inc.",Technology,Large-Cap,12830769,NYQ
GILD,"Gilead Sciences, Inc.",Healthcare,Large-Cap,7284030,NMS
DIS,Walt Disney Company (The),Communication Services,Large-Cap,11805390,NYQ
SCHW,Charles Schwab Corporation (The,Financial Services,Large-Cap,10645708,NYQ
SAN,"Banco Santander, S.A. Sponsored",Financial Services,Large-Cap,13906811,NYQ
NVO,Novo Nordisk A/S,Healthcare,Large-Cap,24235103,NYQ
ISRG,"Intuitive Surgical, Inc.",Healthcare,Large-Cap,1949024,NMS
COP,ConocoPhillips,Energy,Large-Cap,9963737,NYQ
ARM,Arm Holdings plc,Technology,Large-Cap,6946875,NMS
PFE,"Pfizer, Inc.",Healthcare,Large-Cap,45932617,NYQ
TD,Toronto Dominion Bank (The),Financial Services,Large-Cap,2484435,NYQ
BA,Boeing Company (The),Industrials,Large-Cap,7514461,NYQ
ADI,"Analog Devices, Inc.",Technology,Large-Cap,4097398,NMS
ANET,"Arista Networks, Inc.",Technology,Large-Cap,7988441,NYQ
APH,Amphenol Corporation,Technology,Large-Cap,10412420,NYQ
SHOP,Shopify Inc.,Technology,Large-Cap,11685148,NMS
DE,Deere & Company,Industrials,Large-Cap,1621372,NYQ
RIO,Rio Tinto Plc,Basic Materials,Large-Cap,3969822,NYQ
BLK,"BlackRock, Inc.",Financial Services,Large-Cap,872893,NYQ
UBER,"Uber Technologies, Inc.",Technology,Large-Cap,20440730,NYQ
PDD,PDD Holdings Inc.,Consumer Cyclical,Large-Cap,8360724,NMS
UNP,Union Pacific Corporation,Industrials,Large-Cap,3422556,NYQ
HON,Honeywell International Inc.,Industrials,Large-Cap,4375358,NMS
SCCO,Southern Copper Corporation,Basic Materials,Large-Cap,2201247,NYQ
BX,Blackstone Inc.,Financial Services,Large-Cap,8447819,NYQ
LMT,Lockheed Martin Corporation,Industrials,Large-Cap,1867585,NYQ
ETN,"Eaton Corporation, PLC",Industrials,Large-Cap,2909872,NYQ
WELL,Welltower Inc.,Real Estate,Large-Cap,3244475,NYQ
QCOM,QUALCOMM Incorporated,Technology,Large-Cap,11476054,NMS
BUD,Anheuser-Busch Inbev SA Sponsor,Consumer Defensive,Large-Cap,2323698,NYQ
APP,Applovin Corporation,Communication Services,Large-Cap,6079203,NMS
DHR,Danaher Corporation,Healthcare,Large-Cap,4147500,NYQ
PBR,Petroleo Brasileiro S.A. Petrob,Energy,Large-Cap,30974738,NYQ
LOW,"Lowe's Companies, Inc.",Consumer Cyclical,Large-Cap,2865608,NYQ
PANW,"Palo Alto Networks, Inc.",Technology,Large-Cap,10462787,NMS
SPGI,S&P Global Inc.,Financial Services,Large-Cap,2606291,NYQ
HDB,HDFC Bank Limited,Financial Services,Large-Cap,9023448,NYQ
CB,Chubb Limited,Financial Services,Large-Cap,1762746,NYQ
BTI,British American Tobacco  Indus,Consumer Defensive,Large-Cap,5098701,NYQ
SYK,Stryker Corporation,Healthcare,Large-Cap,2097640,NYQ
SMFG,Sumitomo Mitsui Financial Group,Financial Services,Large-Cap,2378704,NYQ
UL,Unilever PLC,Consumer Defensive,Large-Cap,4259595,NYQ
UBS,UBS Group AG Registered,Financial Services,Large-Cap,2751898,NYQ
BMY,Bristol-Myers Squibb Company,Healthcare,Large-Cap,13597724,NYQ
PLD,"Prologis, Inc.",Real Estate,Large-Cap,3535083,NYQ
BBVA,Banco Bilbao Vizcaya Argentaria,Financial Services,Large-Cap,2212074,NYQ
SONY,Sony Group Corporation,Technology,Large-Cap,6270096,NYQ
ACN,Accenture plc,Technology,Large-Cap,6716753,NYQ
INTU,Intuit Inc.,Technology,Large-Cap,3941256,NMS
BP,BP p.l.c.,Energy,Large-Cap,14180827,NYQ
ENB,Enbridge Inc,Energy,Large-Cap,5471101,NYQ
NEM,Newmont Corporation,Basic Materials,Large-Cap,10848987,NYQ
SNY,Sanofi,Healthcare,Large-Cap,4208453,NMS
GLW,Corning Incorporated,Technology,Large-Cap,11557419,NYQ
PGR,Progressive Corporation (The),Financial Services,Large-Cap,3477793,NYQ
IBKR,"Interactive Brokers Group, Inc.",Financial Services,Large-Cap,5069961,NMS
VRTX,Vertex Pharmaceuticals Incorpor,Healthcare,Large-Cap,1518138,NMS
COF,Capital One Financial Corporati,Financial Services,Large-Cap,5743708,NYQ
PH,Parker-Hannifin Corporation,Industrials,Large-Cap,755537,NYQ
GLD,SPDR Gold Shares,N/A,Large-Cap,19230493,PCX
MDT,Medtronic plc.,Healthcare,Large-Cap,8479366,NYQ
GSK,GSK plc,Healthcare,Large-Cap,5594461,NYQ
MO,"Altria Group, Inc.",Consumer Defensive,Large-Cap,10332166,NYQ
NOW,"ServiceNow, Inc.",Technology,Large-Cap,18900543,NYQ
DELL,Dell Technologies Inc.,Technology,Large-Cap,8889119,NYQ
SO,Southern Company (The),Utilities,Large-Cap,6122369,NYQ
CME,CME Group Inc.,Financial Services,Large-Cap,2284258,NMS
MCK,McKesson Corporation,Healthcare,Large-Cap,761774,NYQ
HCA,"HCA Healthcare, Inc.",Healthcare,Large-Cap,1128543,NYQ
EQNR,Equinor ASA,Energy,Large-Cap,7567598,NYQ
CMCSA,Comcast Corporation,Communication Services,Large-Cap,34882090,NMS
AEM,Agnico Eagle Mines Limited,Basic Materials,Large-Cap,2953761,NYQ
SBUX,Starbucks Corporation,Consumer Cyclical,Large-Cap,9312977,NMS
DUK,Duke Energy Corporation (Holdin,Utilities,Large-Cap,4591414,NYQ
CNQ,Canadian Natural Resources Limi,Energy,Large-Cap,11295501,NYQ
CEG,Constellation Energy Corporatio,Utilities,Large-Cap,3795627,NMS
SPOT,Spotify Technology S.A.,Communication Services,Large-Cap,2901275,NYQ
ADBE,Adobe Inc.,Technology,Large-Cap,5852395,NMS
CRWD,"CrowdStrike Holdings, Inc.",Technology,Large-Cap,3915391,NMS
NOC,Northrop Grumman Corporation,Industrials,Large-Cap,977588,NYQ
MFG,"Mizuho Financial Group, Inc. Sp",Financial Services,Large-Cap,4952798,NYQ
EQIX,"Equinix, Inc.",Real Estate,Large-Cap,650940,NMS
BMO,Bank Of Montreal,Financial Services,Large-Cap,856791,NYQ
VRT,"Vertiv Holdings, LLC",Industrials,Large-Cap,7796654,NYQ
IBN,ICICI Bank Limited,Financial Services,Large-Cap,6799240,NYQ
SNDK,Sandisk Corporation,Technology,Large-Cap,19714975,NMS
GD,General Dynamics Corporation,Industrials,Large-Cap,1424766,NYQ
BSX,Boston Scientific Corporation,Healthcare,Large-Cap,16165559,NYQ
HWM,Howmet Aerospace Inc.,Industrials,Large-Cap,2686741,NYQ
WM,"Waste Management, Inc.",Industrials,Large-Cap,2267183,NYQ
ITUB,Itau Unibanco Banco Holding SA,Financial Services,Large-Cap,28550074,NYQ
WDC,Western Digital Corporation,Technology,Large-Cap,10034798,NMS
TT,Trane Technologies plc,Industrials,Large-Cap,1632851,NYQ
BN,Brookfield Corporation,Financial Services,Large-Cap,6085040,NYQ
CVS,CVS Health Corporation,Healthcare,Large-Cap,8826740,NYQ
ICE,Intercontinental Exchange Inc.,Financial Services,Large-Cap,3955714,NYQ
WMB,"Williams Companies, Inc. (The)",Energy,Large-Cap,7421698,NYQ
STX,Seagate Technology Holdings PLC,Technology,Large-Cap,4177635,NMS
MELI,"MercadoLibre, Inc.",Consumer Cyclical,Large-Cap,592674,NMS
CM,Canadian Imperial Bank of Comme,Financial Services,Large-Cap,1305688,NYQ
MAR,Marriott International,Consumer Cyclical,Large-Cap,1670332,NMS
MRVL,"Marvell Technology, Inc.",Technology,Large-Cap,18335982,NMS
KKR,KKR & Co. Inc.,Financial Services,Large-Cap,7773767,NYQ
BNS,Bank Nova Scotia Halifax Pfd 3,Financial Services,Large-Cap,2111030,NYQ
IAU,iShares Gold Trust Shares,N/A,Large-Cap,17149809,PCX
FDX,FedEx Corporation,Industrials,Large-Cap,2011185,NYQ
MRSH,Marsh,Financial Services,Large-Cap,3166901,NYQ
FCX,"Freeport-McMoRan, Inc.",Basic Materials,Large-Cap,21017422,NYQ
PNC,"PNC Financial Services Group, I",Financial Services,Large-Cap,2802114,NYQ
NGG,"National Grid Transco, PLC Nati",Utilities,Large-Cap,1146166,NYQ
UPS,"United Parcel Service, Inc.",Industrials,Large-Cap,6598779,NYQ
BK,The Bank of New York Mellon Cor,Financial Services,Large-Cap,3795879,NYQ
ADP,"Automatic Data Processing, Inc.",Technology,Large-Cap,3609561,NMS
PWR,"Quanta Services, Inc.",Industrials,Large-Cap,1147695,NYQ
EPD,Enterprise Products Partners L.,Energy,Large-Cap,4715541,NYQ
REGN,"Regeneron Pharmaceuticals, Inc.",Healthcare,Large-Cap,761117,NMS
USB,U.S. Bancorp,Financial Services,Large-Cap,11270040,NYQ
AMT,American Tower Corporation (REI,Real Estate,Large-Cap,3301470,NYQ
JCI,Johnson Controls International ,Industrials,Large-Cap,5207258,NYQ
SHW,Sherwin-Williams Company (The),Basic Materials,Large-Cap,1829669,NYQ
SU,Suncor Energy  Inc.,Energy,Large-Cap,5668820,NYQ
NKE,"Nike, Inc.",Consumer Cyclical,Large-Cap,18262653,NYQ
MCO,Moody's Corporation,Financial Services,Large-Cap,1369030,NYQ
EOG,"EOG Resources, Inc.",Energy,Large-Cap,5393425,NYQ
AMX,"America Movil, S.A.B. de C.V.",Communication Services,Large-Cap,2396100,NYQ
ORLY,"O'Reilly Automotive, Inc.",Consumer Cyclical,Large-Cap,6267841,NMS
SLB,SLB Limited,Energy,Large-Cap,21273229,NYQ
CDNS,"Cadence Design Systems, Inc.",Technology,Large-Cap,2544983,NMS
MMM,3M Company,Industrials,Large-Cap,4191962,NYQ
CSX,CSX Corporation,Industrials,Large-Cap,14118201,NMS
ABNB,"Airbnb, Inc.",Consumer Cyclical,Large-Cap,4596153,NMS
SNPS,"Synopsys, Inc.",Technology,Large-Cap,2212238,NMS
ING,"ING Group, N.V.",Financial Services,Large-Cap,3101530,NYQ
ECL,Ecolab Inc.,Basic Materials,Large-Cap,1433620,NYQ
RCL,Royal Caribbean Cruises Ltd.,Consumer Cyclical,Large-Cap,2545390,NYQ
ITW,Illinois Tool Works Inc.,Industrials,Large-Cap,1466398,NYQ
KMI,"Kinder Morgan, Inc.",Energy,Large-Cap,14673011,NYQ
MDLZ,"Mondelez International, Inc.",Consumer Defensive,Large-Cap,11200924,NMS
CMI,Cummins Inc.,Industrials,Large-Cap,966801,NYQ
VLO,Valero Energy Corporation,Energy,Large-Cap,3974353,NYQ
EMR,Emerson Electric Company,Industrials,Large-Cap,3490325,NYQ
LYG,Lloyds Banking Group Plc,Financial Services,Large-Cap,20013808,NYQ
BCS,Barclays PLC,Financial Services,Large-Cap,7758600,NYQ
PSX,Phillips 66,Energy,Large-Cap,3128300,NYQ
NET,"Cloudflare, Inc.",Technology,Large-Cap,4635369,NYQ
BAM,Brookfield Asset Management Inc,Financial Services,Large-Cap,3791898,NYQ
MSI,"Motorola Solutions, Inc.",Technology,Large-Cap,1166311,NYQ
NTES,"NetEase, Inc.",Communication Services,Large-Cap,828412,NMS
MPC,Marathon Petroleum Corporation,Energy,Large-Cap,2658440,NYQ
AEP,American Electric Power Company,Utilities,Large-Cap,3591422,NMS
CI,The Cigna Group,Healthcare,Large-Cap,1771548,NYQ
MNST,Monster Beverage Corporation,Consumer Defensive,Large-Cap,6191075,NMS
HLT,Hilton Worldwide Holdings Inc.,Consumer Cyclical,Large-Cap,1972662,NYQ
CP,Canadian Pacific Kansas City Li,Industrials,Large-Cap,2868348,NYQ
ROST,"Ross Stores, Inc.",Consumer Cyclical,Large-Cap,2634848,NMS
CRH,CRH PLC,Basic Materials,Large-Cap,5314496,NYQ
NU,Nu Holdings Ltd.,Financial Services,Large-Cap,56720125,NYQ
GM,General Motors Company,Consumer Cyclical,Large-Cap,8491001,NYQ
CVNA,Carvana Co.,Consumer Cyclical,Large-Cap,3869837,NYQ
AON,Aon plc,Financial Services,Large-Cap,1477580,NYQ
WBD,"Warner Bros. Discovery, Inc. - ",Communication Services,Large-Cap,26322375,NMS
B,Barrick Mining Corporation,Basic Materials,Large-Cap,16139477,NYQ
VALE,VALE S.A.,Basic Materials,Large-Cap,38296812,NYQ
CL,Colgate-Palmolive Company,Consumer Defensive,Large-Cap,7128453,NYQ
RSG,"Republic Services, Inc.",Industrials,Large-Cap,1414530,NYQ
CTAS,Cintas Corporation,Industrials,Large-Cap,2192309,NMS
ET,Energy Transfer LP,Energy,Large-Cap,15792043,NYQ
TRP,TC Energy Corporation,Energy,Large-Cap,2603791,NYQ
DASH,"DoorDash, Inc.",Consumer Cyclical,Large-Cap,5096353,NMS
IMO,Imperial Oil Limited,Energy,Large-Cap,824306,ASE
TRV,"The Travelers Companies, Inc.",Financial Services,Large-Cap,1647053,NYQ
APO,"Apollo Global Management, Inc. ",Financial Services,Large-Cap,5329135,NYQ
APD,"Air Products and Chemicals, Inc",Basic Materials,Large-Cap,1520187,NYQ
ELV,"Elevance Health, Inc.",Healthcare,Large-Cap,1926506,NYQ
LHX,"L3Harris Technologies, Inc.",Industrials,Large-Cap,1557030,NYQ
NSC,Norfolk Southern Corporation,Industrials,Large-Cap,1297400,NYQ
SRE,DBA Sempra,Utilities,Large-Cap,3972856,NYQ
DLR,"Digital Realty Trust, Inc.",Real Estate,Large-Cap,2043762,NYQ
CNI,Canadian National Railway Compa,Industrials,Large-Cap,1748016,NYQ
HOOD,"Robinhood Markets, Inc.",Financial Services,Large-Cap,29363174,NMS
TEL,TE Connectivity plc,Technology,Large-Cap,2274798,NYQ
LNG,"Cheniere Energy, Inc.",Energy,Large-Cap,2834519,NYQ
COR,"Cencora, Inc.",Healthcare,Large-Cap,1346317,NYQ
FTNT,"Fortinet, Inc.",Technology,Large-Cap,6764159,NMS
PCAR,PACCAR Inc.,Industrials,Large-Cap,3201330,NMS
SPG,"Simon Property Group, Inc.",Real Estate,Large-Cap,1733045,NYQ
RACE,Ferrari N.V.,Consumer Cyclical,Large-Cap,785917,NYQ
BKR,Baker Hughes Company,Energy,Large-Cap,10163364,NMS
NWG,NatWest Group plc,Financial Services,Large-Cap,4041438,NYQ
WPM,Wheaton Precious Metals Corp,Basic Materials,Large-Cap,2592614,NYQ
RELX,RELX PLC PLC,Industrials,Large-Cap,4262335,NYQ
TFC,Truist Financial Corporation,Financial Services,Large-Cap,10075546,NYQ
TAK,Takeda Pharmaceutical Company L,Healthcare,Large-Cap,3039196,NYQ
MPLX,MPLX LP,Energy,Large-Cap,1746001,NYQ
MFC,Manulife Financial Corporation,Financial Services,Large-Cap,2448906,NYQ
DB,Deutsche Bank AG,Financial Services,Large-Cap,3442814,NYQ
AFL,AFLAC Incorporated,Financial Services,Large-Cap,2413685,NYQ
O,Realty Income Corporation,Real Estate,Large-Cap,6620280,NYQ
OKE,"ONEOK, Inc.",Energy,Large-Cap,5160293,NYQ
BDX,"Becton, Dickinson and Company",Healthcare,Large-Cap,2789036,NYQ
CTVA,"Corteva, Inc.",Basic Materials,Large-Cap,4248309,NYQ
AJG,Arthur J. Gallagher & Co.,Financial Services,Large-Cap,2462783,NYQ
FANG,"Diamondback Energy, Inc.",Energy,Large-Cap,2958682,NMS
INFY,Infosys Limited,Technology,Large-Cap,17178288,NYQ
TGT,Target Corporation,Consumer Defensive,Large-Cap,6440303,NYQ
CIEN,Ciena Corporation,Technology,Large-Cap,3485745,NYQ
D,"Dominion Energy, Inc.",Utilities,Large-Cap,5556775,NYQ
TRGP,"Targa Resources, Inc.",Energy,Large-Cap,1503641,NYQ
ALL,Allstate Corporation (The),Financial Services,Large-Cap,1707414,NYQ
MPWR,"Monolithic Power Systems, Inc.",Technology,Large-Cap,599582,NMS
FAST,Fastenal Company,Industrials,Large-Cap,8757611,NMS
SNOW,Snowflake Inc.,Technology,Large-Cap,6026546,NYQ
ZTS,Zoetis Inc.,Healthcare,Large-Cap,4454338,NYQ
ETR,Entergy Corporation,Utilities,Large-Cap,2803090,NYQ
EA,Electronic Arts Inc.,Communication Services,Large-Cap,2577401,NMS
VST,Vistra Corp.,Utilities,Large-Cap,5547664,NYQ
ADSK,"Autodesk, Inc.",Technology,Large-Cap,2256741,NMS
LITE,Lumentum Holdings Inc.,Technology,Large-Cap,6073393,NMS
EXC,Exelon Corporation,Utilities,Large-Cap,8850750,NMS
CVE,Cenovus Energy Inc,Energy,Large-Cap,15782577,NYQ
NXPI,NXP Semiconductors N.V.,Technology,Large-Cap,2917766,NMS
CAH,"Cardinal Health, Inc.",Healthcare,Large-Cap,1795743,NYQ
XEL,Xcel Energy Inc.,Utilities,Large-Cap,4959587,NMS
AU,AngloGold Ashanti PLC,Basic Materials,Large-Cap,3237858,NYQ
AME,"AMETEK, Inc.",Industrials,Large-Cap,1401932,NYQ
SE,Sea Limited,Consumer Cyclical,Large-Cap,5910725,NYQ
NDAQ,"Nasdaq, Inc.",Financial Services,Large-Cap,4395135,NMS
KEYS,Keysight Technologies Inc.,Technology,Large-Cap,1479730,NYQ
FNV,Franco-Nevada Corporation,Basic Materials,Large-Cap,946132,NYQ
PSA,Public Storage,Real Estate,Large-Cap,1263767,NYQ
CCJ,Cameco Corporation,Energy,Large-Cap,4205930,NYQ
ASX,"ASE Technology Holding Co., Ltd",Technology,Large-Cap,7981654,NYQ
COIN,"Coinbase Global, Inc.",Financial Services,Large-Cap,12511190,NMS
CARR,Carrier Global Corporation,Industrials,Large-Cap,7572425,NYQ
FER,Ferrovial SE,Industrials,Large-Cap,1342725,NMS
FERG,Ferguson Enterprises Inc.,Industrials,Large-Cap,1392472,NYQ
MET,"MetLife, Inc.",Financial Services,Large-Cap,4002059,NYQ
EW,Edwards Lifesciences Corporatio,Healthcare,Large-Cap,4624019,NYQ
TER,"Teradyne, Inc.",Technology,Large-Cap,3466174,NMS
F,Ford Motor Company,Consumer Cyclical,Large-Cap,65005824,NYQ
URI,"United Rentals, Inc.",Industrials,Large-Cap,691796,NYQ
ABEV,Ambev S.A.,Consumer Defensive,Large-Cap,24813493,NYQ
WDS,Woodside Energy Group Limited,Energy,Large-Cap,1248861,NYQ
NOK,Nokia Corporation Sponsored,Technology,Large-Cap,47442453,NYQ
IDXX,"IDEXX Laboratories, Inc.",Healthcare,Large-Cap,520629,NMS
COHR,Coherent Corp.,Technology,Large-Cap,7234191,NYQ
GRMN,Garmin Ltd.,Technology,Large-Cap,971019,NYQ
HLN,Haleon plc,Healthcare,Large-Cap,8710832,NYQ
BSBR,Banco Santander Brasil SA,Financial Services,Large-Cap,1055966,NYQ
KR,Kroger Company (The),Consumer Defensive,Large-Cap,7081962,NYQ
ALNY,"Alnylam Pharmaceuticals, Inc.",Healthcare,Large-Cap,1385150,NMS
DAL,"Delta Air Lines, Inc.",Industrials,Large-Cap,11271433,NYQ
YUM,"Yum! Brands, Inc.",Consumer Cyclical,Large-Cap,1945877,NYQ
MSTR,Strategy Inc,Technology,Large-Cap,22591730,NMS
JD,"JD.com, Inc.",Consumer Cyclical,Large-Cap,10462858,NMS
WAB,Westinghouse Air Brake Technolo,Industrials,Large-Cap,866995,NYQ
PYPL,"PayPal Holdings, Inc.",Financial Services,Large-Cap,23959140,NMS
CMG,"Chipotle Mexican Grill, Inc.",Consumer Cyclical,Large-Cap,17244482,NYQ
HSY,The Hershey Company,Consumer Defensive,Large-Cap,2034953,NYQ
FITB,Fifth Third Bancorp,Financial Services,Large-Cap,12558895,NMS
DDOG,"Datadog, Inc.",Technology,Large-Cap,5878406,NMS
WCN,"Waste Connections, Inc.",Industrials,Large-Cap,1689590,NYQ
DEO,Diageo plc,Consumer Defensive,Large-Cap,2016801,NYQ
AMP,"Ameriprise Financial, Inc.",Financial Services,Large-Cap,698167,NYQ
EBAY,eBay Inc.,Consumer Cyclical,Large-Cap,5297679,NMS
CCEP,Coca-Cola Europacific Partners ,Consumer Defensive,Large-Cap,1883279,NMS
ED,"Consolidated Edison, Inc.",Utilities,Large-Cap,2243891,NYQ
ODFL,"Old Dominion Freight Line, Inc.",Industrials,Large-Cap,2348725,NMS
CRWV,"CoreWeave, Inc.",Technology,Large-Cap,25876774,NMS
GFI,Gold Fields Limited,Basic Materials,Large-Cap,3665943,NYQ
AIG,"American International Group, I",Financial Services,Large-Cap,4802006,NYQ
PEG,Public Service Enterprise Group,Utilities,Large-Cap,3027322,NYQ
ROK,"Rockwell Automation, Inc.",Industrials,Large-Cap,1016924,NYQ
CBRE,CBRE Group Inc,Real Estate,Large-Cap,2295275,NYQ
RKT,"Rocket Companies, Inc.",Financial Services,Large-Cap,30758195,NYQ
RBLX,Roblox Corporation,Communication Services,Large-Cap,11921612,NYQ
TRI,Thomson Reuters Corp,Industrials,Large-Cap,2735358,NMS
DHI,"D.R. Horton, Inc.",Consumer Cyclical,Large-Cap,3121041,NYQ
MT,Arcelor Mittal NY Registry Shar,Basic Materials,Large-Cap,1964643,NYQ
EQT,EQT Corporation,Energy,Large-Cap,10409111,NYQ
MSCI,MSCI Inc.,Financial Services,Large-Cap,624127,NYQ
VTR,"Ventas, Inc.",Real Estate,Large-Cap,3065462,NYQ
VG,"Venture Global, Inc.",Energy,Large-Cap,21699212,NYQ
BBD,Banco Bradesco Sa,Financial Services,Large-Cap,42182587,NYQ
PCG,Pacific Gas & Electric Co.,Utilities,Large-Cap,22662962,NYQ
NUE,Nucor Corporation,Basic Materials,Large-Cap,1710033,NYQ
HEI,Heico Corporation,Industrials,Large-Cap,611140,NYQ
ROP,"Roper Technologies, Inc.",Technology,Large-Cap,1689025,NMS
ERIC,Ericsson,Technology,Large-Cap,9740672,NMS
BIDU,"Baidu, Inc.",Communication Services,Large-Cap,2624522,NMS
BE,Bloom Energy Corporation,Industrials,Large-Cap,11552585,NYQ
ALC,Alcon Inc.,Healthcare,Large-Cap,1661525,NYQ
HIG,"The Hartford Insurance Group, I",Financial Services,Large-Cap,1588262,NYQ
WEC,"WEC Energy Group, Inc.",Utilities,Large-Cap,2271430,NYQ
DIA,State Street SPDR Dow Jones Ind,N/A,Large-Cap,7224659,PCX
KGC,Kinross Gold Corporation,Basic Materials,Large-Cap,11954891,NYQ
TTWO,"Take-Two Interactive Software, ",Communication Services,Large-Cap,2269003,NMS
XYZ,"Block, Inc.",Technology,Large-Cap,8529941,NYQ
RKLB,Rocket Lab Corporation,Industrials,Large-Cap,22396790,NCM
GBTC,Grayscale Bitcoin Trust (BTC),N/A,Large-Cap,4729266,PCX
NTR,Nutrien Ltd.,Basic Materials,Large-Cap,3779379,NYQ
LVS,Las Vegas Sands Corp.,Consumer Cyclical,Large-Cap,5356670,NYQ
ARES,Ares Management Corporation,Financial Services,Large-Cap,3868875,NYQ
MDLN,Medline Inc.,Healthcare,Large-Cap,5421935,NMS
LYV,"Live Nation Entertainment, Inc.",Communication Services,Large-Cap,3027553,NYQ
KDP,Keurig Dr Pepper Inc.,Consumer Defensive,Large-Cap,10700550,NMS
CCL,Carnival Corporation,Consumer Cyclical,Large-Cap,24646108,NYQ
PUK,Prudential Public Limited Compa,Financial Services,Large-Cap,978566,NYQ
CUK,Carnival Plc,Consumer Cyclical,Large-Cap,2961587,NYQ
VMC,Vulcan Materials Company (Holdi,Basic Materials,Large-Cap,1298811,NYQ
MLM,"Martin Marietta Materials, Inc.",Basic Materials,Large-Cap,533020,NYQ
CCI,Crown Castle Inc.,Real Estate,Large-Cap,3474243,NYQ
STT,State Street Corporation,Financial Services,Large-Cap,2168819,NYQ
INSM,Insmed Incorporated,Healthcare,Large-Cap,2566490,NMS
VOD,Vodafone Group Plc,Communication Services,Large-Cap,4522456,NMS
TEVA,Teva Pharmaceutical Industries ,Healthcare,Large-Cap,8957156,NYQ
MCHP,Microchip Technology Incorporat,Technology,Large-Cap,9344767,NMS
ADM,Archer-Daniels-Midland Company,Consumer Defensive,Large-Cap,4084509,NYQ
SLF,Sun Life Financial Inc.,Financial Services,Large-Cap,701670,NYQ
CPNG,"Coupang, Inc.",Consumer Cyclical,Large-Cap,24945206,NYQ
ACGL,Arch Capital Group Ltd.,Financial Services,Large-Cap,2027953,NMS
AXON,"Axon Enterprise, Inc.",Industrials,Large-Cap,994832,NMS
MDY,State Street SPDR S&P MIDCAP 40,N/A,Large-Cap,1257245,PCX
WDAY,"Workday, Inc.",Technology,Large-Cap,5077993,NMS
SYY,Sysco Corporation,Consumer Defensive,Large-Cap,4502170,NYQ
PRU,"Prudential Financial, Inc.",Financial Services,Large-Cap,2362040,NYQ
SATS,EchoStar Corporation,Communication Services,Large-Cap,6638096,NMS
QSR,Restaurant Brands International,Consumer Cyclical,Large-Cap,3466951,NYQ
KVUE,Kenvue Inc.,Consumer Defensive,Large-Cap,40878045,NYQ
PAYX,"Paychex, Inc.",Technology,Large-Cap,4141664,NMS
HAL,Halliburton Company,Energy,Large-Cap,16127022,NYQ
RMD,ResMed Inc.,Healthcare,Large-Cap,1093274,NYQ
VIK,Viking Holdings Ltd,Consumer Cyclical,Large-Cap,2651987,NYQ
TPL,Texas Pacific Land Corporation,Energy,Large-Cap,518562,NYQ
TCOM,Trip.com Group Limited,Consumer Cyclical,Large-Cap,4074135,NMS
CLS,"Celestica, Inc.",Technology,Large-Cap,2530661,NYQ
GEHC,GE HealthCare Technologies Inc.,Healthcare,Large-Cap,3646656,NMS
A,"Agilent Technologies, Inc.",Healthcare,Large-Cap,2274712,NYQ
EC,Ecopetrol S.A.,Energy,Large-Cap,3592191,NYQ
CPRT,"Copart, Inc.",Industrials,Large-Cap,9405482,NMS
SYM,Symbotic Inc.,Industrials,Large-Cap,1749122,NGM
KMB,Kimberly-Clark Corporation,Consumer Defensive,Large-Cap,5809470,NMS
HMC,"Honda Motor Company, Ltd.",Consumer Cyclical,Large-Cap,1388582,NYQ
HBAN,Huntington Bancshares Incorpora,Financial Services,Large-Cap,34664120,NMS
IR,Ingersoll Rand Inc.,Industrials,Large-Cap,3846161,NYQ
HPE,Hewlett Packard Enterprise Comp,Technology,Large-Cap,18681556,NYQ
ASTS,"AST SpaceMobile, Inc.",Technology,Large-Cap,14835983,NMS
DVN,Devon Energy Corporation,Energy,Large-Cap,14155325,NYQ
AMRZ,Amrize Ltd,Basic Materials,Large-Cap,3448164,NYQ
NRG,"NRG Energy, Inc.",Utilities,Large-Cap,2603664,NYQ
MTB,M&T Bank Corporation,Financial Services,Large-Cap,1282050,NYQ
STM,STMicroelectronics N.V.,Technology,Large-Cap,8398666,NYQ
ATO,Atmos Energy Corporation,Utilities,Large-Cap,1344230,NYQ
DTE,DTE Energy Company,Utilities,Large-Cap,1488020,NYQ
IRM,Iron Mountain Incorporated (Del,Real Estate,Large-Cap,1881987,NYQ
AEE,Ameren Corporation,Utilities,Large-Cap,1746127,NYQ
RYAAY,Ryanair Holdings plc,Industrials,Large-Cap,1543224,NMS
OTIS,Otis Worldwide Corporation,Industrials,Large-Cap,3904267,NYQ
FISV,"Fiserv, Inc.",N/A,Large-Cap,8518616,NMS
DOW,Dow Inc.,Basic Materials,Large-Cap,14324509,NYQ
UAL,"United Airlines Holdings, Inc.",Industrials,Large-Cap,6984150,NMS
CTSH,Cognizant Technology Solutions ,Technology,Large-Cap,6616812,NMS
TS,Tenaris S.A.,Energy,Large-Cap,1795425,NYQ
FE,FirstEnergy Corp.,Utilities,Large-Cap,4764332,NYQ
WAT,Waters Corporation,Healthcare,Large-Cap,1104706,NYQ
VICI,VICI Properties Inc.,Real Estate,Large-Cap,10157808,NYQ
XYL,Xylem Inc.,Industrials,Large-Cap,1888361,NYQ
EXR,Extra Space Storage Inc,Real Estate,Large-Cap,1360979,NYQ
IQV,"IQVIA Holdings, Inc.",Healthcare,Large-Cap,2075783,NYQ
TPR,"Tapestry, Inc.",Consumer Cyclical,Large-Cap,2281464,NYQ
VEEV,Veeva Systems Inc.,Healthcare,Large-Cap,2171777,NYQ
PPL,PPL Corporation,Utilities,Large-Cap,8913004,NYQ
RJF,"Raymond James Financial, Inc.",Financial Services,Large-Cap,1411404,NYQ
JBL,Jabil Inc.,Technology,Large-Cap,1193345,NYQ
NTRA,"Natera, Inc.",Healthcare,Large-Cap,1205516,NMS
FTS,Fortis Inc.,Utilities,Large-Cap,946159,NYQ
EXPE,"Expedia Group, Inc.",Consumer Cyclical,Large-Cap,2676338,NMS
CNP,"CenterPoint Energy, Inc (Holdin",Utilities,Large-Cap,5473804,NYQ
EIX,Edison International,Utilities,Large-Cap,3446806,NYQ
DOV,Dover Corporation,Industrials,Large-Cap,1294145,NYQ
RPRX,Royalty Pharma plc,Healthcare,Large-Cap,3699106,NMS
FTI,TechnipFMC plc,Energy,Large-Cap,4073880,NYQ
WTW,Willis Towers Watson Public Lim,Financial Services,Large-Cap,777122,NMS
CHTR,"Charter Communications, Inc.",Communication Services,Large-Cap,1975151,NMS
BIIB,Biogen Inc.,Healthcare,Large-Cap,1328745,NMS
SUNB,"Sunbelt Rentals Holdings, Inc.",Industrials,Large-Cap,5583208,NYQ
CTRA,Coterra Energy Inc.,Energy,Large-Cap,11674603,NYQ
KHC,The Kraft Heinz Company,Consumer Defensive,Large-Cap,16825059,NMS
AWK,"American Water Works Company, I",Utilities,Large-Cap,1827246,NYQ
VRSK,"Verisk Analytics, Inc.",Industrials,Large-Cap,1996593,NMS
NTRS,Northern Trust Corporation,Financial Services,Large-Cap,1099977,NMS
EXE,Expand Energy Corporation,Energy,Large-Cap,4024393,NMS
PHG,Koninklijke Philips N.V. NY Reg,Healthcare,Large-Cap,1007912,NYQ
NBIS,Nebius Group N.V.,Communication Services,Large-Cap,15165198,NMS
DG,Dollar General Corporation,Consumer Defensive,Large-Cap,3276066,NYQ
STZ,"Constellation Brands, Inc.",Consumer Defensive,Large-Cap,2385809,NYQ
HUBB,Hubbell Inc,Industrials,Large-Cap,552396,NYQ
STLD,"Steel Dynamics, Inc.",Basic Materials,Large-Cap,1324182,NMS
ES,Eversource Energy (D/B/A),Utilities,Large-Cap,2721727,NYQ
PBA,Pembina Pipeline Corp.,Energy,Large-Cap,1609433,NYQ
EL,"Estee Lauder Companies, Inc. (T",Consumer Defensive,Large-Cap,4809280,NYQ
LYB,LyondellBasell Industries NV,Basic Materials,Large-Cap,8083369,NYQ
TECK,Teck Resources Ltd,Basic Materials,Large-Cap,4609670,NYQ
ROL,"Rollins, Inc.",Consumer Cyclical,Large-Cap,3102403,NYQ
CFG,"Citizens Financial Group, Inc.",Financial Services,Large-Cap,5367764,NYQ
VIV,Telefonica Brasil S.A.,Communication Services,Large-Cap,943217,NYQ
RDDT,"Reddit, Inc.",Communication Services,Large-Cap,5560783,NYQ
TW,Tradeweb Markets Inc.,Financial Services,Large-Cap,1534935,NMS
AXIA,AXIA Energia,Utilities,Large-Cap,2299225,NYQ
MTZ,"MasTec, Inc.",Industrials,Large-Cap,1001351,NYQ
CRCL,"Circle Internet Group, Inc.",Financial Services,Large-Cap,16054829,NYQ
WRB,W.R. Berkley Corporation,Financial Services,Large-Cap,2329741,NYQ
FTAI,FTAI Aviation Ltd.,Industrials,Large-Cap,1832729,NMS
ON,ON Semiconductor Corporation,Technology,Large-Cap,8780687,NMS
FOXA,Fox Corporation,Communication Services,Large-Cap,4180420,NMS
BG,Bunge Limited,Consumer Defensive,Large-Cap,1860609,NYQ
SYF,Synchrony Financial,Financial Services,Large-Cap,4734800,NYQ
CINF,Cincinnati Financial Corporatio,Financial Services,Large-Cap,775122,NMS
DXCM,"DexCom, Inc.",Healthcare,Large-Cap,5042793,NMS
GFS,GlobalFoundries Inc.,Technology,Large-Cap,4074780,NMS
FIS,Fidelity National Information S,Technology,Large-Cap,5413546,NYQ
FLEX,Flex Ltd.,Technology,Large-Cap,3657225,NMS
Q,"Qnity Electronics, Inc.",Technology,Large-Cap,2466446,NYQ
LPLA,LPL Financial Holdings Inc.,Financial Services,Large-Cap,1001329,NMS
PPG,"PPG Industries, Inc.",Basic Materials,Large-Cap,2282948,NYQ
CMS,CMS Energy Corporation,Utilities,Large-Cap,3107687,NYQ
TSCO,Tractor Supply Company,Consumer Cyclical,Large-Cap,7027820,NMS
ZM,"Zoom Communications, Inc.",Technology,Large-Cap,4127988,NMS
BCE,"BCE, Inc.",Communication Services,Large-Cap,3595303,NYQ
AER,AerCap Holdings N.V.,Industrials,Large-Cap,1353072,NYQ
OMC,Omnicom Group Inc.,Communication Services,Large-Cap,5169037,NYQ
SLV,iShares Silver Trust,N/A,Large-Cap,100163393,PCX
EQR,Equity Residential,Real Estate,Large-Cap,2672879,NYQ
ULTA,"Ulta Beauty, Inc.",Consumer Cyclical,Large-Cap,672424,NMS
SQM,Sociedad Quimica y Minera S.A.,Basic Materials,Large-Cap,1470038,NYQ
NMR,Nomura Holdings Inc,Financial Services,Large-Cap,1881698,NYQ
PAAS,Pan American Silver Corp.,Basic Materials,Large-Cap,8755996,NYQ
VRSN,"VeriSign, Inc.",Technology,Large-Cap,797227,NMS
AVB,"AvalonBay Communities, Inc.",Real Estate,Large-Cap,1155825,NYQ
XPO,"XPO, Inc.",Industrials,Large-Cap,1791033,NYQ
UMC,United Microelectronics Corpora,Technology,Large-Cap,10552501,NYQ
PHM,"PulteGroup, Inc.",Consumer Cyclical,Large-Cap,1885803,NYQ
DRI,"Darden Restaurants, Inc.",Consumer Cyclical,Large-Cap,1550167,NYQ
TSN,"Tyson Foods, Inc.",Consumer Defensive,Large-Cap,3103733,NYQ
ZS,"Zscaler, Inc.",Technology,Large-Cap,2704450,NMS
RF,Regions Financial Corporation,Financial Services,Large-Cap,15278979,NYQ
SBS,Companhia de saneamento Basico ,Utilities,Large-Cap,1390709,NYQ
BNTX,BioNTech SE,Healthcare,Large-Cap,1165370,NMS
NI,NiSource Inc,Utilities,Large-Cap,4011816,NYQ
WIT,Wipro Limited,Technology,Large-Cap,12324704,NYQ
BRO,"Brown & Brown, Inc.",Financial Services,Large-Cap,3519150,NYQ
LH,Labcorp Holdings Inc.,Healthcare,Large-Cap,702862,NYQ
CHD,"Church & Dwight Company, Inc.",Consumer Defensive,Large-Cap,2384062,NYQ
L,Loews Corporation,Financial Services,Large-Cap,722322,NYQ
VLTO,Veralto Corp,Industrials,Large-Cap,2011593,NYQ
KEY,KeyCorp,Financial Services,Large-Cap,16642293,NYQ
DGX,Quest Diagnostics Incorporated,Healthcare,Large-Cap,989132,NYQ
DLTR,"Dollar Tree, Inc.",Consumer Defensive,Large-Cap,3084267,NMS
EFX,"Equifax, Inc.",Industrials,Large-Cap,1877787,NYQ
STE,STERIS plc (Ireland),Healthcare,Large-Cap,830129,NYQ
WSM,"Williams-Sonoma, Inc.",Consumer Cyclical,Large-Cap,1189079,NYQ
RGLD,"Royal Gold, Inc.",Basic Materials,Large-Cap,1135487,NMS
LEN,Lennar Corporation,Consumer Cyclical,Large-Cap,3199591,NYQ
WWD,"Woodward, Inc.",Industrials,Large-Cap,649337,NMS
ALB,Albemarle Corporation,Basic Materials,Large-Cap,2785935,NYQ
FSLR,"First Solar, Inc.",Technology,Large-Cap,2405225,NMS
BEP,Brookfield Renewable Partners L,Utilities,Large-Cap,717661,NYQ
HUM,Humana Inc.,Healthcare,Large-Cap,2021883,NYQ
SW,Smurfit WestRock plc,Consumer Cyclical,Large-Cap,6454762,NYQ
RL,Ralph Lauren Corporation,Consumer Cyclical,Large-Cap,641038,NYQ
RCI,"Rogers Communication, Inc.",Communication Services,Large-Cap,1149604,NYQ
USFD,US Foods Holding Corp.,Consumer Defensive,Large-Cap,2901743,NYQ
STLA,Stellantis N.V.,Consumer Cyclical,Large-Cap,19766804,NYQ
BURL,"Burlington Stores, Inc.",Consumer Cyclical,Large-Cap,851629,NYQ
CPAY,"Corpay, Inc.",Technology,Large-Cap,686451,NYQ
NTAP,"NetApp, Inc.",Technology,Large-Cap,2475232,NMS
SOFI,"SoFi Technologies, Inc.",Financial Services,Large-Cap,64235095,NMS
JBHT,"J.B. Hunt Transport Services, I",Industrials,Large-Cap,1050393,NMS
MRNA,"Moderna, Inc.",Healthcare,Large-Cap,11038461,NMS
TU,Telus Corporation,Communication Services,Large-Cap,5836308,NYQ
CF,"CF Industries Holdings, Inc.",Basic Materials,Large-Cap,4226970,NYQ
MDB,"MongoDB, Inc.",Technology,Large-Cap,1888748,NGM
GIS,"General Mills, Inc.",Consumer Defensive,Large-Cap,9110575,NYQ
ATI,ATI Inc.,Industrials,Large-Cap,2110130,NYQ
ROIV,Roivant Sciences Ltd.,Healthcare,Large-Cap,6365735,NMS
PFG,Principal Financial Group Inc,Financial Services,Large-Cap,1720400,NMS
TSEM,Tower Semiconductor Ltd.,Technology,Large-Cap,2664516,NMS
CHRW,"C.H. Robinson Worldwide, Inc.",Industrials,Large-Cap,2289445,NMS
CRS,Carpenter Technology Corporatio,Industrials,Large-Cap,830435,NYQ
TROW,"T. Rowe Price Group, Inc.",Financial Services,Large-Cap,2379937,NMS
LDOS,"Leidos Holdings, Inc.",Technology,Large-Cap,1139201,NYQ
PSTG,"Everpure, Inc.",Technology,Large-Cap,3504595,NYQ
CDE,"Coeur Mining, Inc.",Basic Materials,Large-Cap,29697237,NYQ
RVMD,"Revolution Medicines, Inc.",Healthcare,Large-Cap,3290195,NMS
JBS,JBS N.V.,Consumer Defensive,Large-Cap,4697450,NYQ
AS,"Amer Sports, Inc.",Consumer Cyclical,Large-Cap,4873204,NYQ
DD,"DuPont de Nemours, Inc.",Basic Materials,Large-Cap,4709558,NYQ
ZTO,ZTO Express (Cayman) Inc.,Industrials,Large-Cap,2133185,NYQ
NVT,nVent Electric plc,Industrials,Large-Cap,2370993,NYQ
EXPD,Expeditors International of Was,Industrials,Large-Cap,1573516,NYQ
TWLO,Twilio Inc.,Technology,Large-Cap,2380762,NYQ
FUTU,Futu Holdings Limited,Financial Services,Large-Cap,1627280,NGM
YPF,YPF Sociedad Anonima,Energy,Large-Cap,2185085,NYQ
BR,"Broadridge Financial Solutions,",Technology,Large-Cap,1501890,NYQ
PKG,Packaging Corporation of Americ,Consumer Cyclical,Large-Cap,1097453,NYQ
IP,International Paper Company,Consumer Cyclical,Large-Cap,7283227,NYQ
EVRG,"Evergy, Inc.",Utilities,Large-Cap,2187217,NMS
ILMN,"Illumina, Inc.",Healthcare,Large-Cap,2031432,NMS
GPN,Global Payments Inc.,Industrials,Large-Cap,3854253,NYQ
BWXT,"BWX Technologies, Inc.",Industrials,Large-Cap,1056658,NYQ
AGI,Alamos Gold Inc.,Basic Materials,Large-Cap,4219751,NYQ
INCY,Incyte Corporation,Healthcare,Large-Cap,1868759,NMS
LI,Li Auto Inc.,Consumer Cyclical,Large-Cap,3695391,NMS
FN,Fabrinet,Technology,Large-Cap,728379,NYQ
RIVN,"Rivian Automotive, Inc.",Consumer Cyclical,Large-Cap,30198698,NMS
ALAB,"Astera Labs, Inc.",Technology,Large-Cap,5159509,NMS
IFF,International Flavors & Fragran,Basic Materials,Large-Cap,1812543,NYQ
TLK,"PT Telekomunikasi Indonesia, Tb",Communication Services,Large-Cap,679946,NYQ
LUV,Southwest Airlines Company,Industrials,Large-Cap,10233345,NYQ
LNT,Alliant Energy Corporation,Utilities,Large-Cap,2625753,NMS
IOT,Samsara Inc.,Technology,Large-Cap,8494014,NYQ
AMCR,Amcor plc,Consumer Cyclical,Large-Cap,6567830,NYQ
KEP,Korea Electric Power Corporatio,Utilities,Large-Cap,729537,NYQ
SBAC,SBA Communications Corporation,Real Estate,Large-Cap,1038806,NMS
NXT,Nextpower Inc.,Technology,Large-Cap,2018427,NMS
PR,Permian Resources Corporation,Energy,Large-Cap,13235980,NYQ
WST,"West Pharmaceutical Services, I",Healthcare,Large-Cap,1001990,NYQ
TEAM,Atlassian Corporation,Technology,Large-Cap,6356527,NMS
LULU,lululemon athletica inc.,Consumer Cyclical,Large-Cap,2768248,NMS
ZBH,"Zimmer Biomet Holdings, Inc.",Healthcare,Large-Cap,2251050,NYQ
ENTG,"Entegris, Inc.",Technology,Large-Cap,2931427,NMS
DKS,Dick's Sporting Goods Inc,Consumer Cyclical,Large-Cap,1197691,NYQ
RBA,"RB Global, Inc.",Industrials,Large-Cap,1509445,NYQ
FLUT,Flutter Entertainment plc,Consumer Cyclical,Large-Cap,4040482,NYQ
HPQ,HP Inc.,Technology,Large-Cap,19920541,NYQ
VNOM,"Viper Energy, Inc.",Energy,Large-Cap,3376066,NMS
WY,Weyerhaeuser Company,Real Estate,Large-Cap,6847809,NYQ
FTV,Fortive Corporation,Technology,Large-Cap,3890948,NYQ
APG,APi Group Corporation,Industrials,Large-Cap,2805579,NYQ
CG,The Carlyle Group Inc.,Financial Services,Large-Cap,3254785,NMS
AA,Alcoa Corporation,Basic Materials,Large-Cap,7811837,NYQ
CRDO,Credo Technology Group Holding ,Technology,Large-Cap,7146512,NMS
ULS,UL Solutions Inc.,Industrials,Large-Cap,1011524,NYQ
YUMC,"Yum China Holdings, Inc.",Consumer Cyclical,Large-Cap,1687445,NYQ
CSGP,"CoStar Group, Inc.",Real Estate,Large-Cap,7037012,NMS
PHYS,"""Sprott Physical Gold Trust""",N/A,Large-Cap,8705633,ASE
PTC,PTC Inc.,Technology,Large-Cap,1133287,NMS
BEKE,KE Holdings Inc,Real Estate,Large-Cap,4722741,NYQ
HOLX,"Hologic, Inc.",Healthcare,Large-Cap,2820056,NMS
OVV,Ovintiv Inc. (DE),Energy,Large-Cap,5097330,NYQ
WES,"Western Midstream Partners, LP",Energy,Large-Cap,1451296,NYQ
BIP,Brookfield Infrastructure Partn,Utilities,Large-Cap,868517,NYQ
ESS,"Essex Property Trust, Inc.",Real Estate,Large-Cap,559314,NYQ
MTSI,MACOM Technology Solutions Hold,Technology,Large-Cap,1387230,NMS
AKAM,"Akamai Technologies, Inc.",Technology,Large-Cap,4462958,NMS
CX,"Cemex, S.A.B. de C.V. Sponsored",Basic Materials,Large-Cap,7125688,NYQ
THC,Tenet Healthcare Corporation,Healthcare,Large-Cap,1031366,NYQ
SSNC,"SS&C Technologies Holdings, Inc",Technology,Large-Cap,2416617,NMS
GMAB,Genmab A/S,Healthcare,Large-Cap,1732137,NMS
FFIV,"F5, Inc.",Technology,Large-Cap,864770,NMS
ITT,ITT Inc.,Industrials,Large-Cap,977725,NYQ
XPEV,XPeng Inc.,Consumer Cyclical,Large-Cap,6731246,NYQ
RTO,Rentokil Initial plc,Industrials,Large-Cap,1596995,NYQ
SUI,"Sun Communities, Inc.",Real Estate,Large-Cap,842703,NYQ
CNC,Centene Corporation,Healthcare,Large-Cap,6743758,NYQ
TKO,"TKO Group Holdings, Inc.",Communication Services,Large-Cap,1142958,NYQ
PAA,"Plains All American Pipeline, L",Energy,Large-Cap,3782554,NMS
CDW,CDW Corporation,Technology,Large-Cap,1736416,NMS
BALL,Ball Corporation,Consumer Cyclical,Large-Cap,2268791,NYQ
TME,Tencent Music Entertainment Gro,Communication Services,Large-Cap,9138283,NYQ
TOST,"Toast, Inc.",Technology,Large-Cap,11848364,NYQ
TPG,TPG Inc.,Financial Services,Large-Cap,3738766,NMS
VTRS,Viatris Inc.,Healthcare,Large-Cap,10319774,NMS
PSLV,"""Sprott Physical Silver Trust""",N/A,Large-Cap,22161116,ASE
SGI,Somnigroup International Inc.,Consumer Cyclical,Large-Cap,2150946,NYQ
MGA,"Magna International, Inc.",Consumer Cyclical,Large-Cap,1973761,NYQ
TRMB,Trimble Inc.,Technology,Large-Cap,2084653,NMS
HTHT,H World Group Limited,Consumer Cyclical,Large-Cap,1718830,NMS
MKSI,MKS Inc.,Technology,Large-Cap,1506235,NMS
CLH,"Clean Harbors, Inc.",Industrials,Large-Cap,514072,NYQ
WPC,W. P. Carey Inc. REIT,Real Estate,Large-Cap,1373591,NYQ
CHKP,Check Point Software Technologi,Technology,Large-Cap,1319279,NMS
AFRM,"Affirm Holdings, Inc.",Financial Services,Large-Cap,6519000,NMS
TXT,Textron Inc.,Industrials,Large-Cap,1799158,NYQ
NIO,NIO Inc.,Consumer Cyclical,Large-Cap,46036554,NYQ
INVH,Invitation Homes Inc.,Real Estate,Large-Cap,7360961,NYQ
KIM,Kimco Realty Corporation (HC),Real Estate,Large-Cap,5971138,NYQ
NLY,Annaly Capital Management Inc.,Real Estate,Large-Cap,8615293,NYQ
USO,United States Oil Fund,N/A,Large-Cap,29885112,PCX
J,Jacobs Solutions Inc.,Industrials,Large-Cap,933090,NYQ
GRAB,Grab Holdings Limited,Technology,Large-Cap,49041264,NMS
WLK,Westlake Corporation,Basic Materials,Large-Cap,1403148,NYQ
HII,"Huntington Ingalls Industries, ",Industrials,Large-Cap,575846,NYQ
SN,"SharkNinja, Inc.",Consumer Cyclical,Large-Cap,1839659,NYQ
GFL,GFL Environmental Inc. Subordin,Industrials,Large-Cap,1632896,NYQ
APA,APA Corporation,Energy,Large-Cap,8315643,NMS
APTV,Aptiv PLC,Consumer Cyclical,Large-Cap,2473991,NYQ
PODD,Insulet Corporation,Healthcare,Large-Cap,1024350,NMS
TYL,"Tyler Technologies, Inc.",Technology,Large-Cap,658453,NYQ
SMMT,Summit Therapeutics Inc.,Healthcare,Large-Cap,2733383,NGM
GPC,Genuine Parts Company,Consumer Cyclical,Large-Cap,1719427,NYQ
EWBC,"East West Bancorp, Inc.",Financial Services,Large-Cap,1182891,NMS
MAA,Mid-America Apartment Communiti,Real Estate,Large-Cap,993291,NYQ
TLN,Talen Energy Corporation,Utilities,Large-Cap,870783,NMS
DECK,Deckers Outdoor Corporation,Consumer Cyclical,Large-Cap,2641750,NYQ
LTM,LATAM Airlines Group S.A.,Industrials,Large-Cap,1470377,NYQ
BBIO,"BridgeBio Pharma, Inc.",Healthcare,Large-Cap,2842201,NMS
NWSA,News Corporation,Communication Services,Large-Cap,4450688,NMS
JLL,Jones Lang LaSalle Incorporated,Real Estate,Large-Cap,544100,NYQ
PAYP,PayPay Corporation - American D,Technology,Large-Cap,4408750,NMS
OWL,Blue Owl Capital Inc.,Financial Services,Large-Cap,29537098,NYQ
PNR,Pentair plc.,Industrials,Large-Cap,1816932,NYQ
REG,Regency Centers Corporation,Real Estate,Large-Cap,1366811,NMS
IEX,IDEX Corporation,Industrials,Large-Cap,866198,NYQ
ASND,Ascendis Pharma A/S,Healthcare,Large-Cap,678661,NMS
KSPI,Joint Stock Company Kaspi.kz - ,Technology,Large-Cap,533790,NMS
GGG,Graco Inc.,Industrials,Large-Cap,1034420,NYQ
OKTA,"Okta, Inc.",Technology,Large-Cap,3319324,NMS
ROKU,"Roku, Inc.",Communication Services,Large-Cap,3480933,NMS
COO,"The Cooper Companies, Inc.",Healthcare,Large-Cap,2073046,NMS
QXO,"QXO, Inc.",Industrials,Large-Cap,8135354,NYQ
DTM,"DT Midstream, Inc.",Energy,Large-Cap,831948,NYQ
SMCI,"Super Micro Computer, Inc.",Technology,Large-Cap,37494912,NMS
CNH,CNH Industrial N.V.,Industrials,Large-Cap,15322138,NYQ
SNX,TD SYNNEX Corporation,Technology,Large-Cap,796603,NYQ
H,Hyatt Hotels Corporation,Consumer Cyclical,Large-Cap,875159,NYQ
NYT,New York Times Company (The),Communication Services,Large-Cap,2332879,NYQ
MKC,"McCormick & Company, Incorporat",Consumer Defensive,Large-Cap,4314506,NYQ
BBY,"Best Buy Co., Inc.",Consumer Cyclical,Large-Cap,4907543,NYQ
SNN,"Smith & Nephew SNATS, Inc.",Healthcare,Large-Cap,877827,NYQ
PFGC,Performance Food Group Company,Consumer Defensive,Large-Cap,2349995,NYQ
LOGI,Logitech International S.A. - R,Technology,Large-Cap,1247082,NMS
TRU,TransUnion,Financial Services,Large-Cap,2792793,NYQ
HST,"Host Hotels & Resorts, Inc.",Real Estate,Large-Cap,8931169,NMS
WMG,Warner Music Group Corp.,Communication Services,Large-Cap,2454866,NMS
WCC,"WESCO International, Inc.",Industrials,Large-Cap,597801,NYQ
OHI,"Omega Healthcare Investors, Inc",Real Estate,Large-Cap,2027803,NYQ
AVY,Avery Dennison Corporation,Consumer Cyclical,Large-Cap,652630,NYQ
NBIX,"Neurocrine Biosciences, Inc.",Healthcare,Large-Cap,1137395,NMS
KTOS,Kratos Defense & Security Solut,Industrials,Large-Cap,4438538,NMS
HAS,"Hasbro, Inc.",Consumer Cyclical,Large-Cap,1925841,NMS
AR,Antero Resources Corporation,Energy,Large-Cap,6447624,NYQ
FMS,Fresenius Medical Care AG,Healthcare,Large-Cap,636787,NYQ
PNFP,"Pinnacle Financial Partners, In",Financial Services,Large-Cap,1675687,NYQ
TOL,"Toll Brothers, Inc.",Consumer Cyclical,Large-Cap,1334306,NYQ
ARCC,Ares Capital Corporation,Financial Services,Large-Cap,7633175,NMS
PEN,"Penumbra, Inc.",Healthcare,Large-Cap,1041414,NYQ
HUBS,"HubSpot, Inc.",Technology,Large-Cap,1684895,NYQ
BJ,"BJ's Wholesale Club Holdings, I",Consumer Defensive,Large-Cap,1966562,NYQ
LAMR,Lamar Advertising Company,Real Estate,Large-Cap,560458,NMS
RPM,RPM International Inc.,Basic Materials,Large-Cap,1081535,NYQ
UDR,"UDR, Inc.",Real Estate,Large-Cap,4284722,NYQ
GWRE,"Guidewire Software, Inc.",Technology,Large-Cap,1678527,NYQ
LSCC,Lattice Semiconductor Corporati,Technology,Large-Cap,1982540,NMS
CLX,Clorox Company (The),Consumer Defensive,Large-Cap,2265254,NYQ
FIVE,"Five Below, Inc.",Consumer Cyclical,Large-Cap,1125891,NMS
FNF,"Fidelity National Financial, In",Financial Services,Large-Cap,1935053,NYQ
GLPI,"Gaming and Leisure Properties, ",Real Estate,Large-Cap,2434850,NMS
TIGO,Millicom International Cellular,Communication Services,Large-Cap,1376080,NMS
ALLE,Allegion plc,Industrials,Large-Cap,911274,NYQ
ELS,"Equity Lifestyle Properties, In",Real Estate,Large-Cap,1945132,NYQ
STRL,"Sterling Infrastructure, Inc.",Industrials,Large-Cap,501829,NMS
HL,Hecla Mining Company,Basic Materials,Large-Cap,24181080,NYQ
HRL,Hormel Foods Corporation,Consumer Defensive,Large-Cap,4751374,NYQ
RRX,Regal Rexnord Corporation,Industrials,Large-Cap,1118690,NYQ
IONS,"Ionis Pharmaceuticals, Inc.",Healthcare,Large-Cap,2342133,NMS
SUZ,Suzano S.A.,Basic Materials,Large-Cap,3454114,NYQ
ALGN,"Align Technology, Inc.",Healthcare,Large-Cap,1255170,NMS
BEN,"Franklin Resources, Inc.",Financial Services,Large-Cap,5514054,NYQ
MLI,"Mueller Industries, Inc.",Industrials,Large-Cap,815737,NYQ
MAS,Masco Corporation,Industrials,Large-Cap,2657801,NYQ
SUN,Sunoco LP,Energy,Large-Cap,516408,NYQ
UNM,Unum Group,Financial Services,Large-Cap,1696820,NYQ
PINS,"Pinterest, Inc.",Communication Services,Large-Cap,19651329,NYQ
PNW,Pinnacle West Capital Corporati,Utilities,Large-Cap,1334029,NYQ
AEIS,"Advanced Energy Industries, Inc",Industrials,Large-Cap,754475,NMS
ALLY,Ally Financial Inc.,Financial Services,Large-Cap,3900574,NYQ
GH,"Guardant Health, Inc.",Healthcare,Large-Cap,2026391,NMS
SOLS,Solstice Advanced Materials Inc,Basic Materials,Large-Cap,3205822,NMS
DPZ,Domino's Pizza Inc,Consumer Cyclical,Large-Cap,952562,NMS
ELAN,Elanco Animal Health Incorporat,Healthcare,Large-Cap,5115433,NYQ
DRS,"Leonardo DRS, Inc.",Industrials,Large-Cap,1276796,NMS
EVR,Evercore Inc.,Financial Services,Large-Cap,596020,NYQ
SCI,Service Corporation Internation,Consumer Cyclical,Large-Cap,1160912,NYQ
GMED,"Globus Medical, Inc.",Healthcare,Large-Cap,1275293,NYQ
JAZZ,Jazz Pharmaceuticals plc,Healthcare,Large-Cap,1023838,NMS
GEN,Gen Digital Inc.,Technology,Large-Cap,6811866,NMS
AMH,American Homes 4 Rent,Real Estate,Large-Cap,4453130,NYQ
RDY,Dr. Reddy's Laboratories Ltd,Healthcare,Large-Cap,2061679,NYQ
EXEL,"Exelixis, Inc.",Healthcare,Large-Cap,2780898,NMS
CRBG,Corebridge Financial Inc.,Financial Services,Large-Cap,4463730,NYQ
GNRC,Generac Holdlings Inc.,Industrials,Large-Cap,1194451,NYQ
SF,Stifel Financial Corporation,Financial Services,Large-Cap,1585140,NYQ
JKHY,"Jack Henry & Associates, Inc.",Technology,Large-Cap,994346,NMS
DINO,HF Sinclair Corporation,Energy,Large-Cap,3032087,NYQ
DOC,"Healthpeak Properties, Inc.",Real Estate,Large-Cap,9385164,NYQ
MOD,Modine Manufacturing Company,Consumer Cyclical,Large-Cap,1421017,NYQ
IT,"Gartner, Inc.",Technology,Large-Cap,1617166,NYQ
WTRG,"Essential Utilities, Inc.",Utilities,Large-Cap,2438916,NYQ
EQX,Equinox Gold Corp.,Basic Materials,Large-Cap,10675659,ASE
IREN,IREN LIMITED,Financial Services,Large-Cap,38886491,NMS
CCK,"Crown Holdings, Inc.",Consumer Cyclical,Large-Cap,1147782,NYQ
SOLV,Solventum Corporation,Healthcare,Large-Cap,1232761,NYQ
SKM,"SK Telecom Co., Ltd.",Communication Services,Large-Cap,1679617,NYQ
BWA,BorgWarner Inc.,Consumer Cyclical,Large-Cap,3006483,NYQ
ONON,On Holding AG,Consumer Cyclical,Large-Cap,6225143,NYQ
AGNC,AGNC Investment Corp.,Real Estate,Large-Cap,22344630,NMS
CHWY,"Chewy, Inc.",Consumer Cyclical,Large-Cap,8427006,NYQ
WBS,Webster Financial Corporation,Financial Services,Large-Cap,4455369,NYQ
GDDY,GoDaddy Inc.,Technology,Large-Cap,2217666,NYQ
AMKR,"Amkor Technology, Inc.",Technology,Large-Cap,4456320,NMS
IAG,Iamgold Corporation,Basic Materials,Large-Cap,8815982,NYQ
DT,"Dynatrace, Inc.",Technology,Large-Cap,6963817,NYQ
SWK,"Stanley Black & Decker, Inc.",Industrials,Large-Cap,1883170,NYQ
FIG,"Figma, Inc.",Technology,Large-Cap,14423327,NYQ
AEG,Aegon Ltd. New York Registry Sh,Financial Services,Large-Cap,5904391,NYQ
SFD,"Smithfield Foods, Inc.",Consumer Defensive,Large-Cap,1245708,NMS
FHN,First Horizon Corporation,Financial Services,Large-Cap,6308290,NYQ
JHX,James Hardie Industries plc.,Basic Materials,Large-Cap,6798758,NYQ
ACM,AECOM,Industrials,Large-Cap,1499538,NYQ
GL,Globe Life Inc.,Financial Services,Large-Cap,510517,NYQ
UHS,"Universal Health Services, Inc.",Healthcare,Large-Cap,779030,NYQ
TXRH,"Texas Roadhouse, Inc.",Consumer Cyclical,Large-Cap,1002046,NMS
BMRN,BioMarin Pharmaceutical Inc.,Healthcare,Large-Cap,2192261,NMS
AM,Antero Midstream Corporation,Energy,Large-Cap,2949608,NYQ
TTD,"The Trade Desk, Inc.",Communication Services,Large-Cap,18542708,NGM
IVZ,Invesco Ltd,Financial Services,Large-Cap,5774901,NYQ
DKNG,DraftKings Inc.,Consumer Cyclical,Large-Cap,15809748,NMS
RRC,Range Resources Corporation,Energy,Large-Cap,3514880,NYQ
ARMK,Aramark,Industrials,Large-Cap,3014008,NYQ
BSY,"Bentley Systems, Incorporated",Technology,Large-Cap,3180906,NMS
WMS,"Advanced Drainage Systems, Inc.",Industrials,Large-Cap,816079,NYQ
AFG,"American Financial Group, Inc.",Financial Services,Large-Cap,664353,NYQ
KRMN,Karman Holdings Inc.,Industrials,Large-Cap,2180650,NYQ
IONQ,"IonQ, Inc.",Technology,Large-Cap,21134938,NYQ
ZBRA,Zebra Technologies Corporation,Technology,Large-Cap,772888,NMS
WYNN,"Wynn Resorts, Limited",Consumer Cyclical,Large-Cap,1699333,NMS
AG,First Majestic Silver Corp.,Basic Materials,Large-Cap,25525888,NYQ
EMBJ,Embraer S.A.,Industrials,Large-Cap,1325114,NYQ
EQH,"Equitable Holdings, Inc.",Financial Services,Large-Cap,3585432,NYQ
KT,KT Corporation,Communication Services,Large-Cap,1863330,NYQ
GME,GameStop Corporation,Consumer Cyclical,Large-Cap,7331512,NYQ
GIL,"Gildan Activewear, Inc.",Consumer Cyclical,Large-Cap,1397103,NYQ
SJM,The J.M. Smucker Company,Consumer Defensive,Large-Cap,2080901,NYQ
DVA,DaVita Inc.,Healthcare,Mid-Cap,1097148,NYQ
NTNX,"Nutanix, Inc.",Technology,Large-Cap,4814943,NMS
CPT,Camden Property Trust,Real Estate,Large-Cap,1253458,NYQ
ONTO,Onto Innovation Inc.,Technology,Large-Cap,910641,NYQ
MGM,MGM Resorts International,Consumer Cyclical,Large-Cap,5044251,NYQ
TTMI,"TTM Technologies, Inc.",Technology,Large-Cap,2554993,NMS
AES,The AES Corporation,Utilities,Large-Cap,13314746,NYQ
PSKY,Paramount Skydance Corporation,Communication Services,Large-Cap,11836108,NMS
HLI,"Houlihan Lokey, Inc.",Financial Services,Mid-Cap,602735,NYQ
ZG,"Zillow Group, Inc.",Communication Services,Mid-Cap,1170812,NMS
RBRK,"Rubrik, Inc.",Technology,Large-Cap,4112222,NYQ
GTLS,"Chart Industries, Inc.",Industrials,Mid-Cap,1474769,NYQ
OGE,OGE Energy Corp,Utilities,Large-Cap,1696769,NYQ
XP,XP Inc.,Financial Services,Mid-Cap,6833332,NMS
W,Wayfair Inc.,Consumer Cyclical,Mid-Cap,3685741,NYQ
DCI,"Donaldson Company, Inc.",Industrials,Mid-Cap,754730,NYQ
CART,Maplebear Inc.,Consumer Cyclical,Large-Cap,5108496,NMS
DAR,Darling Ingredients Inc.,Consumer Defensive,Large-Cap,2909130,NYQ
ORI,Old Republic International Corp,Financial Services,Mid-Cap,2012483,NYQ
RVTY,"Revvity, Inc.",Healthcare,Mid-Cap,1333412,NYQ
ALSN,"Allison Transmission Holdings, ",Consumer Cyclical,Mid-Cap,882266,NYQ
EHC,Encompass Health Corporation,Healthcare,Mid-Cap,1189553,NYQ
HMY,Harmony Gold Mining Company Lim,Basic Materials,Large-Cap,5354000,NYQ
PL,Planet Labs PBC,Industrials,Large-Cap,14180048,NYQ
CNM,"Core & Main, Inc.",Industrials,Mid-Cap,2331891,NYQ
BAH,Booz Allen Hamilton Holding Cor,Industrials,Large-Cap,2471148,NYQ
SEIC,SEI Investments Company,Financial Services,Mid-Cap,778503,NMS
U,Unity Software Inc.,Technology,Mid-Cap,18770369,NYQ
MASI,Masimo Corporation,Healthcare,Mid-Cap,1671487,NMS
CAVA,"CAVA Group, Inc.",Consumer Cyclical,Mid-Cap,3670009,NYQ
EDU,New Oriental Education & Techno,Consumer Defensive,Mid-Cap,943877,NYQ
VIRT,"Virtu Financial, Inc.",Financial Services,Mid-Cap,1178082,NYQ
ACI,"Albertsons Companies, Inc.",Consumer Defensive,Mid-Cap,7352161,NYQ
SAIA,"Saia, Inc.",Industrials,Mid-Cap,565916,NMS
KNX,Knight-Swift Transportation Hol,Industrials,Mid-Cap,3294074,NYQ
FLS,Flowserve Corporation,Industrials,Mid-Cap,1601998,NYQ
WTFC,Wintrust Financial Corporation,Financial Services,Mid-Cap,512064,NMS
RMBS,"Rambus, Inc.",Technology,Large-Cap,2461891,NMS
SSB,SouthState Bank Corporation,Financial Services,Mid-Cap,874209,NYQ
AVAV,"AeroVironment, Inc.",Industrials,Mid-Cap,1864833,NMS
FPS,"Forgent Power Solutions, Inc.",Industrials,Mid-Cap,4720510,NYQ
MICC,The Magnum Ice Cream Company N.,Consumer Defensive,Mid-Cap,1473643,NYQ
CEF,"""Sprott Physical Gold and Silve",N/A,Mid-Cap,1734564,ASE
FRT,Federal Realty Investment Trust,Real Estate,Mid-Cap,836580,NYQ
OSK,Oshkosh Corporation (Holding Co,Industrials,Mid-Cap,800240,NYQ
BXP,"BXP, Inc.",Real Estate,Mid-Cap,2672796,NYQ
DOCU,"DocuSign, Inc.",Technology,Mid-Cap,5032148,NMS
BILI,Bilibili Inc.,Communication Services,Mid-Cap,2837851,NMS
BVN,Buenaventura Mining Company Inc,Basic Materials,Mid-Cap,1730595,NYQ
CELH,"Celsius Holdings, Inc.",Consumer Defensive,Mid-Cap,5594545,NCM
AOS,A.O. Smith Corporation,Industrials,Mid-Cap,1430962,NYQ
TTC,Toro Company (The),Industrials,Mid-Cap,944522,NYQ
BLDR,"Builders FirstSource, Inc.",Industrials,Mid-Cap,2363814,NYQ
ADC,Agree Realty Corporation,Real Estate,Mid-Cap,1357148,NYQ
BMNR,"BitMine Immersion Technologies,",Financial Services,Mid-Cap,45628840,ASE
GAP,"Gap, Inc. (The)",Consumer Cyclical,Mid-Cap,8240224,NYQ
PPC,Pilgrim's Pride Corporation,Consumer Defensive,Mid-Cap,962069,NMS
AHR,"American Healthcare REIT, Inc.",Real Estate,Mid-Cap,2887243,NYQ
NFG,National Fuel Gas Company,Energy,Mid-Cap,815601,NYQ
RYAN,"Ryan Specialty Holdings, Inc.",Financial Services,Mid-Cap,2121404,NYQ
SBSW,D/B/A Sibanye-Stillwater Limite,Basic Materials,Mid-Cap,7648367,NYQ
OC,Owens Corning Inc,Industrials,Mid-Cap,1488816,NYQ
DOCN,"DigitalOcean Holdings, Inc.",Technology,Mid-Cap,3734114,NYQ
PCOR,"Procore Technologies, Inc.",Technology,Mid-Cap,2504056,NYQ
BRX,Brixmor Property Group Inc.,Real Estate,Mid-Cap,3013082,NYQ
ABVX,Abivax SA,Healthcare,Mid-Cap,1216362,NGM
ARWR,"Arrowhead Pharmaceuticals, Inc.",Healthcare,Mid-Cap,2975217,NMS
BPOP,"Popular, Inc.",Financial Services,Mid-Cap,569462,NMS
EMN,Eastman Chemical Company,Basic Materials,Mid-Cap,1775841,NYQ
BAX,Baxter International Inc.,Healthcare,Mid-Cap,10167916,NYQ
YMM,Full Truck Alliance Co. Ltd.,Technology,Mid-Cap,8744048,NYQ
HSIC,"Henry Schein, Inc.",Healthcare,Mid-Cap,1376788,NMS
CFR,"Cullen/Frost Bankers, Inc.",Financial Services,Mid-Cap,566704,NYQ
ONB,Old National Bancorp,Financial Services,Mid-Cap,3191104,NMS
OKLO,Oklo Inc.,Utilities,Mid-Cap,10331961,NYQ
ICLR,ICON plc,Healthcare,Mid-Cap,1845524,NMS
SARO,"StandardAero, Inc.",Industrials,Mid-Cap,4602919,NYQ
AXSM,"Axsome Therapeutics, Inc.",Healthcare,Mid-Cap,639990,NGM
UMBF,UMB Financial Corporation,Financial Services,Mid-Cap,557114,NMS
MP,MP Materials Corp.,Basic Materials,Mid-Cap,7472533,NYQ
GSAT,"Globalstar, Inc.",Communication Services,Mid-Cap,787058,NMS
ZION,Zions Bancorporation N.A.,Financial Services,Mid-Cap,1900169,NMS
NCLH,Norwegian Cruise Line Holdings ,Consumer Cyclical,Mid-Cap,22479016,NYQ
CRL,Charles River Laboratories Inte,Healthcare,Mid-Cap,989180,NYQ
JEF,Jefferies Financial Group Inc.,Financial Services,Mid-Cap,3132969,NYQ
PCVX,"Vaxcyte, Inc.",Healthcare,Mid-Cap,1423832,NMS
AGCO,AGCO Corporation,Industrials,Mid-Cap,792959,NYQ
CUBE,CubeSmart,Real Estate,Mid-Cap,2472748,NYQ
CAE,CAE Inc.,Industrials,Mid-Cap,743577,NYQ
BROS,Dutch Bros Inc.,Consumer Cyclical,Mid-Cap,4924567,NYQ
ESI,Element Solutions Inc.,Basic Materials,Mid-Cap,2819180,NYQ
HBM,Hudbay Minerals Inc.,Basic Materials,Mid-Cap,6424835,NYQ
SSL,Sasol Ltd.,Basic Materials,Mid-Cap,2578153,NYQ
QGEN,Qiagen N.V.,Healthcare,Mid-Cap,2461224,NYQ
PSO,"Pearson, Plc",Communication Services,Mid-Cap,1187543,NYQ
BTSG,"BrightSpring Health Services, I",Healthcare,Mid-Cap,2469691,NMS
CTRE,"CareTrust REIT, Inc.",Real Estate,Mid-Cap,2678651,NYQ
TECH,Bio-Techne Corp,Healthcare,Mid-Cap,2437217,NMS
CGNX,Cognex Corporation,Technology,Mid-Cap,2184991,NMS
LINE,"Lineage, Inc.",Real Estate,Mid-Cap,1382264,NMS
FDS,FactSet Research Systems Inc.,Financial Services,Mid-Cap,1005514,NYQ
ATR,"AptarGroup, Inc.",Healthcare,Mid-Cap,528461,NYQ
CYTK,"Cytokinetics, Incorporated",Healthcare,Mid-Cap,1942132,NMS
COLB,"Columbia Banking System, Inc.",Financial Services,Mid-Cap,2967295,NMS
TAP,Molson Coors Beverage Company,Consumer Defensive,Mid-Cap,3087685,NYQ
HESM,Hess Midstream LP,Energy,Mid-Cap,1479251,NYQ
JOBY,"Joby Aviation, Inc.",Industrials,Mid-Cap,27429843,NYQ
MOS,Mosaic Company (The),Basic Materials,Mid-Cap,9134338,NYQ
TEM,"Tempus AI, Inc.",Healthcare,Mid-Cap,5423380,NMS
GDS,GDS Holdings Limited,Technology,Mid-Cap,2338390,NGM
CHRD,Chord Energy Corporation,Energy,Mid-Cap,1042866,NMS
CWEN,"Clearway Energy, Inc.",Utilities,Mid-Cap,1039606,NYQ
AUR,"Aurora Innovation, Inc.",Technology,Mid-Cap,18171506,NMS
NUVL,"Nuvalent, Inc.",Healthcare,Mid-Cap,569154,NMS
SWKS,"Skyworks Solutions, Inc.",Technology,Mid-Cap,3856127,NMS
ARE,Alexandria Real Estate Equities,Real Estate,Mid-Cap,2583546,NYQ
MANH,"Manhattan Associates, Inc.",Technology,Mid-Cap,800238,NMS
VIST,Vista Energy S.A.B. de C.V.,Energy,Mid-Cap,1695669,NYQ
NNN,"NNN REIT, Inc.",Real Estate,Mid-Cap,1531762,NYQ
JHG,Janus Henderson Group plc,Financial Services,Mid-Cap,3024832,NYQ
FR,"First Industrial Realty Trust, ",Real Estate,Mid-Cap,1107091,NYQ
IBRX,"ImmunityBio, Inc.",Healthcare,Mid-Cap,38871087,NMS
ALV,"Autoliv, Inc.",Consumer Cyclical,Mid-Cap,782282,NYQ
TTEK,"Tetra Tech, Inc.",Industrials,Mid-Cap,2941624,NMS
MTDR,Matador Resources Company,Energy,Mid-Cap,1980998,NYQ
GGAL,Grupo Financiero Galicia S.A.,Financial Services,Mid-Cap,1257045,NCM
NE,Noble Corporation plc A,Energy,Mid-Cap,2150354,NYQ
UGI,UGI Corporation,Utilities,Mid-Cap,2036385,NYQ
AXS,Axis Capital Holdings Limited,Financial Services,Mid-Cap,633416,NYQ
REXR,"Rexford Industrial Realty, Inc.",Real Estate,Mid-Cap,2685508,NYQ
WAL,Western Alliance Bancorporation,Financial Services,Mid-Cap,1405209,NYQ
SNAP,Snap Inc.,Communication Services,Mid-Cap,52776759,NYQ
SIRI,SiriusXM Holdings Inc.,Communication Services,Mid-Cap,4809283,NMS
PRIM,Primoris Services Corporation,Industrials,Mid-Cap,791459,NYQ
FRO,Frontline Plc,Energy,Mid-Cap,4042514,NYQ
VIPS,Vipshop Holdings Limited,Consumer Cyclical,Mid-Cap,2231038,NYQ
VIAV,Viavi Solutions Inc.,Technology,Mid-Cap,5665738,NMS
NXE,Nexgen Energy Ltd.,Energy,Mid-Cap,9006393,NYQ
HALO,"Halozyme Therapeutics, Inc.",Healthcare,Mid-Cap,1864769,NMS
CIG,Comp En De Mn Cemig,Utilities,Mid-Cap,6128987,NYQ
FORM,"FormFactor, Inc.",Technology,Mid-Cap,1496301,NMS
CAG,"ConAgra Brands, Inc.",Consumer Defensive,Mid-Cap,14720393,NYQ
ZWS,Zurn Elkay Water Solutions Corp,Industrials,Mid-Cap,1020416,NYQ
SFM,"Sprouts Farmers Market, Inc.",Consumer Defensive,Mid-Cap,2938566,NMS
LKQ,LKQ Corporation,Consumer Cyclical,Mid-Cap,2743470,NMS
PDI,PIMCO Dynamic Income Fund,Financial Services,Mid-Cap,3066275,NYQ
EPAM,"EPAM Systems, Inc.",Technology,Mid-Cap,1188767,NYQ
SAIL,"SailPoint, Inc.",Technology,Mid-Cap,3027904,NMS
POOL,Pool Corporation,Industrials,Mid-Cap,839659,NMS
JXN,Jackson Financial Inc.,Financial Services,Mid-Cap,619753,NYQ
SM,SM Energy Company,Energy,Mid-Cap,7145000,NYQ
ARW,"Arrow Electronics, Inc.",Technology,Mid-Cap,604716,NYQ
CRUS,"Cirrus Logic, Inc.",Technology,Mid-Cap,643717,NMS
CE,Celanese Corporation,Basic Materials,Mid-Cap,2637472,NYQ
FIGR,"Figure Technology Solutions, In",Financial Services,Mid-Cap,5690337,NMS
RIG,Transocean Ltd (Switzerland),Energy,Mid-Cap,46873453,NYQ
VICR,Vicor Corporation,Technology,Mid-Cap,808206,NMS
AL,Air Lease Corporation,Industrials,Mid-Cap,2080012,NYQ
MTCH,"Match Group, Inc.",Communication Services,Mid-Cap,5407488,NMS
CBSH,"Commerce Bancshares, Inc.",Financial Services,Mid-Cap,1345235,NMS
LEVI,Levi Strauss & Co,Consumer Cyclical,Mid-Cap,2434972,NYQ
PEGA,Pegasystems Inc.,Technology,Mid-Cap,2257708,NMS
GLXY,Galaxy Digital Inc.,Financial Services,Mid-Cap,6540162,NMS
TFPM,Triple Flag Precious Metals Cor,Basic Materials,Mid-Cap,688661,NYQ
BEPC,Brookfield Renewable Corporatio,Utilities,Mid-Cap,1211264,NYQ
CHYM,"Chime Financial, Inc.",Technology,Mid-Cap,4139100,NMS
OR,OR Royalties Inc.,Basic Materials,Mid-Cap,1512879,NYQ
QRVO,"Qorvo, Inc.",Technology,Mid-Cap,1399335,NMS
INGR,Ingredion Incorporated,Consumer Defensive,Mid-Cap,673751,NYQ
SMTC,Semtech Corporation,Technology,Mid-Cap,1927643,NMS
GGB,Gerdau S.A.,Basic Materials,Mid-Cap,20492740,NYQ
HQY,"HealthEquity, Inc.",Healthcare,Mid-Cap,1030722,NMS
KEX,Kirby Corporation,Industrials,Mid-Cap,793267,NYQ
AAL,"American Airlines Group, Inc.",Industrials,Mid-Cap,66552638,NMS
AWI,Armstrong World Industries Inc,Industrials,Mid-Cap,574116,NYQ
LUMN,"Lumen Technologies, Inc.",Communication Services,Mid-Cap,13424472,NYQ
SANM,Sanmina Corporation,Technology,Mid-Cap,823022,NMS
CWAN,"Clearwater Analytics Holdings, ",Technology,Mid-Cap,10037701,NYQ
DOX,Amdocs Limited,Technology,Mid-Cap,1341969,NMS
CAMT,Camtek Ltd.,Technology,Mid-Cap,558725,NGM
STAG,"Stag Industrial, Inc.",Real Estate,Mid-Cap,1522282,NYQ
TKR,Timken Company (The),Industrials,Mid-Cap,824959,NYQ
SOBO,South Bow Corporation,Energy,Mid-Cap,1009040,NYQ
MOH,Molina Healthcare Inc,Healthcare,Mid-Cap,1893519,NYQ
TAL,TAL Education Group,Consumer Defensive,Mid-Cap,3902596,NYQ
ORA,"Ormat Technologies, Inc.",Utilities,Mid-Cap,811429,NYQ
SLAB,"Silicon Laboratories, Inc.",Technology,Mid-Cap,756020,NMS
NOV,NOV Inc.,Energy,Mid-Cap,5031074,NYQ
VLY,Valley National Bancorp,Financial Services,Mid-Cap,8354351,NMS
PRMB,Primo Brands Corporation,Consumer Defensive,Mid-Cap,6032400,NYQ
FLR,Fluor Corporation,Industrials,Mid-Cap,2827453,NYQ
PB,"Prosperity Bancshares, Inc.",Financial Services,Mid-Cap,1278761,NYQ
EGO,Eldorado Gold Corporation,Basic Materials,Mid-Cap,2687025,NYQ
CMC,Commercial Metals Company,Industrials,Mid-Cap,1331069,NYQ
KYMR,"Kymera Therapeutics, Inc.",Healthcare,Mid-Cap,769345,NGM
AAON,"AAON, Inc.",Industrials,Mid-Cap,922932,NMS
VAL,Valaris Limited,Energy,Mid-Cap,1613058,NYQ
WFRD,Weatherford International plc,Energy,Mid-Cap,1381020,NMS
AUGO,Aura Minerals Inc.,Basic Materials,Mid-Cap,1029850,NMS
LNC,Lincoln National Corporation,Financial Services,Mid-Cap,2352040,NYQ
PTGX,"Protagonist Therapeutics, Inc.",Healthcare,Mid-Cap,816050,NGM
TEX,Terex Corporation,Industrials,Mid-Cap,1957312,NYQ
ACLX,"Arcellx, Inc.",Healthcare,Mid-Cap,2229995,NMS
NICE,NICE Ltd,Technology,Mid-Cap,822300,NMS
MORN,"Morningstar, Inc.",Financial Services,Mid-Cap,575927,NMS
ICL,ICL Group Ltd.,Basic Materials,Mid-Cap,1713348,NYQ
MIDD,The Middleby Corporation,Industrials,Mid-Cap,611870,NMS
PAYC,"Paycom Software, Inc.",Technology,Mid-Cap,1876761,NYQ
CPB,The Campbell's Company,Consumer Defensive,Mid-Cap,8640861,NMS
VFC,V.F. Corporation,Consumer Cyclical,Mid-Cap,6850493,NYQ
JBTM,JBT Marel Corporation,Industrials,Mid-Cap,598262,NYQ
RGEN,Repligen Corporation,Healthcare,Mid-Cap,836195,NMS
UEC,Uranium Energy Corp.,Energy,Mid-Cap,10776469,ASE
APLD,Applied Digital Corporation,Technology,Mid-Cap,26929325,NMS
AAOI,"Applied Optoelectronics, Inc.",Technology,Mid-Cap,8786583,NGM
BIRK,Birkenstock Holding plc,Consumer Cyclical,Mid-Cap,2581083,NYQ
GRFS,"Grifols, S.A.",Healthcare,Mid-Cap,656793,NMS
STWD,"STARWOOD PROPERTY TRUST, INC. S",Real Estate,Mid-Cap,3575872,NYQ
TRNO,Terreno Realty Corporation,Real Estate,Mid-Cap,719340,NYQ
YOU,"Clear Secure, Inc.",Technology,Mid-Cap,1779104,NYQ
VOYA,"Voya Financial, Inc.",Financial Services,Mid-Cap,1028496,NYQ
BZ,KANZHUN LIMITED - American Depo,Communication Services,Mid-Cap,4233345,NMS
HXL,Hexcel Corporation,Industrials,Mid-Cap,1321951,NYQ
LEA,Lear Corporation,Consumer Cyclical,Mid-Cap,584400,NYQ
EPRT,Essential Properties Realty Tru,Real Estate,Mid-Cap,2084369,NYQ
LGN,Legence Corp.,Industrials,Mid-Cap,1123280,NMS
TXNM,"TXNM Energy, Inc.",Utilities,Mid-Cap,1192238,NYQ
AMTM,"Amentum Holdings, Inc.",Industrials,Mid-Cap,2123095,NYQ
SNEX,StoneX Group Inc.,Financial Services,Mid-Cap,675538,NMS
EAT,"Brinker International, Inc.",Consumer Cyclical,Mid-Cap,1234200,NYQ
G,Genpact Limited,Technology,Mid-Cap,2242329,NYQ
OMF,"OneMain Holdings, Inc.",Financial Services,Mid-Cap,1614406,NYQ
SWX,"Southwest Gas Holdings, Inc.",Utilities,Mid-Cap,667964,NYQ
APGE,"Apogee Therapeutics, Inc.",Healthcare,Mid-Cap,1091562,NGM
ROAD,"Construction Partners, Inc.",Industrials,Mid-Cap,564664,NMS
RYN,Rayonier Inc. REIT,Real Estate,Mid-Cap,3278208,NYQ
CHDN,"Churchill Downs, Incorporated",Consumer Cyclical,Mid-Cap,950714,NMS
GKOS,Glaukos Corporation,Healthcare,Mid-Cap,802754,NYQ
COGT,"Cogent Biosciences, Inc.",Healthcare,Mid-Cap,2190306,NMS
VSAT,"ViaSat, Inc.",Technology,Mid-Cap,1792183,NMS
BYD,Boyd Gaming Corporation,Consumer Cyclical,Mid-Cap,929950,NYQ
CRK,"Comstock Resources, Inc.",Energy,Mid-Cap,2487583,NYQ
SEE,Sealed Air Corporation,Consumer Cyclical,Mid-Cap,3125364,NYQ
DSGX,The Descartes Systems Group Inc,Technology,Mid-Cap,717967,NMS
FAF,First American Corporation (New,Financial Services,Mid-Cap,1100900,NYQ
CRC,California Resources Corporatio,Energy,Mid-Cap,1020209,NYQ
MKTX,"MarketAxess Holdings, Inc.",Financial Services,Mid-Cap,557088,NMS
WULF,TeraWulf Inc.,Financial Services,Mid-Cap,30924327,NCM
AROC,"Archrock, Inc.",Energy,Mid-Cap,1673835,NYQ
KMX,CarMax Inc,Consumer Cyclical,Mid-Cap,3390312,NYQ
POR,Portland General Electric Co,Utilities,Mid-Cap,1329727,NYQ
WH,"Wyndham Hotels & Resorts, Inc.",Consumer Cyclical,Mid-Cap,1403585,NYQ
BTG,B2Gold Corp,Basic Materials,Mid-Cap,40446240,ASE
MHK,"Mohawk Industries, Inc.",Consumer Cyclical,Mid-Cap,947906,NYQ
MWH,"SOLV Energy, Inc.",Utilities,Mid-Cap,967514,NMS
EXP,Eagle Materials Inc,Basic Materials,Mid-Cap,503537,NYQ
HR,Healthcare Realty Trust Incorpo,Real Estate,Mid-Cap,3681445,NYQ
TTAN,"ServiceTitan, Inc.",Technology,Mid-Cap,1452419,NMS
MGY,Magnolia Oil & Gas Corporation,Energy,Mid-Cap,3147387,NYQ
ECG,"Everus Construction Group, Inc.",Industrials,Mid-Cap,686412,NYQ
SSRM,SSR Mining Inc.,Basic Materials,Mid-Cap,4349043,NMS
LTH,"Life Time Group Holdings, Inc.",Consumer Cyclical,Mid-Cap,3015261,NYQ
FNB,F.N.B. Corporation,Financial Services,Mid-Cap,7553208,NYQ
STEP,StepStone Group Inc.,Financial Services,Mid-Cap,1280903,NMS
TERN,"Terns Pharmaceuticals, Inc.",Healthcare,Mid-Cap,4411258,NMS
GXO,"GXO Logistics, Inc.",Industrials,Mid-Cap,1330091,NYQ
PLNT,"Planet Fitness, Inc.",Consumer Cyclical,Mid-Cap,1915430,NYQ
RYTM,"Rhythm Pharmaceuticals, Inc.",Healthcare,Mid-Cap,836993,NGM
PATH,"UiPath, Inc.",Technology,Mid-Cap,32422901,NYQ
KVYO,"Klaviyo, Inc. Series A",Technology,Mid-Cap,4377561,NYQ
AXTA,Axalta Coating Systems Ltd.,Basic Materials,Mid-Cap,3275146,NYQ
MUR,Murphy Oil Corporation,Energy,Mid-Cap,2787708,NYQ
SITE,"SiteOne Landscape Supply, Inc.",Industrials,Mid-Cap,685437,NYQ
OS,"OneStream, Inc.",Technology,Mid-Cap,4418013,NMS
ALKS,Alkermes plc,Healthcare,Mid-Cap,2393879,NMS
UGP,Ultrapar Participacoes S.A. (Ne,Energy,Mid-Cap,2446462,NYQ
ESAB,ESAB Corporation,Industrials,Mid-Cap,541537,NYQ
LW,"Lamb Weston Holdings, Inc.",Consumer Defensive,Mid-Cap,3323104,NYQ
PCTY,Paylocity Holding Corporation,Technology,Mid-Cap,849127,NMS
ALGM,"Allegro MicroSystems, Inc.",Technology,Mid-Cap,2513290,NMS
GTES,Gates Industrial Corporation pl,Industrials,Mid-Cap,2591246,NYQ
RHP,"Ryman Hospitality Properties, I",Real Estate,Mid-Cap,505940,NYQ
GBCI,"Glacier Bancorp, Inc.",Financial Services,Mid-Cap,1067216,NYQ
UWMC,UWM Holdings Corporation,Financial Services,Mid-Cap,19285780,NYQ
OTF,Blue Owl Technology Finance Cor,Financial Services,Mid-Cap,2263259,NYQ
PSN,Parsons Corporation,Technology,Mid-Cap,1319179,NYQ
CENX,Century Aluminum Company,Basic Materials,Mid-Cap,2521237,NMS
CNTA,Centessa Pharmaceuticals plc,Healthcare,Mid-Cap,2384683,NMS
MBLY,Mobileye Global Inc.,Consumer Cyclical,Mid-Cap,8588303,NMS
UBSI,"United Bankshares, Inc.",Financial Services,Mid-Cap,993714,NMS
DLB,Dolby Laboratories,Industrials,Mid-Cap,786785,NYQ
CGON,"CG Oncology, Inc.",Healthcare,Mid-Cap,1333337,NMS
MTG,MGIC Investment Corporation,Financial Services,Mid-Cap,2254135,NYQ
DBX,"Dropbox, Inc.",Technology,Mid-Cap,4025246,NMS
URBN,"Urban Outfitters, Inc.",Consumer Cyclical,Mid-Cap,1755517,NMS
OTEX,Open Text Corporation,Technology,Mid-Cap,2084482,NMS
PAGP,"Plains GP Holdings, L.P.",Energy,Mid-Cap,2050788,NMS
OBDC,Blue Owl Capital Corporation,Financial Services,Mid-Cap,6458008,NYQ
SRRK,Scholar Rock Holding Corporatio,Healthcare,Mid-Cap,1335693,NMS
OLLI,Ollie's Bargain Outlet Holdings,Consumer Defensive,Mid-Cap,1254400,NGM
PTCT,"PTC Therapeutics, Inc.",Healthcare,Mid-Cap,1245843,NMS
TMHC,Taylor Morrison Home Corporatio,Consumer Cyclical,Mid-Cap,1097929,NYQ
FROG,JFrog Ltd.,Technology,Mid-Cap,3343800,NMS
PBF,PBF Energy Inc.,Energy,Mid-Cap,3853125,NYQ
MIRM,"Mirum Pharmaceuticals, Inc.",Healthcare,Mid-Cap,869011,NGM
XENE,Xenon Pharmaceuticals Inc.,Healthcare,Mid-Cap,1418074,NGM
NSA,National Storage Affiliates Tru,Real Estate,Mid-Cap,2077130,NYQ
HLNE,Hamilton Lane Incorporated,Financial Services,Mid-Cap,708051,NMS
NJR,NewJersey Resources Corporation,Utilities,Mid-Cap,567880,NYQ
ESNT,Essent Group Ltd.,Financial Services,Mid-Cap,758977,NYQ
BXSL,Blackstone Secured Lending Fund,Financial Services,Mid-Cap,2559790,NYQ
GLNG,Golar LNG Limited,Energy,Mid-Cap,2018269,NMS
LSTR,"Landstar System, Inc.",Industrials,Mid-Cap,567729,NMS
LB,LandBridge Company LLC,Energy,Mid-Cap,520554,NYQ
CELC,Celcuity Inc.,Healthcare,Mid-Cap,727175,NCM
FND,"Floor & Decor Holdings, Inc.",Consumer Cyclical,Mid-Cap,2668369,NYQ
RRR,"Red Rock Resorts, Inc.",Consumer Cyclical,Mid-Cap,804316,NMS
CNX,CNX Resources Corporation,Energy,Mid-Cap,2394929,NYQ
FLG,"Flagstar Bank, N.A.",Financial Services,Mid-Cap,5497517,NYQ
INGM,Ingram Micro Holding Corporatio,Technology,Mid-Cap,935262,NYQ
ORLA,Orla Mining Ltd.,Basic Materials,Mid-Cap,2332203,ASE
BRKR,Bruker Corporation,Healthcare,Mid-Cap,2441706,NMS
SGHC,Super Group (SGHC) Limited,Consumer Cyclical,Mid-Cap,2650601,NYQ
PIPR,Piper Sandler Companies,Financial Services,Mid-Cap,722911,NYQ
ENIC,Enel Chile S.A.,Utilities,Mid-Cap,584729,NYQ
KRG,Kite Realty Group Trust,Real Estate,Mid-Cap,1892067,NYQ
ADT,ADT Inc.,Industrials,Mid-Cap,11103235,NYQ
VNO,Vornado Realty Trust,Real Estate,Mid-Cap,2133269,NYQ
EQPT,EquipmentShare.com Inc,Industrials,Mid-Cap,1837114,NMS
COMP,"Compass, Inc.",Real Estate,Mid-Cap,21213011,NYQ
BLSH,Bullish,Technology,Mid-Cap,1897680,NYQ
CZR,"Caesars Entertainment, Inc.",Consumer Cyclical,Mid-Cap,6333508,NMS
AVTR,"Avantor, Inc.",Healthcare,Mid-Cap,11621877,NYQ
LOAR,Loar Holdings Inc.,Industrials,Mid-Cap,1030753,NYQ
VSNT,"Versant Media Group, Inc.",Communication Services,Mid-Cap,4685916,NMS
CNR,"Core Natural Resources, Inc.",Energy,Mid-Cap,937948,NYQ
QBTS,D-Wave Quantum Inc.,Technology,Mid-Cap,28543667,NYQ
SON,Sonoco Products Company,Consumer Cyclical,Mid-Cap,1011377,NYQ
ABCB,Ameris Bancorp,Financial Services,Mid-Cap,559953,NYQ
LYFT,"Lyft, Inc.",Technology,Mid-Cap,17477017,NMS
TGTX,"TG Therapeutics, Inc.",Healthcare,Mid-Cap,2117735,NCM
HOMB,"Home BancShares, Inc.",Financial Services,Mid-Cap,1401924,NYQ
TFX,Teleflex Incorporated,Healthcare,Mid-Cap,978491,NYQ
RITM,Rithm Capital Corp.,Real Estate,Mid-Cap,12143169,NYQ
ESTC,Elastic N.V.,Technology,Mid-Cap,2133419,NYQ
SEI,"Solaris Energy Infrastructure, ",Energy,Mid-Cap,2871100,NYQ
BKH,Black Hills Corporation,Utilities,Mid-Cap,1016606,NYQ
WIX,Wix.com Ltd.,Technology,Mid-Cap,2639708,NMS
TKC,Turkcell Iletisim Hizmetleri AS,Communication Services,Mid-Cap,1268204,NYQ
RLI,RLI Corp.,Financial Services,Mid-Cap,786837,NYQ
GLBE,Global-E Online Ltd.,Consumer Cyclical,Mid-Cap,1587587,NMS
GVA,Granite Construction Incorporat,Industrials,Mid-Cap,649866,NYQ
HUT,Hut 8 Corp.,Financial Services,Mid-Cap,4890301,NMS
CIFR,Cipher Digital Inc.,Technology,Mid-Cap,28869520,NMS
HWC,Hancock Whitney Corporation,Financial Services,Mid-Cap,876954,NMS
PECO,"Phillips Edison & Company, Inc.",Real Estate,Mid-Cap,904856,NMS
VSEC,VSE Corporation,Industrials,Mid-Cap,696427,NMS
POST,"Post Holdings, Inc.",Consumer Defensive,Mid-Cap,847317,NYQ
MSM,"MSC Industrial Direct Company, ",Industrials,Mid-Cap,743661,NYQ
VNT,Vontier Corporation,Technology,Mid-Cap,1152777,NYQ
APLS,"Apellis Pharmaceuticals, Inc.",Healthcare,Mid-Cap,4808748,NMS
ST,Sensata Technologies Holding pl,Technology,Mid-Cap,1908437,NYQ
OZK,Bank OZK,Financial Services,Mid-Cap,1411719,NMS
CAR,"Avis Budget Group, Inc.",Industrials,Mid-Cap,845440,NMS
ATAT,Atour Lifestyle Holdings Limite,Consumer Cyclical,Mid-Cap,1191267,NMS
AUB,Atlantic Union Bankshares Corpo,Financial Services,Mid-Cap,1110604,NYQ
MAC,Macerich Company (The),Real Estate,Mid-Cap,2028488,NYQ
REZI,"Resideo Technologies, Inc.",Industrials,Mid-Cap,1326124,NYQ
LPX,Louisiana-Pacific Corporation,Industrials,Mid-Cap,1085340,NYQ
RSI,"Rush Street Interactive, Inc.",Consumer Cyclical,Mid-Cap,2097764,NYQ
IMVT,"Immunovant, Inc.",Healthcare,Mid-Cap,1389830,NMS
MNSO,MINISO Group Holding Limited,Consumer Cyclical,Mid-Cap,547787,NYQ
CAI,"Caris Life Sciences, Inc.",Healthcare,Mid-Cap,2599725,NMS
PACS,"PACS Group, Inc.",Healthcare,Mid-Cap,987308,NYQ
CWST,"Casella Waste Systems, Inc.",Industrials,Mid-Cap,797385,NMS
AVT,"Avnet, Inc.",Technology,Mid-Cap,1133006,NMS
ERAS,"Erasca, Inc.",Healthcare,Mid-Cap,6522454,NMS
KGS,"Kodiak Gas Services, Inc.",Energy,Mid-Cap,1529990,NYQ
LAUR,"Laureate Education, Inc.",Consumer Defensive,Mid-Cap,1650267,NMS
ENPH,"Enphase Energy, Inc.",Technology,Mid-Cap,6769682,NGM
SRAD,Sportradar Group AG,Technology,Mid-Cap,2711017,NMS
KLAR,Klarna Group plc,Technology,Mid-Cap,6084466,NYQ
GPGI,"GPGI, Inc.",Industrials,Mid-Cap,3787103,NYQ
LNTH,"Lantheus Holdings, Inc.",Healthcare,Mid-Cap,967524,NGM
ETSY,"Etsy, Inc.",Consumer Cyclical,Mid-Cap,3619904,NYQ
HCC,"Warrior Met Coal, Inc.",Basic Materials,Mid-Cap,963403,NYQ
SBRA,"Sabra Health Care REIT, Inc.",Real Estate,Mid-Cap,2734654,NMS
IPGP,IPG Photonics Corporation,Technology,Mid-Cap,541669,NMS
EXLS,"ExlService Holdings, Inc.",Technology,Mid-Cap,2119364,NMS
BIPC,Brookfield Infrastructure Corpo,Utilities,Mid-Cap,906309,NYQ
IEP,Icahn Enterprises L.P. - Deposi,Energy,Mid-Cap,956341,NMS
CLF,Cleveland-Cliffs Inc.,Basic Materials,Mid-Cap,18871182,NYQ
CHH,"Choice Hotels International, In",Consumer Cyclical,Mid-Cap,681427,NYQ
LMND,"Lemonade, Inc.",Financial Services,Mid-Cap,2562772,NYQ
TDS,"Telephone and Data Systems, Inc",Communication Services,Mid-Cap,983177,NYQ
GNTX,Gentex Corporation,Consumer Cyclical,Mid-Cap,2324948,NMS
M,Macy's Inc,Consumer Cyclical,Mid-Cap,7742056,NYQ
MAIN,Main Street Capital Corporation,Financial Services,Mid-Cap,732393,NYQ
AQN,Algonquin Power & Utilities Cor,Utilities,Mid-Cap,5039000,NYQ
BC,Brunswick Corporation,Consumer Cyclical,Mid-Cap,1040329,NYQ
HIMS,"Hims & Hers Health, Inc.",Healthcare,Mid-Cap,34272769,NYQ
HASI,HA Sustainable Infrastructure C,Financial Services,Mid-Cap,1009790,NYQ
CORZ,"Core Scientific, Inc.",Technology,Mid-Cap,11560180,NMS
RAL,Ralliant Corporation,Technology,Mid-Cap,1827767,NYQ
RIOT,"Riot Platforms, Inc.",Financial Services,Mid-Cap,18888591,NCM
KBR,"KBR, Inc.",Industrials,Mid-Cap,1426488,NYQ
FBIN,"Fortune Brands Innovations, Inc",Industrials,Mid-Cap,2991529,NYQ
LBRT,Liberty Energy Inc.,Energy,Mid-Cap,4805303,NYQ
MIR,"Mirion Technologies, Inc.",Industrials,Mid-Cap,3387191,NYQ
OUT,OUTFRONT Media Inc.,Real Estate,Mid-Cap,1433061,NYQ
RGTI,"Rigetti Computing, Inc.",Technology,Mid-Cap,29518161,NCM
MRP,"Millrose Properties, Inc.",Real Estate,Mid-Cap,1408185,NYQ
BFAM,Bright Horizons Family Solution,Consumer Cyclical,Mid-Cap,943624,NYQ
BGC,"BGC Group, Inc.",Financial Services,Mid-Cap,2379020,NMS
DUOL,"Duolingo, Inc.",Technology,Mid-Cap,2700882,NMS
KNF,Knife Riv Holding Co.,Basic Materials,Mid-Cap,668832,NYQ
ATMU,Atmus Filtration Technologies I,Consumer Cyclical,Mid-Cap,777175,NYQ
SNDR,"Schneider National, Inc.",Industrials,Mid-Cap,980420,NYQ
WAY,Waystar Holding Corp.,Healthcare,Mid-Cap,2644130,NMS
MEOH,Methanex Corporation,Basic Materials,Mid-Cap,1169620,NMS
MTN,"Vail Resorts, Inc.",Consumer Cyclical,Mid-Cap,904279,NYQ
CRSP,CRISPR Therapeutics AG,Healthcare,Mid-Cap,1939700,NGM
PFSI,"PennyMac Financial Services, In",Financial Services,Mid-Cap,874417,NYQ
FLY,Firefly Aerospace Inc.,Industrials,Mid-Cap,4264288,NGM
FOLD,"Amicus Therapeutics, Inc.",Healthcare,Mid-Cap,6271274,NGM
SIGI,"Selective Insurance Group, Inc.",Financial Services,Mid-Cap,574603,NMS
MAT,"Mattel, Inc.",Consumer Cyclical,Mid-Cap,5304917,NMS
RDN,Radian Group Inc.,Financial Services,Mid-Cap,1444630,NYQ
OPEN,Opendoor Technologies Inc,Real Estate,Mid-Cap,49900270,NMS
FOUR,"Shift4 Payments, Inc.",Technology,Mid-Cap,2519988,NYQ
REYN,Reynolds Consumer Products Inc.,Consumer Cyclical,Mid-Cap,1028659,NMS
BOOT,"Boot Barn Holdings, Inc.",Consumer Cyclical,Mid-Cap,687666,NYQ
DNTH,"Dianthus Therapeutics, Inc.",Healthcare,Mid-Cap,1081516,NCM
CRGY,Crescent Energy Company,Energy,Mid-Cap,8076433,NYQ
FSLY,"Fastly, Inc.",Technology,Mid-Cap,11838370,NMS
UUUU,Energy Fuels Inc,Energy,Mid-Cap,13504266,ASE
EBC,"Eastern Bankshares, Inc.",Financial Services,Mid-Cap,2083974,NMS
DOCS,"Doximity, Inc.",Healthcare,Mid-Cap,3522304,NYQ
S,"SentinelOne, Inc.",Technology,Mid-Cap,8467872,NYQ
MRCY,Mercury Systems Inc,Industrials,Mid-Cap,683183,NMS
OLED,Universal Display Corporation,Technology,Mid-Cap,780338,NMS
MTH,Meritage Homes Corporation,Consumer Cyclical,Mid-Cap,1043240,NYQ
AIR,AAR Corp.,Industrials,Mid-Cap,551241,NYQ
RDNT,"RadNet, Inc.",Healthcare,Mid-Cap,818330,NGM
TNL,Travel   Leisure Co.,Consumer Cyclical,Mid-Cap,638619,NYQ
CROX,"Crocs, Inc.",Consumer Cyclical,Mid-Cap,1277653,NMS
WING,Wingstop Inc.,Consumer Cyclical,Mid-Cap,984800,NMS
FHI,"Federated Hermes, Inc.",Financial Services,Mid-Cap,719085,NYQ
MWA,MUELLER WATER PRODUCTS,Industrials,Mid-Cap,1134911,NYQ
VVV,Valvoline Inc.,Consumer Cyclical,Mid-Cap,1978246,NYQ
CORT,Corcept Therapeutics Incorporat,Healthcare,Mid-Cap,2103988,NCM
ASB,Associated Banc-Corp,Financial Services,Mid-Cap,2500704,NYQ
SAIC,Science Applications Internatio,Technology,Mid-Cap,682514,NMS
OPCH,"Option Care Health, Inc.",Healthcare,Mid-Cap,1881329,NMS
SLM,SLM Corporation,Financial Services,Mid-Cap,3889641,NMS
ONDS,Ondas Inc,Technology,Mid-Cap,95158017,NCM
MDU,"MDU Resources Group, Inc.",Utilities,Mid-Cap,1966308,NYQ
ACIW,"ACI Worldwide, Inc.",Technology,Mid-Cap,836940,NMS
ALH,Alliance Laundry Holdings Inc.,Consumer Cyclical,Mid-Cap,912740,NYQ
THO,"Thor Industries, Inc.",Consumer Cyclical,Mid-Cap,697069,NYQ
FFIN,"First Financial Bankshares, Inc",Financial Services,Mid-Cap,839132,NMS
MC,Moelis & Company,Financial Services,Mid-Cap,1243620,NYQ
ALK,"Alaska Air Group, Inc.",Industrials,Mid-Cap,4256550,NYQ
ANF,Abercrombie & Fitch Company,Consumer Cyclical,Mid-Cap,1590174,NYQ
VCTR,"Victory Capital Holdings, Inc. ",Financial Services,Mid-Cap,646395,NMS
MMED,"MiniMed Group, Inc.",Healthcare,Mid-Cap,1473625,NMS
NVST,Envista Holdings Corporation,Healthcare,Mid-Cap,2920466,NYQ
SPHR,Sphere Entertainment Co.,Communication Services,Mid-Cap,870304,NYQ
SKY,"Champion Homes, Inc.",Consumer Cyclical,Mid-Cap,736472,NYQ
TDW,Tidewater Inc.,Energy,Mid-Cap,841925,NYQ
PTEN,"Patterson-UTI Energy, Inc.",Energy,Mid-Cap,11265908,NMS
ALM,Almonty Industries Inc.,Basic Materials,Mid-Cap,5526169,NCM
VISN,"Vistance Networks, Inc.",Technology,Mid-Cap,4276041,NMS
MMSI,"Merit Medical Systems, Inc.",Healthcare,Mid-Cap,804667,NMS
PONY,Pony AI Inc.,Technology,Mid-Cap,4566404,NMS
SLGN,Silgan Holdings Inc.,Consumer Cyclical,Mid-Cap,973609,NYQ
SHC,Sotera Health Company,Healthcare,Mid-Cap,2501985,NMS
TPC,Tutor Perini Corporation,Industrials,Mid-Cap,640537,NYQ
TBBB,BBB Foods Inc.,Consumer Defensive,Mid-Cap,668827,NYQ
NWE,"NorthWestern Energy Group, Inc.",Utilities,Mid-Cap,589996,NMS
LBTYA,Liberty Global Ltd.,Communication Services,Mid-Cap,2851114,NMS
CSAN,Cosan S.A.,Energy,Mid-Cap,2360129,NYQ
LAZ,"Lazard, Inc.",Financial Services,Mid-Cap,1331320,NYQ
HRB,"H&R Block, Inc.",Consumer Cyclical,Mid-Cap,2490237,NYQ
BTU,Peabody Energy Corporation,Energy,Mid-Cap,3458380,NYQ
TPH,"Tri Pointe Homes, Inc.",Consumer Cyclical,Mid-Cap,2663053,NYQ
ITRI,"Itron, Inc.",Technology,Mid-Cap,985933,NMS
SYRE,"Spyre Therapeutics, Inc.",Healthcare,Mid-Cap,737188,NMS
AMRX,"Amneal Pharmaceuticals, Inc.",Healthcare,Mid-Cap,2622503,NMS
KC,Kingsoft Cloud Holdings Limited,Technology,Mid-Cap,1554419,NMS
NG,Novagold Resources Inc.,Basic Materials,Mid-Cap,4272032,ASE
TFSL,TFS Financial Corporation,Financial Services,Mid-Cap,753030,NMS
ZETA,Zeta Global Holdings Corp.,Technology,Mid-Cap,8809667,NYQ
QS,QuantumScape Corporation,Consumer Cyclical,Mid-Cap,13460593,NMS
KTB,"Kontoor Brands, Inc.",Consumer Cyclical,Mid-Cap,861804,NYQ
LPL,"LG Display Co, Ltd AMERICAN DEP",Technology,Mid-Cap,1249514,NYQ
AAUC,Allied Gold Corporation,Basic Materials,Mid-Cap,875661,NYQ
ACHR,Archer Aviation Inc.,Industrials,Mid-Cap,35359167,NYQ
SKT,Tanger Inc.,Real Estate,Mid-Cap,1033248,NYQ
TAC,TransAlta Corporation,Utilities,Mid-Cap,1619953,NYQ
DNP,"DNP Select Income Fund, Inc.",Financial Services,Mid-Cap,712962,NYQ
LRN,"Stride, Inc.",Consumer Defensive,Mid-Cap,1175616,NYQ
CNO,"CNO Financial Group, Inc.",Financial Services,Mid-Cap,655206,NYQ
STNG,Scorpio Tankers Inc.,Energy,Mid-Cap,1220385,NYQ
BBWI,"Bath & Body Works, Inc.",Consumer Cyclical,Mid-Cap,5451414,NYQ
HAFN,Hafnia Limited,Industrials,Mid-Cap,1750009,NYQ
CCC,CCC Intelligent Solutions Holdi,Technology,Mid-Cap,12808340,NMS
NMRK,"Newmark Group, Inc.",Real Estate,Mid-Cap,1615106,NMS
ARIS,Aris Mining Corporation,Basic Materials,Mid-Cap,2084479,NYQ
BILL,"BILL Holdings, Inc.",Technology,Mid-Cap,2838166,NYQ
DLO,DLocal Limited,Technology,Mid-Cap,1432637,NMS
EPR,EPR Properties,Real Estate,Mid-Cap,902332,NYQ
SIMO,Silicon Motion Technology Corpo,Technology,Mid-Cap,681962,NMS
IRTC,"iRhythm Holdings, Inc.",Healthcare,Mid-Cap,697866,NMS
ACAD,ACADIA Pharmaceuticals Inc.,Healthcare,Mid-Cap,1675650,NMS
INDV,"Indivior Pharmaceuticals, Inc.",Healthcare,Mid-Cap,2527882,NMS
FTDR,"frontdoor, inc.",Consumer Cyclical,Mid-Cap,648745,NMS
CRNX,"Crinetics Pharmaceuticals, Inc.",Healthcare,Mid-Cap,1285945,NMS
CUZ,Cousins Properties Incorporated,Real Estate,Mid-Cap,2176135,NYQ
TREX,"Trex Company, Inc.",Industrials,Mid-Cap,2015312,NYQ
CALM,"Cal-Maine Foods, Inc.",Consumer Defensive,Mid-Cap,1246959,NMS
SHAK,"Shake Shack, Inc.",Consumer Cyclical,Mid-Cap,1495166,NYQ
UCB,"United Community Banks, Inc.",Financial Services,Mid-Cap,922841,NYQ
VKTX,"Viking Therapeutics, Inc.",Healthcare,Mid-Cap,3045132,NCM
STVN,Stevanato Group S.p.A.,Healthcare,Mid-Cap,701525,NYQ
ASO,"Academy Sports and Outdoors, In",Consumer Cyclical,Mid-Cap,1546808,NMS
VSCO,Victorias Secret & Co.,Consumer Cyclical,Mid-Cap,2306211,NYQ
KNSA,Kiniksa Pharmaceuticals Interna,Healthcare,Mid-Cap,648593,NMS
DAN,Dana Incorporated,Consumer Cyclical,Mid-Cap,1616196,NYQ
GTLB,GitLab Inc.,Technology,Mid-Cap,6166780,NMS
NAMS,NewAmsterdam Pharma Company N.V,Healthcare,Mid-Cap,788345,NGM
CMBT,CMB.TECH NV,Energy,Mid-Cap,2164891,NYQ
FULT,Fulton Financial Corporation,Financial Services,Mid-Cap,2084446,NMS
PRM,"Perimeter Solutions, SA",Basic Materials,Mid-Cap,1030995,NYQ
BNL,"Broadstone Net Lease, Inc.",Real Estate,Mid-Cap,1797898,NYQ
ALHC,"Alignment Healthcare, Inc.",Healthcare,Mid-Cap,2983669,NMS
IRT,"Independence Realty Trust, Inc.",Real Estate,Mid-Cap,2882129,NYQ
SKE,Skeena Resources Limited,Basic Materials,Mid-Cap,1048177,NYQ
ELF,"e.l.f. Beauty, Inc.",Consumer Defensive,Mid-Cap,2291814,NYQ
MIAX,"Miami International Holdings, I",Financial Services,Mid-Cap,1352538,NYQ
INSW,"International Seaways, Inc.",Energy,Mid-Cap,604709,NYQ
FRMI,Fermi Inc.,Real Estate,Mid-Cap,8303445,NMS
HP,"Helmerich & Payne, Inc.",Energy,Mid-Cap,1712825,NYQ
MNDY,monday.com Ltd.,Technology,Mid-Cap,2399404,NMS
MMYT,MakeMyTrip Limited,Consumer Cyclical,Mid-Cap,1924837,NMS
OII,"Oceaneering International, Inc.",Energy,Mid-Cap,1280088,NYQ
CGAU,Centerra Gold Inc.,Basic Materials,Mid-Cap,2271695,NYQ
GTX,Garrett Motion Inc.,Consumer Cyclical,Mid-Cap,2459298,NMS
TCGL,TechCreate Group Ltd.,Technology,Mid-Cap,609158,ASE
SMG,Scotts Miracle-Gro Company (The,Basic Materials,Mid-Cap,920090,NYQ
CDP,COPT Defense Properties,Real Estate,Mid-Cap,1251175,NYQ
STNE,StoneCo Ltd.,Technology,Mid-Cap,5452211,NMS
INTR,Inter & Co. Inc.,Financial Services,Mid-Cap,3246035,NMS
BETA,"Beta Technologies, Inc.",Industrials,Mid-Cap,1407061,NYQ
PPTA,Perpetua Resources Corp.,Basic Materials,Mid-Cap,1905101,NCM
MMS,"Maximus, Inc.",Industrials,Mid-Cap,724104,NYQ
LIVN,LivaNova PLC,Healthcare,Mid-Cap,792917,NMS
WHR,Whirlpool Corporation,Consumer Cyclical,Mid-Cap,2589619,NYQ
SMR,NuScale Power Corporation,Industrials,Mid-Cap,25489422,NYQ
MDA,MDA Space Ltd.,Industrials,Mid-Cap,967087,NYQ
KLIC,"Kulicke and Soffa Industries, I",Technology,Mid-Cap,744558,NMS
SIG,Signet Jewelers Limited,Consumer Cyclical,Mid-Cap,970808,NYQ
CVLT,"Commvault Systems, Inc.",Technology,Mid-Cap,1079364,NMS
FG,"F&G Annuities & Life, Inc.",Financial Services,Mid-Cap,741637,NYQ
CLBT,Cellebrite DI Ltd.,Technology,Mid-Cap,1830559,NMS
BHF,"Brighthouse Financial, Inc.",Financial Services,Mid-Cap,759741,NMS
OSCR,"Oscar Health, Inc.",Healthcare,Mid-Cap,8055420,NYQ
GPCR,Structure Therapeutics Inc.,Healthcare,Mid-Cap,1071172,NGM
BFH,"Bread Financial Holdings, Inc.",Financial Services,Mid-Cap,847935,NYQ
LEU,Centrus Energy Corp.,Energy,Mid-Cap,1091559,NYQ
BBAR,Banco BBVA Argentina S.A.,Financial Services,Mid-Cap,756016,NYQ
TMDX,"TransMedics Group, Inc.",Healthcare,Mid-Cap,886177,NGM
BTE,Baytex Energy Corp,Energy,Mid-Cap,21635567,NYQ
RNST,Renasant Corporation,Financial Services,Mid-Cap,743638,NYQ
NTSK,"Netskope, Inc.",Technology,Mid-Cap,3695206,NMS
BOX,"Box, Inc.",Technology,Mid-Cap,2730243,NYQ
WK,Workiva Inc.,Technology,Mid-Cap,966312,NYQ
BKU,"BankUnited, Inc.",Financial Services,Mid-Cap,932987,NYQ
OLN,Olin Corporation,Basic Materials,Mid-Cap,3328869,NYQ
EWTX,"Edgewise Therapeutics, Inc.",Healthcare,Mid-Cap,975195,NMS
FIBK,"First Interstate BancSystem, In",Financial Services,Mid-Cap,1143330,NMS
CVI,CVR Energy Inc.,Energy,Mid-Cap,1486729,NYQ
KRC,Kilroy Realty Corporation,Real Estate,Mid-Cap,2162246,NYQ
CSTM,Constellium SE,Basic Materials,Mid-Cap,2210970,NYQ
FUL,H. B. Fuller Company,Basic Materials,Mid-Cap,583956,NYQ
NEA,Nuveen AMT-Free Quality Municip,Financial Services,Mid-Cap,900932,NYQ
PVH,PVH Corp.,Consumer Cyclical,Mid-Cap,1046856,NYQ
NIQ,NIQ Global Intelligence plc,N/A,Mid-Cap,1373764,NYQ
WPP,WPP plc,Communication Services,Mid-Cap,664091,NYQ
LEGN,Legend Biotech Corporation,Healthcare,Mid-Cap,2253912,NMS
CNK,Cinemark Holdings Inc Cinemark ,Communication Services,Mid-Cap,2531129,NYQ
FBP,First BanCorp. New,Financial Services,Mid-Cap,1436483,NYQ
AVNT,Avient Corporation,Basic Materials,Mid-Cap,875403,NYQ
GBDC,"Golub Capital BDC, Inc.",Financial Services,Mid-Cap,2700756,NMS
LQDA,Liquidia Corporation,Healthcare,Mid-Cap,1842550,NCM
HRI,Herc Holdings Inc.,Industrials,Mid-Cap,618840,NYQ
WSBC,"WesBanco, Inc.",Financial Services,Mid-Cap,526922,NMS
RELY,"Remitly Global, Inc.",Technology,Mid-Cap,3719995,NMS
USAR,"USA Rare Earth, Inc.",Basic Materials,Mid-Cap,19234516,NGM
CC,Chemours Company (The),Basic Materials,Mid-Cap,3596043,NYQ
AVA,Avista Corporation,Utilities,Mid-Cap,671462,NYQ
NAVN,"Navan, Inc.",Technology,Mid-Cap,2403329,NMS
KFY,Korn Ferry,Industrials,Mid-Cap,569993,NYQ
LIF,"Life360, Inc.",Technology,Mid-Cap,1383298,NMS
COLD,"Americold Realty Trust, Inc.",Real Estate,Mid-Cap,4914435,NYQ
WHD,"Cactus, Inc. Class A Common Sto",Energy,Mid-Cap,1069350,NYQ
CARG,"CarGurus, Inc.",Consumer Cyclical,Mid-Cap,1302670,NMS
BKD,Brookdale Senior Living Inc.,Healthcare,Mid-Cap,5122532,NYQ
GNW,Genworth Financial Inc,Financial Services,Mid-Cap,3761661,NYQ
KBH,KB Home,Consumer Cyclical,Mid-Cap,1208877,NYQ
BXMT,"Blackstone Mortgage Trust, Inc.",Real Estate,Mid-Cap,1489812,NYQ
DBC,Invesco DB Commodity Index Trac,N/A,Mid-Cap,1288777,PCX
NATL,NCR Atleos Corporation,Technology,Mid-Cap,954246,NYQ
CALX,"Calix, Inc",Technology,Mid-Cap,1126987,NYQ
HYMC,Hycroft Mining Holding Corporat,Basic Materials,Mid-Cap,4794945,NCM
DNN,Denison Mines Corp,Energy,Mid-Cap,48095087,ASE
MRX,Marex Group plc,Financial Services,Mid-Cap,818362,NMS
PAY,"Paymentus Holdings, Inc.",Technology,Mid-Cap,695069,NYQ
HGV,Hilton Grand Vacations Inc.,Consumer Cyclical,Mid-Cap,788867,NYQ
RNG,"Ringcentral, Inc.",Technology,Mid-Cap,2510596,NYQ
AAP,Advance Auto Parts Inc.,Consumer Cyclical,Mid-Cap,1883077,NYQ
LASR,"nLIGHT, Inc.",Technology,Mid-Cap,1722796,NMS
RUN,Sunrun Inc.,Technology,Mid-Cap,9733369,NMS
SUNC,SunocoCorp LLC,Energy,Mid-Cap,543838,NYQ
ZIM,ZIM Integrated Shipping Service,Industrials,Mid-Cap,3649438,NYQ
WSC,WillScot Holdings Corporation,Industrials,Mid-Cap,2017074,NCM
AXTI,AXT Inc,Technology,Mid-Cap,9487830,NMS
PLUG,"Plug Power, Inc.",Industrials,Mid-Cap,91895670,NCM
QLYS,"Qualys, Inc.",Technology,Mid-Cap,679638,NMS
KNTK,Kinetik Holdings Inc.,Energy,Mid-Cap,1381614,NYQ
LCID,"Lucid Group, Inc.",Consumer Cyclical,Mid-Cap,7043767,NMS
CLMT,"Calumet, Inc",Basic Materials,Mid-Cap,1508474,NMS
BKV,BKV Corporation,Energy,Mid-Cap,945358,NYQ
PI,"Impinj, Inc.",Technology,Mid-Cap,726953,NMS
MARA,"MARA Holdings, Inc.",Financial Services,Mid-Cap,47522167,NCM
IAC,IAC Inc.,Communication Services,Mid-Cap,1099424,NMS
PARR,"Par Pacific Holdings, Inc. Comm",Energy,Mid-Cap,1361209,NYQ
OPLN,"OPENLANE, Inc.",Consumer Cyclical,Mid-Cap,955238,NYQ
PII,Polaris Inc.,Consumer Cyclical,Mid-Cap,1016387,NYQ
ITGR,Integer Holdings Corporation,Healthcare,Mid-Cap,816145,NYQ
SEDG,"SolarEdge Technologies, Inc.",Technology,Mid-Cap,3370767,NMS
NOG,"Northern Oil and Gas, Inc.",Energy,Mid-Cap,2548687,NYQ
FSM,Fortuna Mining Corp.,Basic Materials,Mid-Cap,8360004,NYQ
SA,"Seabridge Gold, Inc.",Basic Materials,Mid-Cap,1229106,NYQ
DNLI,Denali Therapeutics Inc.,Healthcare,Mid-Cap,1812146,NMS
CPRX,"Catalyst Pharmaceuticals, Inc.",Healthcare,Mid-Cap,1232900,NCM
HNGE,"Hinge Health, Inc.",Healthcare,Mid-Cap,1248674,NYQ
FHB,"First Hawaiian, Inc.",Financial Services,Mid-Cap,1518690,NMS
DBRG,"DigitalBridge Group, Inc.",Financial Services,Mid-Cap,3884190,NYQ
KD,"Kyndryl Holdings, Inc.",Technology,Mid-Cap,5210388,NYQ
HSAI,Hesai Group,Consumer Cyclical,Mid-Cap,2210409,NMS
DYN,"Dyne Therapeutics, Inc.",Healthcare,Mid-Cap,2231279,NMS
TARS,"Tarsus Pharmaceuticals, Inc.",Healthcare,Mid-Cap,575690,NMS
TNGX,"Tango Therapeutics, Inc.",Healthcare,Mid-Cap,3439864,NGM
SUPN,"Supernus Pharmaceuticals, Inc.",Healthcare,Mid-Cap,738529,NGM
HG,"Hamilton Insurance Group, Ltd.",Financial Services,Mid-Cap,566720,NYQ
SBCF,Seacoast Banking Corporation of,Financial Services,Mid-Cap,761851,NMS
ARX,Accelerant Holdings,Financial Services,Mid-Cap,1174651,NYQ
CTRI,"Centuri Holdings, Inc.",Utilities,Mid-Cap,1402306,NYQ
LUNR,"Intuitive Machines, Inc.",Industrials,Mid-Cap,12102161,NGM
QTWO,"Q2 Holdings, Inc.",Technology,Mid-Cap,995741,NYQ
COLM,Columbia Sportswear Company,Consumer Cyclical,Mid-Cap,734198,NMS
DHT,"DHT Holdings, Inc.",Energy,Mid-Cap,4470525,NYQ
GPK,Graphic Packaging Holding Compa,Consumer Cyclical,Mid-Cap,7343733,NYQ
GBTG,"Global Business Travel Group, I",Consumer Cyclical,Mid-Cap,1597583,NYQ
IDYA,"IDEAYA Biosciences, Inc.",Healthcare,Mid-Cap,921908,NMS
ARQT,"Arcutis Biotherapeutics, Inc.",Healthcare,Mid-Cap,1428877,NMS
FFBC,First Financial Bancorp.,Financial Services,Mid-Cap,938259,NMS
TWST,Twist Bioscience Corporation,Healthcare,Mid-Cap,1326214,NMS
IRDM,Iridium Communications Inc,Communication Services,Mid-Cap,2266991,NMS
SOUN,"SoundHound AI, Inc.",Technology,Mid-Cap,26546283,NGM
HAYW,"Hayward Holdings, Inc.",Industrials,Mid-Cap,1974054,NYQ
FRPT,"Freshpet, Inc.",Consumer Defensive,Mid-Cap,1519895,NGM
VERA,"Vera Therapeutics, Inc.",Healthcare,Mid-Cap,1147227,NGM
ACLS,"Axcelis Technologies, Inc.",Technology,Mid-Cap,809400,NMS
FSK,FS KKR Capital Corp.,Financial Services,Mid-Cap,3907717,NYQ
TRMD,TORM plc,Energy,Mid-Cap,793208,NMS
POWI,"Power Integrations, Inc.",Technology,Mid-Cap,930824,NMS
SDRL,Seadrill Limited,Energy,Mid-Cap,923185,NYQ
CWK,Cushman & Wakefield Ltd.,Real Estate,Mid-Cap,2118250,NYQ
AEO,"American Eagle Outfitters, Inc.",Consumer Cyclical,Mid-Cap,5886401,NYQ
YSS,York Space Systems Inc.,Industrials,Mid-Cap,1948604,NYQ
UCTT,"Ultra Clean Holdings, Inc.",Technology,Mid-Cap,1451100,NMS
SFNC,Simmons First National Corporat,Financial Services,Mid-Cap,1255158,NMS
SLG,SL Green Realty Corp,Real Estate,Mid-Cap,1385608,NYQ
PAGS,PagSeguro Digital Ltd.,Technology,Mid-Cap,4137816,NYQ
JPC,Nuveen Preferred & Income Oppor,Financial Services,Mid-Cap,1192374,NYQ
RLX,RLX Technology Inc.,Consumer Defensive,Mid-Cap,2598785,NYQ
UE,Urban Edge Properties,Real Estate,Mid-Cap,1002417,NYQ
ZGN,Ermenegildo Zegna N.V.,Consumer Cyclical,Mid-Cap,768396,NYQ
ALMS,Alumis Inc.,Healthcare,Mid-Cap,3105954,NMS
MPT,"Medical Properties Trust, Inc.",Real Estate,Mid-Cap,6756927,NYQ
EEFT,"Euronet Worldwide, Inc.",Technology,Mid-Cap,688312,NMS
LION,Lionsgate Studios Corp,N/A,Mid-Cap,2412227,NYQ
ERO,Ero Copper Corp.,Basic Materials,Mid-Cap,1774906,NYQ
WU,Western Union Company (The),Financial Services,Mid-Cap,8794727,NYQ
WRD,WERIDE INC.,Technology,Mid-Cap,4830064,NGM
YETI,"YETI Holdings, Inc.",Consumer Cyclical,Mid-Cap,1490277,NYQ
PFS,"Provident Financial Services, I",Financial Services,Mid-Cap,952909,NYQ
IHS,IHS Holding Limited,Real Estate,Mid-Cap,2051467,NYQ
EXK,Endeavour Silver Corporation,Basic Materials,Mid-Cap,13675666,NYQ
KMT,Kennametal Inc.,Industrials,Mid-Cap,1549308,NYQ
CON,Concentra Group Holdings Parent,Healthcare,Mid-Cap,943290,NYQ
UNFI,"United Natural Foods, Inc.",Consumer Defensive,Mid-Cap,804667,NYQ
TVTX,"Travere Therapeutics, Inc.",Healthcare,Mid-Cap,1943900,NGM
LXP,LXP Industrial Trust,Real Estate,Mid-Cap,605688,NYQ
COCO,"The Vita Coco Company, Inc.",Consumer Defensive,Mid-Cap,1186641,NMS
SYNA,Synaptics Incorporated,Technology,Mid-Cap,787798,NMS
CAKE,The Cheesecake Factory Incorpor,Consumer Cyclical,Mid-Cap,1382188,NMS
CURB,Curbline Properties Corp.,Real Estate,Mid-Cap,840217,NYQ
APLE,"Apple Hospitality REIT, Inc.",Real Estate,Mid-Cap,2608914,NYQ
BANC,"Banc of California, Inc.",Financial Services,Mid-Cap,2964796,NYQ
AKR,Acadia Realty Trust,Real Estate,Mid-Cap,1297267,NYQ
HTGC,"Hercules Capital, Inc.",Financial Services,Mid-Cap,2697719,NYQ
TXG,"10x Genomics, Inc.",Healthcare,Mid-Cap,2596346,NMS
RCUS,"Arcus Biosciences, Inc.",Healthcare,Mid-Cap,1259866,NYQ
DK,"Delek US Holdings, Inc.",Energy,Mid-Cap,1611751,NYQ
NAD,Nuveen Quality Municipal Income,Financial Services,Mid-Cap,773212,NYQ
TALO,"Talos Energy, Inc.",Energy,Mid-Cap,2450006,NYQ
BRZE,"Braze, Inc.",Technology,Mid-Cap,3254959,NMS
ADEA,Adeia Inc.,Technology,Mid-Cap,921400,NMS
EXG,Eaton Vance Tax-Managed Global ,Financial Services,Mid-Cap,560204,NYQ
HAE,Haemonetics Corporation,Healthcare,Mid-Cap,875112,NYQ
NVG,Nuveen AMT-Free Municipal Credi,Financial Services,Mid-Cap,702945,NYQ
CVBF,CVB Financial Corporation,Financial Services,Mid-Cap,1399987,NMS
RH,RH,Consumer Cyclical,Mid-Cap,1259854,NYQ
HPP,"Hudson Pacific Properties, Inc.",Real Estate,Mid-Cap,1399090,NYQ
MH,"McGraw Hill, Inc.",Consumer Defensive,Mid-Cap,608851,NYQ
SBLK,Star Bulk Carriers Corp.,Industrials,Mid-Cap,1654167,NMS
FCPT,"Four Corners Property Trust, In",Real Estate,Mid-Cap,832801,NYQ
RHI,Robert Half Inc.,Industrials,Mid-Cap,3383166,NYQ
TRN,"Trinity Industries, Inc.",Industrials,Mid-Cap,811666,NYQ
WRBY,Warby Parker Inc.,Healthcare,Mid-Cap,3269203,NYQ
DX,"Dynex Capital, Inc.",Real Estate,Mid-Cap,6738253,NYQ
APAM,Artisan Partners Asset Manageme,Financial Services,Mid-Cap,683146,NYQ
ACMR,"ACM Research, Inc.",Technology,Mid-Cap,1453014,NGM
DJT,Trump Media & Technology Group ,Communication Services,Mid-Cap,4138443,NGM
HE,"Hawaiian Electric Industries, I",Utilities,Mid-Cap,2949129,NYQ
VCYT,"Veracyte, Inc.",Healthcare,Mid-Cap,928769,NGM
PTY,Pimco Corporate & Income Opport,Financial Services,Mid-Cap,1299020,NYQ
CALY,Callaway Golf Company,Consumer Cyclical,Mid-Cap,3053911,NYQ
EFXT,Enerflex Ltd,Energy,Mid-Cap,607920,NYQ
PRVA,"Privia Health Group, Inc.",Healthcare,Mid-Cap,828620,NMS
ASH,Ashland Inc.,Basic Materials,Mid-Cap,687225,NYQ
TMC,TMC the metals company Inc.,Basic Materials,Mid-Cap,8005929,NMS
TNK,Teekay Tankers Ltd.,Energy,Mid-Cap,530043,NYQ
VRNS,"Varonis Systems, Inc.",Technology,Mid-Cap,3134311,NMS
FLNC,"Fluence Energy, Inc.",Utilities,Mid-Cap,5349343,NMS
SPNT,SiriusPoint Ltd.,Financial Services,Mid-Cap,645708,NYQ
UAA,"Under Armour, Inc.",Consumer Cyclical,Mid-Cap,11544624,NYQ
UPST,"Upstart Holdings, Inc.",Financial Services,Mid-Cap,5132248,NMS
BULL,Webull Corporation,Technology,Mid-Cap,11028011,NCM
BBT,Beacon Financial Corporation,Financial Services,Mid-Cap,835872,NYQ
ETOR,eToro Group Ltd.,Financial Services,Mid-Cap,1370441,NMS
VC,Visteon Corporation,Consumer Cyclical,Mid-Cap,593814,NMS
IMNM,"Immunome, Inc.",Healthcare,Mid-Cap,1574961,NCM
SHOO,"Steven Madden, Ltd.",Consumer Cyclical,Mid-Cap,1514153,NMS
PTRN,Pattern Group Inc. - Series A,Technology,Mid-Cap,1072783,NMS
FIGS,"FIGS, Inc.",Consumer Cyclical,Mid-Cap,3398754,NYQ
VSH,"Vishay Intertechnology, Inc.",Technology,Mid-Cap,2271803,NYQ
IRON,"Disc Medicine, Inc.",Healthcare,Mid-Cap,706558,NGM
LFST,"LifeStance Health Group, Inc.",Healthcare,Mid-Cap,2207938,NMS
SOC,Sable Offshore Corp.,Energy,Mid-Cap,6951798,NYQ
ORKA,"Oruka Therapeutics, Inc.",Healthcare,Mid-Cap,563988,NGM
BEAM,Beam Therapeutics Inc.,Healthcare,Mid-Cap,2009774,NMS
TDC,Teradata Corporation,Technology,Mid-Cap,1972398,NYQ
AMBP,Ardagh Metal Packaging S.A.,Consumer Cyclical,Mid-Cap,1513917,NYQ
SMA,"SmartStop Self Storage REIT, In",Real Estate,Mid-Cap,963488,NYQ
HNI,HNI Corporation,Consumer Cyclical,Mid-Cap,722904,NYQ
HIW,"Highwoods Properties, Inc.",Real Estate,Mid-Cap,1445750,NYQ
RXO,"RXO, Inc.",Industrials,Mid-Cap,2358003,NYQ
WAFD,"WaFd, Inc.",Financial Services,Mid-Cap,661685,NMS
BCRX,"BioCryst Pharmaceuticals, Inc.",Healthcare,Mid-Cap,5552403,NMS
PRDO,Perdoceo Education Corporation,Consumer Defensive,Mid-Cap,602629,NMS
HOG,"Harley-Davidson, Inc.",Consumer Cyclical,Mid-Cap,3643401,NYQ
ATRO,Astronics Corporation,Industrials,Mid-Cap,742711,NMS
PLAB,"Photronics, Inc.",Technology,Mid-Cap,1140969,NMS
SVM,Silvercorp Metals Inc.,Basic Materials,Mid-Cap,6374583,ASE
TBBK,"The Bancorp, Inc.",Financial Services,Mid-Cap,639408,NMS
NZF,Nuveen Municipal Credit Income ,Financial Services,Mid-Cap,642091,NYQ
TGB,"Taseko Mines, Ltd.",Basic Materials,Mid-Cap,7317180,ASE
BRSL,Brightstar Lottery PLC Trading ,Consumer Cyclical,Mid-Cap,1523269,NYQ
ELVN,"Enliven Therapeutics, Inc.",Healthcare,Mid-Cap,1312630,NMS
OSW,OneSpaWorld Holdings Limited,Consumer Cyclical,Mid-Cap,1234822,NCM
KYIV,Kyivstar Group Ltd.,Communication Services,Mid-Cap,901319,NMS
GOF,Guggenheim Strategic Opportunit,Financial Services,Mid-Cap,1515622,NYQ
CXT,"Crane NXT, Co.",Industrials,Mid-Cap,731369,NYQ
KOD,Kodiak Sciences Inc,Healthcare,Mid-Cap,1068400,NGM
AMPX,"Amprius Technologies, Inc.",Industrials,Mid-Cap,8987546,NYQ
XRAY,DENTSPLY SIRONA Inc.,Healthcare,Mid-Cap,4798903,NMS
HUN,Huntsman Corporation,Basic Materials,Mid-Cap,6790845,NYQ
MLCO,Melco Resorts & Entertainment L,Consumer Cyclical,Mid-Cap,2356812,NMS
DAVE,Dave Inc.,Technology,Mid-Cap,577748,NGM
NTCT,"NetScout Systems, Inc.",Technology,Mid-Cap,576491,NMS
MCW,"Mister Car Wash, Inc.",Consumer Cyclical,Mid-Cap,2743600,NMS
SRPT,"Sarepta Therapeutics, Inc.",Healthcare,Mid-Cap,3029466,NMS
FRSH,Freshworks Inc.,Technology,Mid-Cap,6000912,NMS
VRRM,Verra Mobility Corporation,Technology,Mid-Cap,1689724,NCM
GEO,Geo Group Inc (The) REIT,Industrials,Mid-Cap,2486480,NYQ
VNET,"VNET Group, Inc.",Technology,Mid-Cap,6840917,NMS
ABM,ABM Industries Incorporated,Industrials,Mid-Cap,646235,NYQ
AMBA,"Ambarella, Inc.",Technology,Mid-Cap,947682,NMS
UNIT,Uniti Group Inc.,Real Estate,Mid-Cap,2211854,NMS
GRND,Grindr Inc.,Technology,Mid-Cap,1536143,NYQ
SLDE,"Slide Insurance Holdings, Inc.",Financial Services,Mid-Cap,1711882,NMS
VAC,Marriott Vacations Worldwide Co,Consumer Cyclical,Mid-Cap,623362,NYQ
MLYS,"Mineralys Therapeutics, Inc.",Healthcare,Mid-Cap,1263953,NMS
STUB,"StubHub Holdings, Inc.",Communication Services,Mid-Cap,4173443,NYQ
XXI,"Twenty One Capital, Inc.",Financial Services,Mid-Cap,1517412,NYQ
DNOW,DNOW Inc.,Industrials,Mid-Cap,3274450,NYQ
DAWN,"Day One Biopharmaceuticals, Inc",Healthcare,Mid-Cap,4375375,NMS
HUBG,"Hub Group, Inc.",Industrials,Mid-Cap,932190,NMS
BL,"BlackLine, Inc.",Technology,Mid-Cap,1286374,NMS
KN,Knowles Corporation,Technology,Mid-Cap,669020,NYQ
DXC,DXC Technology Company,Technology,Mid-Cap,2476806,NYQ
BUSE,First Busey Corporation,Financial Services,Mid-Cap,651174,NMS
CLSK,"CleanSpark, Inc.",Financial Services,Mid-Cap,25472053,NCM
FLOC,Flowco Holdings Inc.,Energy,Mid-Cap,500653,NYQ
NN,NextNav Inc.,Technology,Mid-Cap,1368482,NCM
ADMA,ADMA Biologics Inc,Healthcare,Mid-Cap,4937759,NGM
NESR,National Energy Services Reunit,Energy,Mid-Cap,1916882,NCM
SEZL,Sezzle Inc.,Financial Services,Mid-Cap,765009,NCM
CLM,Cornerstone Strategic Value Fd,Financial Services,Mid-Cap,2572646,ASE
ACHC,"Acadia Healthcare Company, Inc.",Healthcare,Mid-Cap,3741598,NMS
WB,Weibo Corporation,Communication Services,Mid-Cap,1098748,NMS
FMC,FMC Corporation,Basic Materials,Mid-Cap,4343366,NYQ
AGRO,Adecoagro S.A.,Consumer Defensive,Mid-Cap,1238690,NYQ
VVX,"V2X, Inc.",Industrials,Mid-Cap,511220,NYQ
BTDR,Bitdeer Technologies Group,Technology,Mid-Cap,8052024,NCM
ZLAB,Zai Lab Limited,Healthcare,Mid-Cap,748293,NGM
BWIN,"The Baldwin Insurance Group, In",Financial Services,Mid-Cap,1753098,NMS
INFQ,"Infleqtion, Inc.",Technology,Mid-Cap,3172800,NYQ
PK,Park Hotels & Resorts Inc.,Real Estate,Mid-Cap,3979840,NYQ
GRAL,"GRAIL, Inc.",Healthcare,Mid-Cap,1284198,NMS
XMTR,"Xometry, Inc.",Industrials,Mid-Cap,1047222,NMS
CECO,CECO Environmental Corp.,Industrials,Mid-Cap,548596,NMS
CLDX,"Celldex Therapeutics, Inc.",Healthcare,Mid-Cap,941948,NCM
WTTR,"Select Water Solutions, Inc.",Energy,Mid-Cap,1471609,NYQ
ADPT,Adaptive Biotechnologies Corpor,Healthcare,Mid-Cap,2079891,NMS
INTA,"Intapp, Inc.",Technology,Mid-Cap,1297374,NMS
VET,Vermilion Energy Inc.,Energy,Mid-Cap,2414069,NYQ
CPRI,Capri Holdings Limited,Consumer Cyclical,Mid-Cap,3199903,NYQ
SPSC,"SPS Commerce, Inc.",Technology,Mid-Cap,787970,NMS
HTFL,"Heartflow, Inc.",Healthcare,Mid-Cap,1545308,NMS
DRVN,Driven Brands Holdings Inc.,Consumer Cyclical,Mid-Cap,1801940,NMS
NTST,NetSTREIT Corp.,Real Estate,Mid-Cap,1486953,NYQ
NKTR,Nektar Therapeutics,Healthcare,Mid-Cap,1115690,NCM
TYRA,"Tyra Biosciences, Inc.",Healthcare,Mid-Cap,962985,NMS
WT,"WisdomTree, Inc.",Financial Services,Mid-Cap,3955658,NYQ
ATHM,Autohome Inc.,Communication Services,Mid-Cap,742769,NYQ
SNDX,"Syndax Pharmaceuticals, Inc.",Healthcare,Mid-Cap,1400377,NMS
RARE,Ultragenyx Pharmaceutical Inc.,Healthcare,Mid-Cap,2433683,NMS
EYE,"National Vision Holdings, Inc.",Consumer Cyclical,Small-Cap,1320538,NMS
GNL,"Global Net Lease, Inc.",Real Estate,Mid-Cap,2062383,NYQ
IMAX,Imax Corporation,Communication Services,Mid-Cap,1108125,NYQ
FA,First Advantage Corporation,Industrials,Small-Cap,1169519,NMS
AVPT,"AvePoint, Inc.",Technology,Mid-Cap,1986191,NMS
ARR,"ARMOUR Residential REIT, Inc.",Real Estate,Mid-Cap,3643837,NYQ
VECO,Veeco Instruments Inc.,Technology,Mid-Cap,974025,NMS
GLOB,Globant S.A.,Technology,Mid-Cap,1443648,NYQ
NEXT,NextDecade Corporation,Energy,Mid-Cap,4309945,NCM
EXTR,"Extreme Networks, Inc.",Technology,Mid-Cap,1658359,NMS
NVTS,Navitas Semiconductor Corporati,Technology,Mid-Cap,23234120,NGM
NEOG,Neogen Corporation,Healthcare,Mid-Cap,3369398,NMS
SEM,Select Medical Holdings Corpora,Healthcare,Mid-Cap,1875764,NYQ
TENB,"Tenable Holdings, Inc.",Technology,Mid-Cap,2782882,NMS
GSG,iShares GSCI Commodity-Indexed ,N/A,Mid-Cap,1284551,PCX
PAX,Patria Investments Limited,Financial Services,Mid-Cap,1013161,NMS
PENN,"PENN Entertainment, Inc.",Consumer Cyclical,Small-Cap,4503811,NMS
BHC,Bausch Health Companies Inc.,Healthcare,Small-Cap,2176262,NYQ
ECO,Okeanis Eco Tankers Corp.,Industrials,Mid-Cap,523346,NYQ
VRDN,"Viridian Therapeutics, Inc.",Healthcare,Small-Cap,1740332,NCM
AGIO,"Agios Pharmaceuticals, Inc.",Healthcare,Mid-Cap,931309,NMS
UTI,Universal Technical Institute I,Consumer Defensive,Mid-Cap,754685,NYQ
XPRO,Expro Group Holdings N.V.,Energy,Small-Cap,1186687,NYQ
CXW,"CoreCivic, Inc.",Industrials,Mid-Cap,1187637,NYQ
AUPH,Aurinia Pharmaceuticals Inc,Healthcare,Mid-Cap,1072366,NGM
BW,"Babcock & Wilcox Enterprises, I",Industrials,Mid-Cap,4151269,NYQ
WLY,"John Wiley & Sons, Inc.",Communication Services,Mid-Cap,548188,NYQ
SKWD,Skyward Specialty Insurance Gro,Financial Services,Small-Cap,525740,NMS
VRE,"Veris Residential, Inc.",Real Estate,Small-Cap,1555761,NYQ
DRH,Diamondrock Hospitality Company,Real Estate,Small-Cap,2627212,NMS
STOK,"Stoke Therapeutics, Inc.",Healthcare,Small-Cap,805601,NMS
BRBR,"BellRing Brands, Inc.",Consumer Defensive,Small-Cap,4129909,NYQ
BB,BlackBerry Limited,Technology,Mid-Cap,7470385,NYQ
DEI,"Douglas Emmett, Inc.",Real Estate,Small-Cap,2797643,NYQ
GTY,Getty Realty Corporation,Real Estate,Small-Cap,560824,NYQ
VERX,"Vertex, Inc.",Technology,Small-Cap,2186624,NGM
GT,The Goodyear Tire & Rubber Comp,Consumer Cyclical,Small-Cap,7628733,NMS
DFTX,"Definium Therapeutics, Inc.",Healthcare,Mid-Cap,1851153,NMS
WGS,GeneDx Holdings Corp.,Healthcare,Small-Cap,772085,NMS
NUV,"Nuveen Municipal Value Fund, In",Financial Services,Small-Cap,506609,NYQ
ZYME,Zymeworks Inc.,Healthcare,Small-Cap,767270,NMS
IE,Ivanhoe Electric Inc.,Basic Materials,Small-Cap,2142361,ASE
STEL,"Stellar Bancorp, Inc.",Financial Services,Small-Cap,549208,NYQ
NWBI,"Northwest Bancshares, Inc.",Financial Services,Small-Cap,1306519,NMS
OCUL,"Ocular Therapeutix, Inc.",Healthcare,Small-Cap,6292180,NGM
PDO,N/A,Financial Services,Small-Cap,777156,NYQ
BLKB,"Blackbaud, Inc.",Technology,Small-Cap,519874,NMS
GCMG,GCM Grosvenor Inc.,Financial Services,Small-Cap,686574,NGM
GTM,ZoomInfo Technologies Inc.,Technology,Small-Cap,9454019,NMS
PTON,"Peloton Interactive, Inc.",Consumer Cyclical,Small-Cap,14033819,NMS
FUN,Six Flags Entertainment Corpora,Consumer Cyclical,Small-Cap,2235943,NYQ
NAC,Nuveen California Quality Munic,Financial Services,Small-Cap,556009,NYQ
SEMR,"SEMrush Holdings, Inc.",Technology,Small-Cap,2007290,NYQ
KMPR,Kemper Corporation,Financial Services,Small-Cap,1041162,NYQ
SLNO,"Soleno Therapeutics, Inc.",Healthcare,Mid-Cap,1686085,NCM
FCF,First,Financial Services,Small-Cap,903829,NYQ
MQ,"Marqeta, Inc.",Technology,Small-Cap,3856929,NMS
APPN,Appian Corporation,Technology,Small-Cap,1020567,NGM
PRKS,United Parks & Resorts Inc.,Consumer Cyclical,Small-Cap,1169451,NYQ
LU,Lufax Holding Ltd,Financial Services,Small-Cap,1548688,NYQ
RLAY,"Relay Therapeutics, Inc.",Healthcare,Mid-Cap,2544361,NGM
PBI,Pitney Bowes Inc.,Industrials,Small-Cap,2527641,NYQ
BORR,Borr Drilling Limited,Energy,Small-Cap,7267983,NYQ
MD,"Pediatrix Medical Group, Inc.",Healthcare,Small-Cap,821156,NYQ
COTY,Coty Inc.,Consumer Defensive,Small-Cap,8518140,NYQ
NBHC,National Bank Holdings Corporat,Financial Services,Small-Cap,584190,NYQ
WERN,"Werner Enterprises, Inc.",Industrials,Small-Cap,1219896,NMS
PUMP,ProPetro Holding Corp.,Energy,Small-Cap,3132016,NYQ
TNET,"TriNet Group, Inc.",Industrials,Small-Cap,559582,NYQ
CAPR,"Capricor Therapeutics, Inc.",Healthcare,Small-Cap,1389503,NMS
GAB,"Gabelli Equity Trust, Inc. (The",Financial Services,Small-Cap,1060611,NYQ
ARCO,Arcos Dorados Holdings Inc.,Consumer Cyclical,Small-Cap,1416187,NYQ
TSLX,"Sixth Street Specialty Lending,",Financial Services,Small-Cap,1033938,NYQ
INVA,"Innoviva, Inc.",Healthcare,Small-Cap,775570,NMS
CHA,Chagee Holdings Limited,Consumer Cyclical,Small-Cap,628766,NMS
NCNO,"nCino, Inc.",Technology,Small-Cap,2496977,NMS
RUM,Rumble Inc.,Communication Services,Small-Cap,1996200,NGM
AXGN,"AxoGen, Inc.",Healthcare,Small-Cap,983567,NCM
FLO,"Flowers Foods, Inc.",Consumer Defensive,Small-Cap,5161148,NYQ
PAYO,Payoneer Global Inc.,Technology,Small-Cap,4465770,NGM
MGNI,"Magnite, Inc.",Communication Services,Small-Cap,2349296,NMS
SHO,"Sunstone Hotel Investors, Inc. ",Real Estate,Small-Cap,1983396,NYQ
QFIN,"Qfin Holdings, Inc.",Financial Services,Small-Cap,1606154,NMS
RAMP,"LiveRamp Holdings, Inc.",Technology,Small-Cap,791341,NYQ
EOSE,"Eos Energy Enterprises, Inc.",Industrials,Small-Cap,23129182,NCM
BBAI,"BigBear.ai, Inc.",Technology,Small-Cap,55093827,NYQ
GCT,GigaCloud Technology Inc,Technology,Small-Cap,621938,NGM
USAS,Americas Gold and Silver Corpor,Basic Materials,Small-Cap,7621496,ASE
ALKT,"Alkami Technology, Inc.",Technology,Small-Cap,2030977,NMS
USA,Liberty All-Star Equity Fund,Financial Services,Small-Cap,1152124,NYQ
INVX,"Innovex International, Inc.",Energy,Small-Cap,584143,NYQ
RNW,ReNew Energy Global plc,Utilities,Small-Cap,816838,NMS
PWP,Perella Weinberg Partners,Financial Services,Small-Cap,962380,NMS
ESTA,Establishment Labs Holdings Inc,Healthcare,Small-Cap,522274,NCM
THR,"Thermon Group Holdings, Inc.",Industrials,Small-Cap,540840,NYQ
CNXC,Concentrix Corporation,Technology,Small-Cap,1537148,NMS
ATEN,"A10 Networks, Inc.",Technology,Small-Cap,917838,NYQ
ASGN,ASGN Incorporated,Technology,Small-Cap,798180,NYQ
LC,LendingClub Corporation,Financial Services,Small-Cap,2132727,NYQ
SID,Companhia Siderurgica Nacional ,Basic Materials,Small-Cap,5873585,NYQ
KOS,Kosmos Energy Ltd.,Energy,Small-Cap,26838720,NYQ
ATEC,"Alphatec Holdings, Inc.",Healthcare,Small-Cap,3099880,NMS
HLMN,Hillman Solutions Corp.,Industrials,Small-Cap,1640703,NGM
ABR,Arbor Realty Trust,Real Estate,Small-Cap,4165674,NYQ
VCEL,Vericel Corporation,Healthcare,Small-Cap,604748,NGM
JBLU,JetBlue Airways Corporation,Industrials,Small-Cap,23996696,NMS
RDW,Redwire Corporation,Industrials,Small-Cap,24259493,NYQ
AESI,Atlas Energy Solutions Inc.,Energy,Small-Cap,2677467,NYQ
RXRX,"Recursion Pharmaceuticals, Inc.",Healthcare,Small-Cap,18674366,NMS
CLVT,Clarivate Plc,Technology,Small-Cap,7368903,NYQ
HRMY,"Harmony Biosciences Holdings, I",Healthcare,Small-Cap,878411,NGM
AHCO,AdaptHealth Corp.,Healthcare,Small-Cap,1309817,NCM
RQI,Cohen & Steers Quality Income R,Financial Services,Small-Cap,519951,NYQ
SONO,"Sonos, Inc.",Technology,Small-Cap,1738969,NMS
AMSC,American Superconductor Corpora,Industrials,Small-Cap,1079630,NMS
RVLV,"Revolve Group, Inc.",Consumer Cyclical,Small-Cap,1073811,NYQ
ICHR,Ichor Holdings,Technology,Small-Cap,997201,NMS
OI,"O-I Glass, Inc.",Consumer Cyclical,Small-Cap,2192522,NYQ
FLNG,FLEX LNG Ltd.,Energy,Small-Cap,591524,NYQ
DHC,Diversified Healthcare Trust,Real Estate,Small-Cap,2093408,NMS
ADNT,Adient plc,Consumer Cyclical,Small-Cap,1104198,NYQ
NRIX,"Nurix Therapeutics, Inc.",Healthcare,Small-Cap,1152204,NGM
ANAB,"AnaptysBio, Inc.",Healthcare,Small-Cap,557462,NMS
NVRI,Enviri Corporation,Industrials,Small-Cap,1432198,NYQ
STGW,Stagwell Inc.,Communication Services,Small-Cap,1991420,NMS
GENB,"Generate Biomedicines, Inc.",Healthcare,Small-Cap,841404,NMS
ZD,"Ziff Davis, Inc.",Communication Services,Small-Cap,1067674,NMS
RCAT,"Red Cat Holdings, Inc.",Industrials,Small-Cap,16672306,NCM
KRP,Kimbell Royalty Partners,Energy,Small-Cap,742529,NYQ
RES,"RPC, Inc.",Energy,Small-Cap,2540712,NYQ
EZPW,"EZCORP, Inc.",Financial Services,Small-Cap,937396,NMS
TV,Grupo Televisa S.A.B.,Communication Services,Small-Cap,1268982,NYQ
OGN,Organon & Co.,Healthcare,Small-Cap,4952629,NYQ
TROX,Tronox Holdings plc,Basic Materials,Small-Cap,4082983,NYQ
ESRT,"Empire State Realty Trust, Inc.",Real Estate,Small-Cap,1668677,NYQ
SGRY,"Surgery Partners, Inc.",Healthcare,Small-Cap,1679690,NMS
QUBT,Quantum Computing Inc.,Technology,Small-Cap,13383127,NCM
DV,"DoubleVerify Holdings, Inc.",Communication Services,Small-Cap,2839687,NYQ
TRVI,"Trevi Therapeutics, Inc.",Healthcare,Small-Cap,1390301,NGM
AMLX,"Amylyx Pharmaceuticals, Inc.",Healthcare,Small-Cap,1260362,NMS
ARLO,"Arlo Technologies, Inc.",Industrials,Small-Cap,1436708,NYQ
HLF,Herbalife Ltd.,Consumer Defensive,Small-Cap,1639685,NYQ
YELP,Yelp Inc.,Communication Services,Small-Cap,1444185,NYQ
MXL,"MaxLinear, Inc",Technology,Small-Cap,1142900,NMS
OMCL,"Omnicell, Inc.",Healthcare,Small-Cap,656359,NMS
BOBS,"Bob's Discount Furniture, Inc.",Consumer Cyclical,Small-Cap,1669550,NYQ
NTLA,"Intellia Therapeutics, Inc.",Healthcare,Small-Cap,4846606,NGM
ASAN,"Asana, Inc.",Technology,Small-Cap,5514425,NYQ
ALGT,Allegiant Travel Company,Industrials,Small-Cap,545212,NMS
KW,Kennedy-Wilson Holdings Inc.,Real Estate,Small-Cap,1387019,NYQ
TUYA,Tuya Inc.,Technology,Small-Cap,1807980,NYQ
CXM,"Sprinklr, Inc.",Technology,Small-Cap,2730496,NYQ
XHR,"Xenia Hotels & Resorts, Inc.",Real Estate,Small-Cap,723779,NYQ
NUVB,Nuvation Bio Inc.,Healthcare,Small-Cap,5320670,NYQ
CTOS,"Custom Truck One Source, Inc.",Industrials,Small-Cap,887575,NYQ
INSP,"Inspire Medical Systems, Inc.",Healthcare,Small-Cap,1260906,NYQ
BCAT,N/A,Financial Services,Small-Cap,774693,NYQ
PRGO,Perrigo Company plc,Healthcare,Small-Cap,3251775,NYQ
CBZ,"CBIZ, Inc.",Industrials,Small-Cap,1273312,NYQ
EFC,Ellington Financial Inc.,Real Estate,Small-Cap,2187054,NYQ
ARI,Apollo Commercial Real Estate F,Real Estate,Small-Cap,1408072,NYQ
MAZE,"Maze Therapeutics, Inc.",Healthcare,Small-Cap,713937,NGM
ARDX,"Ardelyx, Inc.",Healthcare,Small-Cap,4700383,NGM
ECVT,Ecovyst Inc.,Basic Materials,Small-Cap,1826446,NYQ
LPG,Dorian LPG Ltd.,Energy,Small-Cap,576670,NYQ
NWL,Newell Brands Inc.,Consumer Defensive,Small-Cap,5860879,NMS
HLX,"Helix Energy Solutions Group, I",Energy,Small-Cap,2108395,NYQ
BAK,Braskem SA,Basic Materials,Small-Cap,2458822,NYQ
TIC,"TIC Solutions, Inc.",Industrials,Small-Cap,2768104,NYQ
TILE,"Interface, Inc.",Consumer Cyclical,Small-Cap,512488,NMS
KSS,Kohl's Corporation,Consumer Cyclical,Small-Cap,4574304,NYQ
IOVA,"Iovance Biotherapeutics, Inc.",Healthcare,Small-Cap,14923440,NGM
HTZ,"Hertz Global Holdings, Inc",Industrials,Small-Cap,6174887,NMS
PEB,Pebblebrook Hotel Trust,Real Estate,Small-Cap,2314695,NYQ
COHU,"Cohu, Inc.",Technology,Small-Cap,807583,NMS
SFL,SFL Corporation Ltd,Industrials,Small-Cap,1643290,NYQ
HOPE,"Hope Bancorp, Inc.",Financial Services,Small-Cap,959475,NMS
UPWK,Upwork Inc.,Communication Services,Small-Cap,3685106,NMS
VIR,"Vir Biotechnology, Inc.",Healthcare,Small-Cap,3551966,NMS
DQ,DAQO New Energy Corp.,Technology,Small-Cap,722712,NYQ
FLYW,Flywire Corporation - Voting,Technology,Small-Cap,1650991,NMS
ORIC,"Oric Pharmaceuticals, Inc.",Healthcare,Small-Cap,1992220,NMS
MBX,"MBX Biosciences, Inc.",Healthcare,Small-Cap,631925,NMS
ATRC,"AtriCure, Inc.",Healthcare,Small-Cap,667912,NGM
PRCT,PROCEPT BioRobotics Corporation,Healthcare,Small-Cap,1609467,NGM
NOMD,Nomad Foods Limited,Consumer Defensive,Small-Cap,1886616,NYQ
AVAH,Aveanna Healthcare Holdings Inc,Healthcare,Small-Cap,1211925,NMS
NSSC,"NAPCO Security Technologies, In",Industrials,Small-Cap,648504,NMS
PSIX,"Power Solutions International, ",Industrials,Small-Cap,574422,NCM
DCH,Dauch Corporation,Consumer Cyclical,Small-Cap,7075708,NYQ
NEXA,Nexa Resources S.A.,Basic Materials,Small-Cap,749459,NYQ
WLTH,Wealthfront Corporation,Technology,Small-Cap,1717417,NMS
PGNY,"Progyny, Inc.",Healthcare,Small-Cap,1559204,NMS
HYT,Blackrock Corporate High Yield ,Financial Services,Small-Cap,1185382,NYQ
VOYG,"Voyager Technologies, Inc.",Industrials,Small-Cap,1605396,NYQ
SGML,Sigma Lithium Corporation,Basic Materials,Small-Cap,4458572,NCM
ORC,"Orchid Island Capital, Inc.",Real Estate,Small-Cap,7086120,NYQ
LAC,Lithium Americas Corp.,Basic Materials,Small-Cap,12450412,NYQ
HIMX,"Himax Technologies, Inc.",Technology,Small-Cap,2396490,NMS
MAN,ManpowerGroup,Industrials,Small-Cap,1344308,NYQ
PGEN,"Precigen, Inc.",Healthcare,Small-Cap,4777708,NMS
WVE,Wave Life Sciences Ltd.,Healthcare,Small-Cap,4531298,NGM
OLPX,"Olaplex Holdings, Inc.",Consumer Cyclical,Small-Cap,3968558,NMS
SMPL,The Simply Good Foods Company,Consumer Defensive,Small-Cap,2205100,NCM
SBH,"Sally Beauty Holdings, Inc. (Na",Consumer Cyclical,Small-Cap,1699961,NYQ
ASTH,Astrana Health Inc.,Healthcare,Small-Cap,530791,NCM
DOLE,Dole plc,Consumer Defensive,Small-Cap,730201,NYQ
AMRC,"Ameresco, Inc.",Industrials,Small-Cap,534582,NYQ
ECAT,N/A,Financial Services,Small-Cap,567006,NYQ
LEG,"Leggett & Platt, Incorporated",Consumer Cyclical,Small-Cap,1575688,NYQ
WWW,"Wolverine World Wide, Inc.",Consumer Cyclical,Small-Cap,1418841,NYQ
MLTX,MoonLake Immunotherapeutics,Healthcare,Small-Cap,2007224,NCM
SKYT,"SkyWater Technology, Inc.",Technology,Small-Cap,2010277,NCM
CSWC,Capital Southwest Corporation,Financial Services,Small-Cap,653329,NMS
NVAX,"Novavax, Inc.",Healthcare,Small-Cap,5179004,NMS
WEN,Wendy's Company (The),Consumer Cyclical,Small-Cap,8677064,NMS
GLUE,"Monte Rosa Therapeutics, Inc.",Healthcare,Small-Cap,1675788,NMS
HROW,"Harrow, Inc.",Healthcare,Small-Cap,741933,NGM
JKS,JinkoSolar Holding Company Limi,Technology,Small-Cap,641183,NYQ
TNDM,"Tandem Diabetes Care, Inc.",Healthcare,Small-Cap,2016116,NGM
IQ,"iQIYI, Inc.",Communication Services,Small-Cap,10572211,NMS
HCSG,"Healthcare Services Group, Inc.",Healthcare,Small-Cap,718537,NMS
ENOV,Enovis Corporation,Healthcare,Small-Cap,1074791,NYQ
CRI,"Carter's, Inc.",Consumer Cyclical,Small-Cap,1287148,NYQ
OLMA,"Olema Pharmaceuticals, Inc.",Healthcare,Small-Cap,1682111,NMS
IAUX,i-80 Gold Corp.,Basic Materials,Small-Cap,14049982,ASE
BCAX,Bicara Therapeutics Inc.,Healthcare,Small-Cap,536869,NGM
DFH,"Dream Finders Homes, Inc.",Consumer Cyclical,Small-Cap,594177,NYQ
TSHA,"Taysha Gene Therapies, Inc.",Healthcare,Small-Cap,2727446,NMS
ATAI,AtaiBeckley Inc.,Healthcare,Small-Cap,4548990,NGM
WKC,World Kinect Corporation,Energy,Small-Cap,875620,NYQ
OPRA,Opera Limited,Communication Services,Small-Cap,690753,NMS
BHVN,Biohaven Ltd.,Healthcare,Small-Cap,2664888,NYQ
SBET,"SharpLink, Inc.",Financial Services,Small-Cap,6963411,NCM
PRA,ProAssurance Corporation,Financial Services,Small-Cap,620146,NYQ
PSEC,Prospect Capital Corporation,Financial Services,Small-Cap,4465941,NMS
DEC,Diversified Energy Company,Energy,Small-Cap,1025870,NYQ
INOD,Innodata Inc.,Technology,Small-Cap,1243059,NGM
UAMY,United States Antimony Corporat,Basic Materials,Small-Cap,14673987,NYQ
FINV,FinVolution Group,Financial Services,Small-Cap,1268488,NYQ
TRIP,"TripAdvisor, Inc.",Consumer Cyclical,Small-Cap,3701512,NMS
LADR,Ladder Capital Corp,Real Estate,Small-Cap,757187,NYQ
NAT,Nordic American Tankers Limited,Energy,Small-Cap,4549670,NYQ
NVCR,NovoCure Limited,Healthcare,Small-Cap,1905180,NMS
DSL,DoubleLine Income Solutions Fun,Financial Services,Small-Cap,652072,NYQ
CRVS,"Corvus Pharmaceuticals, Inc.",Healthcare,Small-Cap,3421533,NGM
UMH,"UMH Properties, Inc.",Real Estate,Small-Cap,542030,NYQ
LSPD,Lightspeed Commerce Inc. Subord,Technology,Small-Cap,955816,NYQ
NPKI,NPK International Inc.,Energy,Small-Cap,738009,NYQ
TRIN,Trinity Capital Inc.,Financial Services,Small-Cap,1346195,NMS
VIA,"Via Transportation, Inc.",Technology,Small-Cap,742777,NYQ
AI,"C3.ai, Inc.",Technology,Small-Cap,6838738,NYQ
MUX,McEwen Inc.,Basic Materials,Small-Cap,1277435,NYQ
MSDL,N/A,Financial Services,Small-Cap,849832,NYQ
JFR,Nuveen Floating Rate Income Fun,Financial Services,Small-Cap,960093,NYQ
TWO,Two Harbors Investment Corp,Real Estate,Small-Cap,4034235,NYQ
FIVN,"Five9, Inc.",Technology,Small-Cap,2485835,NGM
AGBK,AGI Inc,Financial Services,Small-Cap,839805,NYQ
CCO,"Clear Channel Outdoor Holdings,",Communication Services,Small-Cap,7577916,NYQ
BITF,Bitfarms Ltd.,Financial Services,Small-Cap,36611658,NGM
GIII,"G-III Apparel Group, LTD.",Consumer Cyclical,Small-Cap,536427,NMS
SVV,"Savers Value Village, Inc.",Consumer Cyclical,Small-Cap,1090653,NYQ
WBI,WaterBridge Infrastructure LLC,Energy,Small-Cap,869898,NYQ
RYZ,Ryerson Holding Corporation,Industrials,Small-Cap,544074,NYQ
OUST,"Ouster, Inc.",Technology,Small-Cap,1950474,NMS
VZLA,Vizsla Silver Corp.,Basic Materials,Small-Cap,11093340,ASE
PRG,"PROG Holdings, Inc.",Industrials,Small-Cap,541009,NYQ
GPRE,"Green Plains, Inc.",Basic Materials,Small-Cap,1616146,NMS
TTI,"Tetra Technologies, Inc.",Industrials,Small-Cap,1872304,NYQ
GENI,Genius Sports Limited,Communication Services,Small-Cap,6732827,NYQ
GLDD,Great Lakes Dredge & Dock Corpo,Industrials,Small-Cap,1684737,NMS
AEHR,Aehr Test Systems,Technology,Small-Cap,1627759,NCM
GILT,Gilat Satellite Networks Ltd.,Technology,Small-Cap,961320,NMS
RLJ,RLJ Lodging Trust,Real Estate,Small-Cap,1836475,NYQ
LIND,Lindblad Expeditions Holdings I,Consumer Cyclical,Small-Cap,825203,NCM
GOLD,"Gold.com, Inc.",Financial Services,Small-Cap,803180,NYQ
ENR,"Energizer Holdings, Inc.",Industrials,Small-Cap,1334025,NYQ
CRF,33138,Financial Services,Small-Cap,1690414,ASE
TIGR,UP Fintech Holding Limited,Financial Services,Small-Cap,3060188,NMS
ENVX,Enovix Corporation,Industrials,Small-Cap,6314319,NMS
ZBIO,"Zenas BioPharma, Inc.",Healthcare,Small-Cap,1037650,NMS
QDEL,QuidelOrtho Corporation,Healthcare,Small-Cap,1429367,NMS
SVRA,"Savara, Inc.",Healthcare,Small-Cap,1647101,NMS
ACDC,ProFrac Holding Corp.,Energy,Small-Cap,1376040,NMS
BV,"BrightView Holdings, Inc.",Industrials,Small-Cap,601083,NYQ
SHLS,"Shoals Technologies Group, Inc.",Technology,Small-Cap,4892887,NGM
ARRY,"Array Technologies, Inc.",Technology,Small-Cap,6212269,NGM
CNMD,CONMED Corporation,Healthcare,Small-Cap,544320,NYQ
LAR,Lithium Argentina AG,Basic Materials,Small-Cap,3492582,NYQ
EVLV,"Evolv Technologies Holdings, In",Industrials,Small-Cap,3060356,NCM
REAL,"The RealReal, Inc.",Consumer Cyclical,Small-Cap,3357150,NMS
PRGS,Progress Software Corporation,Technology,Small-Cap,1120896,NMS
EYPT,"EyePoint, Inc.",Healthcare,Small-Cap,1357395,NGM
ALVO,Alvotech,Healthcare,Small-Cap,541545,NGM
LXU,"LSB Industries, Inc.",Basic Materials,Small-Cap,1265829,NYQ
MRTN,"Marten Transport, Ltd.",Industrials,Small-Cap,837448,NMS
NNE,Nano Nuclear Energy Inc.,Industrials,Small-Cap,1859595,NCM
PZZA,"Papa John's International, Inc.",Consumer Cyclical,Small-Cap,1346712,NMS
GOOS,Canada Goose Holdings Inc. Subo,Consumer Cyclical,Small-Cap,707250,NYQ
MBC,"MasterBrand, Inc.",Consumer Cyclical,Small-Cap,2282035,NYQ
TK,Teekay Corporation Ltd.,Energy,Small-Cap,606437,NYQ
ABCL,AbCellera Biologics Inc.,Healthcare,Small-Cap,3921422,NMS
PLTK,Playtika Holding Corp.,Communication Services,Small-Cap,1823770,NMS
UPBD,"Upbound Group, Inc.",Technology,Small-Cap,816951,NMS
MFIC,MidCap Financial Investment Cor,Financial Services,Small-Cap,1050058,NMS
COLL,"Collegium Pharmaceutical, Inc.",Healthcare,Small-Cap,515574,NMS
LWLG,"Lightwave Logic, Inc.",Basic Materials,Small-Cap,3559380,NCM
CIM,Chimera Investment Corporation,Real Estate,Small-Cap,900291,NYQ
METC,"Ramaco Resources, Inc.",Basic Materials,Small-Cap,2621361,NMS
RERE,ATRenew Inc.,Consumer Cyclical,Small-Cap,1347703,NYQ
MRVI,"Maravai LifeSciences Holdings, ",Healthcare,Small-Cap,1412308,NMS
VSTS,Vestis Corporation,Industrials,Small-Cap,1867487,NYQ
TDAY,"USA TODAY Co., Inc.",Communication Services,Small-Cap,1766845,NYQ
FSCO,N/A,Financial Services,Small-Cap,2071843,NYQ
OCFC,OceanFirst Financial Corp.,Financial Services,Small-Cap,731240,NMS
KALV,"KalVista Pharmaceuticals, Inc.",Healthcare,Small-Cap,1070624,NGM
ASM,Avino Silver & Gold Mines Ltd.,Basic Materials,Small-Cap,6701624,ASE
BFLY,"Butterfly Network, Inc.",Healthcare,Small-Cap,6061208,NYQ
QURE,uniQure N.V.,Healthcare,Small-Cap,3314733,NMS
RZLV,Rezolve AI PLC,Technology,Small-Cap,23631243,NGM
NSP,"Insperity, Inc.",Industrials,Small-Cap,1212643,NYQ
AVBP,"ArriVent BioPharma, Inc.",Healthcare,Small-Cap,507935,NGM
GSBD,"Goldman Sachs BDC, Inc.",Financial Services,Small-Cap,1538609,NYQ
CTMX,"CytomX Therapeutics, Inc.",Healthcare,Small-Cap,6552214,NMS
ADTN,"ADTRAN Holdings, Inc.",Technology,Small-Cap,1472461,NMS
PMT,PennyMac Mortgage Investment Tr,Real Estate,Small-Cap,1189969,NYQ
HLIT,Harmonic Inc.,Technology,Small-Cap,1122227,NMS
LZ,"LegalZoom.com, Inc.",Industrials,Small-Cap,3471743,NMS
CRML,Critical Metals Corp.,Basic Materials,Small-Cap,16166383,NGM
XERS,"Xeris Biopharma Holdings, Inc.",Healthcare,Small-Cap,2013670,NMS
XIFR,"XPLR Infrastructure, LP",Utilities,Small-Cap,1320458,NYQ
EPC,Edgewell Personal Care Company,Consumer Defensive,Small-Cap,765006,NYQ
OCSL,Oaktree Specialty Lending Corpo,Financial Services,Small-Cap,833696,NMS
MLKN,"MillerKnoll, Inc.",Consumer Cyclical,Small-Cap,707945,NMS
COUR,"Coursera, Inc.",Consumer Defensive,Small-Cap,4873938,NYQ
BUR,Burford Capital Limited,Financial Services,Small-Cap,3184064,NYQ
MFA,"MFA Financial, Inc.",Real Estate,Small-Cap,1476246,NYQ
CMP,Compass Minerals Intl Inc,Basic Materials,Small-Cap,556200,NYQ
ABTC,American Bitcoin Corp.,Financial Services,Small-Cap,13606441,NCM
AOD,Aberdeen Total Dynamic Dividend,Financial Services,Small-Cap,618769,NYQ
PCRX,"Pacira BioSciences, Inc.",Healthcare,Small-Cap,902329,NMS
TDOC,"Teladoc Health, Inc.",Healthcare,Small-Cap,6386816,NYQ
ODV,Osisko Development Corp.,Basic Materials,Small-Cap,2902896,NYQ
AVO,"Mission Produce, Inc.",Consumer Defensive,Small-Cap,837161,NMS
CRON,Cronos Group Inc. Common Share,Healthcare,Small-Cap,1229033,NGM
AZTA,"Azenta, Inc.",Healthcare,Small-Cap,870437,NMS
EXPI,"eXp World Holdings, Inc.",Real Estate,Small-Cap,1081453,NGM
NEO,"NeoGenomics, Inc.",Healthcare,Small-Cap,1866825,NCM
PGY,Pagaya Technologies Ltd.,Technology,Small-Cap,3972553,NCM
OXLC,Oxford Lane Capital Corp.,Financial Services,Small-Cap,1983804,NGM
GERN,Geron Corporation,Healthcare,Small-Cap,16817175,NMS
ARHS,"Arhaus, Inc.",Consumer Cyclical,Small-Cap,1306700,NMS
BTGO,"BitGo Holdings, Inc.",Financial Services,Small-Cap,1284974,NYQ
DAKT,"Daktronics, Inc.",Technology,Small-Cap,557661,NMS
CMPX,"Compass Therapeutics, Inc.",Healthcare,Small-Cap,2269000,NCM
CCOI,"Cogent Communications Holdings,",Communication Services,Small-Cap,1176690,NMS
PCT,"PureCycle Technologies, Inc.",Industrials,Small-Cap,4713488,NCM
CFFN,"Capitol Federal Financial, Inc.",Financial Services,Small-Cap,978374,NMS
TE,T1 Energy Inc.,Industrials,Small-Cap,18646801,NYQ
BKSY,BlackSky Technology Inc.,Industrials,Small-Cap,1580869,NYQ
TH,Target Hospitality Corp.,Industrials,Small-Cap,594201,NCM
STAA,STAAR Surgical Company,Healthcare,Small-Cap,1512209,NGM
CSIQ,Canadian Solar Inc.,Technology,Small-Cap,2917096,NMS
PENG,"Penguin Solutions, Inc.",Technology,Small-Cap,1303546,NMS
CLOV,"Clover Health Investments, Corp",Healthcare,Small-Cap,6000938,NMS
MOMO,Hello Group Inc.,Communication Services,Small-Cap,858898,NMS
CRTO,Criteo S.A.,Communication Services,Small-Cap,551580,NMS
CERT,"Certara, Inc.",Healthcare,Small-Cap,3389167,NMS
AMPL,"Amplitude, Inc.",Technology,Small-Cap,2052669,NCM
POET,POET Technologies Inc.,Technology,Small-Cap,9199156,NCM
JBGS,JBG SMITH Properties,Real Estate,Small-Cap,590198,NYQ
TBLA,Taboola.com Ltd.,Communication Services,Small-Cap,1709651,NMS
CDNA,"CareDx, Inc.",Healthcare,Small-Cap,690729,NGM
XNCR,"Xencor, Inc.",Healthcare,Small-Cap,791758,NGM
KODK,Eastman Kodak Company,Industrials,Small-Cap,1000122,NYQ
FTRE,Fortrea Holdings Inc.,Healthcare,Small-Cap,1658801,NMS
ABUS,Arbutus Biopharma Corporation,Healthcare,Small-Cap,2205040,NMS
VYX,NCR Voyix Corporation,Technology,Small-Cap,2166220,NYQ
NABL,"N-able, Inc.",Technology,Small-Cap,1622698,NYQ
SNCY,"Sun Country Airlines Holdings, ",Industrials,Small-Cap,1386612,NMS
WGO,"Winnebago Industries, Inc.",Consumer Cyclical,Small-Cap,629896,NYQ
PHAT,"Phathom Pharmaceuticals, Inc.",Healthcare,Small-Cap,1167866,NMS
URGN,UroGen Pharma Ltd.,Healthcare,Small-Cap,779737,NGM
OPK,"Opko Health, Inc.",Healthcare,Small-Cap,2803219,NMS
HPK,"HighPeak Energy, Inc.",Energy,Small-Cap,1048872,NGM
INMD,InMode Ltd.,Healthcare,Small-Cap,1129154,NMS
EVEX,"Eve Holding, Inc.",Industrials,Small-Cap,1206504,NYQ
SUPV,Grupo Supervielle S.A.,Financial Services,Small-Cap,1007641,NYQ
TALK,"Talkspace, Inc.",Healthcare,Small-Cap,4043685,NCM
BBDC,"Barings BDC, Inc.",Financial Services,Small-Cap,738740,NYQ
CGEM,"Cullinan Therapeutics, Inc.",Healthcare,Small-Cap,796859,NMS
JMIA,Jumia Technologies AG,Consumer Cyclical,Small-Cap,2309287,NYQ
JANX,"Janux Therapeutics, Inc.",Healthcare,Small-Cap,1325414,NGM
PHK,Pimco High Income Fund Pimco Hi,Financial Services,Small-Cap,812540,NYQ
SDGR,"Schrodinger, Inc.",Healthcare,Small-Cap,1347129,NMS
TBPH,"Theravance Biopharma, Inc.",Healthcare,Small-Cap,627320,NGM
AEVA,"Aeva Technologies, Inc.",Technology,Small-Cap,2715769,NMS
VLRS,Controladora Vuela Compania de ,Industrials,Small-Cap,839916,NYQ
GGN,"GAMCO Global Gold, Natural Reso",Financial Services,Small-Cap,720250,ASE
EVMN,"Evommune, Inc.",Healthcare,Small-Cap,631224,NYQ
GROY,Gold Royalty Corp.,Basic Materials,Small-Cap,3487135,ASE
NX,Quanex Building Products Corpor,Industrials,Small-Cap,599083,NYQ
PDM,"Piedmont Realty Trust, Inc.",Real Estate,Small-Cap,902122,NYQ
ANNX,"Annexon, Inc.",Healthcare,Small-Cap,2703803,NMS
LMRI,"Lumexa Imaging Holdings, Inc.",Healthcare,Small-Cap,851767,NMS
SLI,Standard Lithium Ltd.,Basic Materials,Small-Cap,2602462,ASE
ULCC,"Frontier Group Holdings, Inc.",Industrials,Small-Cap,4168659,NMS
HTLD,"Heartland Express, Inc.",Industrials,Small-Cap,531967,NMS
BCSF,"Bain Capital Specialty Finance,",Financial Services,Small-Cap,554137,NYQ
RPC,"Ridgepost Capital, Inc.",Financial Services,Small-Cap,785688,NYQ
PFLT,PennantPark Floating Rate Capit,Financial Services,Small-Cap,1177198,NYQ
CTLP,"Cantaloupe, Inc.",Technology,Small-Cap,1312590,NMS
SPRY,"ARS Pharmaceuticals, Inc.",Healthcare,Small-Cap,1482991,NGM
CGBD,"Carlyle Secured Lending, Inc.",Financial Services,Small-Cap,690645,NMS
CRCT,"Cricut, Inc.",Technology,Small-Cap,584793,NMS
WOOF,Petco Health and Wellness Compa,Consumer Cyclical,Small-Cap,2661003,NMS
WOLF,"Wolfspeed, Inc.",Technology,Small-Cap,1642393,NYQ
SCZM,Santacruz Silver Mining Ltd.,Basic Materials,Small-Cap,590746,NCM
NMFC,New Mountain Finance Corporatio,Financial Services,Small-Cap,1264087,NMS
BIOA,"BioAge Labs, Inc.",Healthcare,Small-Cap,747766,NMS
SATL,Satellogic Inc.,Industrials,Small-Cap,11061630,NCM
NAVI,Navient Corporation,Financial Services,Small-Cap,1059830,NMS
PKST,Peakstone Realty Trust,Real Estate,Small-Cap,652537,NYQ
ABX,"Abacus Global Management, Inc.",Financial Services,Small-Cap,614364,NYQ
NAK,"Northern Dynasty Minerals, Ltd.",Basic Materials,Small-Cap,10714677,ASE
GRNT,"Granite Ridge Resources, Inc.",Energy,Small-Cap,807800,NYQ
GSM,Ferroglobe PLC,Basic Materials,Small-Cap,1339430,NCM
HTBK,Heritage Commerce Corp,Financial Services,Small-Cap,722527,NMS
STKL,"SunOpta, Inc.",Consumer Defensive,Small-Cap,2801774,NMS
SANA,"Sana Biotechnology, Inc.",Healthcare,Small-Cap,2609324,NMS
ODD,ODDITY Tech Ltd.,Consumer Defensive,Small-Cap,2188693,NGM
BTX,BlackRock Technology and Privat,Financial Services,Small-Cap,839200,NYQ
HNRG,Hallador Energy Company,Energy,Small-Cap,720903,NCM
NEWP,New Pacific Metals Corp.,Basic Materials,Small-Cap,1105330,ASE
PRCH,"Porch Group, Inc.",Financial Services,Small-Cap,1543843,NCM
SLS,"SELLAS Life Sciences Group, Inc",Healthcare,Small-Cap,8119387,NCM
LDI,"loanDepot, Inc.",Financial Services,Small-Cap,3425064,NYQ
MNKD,MannKind Corporation,Healthcare,Small-Cap,5882664,NGM
NRDS,"NerdWallet, Inc.",Communication Services,Small-Cap,1007162,NGM
DBA,Invesco DB Agriculture Fund,N/A,Small-Cap,948264,PCX
TLRY,"Tilray Brands, Inc.",Healthcare,Small-Cap,3658554,NMS
OMER,Omeros Corporation,Healthcare,Small-Cap,1509020,NGM
RYAM,Rayonier Advanced Materials Inc,Basic Materials,Small-Cap,1079945,NYQ
VOR,Vor Biopharma Inc.,Healthcare,Small-Cap,975737,NMS
OMDA,"Omada Health, Inc.",Healthcare,Small-Cap,1383472,NMS
ACVA,ACV Auctions Inc.,Consumer Cyclical,Small-Cap,3233783,NYQ
HUYA,HUYA Inc.,Communication Services,Small-Cap,2254354,NYQ
IART,Integra LifeSciences Holdings C,Healthcare,Small-Cap,794090,NMS
RLMD,"Relmada Therapeutics, Inc.",Healthcare,Small-Cap,1554067,NCM
BLDP,"Ballard Power Systems, Inc.",Industrials,Small-Cap,3208440,NGM
BRSP,"BrightSpire Capital, Inc.",Real Estate,Small-Cap,895504,NYQ
JQC,Nuveen Credit Strategies Income,Financial Services,Small-Cap,925145,NYQ
KURA,"Kura Oncology, Inc.",Healthcare,Small-Cap,1526274,NMS
JBI,"Janus International Group, Inc.",Industrials,Small-Cap,1517261,NYQ
EHAB,"Enhabit, Inc.",Healthcare,Small-Cap,1377674,NYQ
CMPS,COMPASS Pathways Plc - American,Healthcare,Small-Cap,2903996,NMS
SLDB,Solid Biosciences Inc.,Healthcare,Small-Cap,1347016,NMS
AMN,AMN Healthcare Services Inc,Healthcare,Small-Cap,1374369,NYQ
IVR,INVESCO MORTGAGE CAPITAL INC,Real Estate,Small-Cap,2528519,NYQ
ESPR,"Esperion Therapeutics, Inc.",Healthcare,Small-Cap,5000317,NGM
LIFE,Ethos Technologies Inc.,Financial Services,Small-Cap,613735,NMS
RWT,"Redwood Trust, Inc.",Real Estate,Small-Cap,1677696,NYQ
OIS,"Oil States International, Inc.",Energy,Small-Cap,1156940,NYQ
UTZ,Utz Brands Inc,Consumer Defensive,Small-Cap,1837845,NYQ
ASST,"Strive, Inc.",Financial Services,Small-Cap,4664309,NGM
EH,EHang Holdings Limited,Industrials,Small-Cap,652280,NGM
FBRT,"Franklin BSP Realty Trust, Inc.",Real Estate,Small-Cap,1099974,NYQ
VTEX,VTEX,Technology,Small-Cap,1226143,NYQ
GO,Grocery Outlet Holding Corp.,Consumer Defensive,Small-Cap,3597712,NMS
FOXF,Fox Factory Holding Corp.,Consumer Cyclical,Small-Cap,686412,NMS
OFRM,"Once Upon a Farm, PBC",Consumer Defensive,Small-Cap,897605,NYQ
QNST,"QuinStreet, Inc.",Communication Services,Small-Cap,838056,NMS
PRAA,"PRA Group, Inc.",Financial Services,Small-Cap,528212,NMS
NFGC,New Found Gold Corp,Basic Materials,Small-Cap,2261483,ASE
MOVE,"Corvex, Inc.",Technology,Small-Cap,985177,NCM
ARVN,"Arvinas, Inc.",Healthcare,Small-Cap,862798,NMS
DC,Dakota Gold Corp.,Basic Materials,Small-Cap,1904235,ASE
NMAX,"Newsmax, Inc.",Communication Services,Small-Cap,961967,NYQ
SSYS,"Stratasys, Ltd.",Technology,Small-Cap,1053006,NMS
PFN,PIMCO Income Strategy Fund II,Financial Services,Small-Cap,532553,NYQ
UDMY,"Udemy, Inc.",Consumer Defensive,Small-Cap,1943146,NMS
GDRX,"GoodRx Holdings, Inc.",Healthcare,Small-Cap,3047316,NMS
ADAM,"Adamas Trust, Inc.",Real Estate,Small-Cap,692346,NMS
INDI,"indie Semiconductor, Inc.",Technology,Small-Cap,4475070,NCM
PSNL,"Personalis, Inc.",Healthcare,Small-Cap,1465853,NGM
IGR,CBRE Clarion Global Real Estate,Financial Services,Small-Cap,986324,NYQ
GEVO,"Gevo, Inc.",Basic Materials,Small-Cap,3588861,NCM
SLDP,"Solid Power, Inc.",Consumer Cyclical,Small-Cap,5203919,NMS
EGY,"VAALCO Energy, Inc.",Energy,Small-Cap,1537620,NYQ
LXRX,"Lexicon Pharmaceuticals, Inc.",Healthcare,Small-Cap,2929748,NCM
AXG,Solowin Holdings,Financial Services,Small-Cap,647427,NCM
GAU,Galiano Gold Inc.,Basic Materials,Small-Cap,3924446,ASE
MNTN,"MNTN, Inc.",Technology,Small-Cap,869390,NYQ
AVNS,"Avanos Medical, Inc.",Healthcare,Small-Cap,595045,NYQ
SB,"Safe Bulkers, Inc",Industrials,Small-Cap,735975,NYQ
RSKD,Riskified Ltd.,Technology,Small-Cap,681467,NYQ
FWRG,"First Watch Restaurant Group, I",Consumer Cyclical,Small-Cap,1807743,NMS
ACP,Aberdeen Income Credit Strategi,Financial Services,Small-Cap,586862,NYQ
OBE,Obsidian Energy Ltd.,Energy,Small-Cap,697180,ASE
SERV,Serve Robotics Inc.,Industrials,Small-Cap,5408709,NCM
SWBI,"Smith & Wesson Brands, Inc.",Industrials,Small-Cap,594440,NMS
NB,NioCorp Developments Ltd.,Basic Materials,Small-Cap,5238264,NGM
VITL,"Vital Farms, Inc.",Consumer Defensive,Small-Cap,2237232,NGM
REPL,"Replimune Group, Inc.",Healthcare,Small-Cap,1468538,NMS
PURR,Hyperliquid Strategies Inc,Financial Services,Small-Cap,4241543,NCM
PRME,"Prime Medicine, Inc.",Healthcare,Small-Cap,2936717,NGM
SWIM,"Latham Group, Inc.",Industrials,Small-Cap,1022896,NMS
CBRL,Cracker Barrel Old Country Stor,Consumer Cyclical,Small-Cap,1345004,NMS
SPPP,"""Sprott Physical Platinum and P",N/A,Small-Cap,1176540,ASE
GDOT,Green Dot Corporation,Financial Services,Small-Cap,684906,NYQ
TRON,Tron Inc.,Consumer Cyclical,Small-Cap,1147187,NCM
ASC,Ardmore Shipping Corporation,Industrials,Small-Cap,732585,NYQ
NTGR,"NETGEAR, Inc.",Technology,Small-Cap,564596,NMS
TMQ,Trilogy Metals Inc.,Basic Materials,Small-Cap,4819727,ASE
SG,"Sweetgreen, Inc.",Consumer Cyclical,Small-Cap,4320090,NYQ
ARKO,ARKO Corp.,Consumer Cyclical,Small-Cap,676974,NCM
MTA,Metalla Royalty & Streaming Ltd,Basic Materials,Small-Cap,597714,ASE
TRTX,"TPG RE Finance Trust, Inc.",Real Estate,Small-Cap,793662,NYQ
MITK,"Mitek Systems, Inc.",Technology,Small-Cap,795390,NCM
MAX,"MediaAlpha, Inc.",Communication Services,Small-Cap,849277,NYQ
TASK,"TaskUs, Inc.",Technology,Small-Cap,586485,NMS
THM,"International Tower Hill Mines,",Basic Materials,Small-Cap,1974982,ASE
CODI,D/B/A Compass Diversified Holdi,Industrials,Small-Cap,1369229,NYQ
OCGN,"Ocugen, Inc.",Healthcare,Small-Cap,8051746,NCM
UMAC,"Unusual Machines, Inc.",Technology,Small-Cap,4385880,ASE
ALLO,"Allogene Therapeutics, Inc.",Healthcare,Small-Cap,5922677,NMS
AMC,"AMC Entertainment Holdings, Inc",Communication Services,Small-Cap,36202462,NYQ
CRSR,"Corsair Gaming, Inc.",Technology,Small-Cap,2294670,NMS
DXYZ,Destiny Tech100 Inc.,Financial Services,Small-Cap,1564422,NYQ
MDXG,"MiMedx Group, Inc",Healthcare,Small-Cap,1054096,NCM
CNNE,"Cannae Holdings, Inc.",Consumer Cyclical,Small-Cap,645933,NYQ
AIV,Apartment Investment and Manage,Real Estate,Small-Cap,3166779,NYQ
ALOY,REalloys Inc.,Basic Materials,Small-Cap,814564,NCM
URG,Ur Energy Inc,Energy,Small-Cap,9474846,ASE
FIP,FTAI Infrastructure Inc.,Industrials,Small-Cap,1042650,NMS
DNUT,"Krispy Kreme, Inc.",Consumer Defensive,Small-Cap,2432661,NMS
SWMR,"Swarmer, Inc",Technology,Small-Cap,6590100,NCM
LPTH,"LightPath Technologies, Inc.",Technology,Small-Cap,2760293,NCM
SABR,Sabre Corporation,Technology,Small-Cap,10450724,NMS
IRWD,"Ironwood Pharmaceuticals, Inc.",Healthcare,Small-Cap,3330770,NMS
BMBL,Bumble Inc.,Communication Services,Small-Cap,4128520,NMS
AHRT,"AH Realty Trust, Inc.",Real Estate,Small-Cap,1566382,NYQ
EIKN,"Eikon Therapeutics, Inc.",Healthcare,Small-Cap,520385,NMS
WRN,Western Copper and Gold Corpora,Basic Materials,Small-Cap,2090783,ASE
NRGV,"Energy Vault Holdings, Inc.",Utilities,Small-Cap,3751391,NYQ
PD,"PagerDuty, Inc.",Technology,Small-Cap,3276787,NYQ
LAES,SEALSQ Corp,Technology,Small-Cap,7864116,NMS
ZURA,Zura Bio Limited,Healthcare,Small-Cap,656725,NCM
DBO,Invesco DB Oil Fund,N/A,Small-Cap,1543775,PCX
CTKB,"Cytek Biosciences, Inc.",Healthcare,Small-Cap,825762,NMS
DDL,Dingdong (Cayman) Limited,Consumer Defensive,Small-Cap,2126327,NYQ
SIBN,"SI-BONE, Inc.",Healthcare,Small-Cap,593043,NGM
ASPI,ASP Isotopes Inc.,Basic Materials,Small-Cap,5401324,NCM
EVER,"EverQuote, Inc.",Communication Services,Small-Cap,912366,NGM
SXC,"SunCoke Energy, Inc.",Basic Materials,Small-Cap,1794362,NYQ
ITRG,Integra Resources Corp.,Basic Materials,Small-Cap,3009166,ASE
NXDR,"Nextdoor Holdings, Inc.",Communication Services,Small-Cap,4016277,NYQ
ZVRA,"Zevra Therapeutics, Inc.",Healthcare,Small-Cap,1087832,NMS
CLNE,Clean Energy Fuels Corp.,Energy,Small-Cap,1321417,NMS
PAR,PAR Technology Corporation,Technology,Small-Cap,1782824,NYQ
GOGO,Gogo Inc.,Communication Services,Small-Cap,2117380,NMS
PROK,ProKidney Corp.,Healthcare,Small-Cap,855524,NCM
CRMD,CorMedix Inc.,Healthcare,Small-Cap,2443069,NGM
AVR,Anteris Technologies Global Cor,Healthcare,Small-Cap,1300485,NGM
EVGO,EVgo Inc.,Consumer Cyclical,Small-Cap,4254190,NMS
UROY,Uranium Royalty Corp.,Energy,Small-Cap,2992993,NCM
ERII,"Energy Recovery, Inc.",Industrials,Small-Cap,640995,NMS
REAX,"The Real Brokerage, Inc.",Real Estate,Small-Cap,1583285,NCM
FWRD,Forward Air Corporation,Industrials,Small-Cap,682638,NMS
EMBC,Embecta Corp.,Healthcare,Small-Cap,842824,NMS
PRTA,Prothena Corporation plc,Healthcare,Small-Cap,522056,NMS
KYTX,"Kyverna Therapeutics, Inc.",Healthcare,Small-Cap,743903,NMS
GEMI,"Gemini Space Station, Inc.",Financial Services,Small-Cap,1726848,NMS
ANGX,"Angel Studios, Inc.",Communication Services,Small-Cap,759812,NYQ
FULC,"Fulcrum Therapeutics, Inc.",Healthcare,Small-Cap,1038632,NGM
AQST,"Aquestive Therapeutics, Inc.",Healthcare,Small-Cap,4645062,NGM
WTI,"W&T Offshore, Inc.",Energy,Small-Cap,6074104,NYQ
PHR,"Phreesia, Inc.",Healthcare,Small-Cap,1963954,NYQ
ECC,Eagle Point Credit Company Inc.,Financial Services,Small-Cap,2450698,NYQ
FPI,Farmland Partners Inc.,Real Estate,Small-Cap,598040,NYQ
MVST,"Microvast Holdings, Inc.",Consumer Cyclical,Small-Cap,4213477,NCM
GTN,"Gray Media, Inc.",Communication Services,Small-Cap,1448006,NYQ
VVR,Invesco Senior Income Trust  (D,Financial Services,Small-Cap,913140,NYQ
HKD,AMTD Digital Inc.,Technology,Small-Cap,635740,NYQ
GPRK,Geopark Ltd,Energy,Small-Cap,960691,NYQ
IMSR,Terrestrial Energy Inc.,Utilities,Small-Cap,2828843,NMS
UPB,"Upstream Bio, Inc.",Healthcare,Small-Cap,1312935,NMS
FFWM,First Foundation Inc.,Financial Services,Small-Cap,836016,NYQ
TRX,TRX Gold Corporation,Basic Materials,Small-Cap,7421680,ASE
GDYN,"Grid Dynamics Holdings, Inc.",Technology,Small-Cap,1503793,NCM
CARS,Cars.com Inc.,Communication Services,Small-Cap,1344732,NYQ
GRPN,"Groupon, Inc.",Communication Services,Small-Cap,1251945,NMS
IMMX,"Immix Biopharma, Inc.",Healthcare,Small-Cap,888420,NCM
MNRO,"Monro, Inc.",Consumer Cyclical,Small-Cap,820511,NMS
HIVE,HIVE Digital Technologies Ltd,Financial Services,Small-Cap,10941559,NCM
INN,"Summit Hotel Properties, Inc.",Real Estate,Small-Cap,1347179,NYQ
FDMT,"4D Molecular Therapeutics, Inc.",Healthcare,Small-Cap,780833,NMS
ADCT,ADC Therapeutics SA,Healthcare,Small-Cap,813756,NYQ
YEXT,"Yext, Inc.",Technology,Small-Cap,3228512,NYQ
CATX,"Perspective Therapeutics, Inc.",Healthcare,Small-Cap,3476556,ASE
BDN,Brandywine Realty Trust,Real Estate,Small-Cap,3566791,NYQ
ANGO,"AngioDynamics, Inc.",Healthcare,Small-Cap,569979,NMS
LRMR,"Larimar Therapeutics, Inc.",Healthcare,Small-Cap,4186819,NGM
RR,Richtech Robotics Inc.,Industrials,Small-Cap,24002861,NCM
CLYM,"Climb Bio, Inc.",Healthcare,Small-Cap,626279,NGM
VSTM,"Verastem, Inc.",Healthcare,Small-Cap,1997048,NCM
QNC,Quantum eMotion Corp.,Technology,Small-Cap,525578,ASE
PANL,Pangaea Logistics Solutions Ltd,Industrials,Small-Cap,710288,NCM
STTK,"Shattuck Labs, Inc.",Healthcare,Small-Cap,676440,NMS
BLMN,"Bloomin' Brands, Inc.",Consumer Cyclical,Small-Cap,2855079,NMS
ABSI,Absci Corporation,Healthcare,Small-Cap,3679762,NMS
WYFI,"WhiteFiber, Inc.",Technology,Small-Cap,927903,NCM
SFIX,"Stitch Fix, Inc.",Consumer Cyclical,Small-Cap,2278388,NMS
ACRS,"Aclaris Therapeutics, Inc.",Healthcare,Small-Cap,2382020,NMS
TWI,"Titan International, Inc. (DE)",Industrials,Small-Cap,1000743,NYQ
BBNX,"Beta Bionics, Inc.",Healthcare,Small-Cap,1290462,NGM
BLND,"Blend Labs, Inc.",Technology,Small-Cap,3967940,NYQ
IHRT,"iHeartMedia, Inc.",Communication Services,Small-Cap,754308,NMS
ASTL,Algoma Steel Group Inc.,Basic Materials,Small-Cap,1586587,NGM
BTBT,"Bit Digital, Inc.",Financial Services,Small-Cap,25137330,NCM
CWH,"Camping World Holdings, Inc.",Consumer Cyclical,Small-Cap,3134916,NYQ
RGNX,REGENXBIO Inc.,Healthcare,Small-Cap,972875,NMS
EBS,Emergent BioSolutions Inc.,Healthcare,Small-Cap,964117,NYQ
AVIR,"Atea Pharmaceuticals, Inc.",Healthcare,Small-Cap,552848,NMS
LAND,Gladstone Land Corporation,Real Estate,Small-Cap,725670,NGM
CGC,Canopy Growth Corporation,Healthcare,Small-Cap,10673962,NMS
SPIR,"Spire Global, Inc.",Industrials,Small-Cap,725119,NYQ
MYGN,"Myriad Genetics, Inc.",Healthcare,Small-Cap,1684604,NMS
LXEO,"Lexeo Therapeutics, Inc.",Healthcare,Small-Cap,995235,NGM
BCAR,D. Boral ARC Acquisition I Corp,Financial Services,Small-Cap,594464,NGM
TDUP,ThredUp Inc.,Consumer Cyclical,Small-Cap,2273730,NMS
CDZI,"Cadiz, Inc.",Utilities,Small-Cap,779637,NGM
CYH,"Community Health Systems, Inc.",Healthcare,Small-Cap,1646574,NYQ
AIOT,"PowerFleet, Inc.",Technology,Small-Cap,1596714,NGM
ANL,Adlai Nortye Ltd.,Healthcare,Small-Cap,579448,NGM
VNDA,Vanda Pharmaceuticals Inc.,Healthcare,Small-Cap,2572953,NGM
IPSC,"Century Therapeutics, Inc.",Healthcare,Small-Cap,1848603,NCM
ALT,"Altimmune, Inc.",Healthcare,Small-Cap,4510087,NGM
OSPN,OneSpan Inc.,Technology,Small-Cap,687867,NCM
PACB,Pacific Biosciences of Californ,Healthcare,Small-Cap,7044180,NMS
KOPN,Kopin Corporation,Technology,Small-Cap,3049106,NCM
KREF,KKR Real Estate Finance Trust I,Real Estate,Small-Cap,1428714,NYQ
LCTX,"Lineage Cell Therapeutics, Inc.",Healthcare,Small-Cap,1153011,ASE
RCKT,"Rocket Pharmaceuticals, Inc.",Healthcare,Small-Cap,3366604,NGM
PUBM,"PubMatic, Inc.",Technology,Small-Cap,734866,NGM
ELVA,Electrovaya Inc.,Industrials,Small-Cap,537311,NCM
BGS,"B&G Foods, Inc.",Consumer Defensive,Small-Cap,2209851,NYQ
SIGA,SIGA Technologies Inc.,Healthcare,Small-Cap,570280,NGM
PTLO,Portillo's Inc.,Consumer Cyclical,Small-Cap,1829851,NMS
DVLT,Datavault AI Inc.,Technology,Small-Cap,60673582,NCM
DNA,"Ginkgo Bioworks Holdings, Inc.",Healthcare,Small-Cap,1155901,NYQ
PLAY,"Dave & Buster's Entertainment, ",Communication Services,Small-Cap,1380603,NMS
TSSI,"TSS, Inc.",Technology,Small-Cap,1520780,NCM
BTQ,BTQ Technologies Corp.,Technology,Small-Cap,2237903,NGM
RBBN,Ribbon Communications Inc.,Technology,Small-Cap,821729,NMS
UP,Wheels Up Experience Inc.,Industrials,Small-Cap,4350051,NYQ
ALTO,"Alto Ingredients, Inc.",Basic Materials,Small-Cap,1599030,NCM
NNDM,Nano Dimension Ltd.,Technology,Small-Cap,2456709,NCM
AKBA,"Akebia Therapeutics, Inc.",Healthcare,Small-Cap,3202203,NCM
AUTL,Autolus Therapeutics plc,Healthcare,Small-Cap,1886179,NMS
HLLY,Holley Inc.,Consumer Cyclical,Small-Cap,873641,NYQ
FWDI,"Forward Industries, Inc.",Consumer Cyclical,Small-Cap,904787,NCM
ABAT,American Battery Technology Com,Industrials,Small-Cap,5099353,NCM
IVVD,"Invivyd, Inc.",Healthcare,Small-Cap,2855329,NGM
LX,LexinFintech Holdings Ltd.,Financial Services,Small-Cap,1590688,NMS
OEC,Orion S.A.,Basic Materials,Small-Cap,768148,NYQ
ISSC,Innovative Solutions and Suppor,Industrials,Small-Cap,637879,NMS
SRTA,"Strata Critical Medical, Inc.",Healthcare,Small-Cap,852377,NCM
WEAV,"Weave Communications, Inc.",Healthcare,Small-Cap,1948125,NYQ
RPD,"Rapid7, Inc.",Technology,Small-Cap,1870687,NGM
VOXR,Vox Royalty Corp.,Basic Materials,Small-Cap,701983,NCM
NMG,Nouveau Monde Graphite Inc.,Basic Materials,Small-Cap,923930,NYQ
FVRR,Fiverr International Ltd.,Communication Services,Small-Cap,1414150,NYQ
LAB,Standard BioTools Inc.,Healthcare,Small-Cap,1889201,NMS
CADL,"Candel Therapeutics, Inc.",Healthcare,Small-Cap,1124385,NGM
CAL,"Caleres, Inc.",Consumer Cyclical,Small-Cap,652583,NYQ
CION,CION Investment Corporation,Financial Services,Small-Cap,585838,NYQ
NAGE,"Niagen Bioscience, Inc.",Healthcare,Small-Cap,1219987,NCM
SES,SES AI Corporation,Consumer Cyclical,Small-Cap,7661611,NYQ
ANNA,"AleAnna, Inc.",Energy,Small-Cap,3904448,NCM
NUS,"Nu Skin Enterprises, Inc.",Consumer Defensive,Small-Cap,545398,NYQ
WNC,Wabash National Corporation,Industrials,Small-Cap,624858,NYQ
ECX,ECARX Holdings Inc.,Consumer Cyclical,Small-Cap,4445911,NGM
CERS,Cerus Corporation,Healthcare,Small-Cap,1704940,NGM
ONTF,"ON24, Inc.",Technology,Small-Cap,505594,NYQ
APPS,"Digital Turbine, Inc.",Technology,Small-Cap,2922320,NCM
FCEL,"FuelCell Energy, Inc.",Industrials,Small-Cap,1791604,NGM
LTBR,Lightbridge Corporation,Industrials,Small-Cap,923740,NCM
AVTX,"Avalo Therapeutics, Inc.",Healthcare,Small-Cap,569625,NCM
SNDL,SNDL Inc.,Consumer Defensive,Small-Cap,1445983,NCM
IMRX,Immuneering Corporation,Healthcare,Small-Cap,1617909,NGM
SSP,E.W. Scripps Company (The),Communication Services,Small-Cap,641533,NMS
SPT,"Sprout Social, Inc",Technology,Small-Cap,1687088,NCM
MAGN,Magnera Corporation,Consumer Defensive,Small-Cap,508288,NYQ
EU,enCore Energy Corp.,Energy,Small-Cap,3241125,NCM
OVID,Ovid Therapeutics Inc.,Healthcare,Small-Cap,2545327,NCM
CMTG,"Claros Mortgage Trust, Inc.",Real Estate,Small-Cap,553861,NYQ
CEPT,"Cantor Equity Partners II, Inc.",Financial Services,Small-Cap,552375,NGM
GETY,"Getty Images Holdings, Inc.",Communication Services,Small-Cap,2879119,NYQ
HELE,Helen of Troy Limited,Consumer Defensive,Small-Cap,709153,NMS
NMRA,"Neumora Therapeutics, Inc.",Healthcare,Small-Cap,1686201,NMS
HNST,"The Honest Company, Inc.",Consumer Defensive,Small-Cap,1904327,NMS
EDD,Morgan Stanley Emerging Markets,Financial Services,Small-Cap,518988,NYQ
BYND,"Beyond Meat, Inc.",Consumer Defensive,Small-Cap,37560437,NMS
NKLR,Terra Innovatum Global N.V.,Utilities,Small-Cap,633361,NGM
PAYS,"Paysign, Inc.",Technology,Small-Cap,656477,NCM
VFF,"Village Farms International, In",Consumer Defensive,Small-Cap,1171961,NCM
IRD,"Opus Genetics, Inc.",Healthcare,Small-Cap,927085,NCM
TLS,Telos Corporation,Technology,Small-Cap,832032,NGM
BBBY,"Bed Bath & Beyond, Inc.",N/A,Small-Cap,1807237,NYQ
ALIT,"Alight, Inc.",Technology,Small-Cap,30367824,NYQ
REI,"Ring Energy, Inc.",Energy,Small-Cap,4649703,ASE
GTE,Gran Tierra Energy Inc.,Energy,Small-Cap,779448,ASE
EWCZ,"European Wax Center, Inc.",Consumer Defensive,Small-Cap,867416,NMS
HYLN,Hyliion Holdings Corp.,Consumer Cyclical,Small-Cap,972580,ASE
INV,"Innventure, Inc.",Financial Services,Small-Cap,1826011,NGM
XWIN,"XMAX, Inc.",Consumer Cyclical,Small-Cap,865224,NCM
CCRN,"Cross Country Healthcare, Inc.",Healthcare,Small-Cap,552404,NMS
DSX,Diana Shipping inc.,Industrials,Small-Cap,769316,NYQ
XPOF,"Xponential Fitness, Inc.",Consumer Cyclical,Small-Cap,574085,NYQ
ORGO,Organogenesis Holdings Inc.,Healthcare,Small-Cap,671154,NCM
TCPC,BlackRock TCP Capital Corp.,Financial Services,Small-Cap,1293251,NMS
TOI,"The Oncology Institute, Inc.",Healthcare,Small-Cap,2092656,NCM
PACK,Ranpak Holdings Corp,Consumer Cyclical,Small-Cap,502785,NYQ
CABA,"Cabaletta Bio, Inc.",Healthcare,Small-Cap,3040043,NMS
SHMD,SCHMID Group N.V.,Industrials,Small-Cap,657106,NGM
ANGI,Angi Inc.,Communication Services,Small-Cap,1208758,NMS
PNNT,PennantPark Investment Corporat,Financial Services,Small-Cap,788183,NYQ
TII,Titan Mining Corporation,Basic Materials,Small-Cap,813683,ASE
RZLT,"Rezolute, Inc.",Healthcare,Small-Cap,3364498,NCM
CAN,Canaan Inc.,Technology,Small-Cap,14710067,NGM
PALI,"Palisade Bio, Inc.",Healthcare,Small-Cap,4393603,NCM
SMRT,"SmartRent, Inc.",Technology,Small-Cap,1126400,NYQ
LENZ,"LENZ Therapeutics, Inc.",Healthcare,Small-Cap,1100564,NMS
CRNC,Cerence Inc.,Technology,Small-Cap,941769,NMS
TYGO,"Tigo Energy, Inc.",Technology,Small-Cap,767441,NCM
VGZ,Vista Gold Corp,Basic Materials,Small-Cap,2079364,ASE
SITC,SITE Centers Corp.,Real Estate,Small-Cap,923903,NYQ
AVXL,Anavex Life Sciences Corp.,Healthcare,Small-Cap,1591079,NMS
NBP,NovaBridge Biosciences,Healthcare,Small-Cap,849372,NGM
ASPN,"Aspen Aerogels, Inc.",Industrials,Small-Cap,1537529,NYQ
PDYN,Palladyne AI Corp.,Technology,Small-Cap,4436419,NGM
TARA,"Protara Therapeutics, Inc.",Healthcare,Small-Cap,1124046,NGM
DBI,Designer Brands Inc.,Consumer Cyclical,Small-Cap,785848,NYQ
FUBO,fuboTV Inc.,Communication Services,Small-Cap,1500018,NYQ
ACCO,Acco Brands Corporation,Industrials,Small-Cap,929512,NYQ
DDD,3D Systems Corporation,Technology,Small-Cap,3641951,NYQ
SY,So-Young International Inc. - A,Healthcare,Small-Cap,576370,NCM
CLPT,ClearPoint Neuro Inc.,Healthcare,Small-Cap,828270,NCM
SABS,"SAB Biotherapeutics, Inc.",Healthcare,Small-Cap,583253,NCM
EOLS,"Evolus, Inc. Common Stock",Healthcare,Small-Cap,1320356,NGM
ACRE,Ares Commercial Real Estate Cor,Real Estate,Small-Cap,540637,NYQ
RC,Ready Capital Corporation,Real Estate,Small-Cap,2674611,NYQ
ALXO,ALX Oncology Holdings Inc.,Healthcare,Small-Cap,684356,NMS
FJET,"Starfighters Space, Inc.",Industrials,Small-Cap,1402661,ASE
OPTX,"Syntec Optics Holdings, Inc.",Technology,Small-Cap,1272766,NCM
KLC,"KinderCare Learning Companies, ",Consumer Defensive,Small-Cap,1228869,NYQ
CCCC,"C4 Therapeutics, Inc.",Healthcare,Small-Cap,2109241,NMS
CHRS,"Coherus Oncology, Inc.",Healthcare,Small-Cap,2244982,NGM
ABEO,Abeona Therapeutics Inc.,Healthcare,Small-Cap,1248051,NCM
AMPY,Amplify Energy Corp.,Energy,Micro-Cap,914896,NYQ
EVH,"Evolent Health, Inc",Healthcare,Small-Cap,3196967,NYQ
RILY,"BRC Group Holdings, Inc.",Financial Services,Micro-Cap,1304919,NGM
GLDG,GoldMining Inc.,Basic Materials,Small-Cap,4348637,ASE
RXST,"RxSight, Inc.",Healthcare,Small-Cap,962667,NGM
FOSL,"Fossil Group, Inc.",Consumer Cyclical,Small-Cap,700061,NMS
AREC,American Resources Corporation,Basic Materials,Small-Cap,3998958,NCM
NVA,Nova Minerals Limited,Basic Materials,Small-Cap,826270,NCM
ELDN,"Eledon Pharmaceuticals, Inc.",Healthcare,Micro-Cap,1026001,NCM
RXT,"Rackspace Technology, Inc.",Technology,Micro-Cap,24577746,NMS
EDIT,"Editas Medicine, Inc.",Healthcare,Small-Cap,1766045,NMS
HELP,Cybin Inc.,Healthcare,Small-Cap,791391,NGM
CNTX,Context Therapeutics Inc.,Healthcare,Micro-Cap,1586075,NCM
ROMA,Roma Green Finance Limited,Industrials,Small-Cap,624896,NCM
GRRR,Gorilla Technology Group Inc.,Technology,Small-Cap,747314,NCM
ALEC,"Alector, Inc.",Healthcare,Small-Cap,935845,NMS
ALMU,"Aeluma, Inc.",Technology,Micro-Cap,526179,NCM
POWW,Outdoor Holding Company,Industrials,Micro-Cap,614274,NCM
AIRO,"AIRO Group Holdings, Inc.",Industrials,Small-Cap,642024,NGM
FLYX,"flyExclusive, Inc.",Industrials,Small-Cap,2645332,ASE
GLND,Greenland Energy Company,Energy,Micro-Cap,3177155,NGM
EGHT,8x8 Inc,Technology,Micro-Cap,1723979,NMS
VELO,"Velo3D, Inc.",Technology,Small-Cap,2227398,NCM
NUAI,"New Era Energy & Digital, Inc.",Technology,Small-Cap,4795935,NGM
VYGR,"Voyager Therapeutics, Inc.",Healthcare,Micro-Cap,717956,NMS
SVC,Service Properties Trust - Shar,Real Estate,Small-Cap,3973006,NMS
DEFT,"Defi Technologies, Inc.",Financial Services,Small-Cap,5404911,NCM
RPAY,Repay Holdings Corporation,Technology,Micro-Cap,1208996,NCM
SMWB,Similarweb Ltd.,Technology,Micro-Cap,930914,NYQ
BRCB,"Black Rock Coffee Bar, Inc.",Consumer Cyclical,Micro-Cap,568891,NGM
LODE,Comstock Inc.,Basic Materials,Small-Cap,1898135,ASE
EVTL,Vertical Aerospace Ltd.,Industrials,Micro-Cap,1752567,NYQ
BKKT,"Bakkt, Inc.",Technology,Micro-Cap,1543640,NYQ
NIU,Niu Technologies,Consumer Cyclical,Micro-Cap,506538,NGM
BZAI,"Blaize Holdings, Inc.",Technology,Micro-Cap,4620448,NGM
ENLV,Enlivex Ltd.,Healthcare,Micro-Cap,539951,NCM
IKT,"Inhibikase Therapeutics, Inc.",Healthcare,Micro-Cap,1839238,NCM
BNAI,Brand Engagement Network Inc.,Technology,Micro-Cap,5067624,NCM
ARCT,Arcturus Therapeutics Holdings ,Healthcare,Micro-Cap,508546,NGM
CMRC,"Commerce.com, Inc. - Series 1",Technology,Micro-Cap,1038506,NGM
PLG,Platinum Group Metals Ltd.,Basic Materials,Micro-Cap,3759187,ASE
STEX,Streamex Corp.,Financial Services,Micro-Cap,2089914,NCM
GIX,GIGCAPITAL9 CORP,Financial Services,Small-Cap,500245,NGM
AMTX,"Aemetis, Inc",Basic Materials,Micro-Cap,1307908,NGM
OSG,"Octave Specialty Group, Inc.",Financial Services,Micro-Cap,638446,NYQ
LTRX,"Lantronix, Inc.",Technology,Micro-Cap,983638,NCM
BLZE,"Backblaze, Inc.",Technology,Micro-Cap,821745,NGM
RNA,"Atrium Therapeutics, Inc.",Healthcare,Micro-Cap,1237004,NMS
OSUR,"OraSure Technologies, Inc.",Healthcare,Micro-Cap,531450,NMS
OPRT,Oportun Financial Corporation,Financial Services,Micro-Cap,590900,NMS
MRAM,"Everspin Technologies, Inc.",Technology,Micro-Cap,732103,NGM
NRDY,Nerdy Inc.,Technology,Micro-Cap,763438,NYQ
HRZN,Horizon Technology Finance Corp,Financial Services,Micro-Cap,1065361,NMS
CNDT,Conduent Incorporated,Technology,Micro-Cap,1547285,NMS
GORO,Gold Resource Corporation,Basic Materials,Micro-Cap,6094716,ASE
MVIS,"Microvision, Inc.",Technology,Micro-Cap,5395338,NGM
DHY,146692,Financial Services,Micro-Cap,514200,ASE
LUCD,Lucid Diagnostics Inc.,Healthcare,Micro-Cap,1291100,NCM
FLWS,"1-800-FLOWERS.COM, Inc.",Consumer Cyclical,Micro-Cap,524167,NMS
VUZI,Vuzix Corporation,Technology,Micro-Cap,1176753,NCM
OSS,"One Stop Systems, Inc.",Technology,Micro-Cap,2379280,NCM
GSIT,"GSI Technology, Inc.",Technology,Micro-Cap,1229429,NMS
ACB,Aurora Cannabis Inc.,Healthcare,Micro-Cap,886587,NCM
JACK,Jack In The Box Inc.,Consumer Cyclical,Micro-Cap,733506,NMS
OGI,Organigram Global Inc.,Healthcare,Micro-Cap,711470,NMS
ORBS,Eightco Holdings Inc.,Consumer Cyclical,Micro-Cap,17844566,NCM
MGNX,"MacroGenics, Inc.",Healthcare,Micro-Cap,1095156,NMS
CRBU,"Caribou Biosciences, Inc.",Healthcare,Micro-Cap,1237166,NMS
KLTR,"Kaltura, Inc.",Technology,Micro-Cap,644532,NMS
VERI,"Veritone, Inc.",Technology,Micro-Cap,2432275,NGM
ELME,Elme Communities,Real Estate,Micro-Cap,4147651,NYQ
STXS,"Stereotaxis, Inc.",Healthcare,Micro-Cap,510959,ASE
DPRO,Draganfly Inc.,Technology,Micro-Cap,2231783,NCM
SPCE,"Virgin Galactic Holdings, Inc.",Industrials,Micro-Cap,3521075,NYQ
NAKA,Nakamoto Inc.,Financial Services,Micro-Cap,5128043,NGM
AIRS,"AirSculpt Technologies, Inc.",Healthcare,Micro-Cap,2771896,NGM
PLBY,"Playboy, Inc.",Consumer Cyclical,Micro-Cap,1131654,NGM
PLX,"Protalix BioTherapeutics, Inc. ",Healthcare,Micro-Cap,1298135,ASE
CURV,Torrid Holdings Inc.,Consumer Cyclical,Micro-Cap,849522,NYQ
FNKO,"Funko, Inc.",Consumer Cyclical,Micro-Cap,1157245,NMS
CURI,CuriosityStream Inc.,Communication Services,Micro-Cap,500716,NCM
GRO,Brazil Potash Corp.,Basic Materials,Micro-Cap,788841,ASE
LFMD,"LifeMD, Inc.",Healthcare,Micro-Cap,1159106,NGM
BRR,"ProCap Financial, Inc.",Financial Services,Micro-Cap,734898,NGM
ACH,"Accendra Health, Inc.",Healthcare,Micro-Cap,1164367,NYQ
SGMT,Sagimet Biosciences Inc. - Seri,Healthcare,Micro-Cap,568912,NGM
ABOS,"Acumen Pharmaceuticals, Inc.",Healthcare,Micro-Cap,854950,NMS
AIRJ,AirJoule Technologies Corporati,Industrials,Micro-Cap,500583,NCM
CNTN,"Canton Strategic Holdings, Inc.",Healthcare,Micro-Cap,856579,NCM
NFE,New Fortress Energy Inc.,Energy,Micro-Cap,13867466,NMS
QSI,Quantum-Si Incorporated,Healthcare,Micro-Cap,4137274,NGM
ZNTL,"Zentalis Pharmaceuticals, Inc.",Healthcare,Micro-Cap,1276495,NGM
NPT,Texxon Holding Limited,Consumer Cyclical,Small-Cap,1061490,NCM
XRX,Xerox Holdings Corporation,Industrials,Micro-Cap,3508496,NMS
QTRX,Quanterix Corporation,Healthcare,Micro-Cap,752532,NGM
MBOT,Microbot Medical Inc.,Healthcare,Micro-Cap,1981262,NCM
NVX,NOVONIX Limited - American Depo,Industrials,Micro-Cap,929229,NGM
NNOX,NANO-X IMAGING LTD,Healthcare,Micro-Cap,988127,NGM
KALA,"KALA BIO, Inc.",Healthcare,Micro-Cap,7131388,NCM
ZIP,"ZipRecruiter, Inc.",Communication Services,Micro-Cap,1426030,NYQ
IMPP,Imperial Petroleum Inc.,Energy,Micro-Cap,759561,NCM
OXSQ,Oxford Square Capital Corp.,Financial Services,Micro-Cap,1391567,NMS
ACHV,"Achieve Life Sciences, Inc.",Healthcare,Micro-Cap,678282,NCM
CBUS,"Cibus, Inc.",Healthcare,Micro-Cap,561791,NCM
SIDU,"Sidus Space, Inc.",Industrials,Micro-Cap,20448735,NCM
CRDL,Cardiol Therapeutics Inc.,Healthcare,Micro-Cap,551179,NCM
CANG,Cango Inc.,Financial Services,Micro-Cap,1020096,NYQ
SPWR,SunPower Inc.,Technology,Micro-Cap,1457637,NGM
HRTX,"Heron Therapeutics, Inc.",Healthcare,Micro-Cap,1788182,NCM
NKTX,"Nkarta, Inc.",Healthcare,Micro-Cap,756938,NMS
TNYA,"Tenaya Therapeutics, Inc.",Healthcare,Micro-Cap,4391120,NMS
USBC,"USBC, Inc.",Technology,Micro-Cap,1549027,ASE
UIS,Unisys Corporation New,Technology,Micro-Cap,870445,NYQ
SKYX,SKYX Platforms Corp.,Industrials,Micro-Cap,1189551,NCM
LPRO,Open Lending Corporation,Financial Services,Micro-Cap,600574,NGM
ATOM,Atomera Incorporated,Technology,Micro-Cap,2313637,NCM
CDXS,"Codexis, Inc.",Healthcare,Micro-Cap,2183017,NMS
UNCY,"Unicycive Therapeutics, Inc.",Healthcare,Micro-Cap,558277,NCM
DOUG,Douglas Elliman Inc.,Real Estate,Micro-Cap,788420,NYQ
IMUX,"Immunic, Inc.",Healthcare,Micro-Cap,3493298,NCM
BDSX,"Biodesix, Inc.",Healthcare,Micro-Cap,1445745,NGM
UNG,United States Natural Gas Fund ,N/A,Micro-Cap,18716520,PCX
DGXX,Digi Power X Inc.,Utilities,Micro-Cap,2483014,NCM
FATE,"Fate Therapeutics, Inc.",Healthcare,Micro-Cap,1649454,NGM
MIST,Milestone Pharmaceuticals Inc.,Healthcare,Micro-Cap,2284856,NMS
PZG,Paramount Gold Nevada Corp.,Basic Materials,Micro-Cap,1818930,ASE
ALTS,ALT5 Sigma Corporation,Technology,Micro-Cap,3588041,NCM
GAMB,Gambling.com Group Limited,Consumer Cyclical,Micro-Cap,570595,NGM
INVZ,Innoviz Technologies Ltd.,Consumer Cyclical,Micro-Cap,3185827,NCM
HUMA,"Humacyte, Inc.",Healthcare,Micro-Cap,6940911,NMS
DHX,"DHI Group, Inc.",Technology,Micro-Cap,583522,NYQ
NPWR,NET Power Inc.,Industrials,Micro-Cap,821359,NYQ
NEOV,NeoVolta Inc.,Industrials,Micro-Cap,895109,NCM
EMPD,Empery Digital Inc.,Consumer Cyclical,Micro-Cap,1044869,NMS
AGEN,Agenus Inc.,Healthcare,Micro-Cap,611525,NCM
ZENA,"ZenaTech, Inc.",Technology,Micro-Cap,1465117,NCM
DOMO,"Domo, Inc.",Technology,Micro-Cap,1907854,NGM
EQ,"Equillium, Inc.",Healthcare,Micro-Cap,529367,NCM
KPTI,Karyopharm Therapeutics Inc.,Healthcare,Micro-Cap,989622,NMS
DXST,Decent Holding Inc.,Industrials,Micro-Cap,1963911,NCM
NAMM,Namib Minerals,Basic Materials,Micro-Cap,9684537,NGM
GPRO,"GoPro, Inc.",Technology,Micro-Cap,3756335,NMS
ANTX,"AN2 Therapeutics, Inc.",Healthcare,Micro-Cap,1367574,NMS
TLYS,"Tilly's, Inc.",Consumer Cyclical,Micro-Cap,1259375,NYQ
BDTX,"Black Diamond Therapeutics, Inc",Healthcare,Micro-Cap,726974,NMS
PEPG,PepGen Inc.,Healthcare,Micro-Cap,1227993,NMS
TTEC,"TTEC Holdings, Inc.",Technology,Micro-Cap,535335,NMS
PROP,Prairie Operating Co.,Energy,Micro-Cap,2825495,NCM
THRY,"Thryv Holdings, Inc.",Technology,Micro-Cap,1194274,NCM
INO,"Inovio Pharmaceuticals, Inc.",Healthcare,Micro-Cap,1377204,NCM
VLN,Valens Semiconductor Ltd.,Technology,Micro-Cap,1984587,NYQ
FURY,Fury Gold Mines Limited,Basic Materials,Micro-Cap,886525,ASE
CVGI,"Commercial Vehicle Group, Inc.",Consumer Cyclical,Micro-Cap,1106772,NMS
MAPS,"WM Technology, Inc.",Technology,Micro-Cap,879919,NMS
SKIN,The Beauty Health Company,Consumer Defensive,Micro-Cap,653109,NCM
BAER,Bridger Aerospace Group Holding,Industrials,Micro-Cap,847766,NGM
REKR,"Rekor Systems, Inc.",Technology,Micro-Cap,2537237,NCM
SLQT,"SelectQuote, Inc.",Financial Services,Micro-Cap,1493317,NYQ
ARQ,"Arq, Inc.",Industrials,Micro-Cap,810462,NGM
CRDF,"Cardiff Oncology, Inc.",Healthcare,Micro-Cap,1083088,NCM
BMEA,"Biomea Fusion, Inc.",Healthcare,Micro-Cap,1231159,NMS
KULR,"KULR Technology Group, Inc.",Technology,Micro-Cap,1757317,ASE
JELD,"JELD-WEN Holding, Inc.",Industrials,Micro-Cap,1678859,NYQ
ALDX,"Aldeyra Therapeutics, Inc.",Healthcare,Micro-Cap,2873219,NCM
DGNX,Diginex Limited,Industrials,Micro-Cap,3541101,NCM
HURA,"TuHURA Biosciences, Inc.",Healthcare,Micro-Cap,1647383,NCM
STIM,"Neuronetics, Inc.",Healthcare,Micro-Cap,2109227,NGM
DFDV,DeFi Development Corp.,Financial Services,Micro-Cap,1420991,NCM
TWG,Top Wealth Group Holding Limite,Consumer Defensive,Micro-Cap,890753,NCM
MERC,Mercer International Inc.,Basic Materials,Micro-Cap,595406,NMS
LGO,Largo Inc.,Basic Materials,Micro-Cap,1673908,NMS
HCAT,"Health Catalyst, Inc",Healthcare,Micro-Cap,846862,NMS
SUIG,Sui Group Holdings Limited,Financial Services,Micro-Cap,614316,NCM
SGMO,"Sangamo Therapeutics, Inc.",Healthcare,Micro-Cap,6646982,NCM
PYXS,"Pyxis Oncology, Inc.",Healthcare,Micro-Cap,670667,NMS
ONCY,Oncolytics Biotech Inc.,Healthcare,Micro-Cap,1338253,NCM
BRCC,BRC Inc.,Consumer Defensive,Micro-Cap,1043679,NYQ
PEW,GrabAGun Digital Holdings Inc.,Industrials,Micro-Cap,678780,NYQ
SRFM,Surf Air Mobility Inc.,Industrials,Micro-Cap,3054816,NYQ
SMJF,SMJ International Holdings Inc.,Consumer Cyclical,Micro-Cap,671120,ASE
FBIO,"Fortress Biotech, Inc.",Healthcare,Micro-Cap,978322,NCM
TMCI,"Treace Medical Concepts, Inc.",Healthcare,Micro-Cap,741204,NMS
SEV,Aptera Motors Corp.,N/A,Micro-Cap,643403,NCM
SAFX,"XCF Global, Inc.",Utilities,Micro-Cap,25671706,NCM
MAIA,"MAIA Biotechnology, Inc.",Healthcare,Micro-Cap,1053861,ASE
GCTS,"GCT Semiconductor Holding, Inc.",Technology,Micro-Cap,4292543,NYQ
LIDR,"AEye, Inc.",Technology,Micro-Cap,2700709,NCM
CHGG,"Chegg, Inc.",Consumer Defensive,Micro-Cap,1188712,NYQ
FLNA,"Filana Therapeutics, Inc.",Healthcare,Micro-Cap,681398,NCM
WWR,"Westwater Resources, Inc.",Basic Materials,Micro-Cap,1937614,ASE
EXFY,"Expensify, Inc.",Technology,Micro-Cap,790035,NMS
OPTT,"Ocean Power Technologies, Inc.",Industrials,Micro-Cap,14238130,ASE
ZVIA,Zevia PBC,Consumer Defensive,Micro-Cap,830551,NYQ
BLNK,Blink Charging Co.,Industrials,Micro-Cap,2650835,NCM
SLNH,"Soluna Holdings, Inc.",Financial Services,Micro-Cap,4340329,NCM
PMI,"Picard Medical, Inc.",Healthcare,Micro-Cap,767264,ASE
PLRX,"Pliant Therapeutics, Inc.",Healthcare,Micro-Cap,773358,NMS
AISP,"Airship AI Holdings, Inc",Technology,Micro-Cap,696245,NGM
GOSS,"Gossamer Bio, Inc.",Healthcare,Micro-Cap,15759243,NMS
SKYQ,Sky Quarry Inc.,Energy,Micro-Cap,4153410,NCM
MXCT,"MaxCyte, Inc.",Healthcare,Micro-Cap,1157388,NMS
ATYR,"aTyr Pharma, Inc.",Healthcare,Micro-Cap,1726485,NCM
ARBE,Arbe Robotics Ltd.,Technology,Micro-Cap,4301341,NCM
GANX,"Gain Therapeutics, Inc.",Healthcare,Micro-Cap,857632,NGM
RANI,"Rani Therapeutics Holdings, Inc",Healthcare,Micro-Cap,1168616,NGM
BATL,Battalion Oil Corporation,Energy,Micro-Cap,16282517,ASE
GUTS,"Fractyl Health, Inc.",Healthcare,Micro-Cap,5581261,NGM
GCL,GCL Global Holdings Ltd,Communication Services,Micro-Cap,942630,NMS
BDMD,Baird Medical Investment Holdin,Healthcare,Micro-Cap,2083401,NCM
INLF,INLIF LIMITED,Industrials,Micro-Cap,2224220,NCM
XTIA,"XTI Aerospace, Inc.",Industrials,Micro-Cap,2569195,NCM
CYPH,Cypherpunk Technologies Inc.,Financial Services,Micro-Cap,2543829,NCM
NRXP,"NRX Pharmaceuticals, Inc.",Healthcare,Micro-Cap,1050940,NCM
BLNE,"Beeline Holdings, Inc.",Financial Services,Micro-Cap,899870,NCM
OM,"Outset Medical, Inc.",Healthcare,Micro-Cap,737172,NMS
BTCS,BTCS Inc.,Financial Services,Micro-Cap,803638,NCM
QMCO,Quantum Corporation,Technology,Micro-Cap,520267,NGM
FSP,Franklin Street Properties Corp,Real Estate,Micro-Cap,549275,ASE
UPXI,"Upexi, Inc.",Communication Services,Micro-Cap,5590645,NCM
CGTX,"Cognition Therapeutics, Inc.",Healthcare,Micro-Cap,1063279,NCM
RYDE,Ryde Group Ltd.,Technology,Micro-Cap,2154556,ASE
IBO,"Impact BioMedical, Inc.",Healthcare,Micro-Cap,4349154,ASE
PMVP,"PMV Pharmaceuticals, Inc.",Healthcare,Micro-Cap,599875,NMS
IBIO,"iBio, Inc.",Healthcare,Micro-Cap,1737683,NCM
SLMT,Brera Holdings PLC,Communication Services,Micro-Cap,934277,NCM
AGH,Aureus Greenway Holdings Inc.,Consumer Cyclical,Micro-Cap,784629,NCM
TEAD,Teads Holding Co.,Communication Services,Micro-Cap,1881916,NMS
AGIG,Abundia Global Impact Group Inc,Utilities,Micro-Cap,1166503,ASE
HAIN,"The Hain Celestial Group, Inc.",Consumer Defensive,Micro-Cap,1992916,NMS
HOVR,New Horizon Aircraft Ltd.,Industrials,Micro-Cap,897122,NCM
MASK,3 E Network Technology Group Lt,Technology,Micro-Cap,2296921,NCM
DCGO,DocGo Inc.,Healthcare,Micro-Cap,939729,NCM
PRTS,"CarParts.com, Inc.",Consumer Cyclical,Micro-Cap,826809,NCM
CDLX,"Cardlytics, Inc. Common Stock",Communication Services,Micro-Cap,1052275,NGM
GPUS,"Hyperscale Data, Inc.",Industrials,Micro-Cap,33642611,ASE
ELBM,Electra Battery Materials Corpo,Basic Materials,Micro-Cap,1073787,NCM
TCRX,"TScan Therapeutics, Inc.",Healthcare,Micro-Cap,537841,NGM
JAGU,Jaguar Uranium Corp.,Energy,Micro-Cap,613086,ASE
CTM,"Castellum, Inc.",Technology,Micro-Cap,1314582,ASE
FFAI,Faraday Future Intelligent Elec,Consumer Cyclical,Nano-Cap,19450961,NCM
NXXT,"NextNRG, Inc.",Utilities,Micro-Cap,1731817,NCM
LUNG,Pulmonx Corporation,Healthcare,Micro-Cap,503933,NMS
AVX,Avax One Technology Ltd.,Financial Services,Micro-Cap,737046,NCM
ACRV,"Acrivon Therapeutics, Inc.",Healthcare,Micro-Cap,1732145,NGM
HYFT,MindWalk Holdings Corp.,Healthcare,Micro-Cap,513595,NCM
MREO,Mereo BioPharma Group plc,Healthcare,Micro-Cap,7897540,NCM
VHUB,"VenHub Global, Inc.",Consumer Defensive,Micro-Cap,1539936,NGM
GNS,Genius Group Limited,Consumer Defensive,Micro-Cap,914137,ASE
YIBO,Planet Image International Limi,Technology,Micro-Cap,551669,NCM
IMMP,Immutep Limited,Healthcare,Micro-Cap,1242053,NGM
INDO,Indonesia Energy Corporation Li,Energy,Micro-Cap,3009145,ASE
COCH,"Envoy Medical, Inc.",Healthcare,Micro-Cap,759845,NCM
BEAT,"Heartbeam, Inc.",Healthcare,Nano-Cap,1318203,NCM
OSTX,OS Therapies Incorporated,Healthcare,Micro-Cap,567398,ASE
ABVE,Above Food Ingredients Inc.,Consumer Defensive,Nano-Cap,2017929,NGM
STSS,Sharps Technology Inc.,Healthcare,Nano-Cap,598185,NCM
AMPG,"Amplitech Group, Inc.",Technology,Nano-Cap,770195,NCM
USEG,U.S. Energy Corp.,Energy,Nano-Cap,6293075,NCM
MDAI,"Spectral AI, Inc.",Healthcare,Nano-Cap,661319,NCM
OMEX,"Odyssey Marine Exploration, Inc",Basic Materials,Nano-Cap,941637,NCM
SRXH,"SRX Health Solutions, Inc.",Consumer Defensive,Nano-Cap,28846224,ASE
ARAY,Accuray Incorporated,Healthcare,Nano-Cap,1152116,NMS
HCHL,Happy City Holdings Limited,Consumer Cyclical,Nano-Cap,716496,NCM
EDSA,"Edesa Biotech, Inc.",Healthcare,Micro-Cap,4300332,NCM
ONMD,OneMedNet Corp,Healthcare,Nano-Cap,4006933,NCM
GIBO,GIBO Holdings Limited,Communication Services,Nano-Cap,689646,NCM
BGL,Blue Gold Limited,Basic Materials,Nano-Cap,1409291,NGM
MAMO,Massimo Group,Consumer Cyclical,Nano-Cap,803416,NCM
SNBR,Sleep Number Corporation,Consumer Cyclical,Nano-Cap,1104783,NMS
SCYX,"SCYNEXIS, Inc.",Healthcare,Nano-Cap,581048,NCM
EHTH,"eHealth, Inc.",Financial Services,Nano-Cap,764111,NMS
GRML,Greenland Mines Ltd,Basic Materials,Nano-Cap,3423787,NCM
NBY,"NovaBay Pharmaceuticals, Inc.",Healthcare,Micro-Cap,545085,ASE
UAVS,"AgEagle Aerial Systems, Inc.",Technology,Nano-Cap,5850479,ASE
ASTI,"Ascent Solar Technologies, Inc",Technology,Nano-Cap,2472280,NCM
AIIO,Robo.ai Inc.,Consumer Cyclical,Nano-Cap,7813527,NCM
KNRX,KNOREX LTD.,Technology,Nano-Cap,1701185,ASE
SMXT,Solarmax Technology Inc.,Technology,Nano-Cap,1113869,NCM
ROLR,"High Roller Technologies, Inc.",Consumer Cyclical,Nano-Cap,2436406,ASE
CYAB,"Cyabra, Inc.",Technology,Nano-Cap,609500,NGM
EONR,EON Resources Inc.,Energy,Nano-Cap,27503109,ASE
CSTE,Caesarstone Ltd.,Industrials,Nano-Cap,1048088,NMS
GWH,"ESS Tech, Inc.",Industrials,Nano-Cap,543387,NYQ
YYAI,AiRWA Inc.,Technology,Nano-Cap,1752514,NCM
RMTI,"Rockwell Medical, Inc.",Healthcare,Nano-Cap,706403,NCM
AIFF,"Firefly Neuroscience, Inc.",Technology,Nano-Cap,10179727,NCM
MOBX,"Mobix Labs, Inc.",Technology,Nano-Cap,67482975,NCM
FATN,"FatPipe, Inc.",Technology,Nano-Cap,1380820,NCM
NCI,Neo-Concept International Group,Consumer Cyclical,Nano-Cap,3380717,NCM
BCG,"Binah Capital Group, Inc.",Financial Services,Nano-Cap,546917,NGM
PDSB,PDS Biotechnology Corporation,Healthcare,Nano-Cap,597803,NCM
BTAI,"BioXcel Therapeutics, Inc.",Healthcare,Nano-Cap,1424238,NCM
AHMA,Ambitions Enterprise Management,Consumer Cyclical,Nano-Cap,1609300,NCM
TURB,"Turbo Energy, S.A.",Technology,Nano-Cap,5685225,NCM
AIRE,reAlpha Tech Corp.,Real Estate,Nano-Cap,2585291,NCM
MRNO,Murano Global Investments PLC,Real Estate,Nano-Cap,4577890,NCM
RITR,Reitar Logtech Holdings Limited,Industrials,Nano-Cap,1390290,NCM
BRLS,Borealis Foods Inc.,Consumer Defensive,Nano-Cap,1467182,NCM
OPAD,Offerpad Solutions Inc.,Real Estate,Nano-Cap,3740241,NYQ
TOP,TOP Financial Group Limited,Financial Services,Nano-Cap,690801,NCM
POM,POMDOCTOR LIMITED,Healthcare,Nano-Cap,651180,NGM
LGVN,Longeveron Inc.,Healthcare,Nano-Cap,5427819,NCM
SST,"System1, Inc.",Industrials,Nano-Cap,2112803,NYQ
HOLO,MicroCloud Hologram Inc.,Technology,Nano-Cap,682058,NCM
ATCH,"AtlasClear Holdings, Inc.",Financial Services,Nano-Cap,4371467,ASE
ARAI,Arrive AI Inc.,Technology,Nano-Cap,1018725,NGM
BIOX,Bioceres Crop Solutions Corp.,Basic Materials,Nano-Cap,931419,NMS
SLGB,Smart Logistics Global Limited,Industrials,Nano-Cap,2965816,NCM
BEEM,Beam Global,Technology,Nano-Cap,1359327,NCM
CGTL,Creative Global Technology Hold,Consumer Cyclical,Nano-Cap,1279945,NCM
PSQH,"PSQ Holdings, Inc.",Technology,Nano-Cap,1741430,NYQ
FUSE,Fusemachines Inc.,Technology,Nano-Cap,3588793,NGM
VNRX,VolitionRX Limited,Healthcare,Nano-Cap,11081022,ASE
QCLS,"Q/C Technologies, Inc.",Technology,Nano-Cap,1134883,NCM
VEEA,Veea Inc.,Technology,Nano-Cap,1484561,NGM
TDTH,Trident Digital Tech Holdings L,Technology,Nano-Cap,901429,NCM
NIXX,"Nixxy, Inc.",Industrials,Nano-Cap,816361,NCM
UFG,Uni-Fuels Holdings Limited,Industrials,Nano-Cap,901620,NCM
BANL,CBL International Limited,Energy,Nano-Cap,1061977,NCM
JOB,GEE Group Inc.,Industrials,Nano-Cap,1582570,ASE
TMDE,TMD Energy Limited,Energy,Nano-Cap,8294062,ASE
MVO,MV Oil Trust,Energy,Nano-Cap,577856,NYQ
GAME,"GameSquare Holdings, Inc.",Communication Services,Nano-Cap,982464,NCM
FEMY,Femasys Inc.,Healthcare,Nano-Cap,739280,NCM
SUUN,PowerBank Corporation,Utilities,Nano-Cap,1599703,NGM
JSPR,"Jasper Therapeutics, Inc.",Healthcare,Nano-Cap,608658,NCM
SMX,SMX (Security Matters) Public L,Industrials,Nano-Cap,513943,NCM
SER,"Serina Therapeutics, Inc.",Healthcare,Nano-Cap,4546080,ASE
LASE,Laser Photonics Corporation,Industrials,Nano-Cap,1841691,NCM
DFNS,T3 Defense Inc.,Industrials,Nano-Cap,1935240,NGM
VTGN,"VistaGen Therapeutics, Inc.",Healthcare,Nano-Cap,900504,NCM
CYN,Cyngn Inc.,Technology,Nano-Cap,3717311,NCM
CUE,"Cue Biopharma, Inc.",Healthcare,Nano-Cap,1503538,NCM
POAS,Phaos Technology Holdings (Caym,Healthcare,Nano-Cap,1129261,ASE
TPET,Trio Petroleum Corp.,Energy,Nano-Cap,35211725,ASE
CRIS,"Curis, Inc.",Healthcare,Nano-Cap,547659,NCM
EVTV,"Envirotech Vehicles, Inc.",Consumer Cyclical,Nano-Cap,28004674,NCM
OTLK,"Outlook Therapeutics, Inc.",Healthcare,Nano-Cap,3665746,NCM
BURU,"Nuburu, Inc.",Industrials,Nano-Cap,20127242,ASE
BFRG,"Bullfrog AI Holdings, Inc.",Healthcare,Nano-Cap,11185841,NCM
DFLI,Dragonfly Energy Holdings Corp,Industrials,Nano-Cap,527853,NCM
DOGZ,Dogness (International) Corpora,Consumer Cyclical,Nano-Cap,1100969,NCM
SKYE,"Skye Bioscience, Inc.",Healthcare,Nano-Cap,595459,NGM
CTXR,"Citius Pharmaceuticals, Inc.",Healthcare,Nano-Cap,552587,NCM
OBAI,"Our Bond, Inc.",Technology,Nano-Cap,1670351,NGM
AUST,Austin Gold Corp.,Basic Materials,Nano-Cap,1529150,ASE
YMT,Yimutian Inc.,Technology,Nano-Cap,1848780,NGM
AUID,authID Inc.,Technology,Nano-Cap,5724841,NCM
IINN,Inspira Technologies Oxy B.H.N.,Healthcare,Nano-Cap,610893,NCM
STAK,STAK Inc.,Energy,Nano-Cap,4860674,NCM
IVF,"INVO Fertility, Inc.",Healthcare,Nano-Cap,1417699,NCM
MSAI,"MultiSensor AI Holdings, Inc.",Technology,Nano-Cap,1497470,NCM
ACCL,Acco Group Holdings Limited,Industrials,Nano-Cap,802424,NCM
AMOD,"Alpha Modus Holdings, Inc.",Technology,Nano-Cap,2281658,NCM
RBNE,Robin Energy Ltd.,Energy,Nano-Cap,5483253,NCM
THH,TryHard Holdings Limited,Industrials,Nano-Cap,3250982,NCM
BIAF,"bioAffinity Technologies, Inc.",Healthcare,Nano-Cap,8602341,NCM
PAPL,Pineapple Financial Inc.,Financial Services,Nano-Cap,1590193,ASE
UGRO,"urban-gro, Inc.",Industrials,Nano-Cap,4954031,NCM
CMCT,Creative Media,Real Estate,Nano-Cap,661031,NCM
PASW,"Ping An Biomedical Co., Ltd.",Consumer Cyclical,Nano-Cap,3678570,NCM
PRZO,ParaZero Technologies Ltd.,Industrials,Nano-Cap,1299272,NCM
AERT,"Aeries Technology, Inc.",Industrials,Nano-Cap,578791,NCM
GNTA,Genenta Science S.p.A.,Healthcare,Nano-Cap,1055708,NCM
OSRH,"OSR Holdings, Inc.",Healthcare,Nano-Cap,1582541,NCM
LTRN,Lantern Pharma Inc.,Healthcare,Nano-Cap,509296,NCM
HIND,"Vyome Holdings, Inc.",Healthcare,Nano-Cap,856906,NCM
CURX,Curanex Pharmaceuticals Inc,Healthcare,Nano-Cap,4351200,NCM
SLAI,SOLAI Limited,Technology,Nano-Cap,709608,NYQ
DBGI,"Digital Brands Group, Inc.",Consumer Cyclical,Nano-Cap,653941,NCM
PAVM,PAVmed Inc.,Healthcare,Micro-Cap,1006385,NCM
CCHH,CCH Holdings Ltd,Consumer Cyclical,Nano-Cap,8429356,NCM
PHIO,Phio Pharmaceuticals Corp.,Healthcare,Nano-Cap,3778891,NCM
SWVL,Swvl Holdings Corp,Industrials,Nano-Cap,746777,NCM
BTTC,Black Titan Corp,N/A,Nano-Cap,1302424,NCM
BNKK,"Bonk, Inc.",Financial Services,Nano-Cap,1354337,NCM
COCP,"Cocrystal Pharma, Inc.",Healthcare,Nano-Cap,2263335,NCM
MDCX,Medicus Pharma Ltd.,Healthcare,Nano-Cap,3821820,NCM
BRN,"Barnwell Industries, Inc.",Energy,Nano-Cap,728003,ASE
BCAB,"BioAtla, Inc.",Healthcare,Nano-Cap,2298045,NCM
CAPT,Captivision Inc.,Basic Materials,Nano-Cap,1488111,NGM
EEIQ,EpicQuest Education Group Inter,Consumer Defensive,Nano-Cap,2335887,NCM
HOTH,"Hoth Therapeutics, Inc.",Healthcare,Nano-Cap,592704,NCM
GTBP,"GT Biopharma, Inc.",Healthcare,Nano-Cap,1162388,NCM
BNZI,"Banzai International, Inc.",Technology,Nano-Cap,963033,NCM
CHOW,ChowChow Cloud International Ho,Technology,Nano-Cap,7123903,ASE
GXAI,Gaxos.ai Inc.,Communication Services,Nano-Cap,11605638,NCM
PMNT,Perfect Moment Ltd.,Consumer Cyclical,Nano-Cap,1771611,ASE
MTEK,Maris-Tech Ltd.,Technology,Nano-Cap,832566,NCM
GFAI,"Guardforce AI Co., Limited",Industrials,Nano-Cap,2178601,NCM
COSM,Cosmos Health Inc.,Healthcare,Nano-Cap,805616,NCM
GDTC,CytoMed Therapeutics Limited,Healthcare,Nano-Cap,572512,NCM
CETY,"Clean Energy Technologies, Inc.",Industrials,Nano-Cap,686756,NCM
SCNX,"Scienture Holdings, Inc.",Healthcare,Nano-Cap,3342609,NCM
KAPA,"Kairos Pharma, Ltd.",Healthcare,Nano-Cap,524732,ASE
MBAI,Check-Cap Ltd.,Healthcare,Nano-Cap,2488695,NCM
BTOC,Armlogi Holding Corp.,Industrials,Nano-Cap,867037,NGM
AGRZ,Agroz Inc.,Consumer Defensive,Nano-Cap,5896361,NCM
VSEE,"VSee Health, Inc.",Healthcare,Nano-Cap,680661,NCM
AGAE,Allied Gaming & Entertainment I,Communication Services,Nano-Cap,4118727,NCM
SELX,Semilux International Ltd.,Technology,Nano-Cap,1660050,NCM
AZI,Autozi Internet Technology (Glo,Consumer Cyclical,Nano-Cap,1248580,NGM
CENN,Cenntro Inc.,Consumer Cyclical,Nano-Cap,2179245,NCM
JTAI,Jet.AI Inc.,Technology,Nano-Cap,40760867,NCM
ACXP,"Acurx Pharmaceuticals, Inc.",Healthcare,Nano-Cap,3088793,NCM
WGRX,"Wellgistics Health, Inc.",Healthcare,Nano-Cap,2636804,NCM
VRME,"VerifyMe, Inc.",Industrials,Nano-Cap,4030558,NCM
NXPL,NextPlat Corp,Technology,Nano-Cap,1334093,NCM
NXTT,Next Technology Holding Inc.,Technology,Nano-Cap,1393720,NCM
OLOX,Olenox Industries Inc.,Industrials,Nano-Cap,1477885,NCM
LNAI,Lunai Bioworks Inc.,Healthcare,Nano-Cap,15900893,NCM
ASNS,"Actelis Networks, Inc.",Technology,Nano-Cap,29605417,NCM
RETO,"ReTo Eco-Solutions, Inc.",Basic Materials,Nano-Cap,662243,NCM
AIMD,"Ainos, Inc.",Technology,Nano-Cap,638948,NCM
ASTC,Astrotech Corporation,Technology,Nano-Cap,1997848,NCM
NTCL,NETCLASS TECHNOLOGY INC,Technology,Nano-Cap,1178748,NCM
SEGG,Sports Entertainment Gaming Glo,Consumer Cyclical,Nano-Cap,11060893,NGM
PRSO,Peraso Inc.,Technology,Nano-Cap,7836843,NCM
JCSE,JE Cleantech Holdings Limited,Industrials,Nano-Cap,1606969,NCM
OXBR,Oxbridge Re Holdings Limited,Financial Services,Nano-Cap,590614,NCM
WETO,Wetour Robotics Limited,Technology,Nano-Cap,1821024,NCM
TOVX,"Theriva Biologics, Inc.",Healthcare,Nano-Cap,12157369,ASE
APRE,"Aprea Therapeutics, Inc.",Healthcare,Nano-Cap,2282995,NCM
CALC,"CalciMedica, Inc.",Healthcare,Nano-Cap,1232425,NCM
IZM,ICZOOM Group Inc.,Technology,Nano-Cap,1769319,NCM
ITOC,iTonic Holdings Ltd,Healthcare,Nano-Cap,3679122,NCM
CXAI,CXApp Inc.,Technology,Nano-Cap,10117950,NCM
DLXY,Delixy Holdings Limited,Energy,Nano-Cap,1865861,NCM
OLB,"The OLB Group, Inc.",Technology,Nano-Cap,8873643,NCM
TNON,"Tenon Medical, Inc.",Healthcare,Nano-Cap,1020329,NCM
FBGL,FBS Global Limited,Industrials,Nano-Cap,1952237,NCM
GITS,Global Interactive Technologies,Communication Services,Nano-Cap,2559729,NCM
LHSW,Lianhe Sowell International Gro,Technology,Nano-Cap,3463975,NCM
LCFY,Locafy Limited,Communication Services,Nano-Cap,729333,NCM
YCBD,"cbdMD, Inc.",Healthcare,Nano-Cap,1047127,ASE
ACON,"Aclarion, Inc.",Healthcare,Nano-Cap,849145,NCM
ATON,AlphaTON Capital Corp.,Financial Services,Nano-Cap,5846359,NCM
SUNE,"SUNation Energy, Inc.",Technology,Nano-Cap,3970175,NCM
GELS,Gelteq Limited,Healthcare,Nano-Cap,989533,NCM
HCAI,Huachen AI Parking Management T,Industrials,Nano-Cap,873927,NCM
FMFC,Kandal M Venture Limited,Consumer Cyclical,Nano-Cap,1472785,NCM
XAIR,"Beyond Air, Inc.",Healthcare,Nano-Cap,7428843,NCM
TLIH,Ten-League International Holdin,Industrials,Nano-Cap,2109575,NCM
TGHL,The GrowHub Limited,Technology,Nano-Cap,535280,NCM
WFF,WF Holding Limited,Industrials,Nano-Cap,563082,NCM
LIMN,"Liminatus Pharma, Inc.",Healthcare,Nano-Cap,8762951,NGM
MIMI,Mint Incorporation Limited,Industrials,Nano-Cap,5435375,NCM
INBS,Intelligent Bio Solutions Inc.,Healthcare,Nano-Cap,632812,NCM
CANF,Can-Fite Biopharma Ltd,Healthcare,Nano-Cap,706769,ASE
XWEL,"XWELL, Inc.",Healthcare,Nano-Cap,8662408,NCM
PN,Skycorp Solar Group Limited,Technology,Nano-Cap,846416,NCM
AMZE,"Amaze Holdings, Inc.",Technology,Nano-Cap,3308588,ASE
MSGY,Masonglory Limited,Industrials,Nano-Cap,922193,NCM
MGN,Megan Holdings Limited,Industrials,Nano-Cap,3832227,NCM
SYNX,Silynxcom Ltd.,Technology,Nano-Cap,1371901,ASE
DEVS,DevvStream Corp.,Industrials,Nano-Cap,978093,NCM
RIME,"Algorhythm Holdings, Inc.",Technology,Nano-Cap,7594453,NCM
CETX,Cemtrex Inc.,Technology,Nano-Cap,2154124,NCM
XPON,Expion360 Inc.,Industrials,Nano-Cap,1190751,NCM
MNTS,Momentus Inc.,Industrials,Nano-Cap,2895483,NCM
RMSG,Real Messenger Corporation,Technology,Nano-Cap,4789820,NCM
ORKT,Orangekloud Technology Inc.,Technology,Nano-Cap,1060206,NCM
PHGE,BiomX Inc.,Healthcare,Nano-Cap,1005350,ASE
QUCY,Mainz Biomed N.V.,Healthcare,Nano-Cap,610327,NCM
DKI,DarkIris Inc.,Communication Services,Nano-Cap,4725627,NCM
BRTX,"BioRestorative Therapies, Inc.",Healthcare,Nano-Cap,9272764,NCM
LUCY,"Innovative Eyewear, Inc.",Healthcare,Nano-Cap,3148822,NCM
MGRX,"Mangoceuticals, Inc.",Healthcare,Nano-Cap,12490548,NCM
ERNA,Ernexa Therapeutics Inc.,Healthcare,Nano-Cap,1692522,NCM
CDIO,Cardio Diagnostics Holdings Inc,Healthcare,Nano-Cap,4003158,NCM
CYCN,"Cyclerion Therapeutics, Inc.",Healthcare,Nano-Cap,5934879,NCM
HTCR,"Heartcore Enterprises, Inc.",Technology,Nano-Cap,601241,NCM
GSUN,Golden Sun Technology Group Lim,Consumer Defensive,Nano-Cap,1637725,NCM
AGPU,Axe Compute Inc.,Technology,Nano-Cap,1744730,NCM
HCWC,Healthy Choice Wellness Corp.,Consumer Defensive,Nano-Cap,1501667,ASE
QNCX,"Quince Therapeutics, Inc.",Healthcare,Nano-Cap,68633796,NMS
SOPA,Society Pass Incorporated,Communication Services,Nano-Cap,1404512,NCM
SPHL,SPRINGVIEW HOLDINGS LTD,Consumer Cyclical,Nano-Cap,2067387,NCM
BKYI,"BIO-key International, Inc.",Industrials,Nano-Cap,3230920,NCM
IOTR,iOThree Limited,Communication Services,Nano-Cap,1380032,NCM
ARTL,"Artelo Biosciences, Inc.",Healthcare,Nano-Cap,2771685,NCM
ANY,Sphere 3D Corp.,Financial Services,Nano-Cap,582158,NCM
CJMB,Callan JMB Inc.,Industrials,Nano-Cap,3614093,NCM
HXHX,Haoxin Holdings Limited,Industrials,Nano-Cap,1865540,NCM
SOWG,Sow Good Inc.,Consumer Defensive,Nano-Cap,1623653,NCM
POLA,"Polar Power, Inc.",Industrials,Nano-Cap,2609090,NCM
CREG,Smart Powerr Corp.,Utilities,Nano-Cap,1954653,NCM
GP,GreenPower Motor Company Inc.,Industrials,Nano-Cap,1523420,NCM
CHNR,"China Natural Resources, Inc.",Basic Materials,Nano-Cap,740306,NCM
GVH,Globavend Holdings Limited - Or,Industrials,Nano-Cap,1922079,NCM
SILO,"Silo Pharma, Inc.",Healthcare,Nano-Cap,947425,NCM
DAIC,"CID HoldCo, Inc.",Technology,Nano-Cap,621070,NGM
ASBP,"Aspire Biopharma Holdings, Inc.",Healthcare,Nano-Cap,1071994,NCM
VEEE,Twin Vee PowerCats Co.,Consumer Cyclical,Nano-Cap,5724804,NCM
ABTS,Abits Group Inc,Financial Services,Nano-Cap,672559,NCM
TDIC,Dreamland Limited,Communication Services,Nano-Cap,1399174,NCM
NOTE,"FiscalNote Holdings, Inc.",Technology,Nano-Cap,643952,NYQ
WNW,Meiwu Technology Company Limite,Consumer Cyclical,Nano-Cap,23431622,NCM
YMAT,"J-Star Holding Co., Ltd.",Basic Materials,Nano-Cap,1265975,NCM
XHLD,"TEN Holdings, Inc.",Communication Services,Nano-Cap,3047162,NCM
TNMG,TNL Mediagene,Communication Services,Nano-Cap,518387,NCM
JAGX,"Jaguar Health, Inc.",Healthcare,Nano-Cap,3792137,NCM
MI,NFT Limited,Consumer Cyclical,Nano-Cap,1412533,ASE
AMIX,"Autonomix Medical, Inc.",Healthcare,Nano-Cap,972461,NCM
YYGH,YY Group Holding Limited,Consumer Cyclical,Nano-Cap,618977,NCM
REVB,"Revelation Biosciences, Inc.",Healthcare,Nano-Cap,653193,NCM
MSS,Maison Solutions Inc.,Consumer Defensive,Nano-Cap,1462377,NCM
SXTP,"60 Degrees Pharmaceuticals, Inc",Healthcare,Nano-Cap,4499431,NCM
MLEC,Moolec Science SA,Healthcare,Nano-Cap,1347437,NCM
IOBT,"IO Biotech, Inc.",Healthcare,Nano-Cap,12296561,NMS
ALBT,Avalon GloboCare Corp.,Real Estate,Nano-Cap,6608256,NCM
GBR,"New Concept Energy, Inc",Real Estate,Nano-Cap,702811,ASE
RENX,RenX Enterprises Corp.,Real Estate,Nano-Cap,2959854,NCM
ZSPC,"zSpace, Inc.",Technology,Nano-Cap,1289196,NCM
DCX,Digital Currency X Technology I,Consumer Cyclical,Nano-Cap,523630,NCM
CDTG,CDT Environmental Technology In,Industrials,Nano-Cap,862830,NCM
DRMA,"Dermata Therapeutics, Inc.",Healthcare,Nano-Cap,2051450,NCM
CODX,"Co-Diagnostics, Inc.",Healthcare,Nano-Cap,1185169,NCM
LXEH,"Lixiang Education Holding Co., ",Consumer Defensive,Nano-Cap,1318672,NGM
AZTR,Azitra Inc,Healthcare,Nano-Cap,12545720,ASE
SHPH,Shuttle Pharmaceuticals Holding,Healthcare,Nano-Cap,2608416,NCM
KIDZ,"Classover Holdings, Inc.",Consumer Defensive,Nano-Cap,2176601,NCM
EZRA,"Reliance Global Group, Inc.",Financial Services,Nano-Cap,16386622,NCM
SOAR,"Volato Group, Inc.",Industrials,Nano-Cap,3831495,ASE
VIVS,"VivoSim Labs, Inc.",Healthcare,Nano-Cap,1644306,NCM
OCG,Oriental Culture Holding LTD,Consumer Cyclical,Nano-Cap,2002133,NCM
RUBI,Rubico Inc.,Industrials,Nano-Cap,3286749,NCM
MEHA,"Functional Brands, Inc.",Consumer Defensive,Nano-Cap,4113330,NCM
NXTS,Nexentis Technologies Inc.,Basic Materials,Nano-Cap,898406,NCM
ORIS,Oriental Rise Holdings Limited,Consumer Defensive,Nano-Cap,810732,NCM
CNEY,CN Energy Group Inc.,Basic Materials,Nano-Cap,2053667,NCM
MNDR,Mobile-health Network Solutions,Healthcare,Nano-Cap,1130214,NCM
NCL,Northann Corp.,Consumer Cyclical,Nano-Cap,671127,ASE
ELAB,PMGC Holdings Inc.,Healthcare,Nano-Cap,4831422,NCM
VCIG,VCI Global Limited,Industrials,Nano-Cap,664844,NCM
HCTI,"Healthcare Triangle, Inc.",Healthcare,Nano-Cap,710956,NCM
GNPX,"Genprex, Inc.",Healthcare,Nano-Cap,1026380,NCM
GNLN,"Greenlane Holdings, Inc.",Consumer Defensive,Nano-Cap,644012,NCM
IVDA,"Iveda Solutions, Inc.",Industrials,Nano-Cap,4370083,NCM
ELPW,Elong Power Holding Limited,Industrials,Nano-Cap,761947,NGM
KITT,"Nauticus Robotics, Inc.",Industrials,Nano-Cap,4889630,NCM
ZONE,CleanCore Solutions Inc.,Industrials,Nano-Cap,2330020,ASE
TRNR,Interactive Strength Inc.,Consumer Cyclical,Nano-Cap,824691,NCM
VSME,VS Media Holdings Limited,Communication Services,Nano-Cap,2327303,NCM
JEM,707 Cayman Holdings Limited,Consumer Cyclical,Nano-Cap,9667517,NCM
QH,Quhuo Limited - American Deposi,Technology,Nano-Cap,5083004,NGM
AIOS,AIOS Tech Inc.,Technology,Nano-Cap,1676459,NCM
PMAX,Powell Max Limited,Industrials,Nano-Cap,1450793,NCM
ATPC,Agape ATP Corporation,Consumer Defensive,Nano-Cap,2205598,NCM
ICON,Icon Energy Corp.,Industrials,Nano-Cap,1006240,NCM
FEED,"ENvue Medical, Inc.",Healthcare,Nano-Cap,12504669,NCM
NCPL,Netcapital Inc.,Financial Services,Nano-Cap,793745,NCM
OGEN,Oragenics Inc.,Healthcare,Nano-Cap,529030,ASE
NUWE,"Nuwellis, Inc.",Healthcare,Nano-Cap,2122883,NCM
AIM,AIM ImmunoTech Inc.,Healthcare,Nano-Cap,4553358,ASE
BIYA,Baiya International Group Inc.,Technology,Nano-Cap,677398,NCM
VTAK,"Catheter Precision, Inc.",Healthcare,Nano-Cap,1098775,ASE
FRGT,"Freight Technologies, Inc.",Technology,Nano-Cap,819133,NCM
FCHL,Fitness Champs Holdings Limited,Consumer Defensive,Nano-Cap,1265681,NCM
SMTK,"SmartKem, Inc.",Technology,Nano-Cap,841270,NCM
DRCT,"Direct Digital Holdings, Inc.",Communication Services,Nano-Cap,2600553,NCM
XTKG,"X3 Holdings Co., Ltd.",Technology,Nano-Cap,1051085,NCM
CISS,C3is Inc.,Industrials,Nano-Cap,3727976,NCM
HCWB,HCW Biologics Inc.,Healthcare,Nano-Cap,8178125,NCM
IBG,Innovation Beverage Group Limit,Consumer Defensive,Nano-Cap,640744,NCM
IMTE,Integrated Media Technology Lim,Technology,Nano-Cap,1241469,NCM
WORX,SCWorx Corp.,Healthcare,Nano-Cap,13429141,NCM
ENSC,"Ensysce Biosciences, Inc.",Healthcare,Nano-Cap,6017732,NCM
AEHL,Antelope Enterprise Holdings Li,Industrials,Nano-Cap,860066,NCM
LRHC,La Rosa Holdings Corp.,Real Estate,Nano-Cap,2917892,NCM
CCTG,CCSC Technology International H,Industrials,Nano-Cap,546585,NCM
HKIT,Hitek Global Inc.,Technology,Nano-Cap,31961167,NCM
AKAN,Akanda Corp.,Healthcare,Nano-Cap,931884,NCM
PPCB,"Propanc Biopharma, Inc.",Healthcare,Nano-Cap,1967303,NCM
VRAX,Virax Biolabs Group Limited,Healthcare,Nano-Cap,4253111,NCM
AIXI,XIAO-I Corporation,Technology,Nano-Cap,10636711,NGM
PRFX,PRF Technologies Ltd.,Healthcare,Nano-Cap,524538,NCM
RPGL,Republic Power Group Limited,Technology,Nano-Cap,1084336,NCM
ISPC,iSpecimen Inc.,Healthcare,Nano-Cap,7618129,NCM
GV,Visionary Holdings Inc.,Consumer Defensive,Nano-Cap,14942516,NCM
BNRG,Brenmiller Energy Ltd,Utilities,Nano-Cap,768760,NCM
WHLR,Wheeler Real Estate Investment ,Real Estate,Nano-Cap,669081,NCM
RAYA,Erayak Power Solution Group Inc,Industrials,Nano-Cap,1419224,NCM
JZXN,"Jiuzi Holdings, Inc.",Consumer Cyclical,Nano-Cap,3397612,NCM
BOXL,Boxlight Corporation,Technology,Nano-Cap,6790064,NCM
SBEV,"Splash Beverage Group, Inc. (NV",Consumer Defensive,Nano-Cap,1335983,ASE
GMEX,GMEX ROBOTICS CORPORATION,Technology,Nano-Cap,1169922,NCM
ONCO,"Onconetix, Inc.",Healthcare,Nano-Cap,1319308,NCM
NVVE,Nuvve Holding Corp.,Consumer Cyclical,Nano-Cap,2677317,NCM
UCAR,U Power Limited,Consumer Cyclical,Nano-Cap,3794292,NCM
PAVS,Paranovus Entertainment Technol,Consumer Defensive,Nano-Cap,939882,NCM
VSA,VisionSys AI Inc.,Consumer Defensive,Nano-Cap,6199717,NCM
GCTK,"GlucoTrack, Inc.",Healthcare,Nano-Cap,925169,NCM
RDGT,"Ridgetech, Inc.",Healthcare,Nano-Cap,18118420,NCM
BDRX,Biodexa Pharmaceuticals plc,Healthcare,Nano-Cap,2198577,NCM
KUST,"Kustom Entertainment, Inc.",Communication Services,Nano-Cap,2499586,NCM
LNKS,Linkers Industries Limited,Industrials,Nano-Cap,48423058,NCM
HUBC,Hub Cyber Security Ltd.,Technology,Nano-Cap,6197194,NCM
LBGJ,Li Bang International Corporati,Industrials,Nano-Cap,544043,NCM
BNO,"United States Brent Oil Fund, L",N/A,Nano-Cap,4379508,PCX
IBIT,iShares Bitcoin Trust ETF,N/A,Nano-Cap,66950512,NGM
GSOL,Grayscale Solana Staking ETF,N/A,Nano-Cap,1194324,PCX
BAR,GraniteShares Gold Trust Shares,N/A,Nano-Cap,1350883,PCX
PLTM,GraniteShares Platinum Shares E,N/A,Nano-Cap,1181191,PCX
BSOL,Bitwise Solana Staking ETF,N/A,Nano-Cap,2206183,PCX
OUNZ,VanEck Merk Gold ETF,N/A,Nano-Cap,2206108,PCX
BPRE,N/A,Financial Services,Nano-Cap,826259,NYQ
BTC,Grayscale Bitcoin Mini Trust (B,N/A,Nano-Cap,4765311,PCX
UUP,Invesco DB USD Index Bullish Fu,N/A,Nano-Cap,2174111,PCX
XRP,Bitwise XRP ETF,N/A,Nano-Cap,625906,PCX
PLYX,"Polaryx Therapeutics, Inc.",Healthcare,Nano-Cap,2553423,NCM
JAN,"Janus Living, Inc.",Real Estate,Mid-Cap,3394160,NYQ
XNDU,Xanadu Quantum Technologies Lim,Technology,Nano-Cap,866344,NGM
RVI,Robinhood Ventures Fund I,Financial Services,Nano-Cap,821310,NYQ
VCX,N/A,,Nano-Cap,768354,NYQ
ETHE,Grayscale Ethereum Staking ETF ,N/A,Nano-Cap,6020720,PCX
OPTU,"Optimum Communications, Inc.",Communication Services,Nano-Cap,2314169,NYQ
ETH,Grayscale Ethereum Staking Mini,N/A,Nano-Cap,8552735,PCX
ETHW,Bitwise Ethereum ETF,N/A,Nano-Cap,1706140,PCX
BITB,Bitwise Bitcoin ETF,N/A,Nano-Cap,3710712,PCX
SIVR,abrdn Physical Silver Shares ET,N/A,Nano-Cap,5017233,PCX
PICS,PicS N.V.,Technology,Small-Cap,1080368,NMS
GLDM,SPDR Gold MiniShares Trust,N/A,Nano-Cap,12206529,PCX
IAUM,iShares Gold Trust Micro Shares,N/A,Nano-Cap,8294370,PCX
SGOL,abrdn Physical Gold Shares ETF,N/A,Nano-Cap,7776114,PCX
PPLT,abrdn Physical Platinum Shares ,N/A,Nano-Cap,869325,PCX
TSM,Taiwan Semiconductor Manufactur,Technology,Mega-Cap,14056903,NYQ
ETHA,iShares Ethereum Trust ETF,N/A,Nano-Cap,43804408,NGM
HMH,HMH Holding Inc. Class A Common Stock,Energy,Small-Cap,1310000,NGM
VIVO,VivoPower PLC,Technology,Nano-Cap,872356,NCM
VGNT,N/A,Consumer Cyclical,Small-Cap,6850080,NYQ
ETHB,iShares Staked Ethereum Trust E,N/A,Nano-Cap,777662,NGM
CSHR,CoinShares PLC Ordinary Shares,Financial Services,Small-Cap,654500,NGM
FSSL,FS Specialty Lending Fund,N/A,Nano-Cap,596490,NYQ
AIB,BlockchAIn Digital Infrastructu,Technology,Micro-Cap,2063846,ASE
GOOG,Alphabet Inc.,Communication Services,Mega-Cap,22266683,NMS
PBR-A,Petroleo Brasileiro S.A. Petrob,Energy,Large-Cap,12708508,NYQ
OXY,Occidental Petroleum Corporatio,Energy,Large-Cap,16498474,NYQ
FOX,Fox Corporation,Communication Services,Large-Cap,1877706,NMS
FWONK,Liberty Media Corporation - Ser,Communication Services,Large-Cap,2154954,NMS
EXAS,Exact Sciences Corporation,Healthcare,Large-Cap,2473639,NCM
Z,"Zillow Group, Inc.",Communication Services,Mid-Cap,4554243,NMS
NWS,News Corporation,Communication Services,Large-Cap,1618456,NMS
FNGD,MicroSectors FANG  Index -3X In,N/A,Large-Cap,2011839,PCX
BF-B,Brown Forman Inc,Consumer Defensive,Large-Cap,6050045,NYQ
LBRDK,Liberty Broadband Corporation,Communication Services,Mid-Cap,1220932,NMS
NGD,New Gold Inc.,Basic Materials,Mid-Cap,17711055,ASE
LBTYK,Liberty Global Ltd.,Communication Services,Mid-Cap,1222951,NMS
TGNA,TEGNA Inc,Communication Services,Mid-Cap,1795466,NYQ
UA,"Under Armour, Inc.",Consumer Cyclical,Mid-Cap,4587181,NYQ
LILAK,Liberty Latin America Ltd.,Communication Services,Small-Cap,967251,NMS
DVS,Dolly Varden Silver Corporation,Basic Materials,Small-Cap,1507729,ASE
STRC,Strategy Inc - Variable Rate Se,Technology,Nano-Cap,1721051,NMS
UOKA,MDJM LTD,Consumer Cyclical,Nano-Cap,618487,NGM
ULY,Urgent.ly Inc.,Technology,Nano-Cap,711366,NGM
CMBM,Cambium Networks Corporation,Technology,Nano-Cap,517230,NGM
ITRM,Iterum Therapeutics plc,Healthcare,Nano-Cap,15822292,NCM
DTCK,Davis Commodities Limited,Consumer Defensive,Nano-Cap,789777,NGM
BA-PA,Boeing Company (The) Depositary,N/A,Nano-Cap,1086897,NYQ
NEE-PV,"NextEra Energy, Inc. 7.375% Cor",Utilities,Nano-Cap,2411207,NYQ
FNGU,MicroSectors FANG+ 3X Leveraged,N/A,Nano-Cap,6452351,PCX
GDXD,MicroSectors Gold Miners -3X In,N/A,Nano-Cap,1334925,PCX
BULZ,MicroSectors FANG & Innovation ,N/A,Nano-Cap,2367893,PCX
SHNY,MicroSectors Gold 3X Leveraged ,N/A,Nano-Cap,1475459,PCX
GDXU,MicroSectors Gold Miners 3X Lev,N/A,Nano-Cap,1098135,PCX
PPLC,PPL Corporation Corporate,Utilities,Nano-Cap,1043307,NYQ
CORN,Teucrium Corn Fund ETV,N/A,Nano-Cap,568200,PCX
WEAT,Teucrium Wheat Fund ETV,N/A,Nano-Cap,625391,PCX
AGQ,ProShares Ultra Silver,N/A,Nano-Cap,8490375,PCX
BOIL,ProShares Ultra Bloomberg Natur,N/A,Nano-Cap,15409850,PCX
GLL,ProShares UltraShort Gold,N/A,Nano-Cap,9658175,PCX
KOLD,ProShares UltraShort Bloomberg ,N/A,Nano-Cap,10897732,PCX
ZSL,ProShares UltraShort Silver,N/A,Nano-Cap,21728910,PCX
UGL,ProShares Ultra Gold,N/A,Nano-Cap,6249737,PCX
SCO,ProShares UltraShort Bloomberg ,N/A,Nano-Cap,17432000,PCX
UCO,ProShares Ultra Bloomberg Crude,N/A,Nano-Cap,9097088,PCX
ORCL-PD,Oracle Corporation Depositary S,N/A,Nano-Cap,1518194,NYQ
CPER,United States Copper Index Fund,N/A,Nano-Cap,1419479,PCX
KKR-PD,KKR & Co. Inc. 6.25% Series D M,Financial Services,Nano-Cap,600174,NYQ
FMACU,FirstMark Horizon Acquisition Corp.,Financial Services,Nano-Cap,1009220,NGM
OPENW,N/A,,Nano-Cap,500982,NMS
OPENZ,N/A,,Nano-Cap,541735,NMS
C-PR,Citigroup Inc. Depositary Share,Financial Services,Nano-Cap,657967,NYQ
IPFXU,N/A,Financial Services,Nano-Cap,1641900,NGM
QADRU,QDRO Acquisition Corp.,Financial Services,Nano-Cap,1297840,NGM
VGNT-WI,Versigent PLC,,Nano-Cap,6850089,NYQ
BHAVU,BHAV Acquisition Corp UNIT 1 CL,Financial Services,Nano-Cap,511054,NGM
KPET-UN,N/A,Financial Services,Nano-Cap,2608996,NYQ
