ticker,name,sector,cap_tier,avg_volume,exchange
NVDA,NVIDIA Corporation,Technology,Mega-Cap,181968444,NMS
AAPL,Apple Inc.,Technology,Mega-Cap,48021940,NMS
GOOGL,Alphabet Inc.,Communication Services,Mega-Cap,36950268,NMS
MSFT,Microsoft Corporation,Technology,Mega-Cap,29196621,NMS
AMZN,"Amazon.com, Inc.",Consumer Cyclical,Mega-Cap,41671544,NMS
META,"Meta Platforms, Inc.",Communication Services,Mega-Cap,17606649,NMS
TSLA,"Tesla, Inc.",Consumer Cyclical,Mega-Cap,72693622,NMS
AVGO,Broadcom Inc.,Technology,Mega-Cap,30930149,NMS
BRK-B,Berkshire Hathaway Inc. New,Financial Services,Mega-Cap,4982516,NYQ
WMT,Walmart Inc.,Consumer Defensive,Mega-Cap,29655175,NMS
LLY,Eli Lilly and Company,Healthcare,Mega-Cap,3444257,NYQ
JPM,JP Morgan Chase & Co.,Financial Services,Mega-Cap,10133150,NYQ
V,Visa Inc.,Financial Services,Mega-Cap,7206698,NYQ
SPY,State Street SPDR S&P 500 ETF T,N/A,Mega-Cap,82487719,PCX
XOM,Exxon Mobil Corporation,Energy,Mega-Cap,17798213,NYQ
JNJ,Johnson & Johnson,Healthcare,Mega-Cap,9046652,NYQ
ASML,ASML Holding N.V. - New York Re,Technology,Mega-Cap,1706544,NMS
MA,Mastercard Incorporated,Financial Services,Mega-Cap,3345862,NYQ
COST,Costco Wholesale Corporation,Consumer Defensive,Mega-Cap,2732752,NMS
MU,"Micron Technology, Inc.",Technology,Mega-Cap,31770618,NMS
ORCL,Oracle Corporation,Technology,Mega-Cap,28155157,NYQ
BAC,Bank of America Corporation,Financial Services,Mega-Cap,37362224,NYQ
HD,"Home Depot, Inc. (The)",Consumer Cyclical,Mega-Cap,4627503,NYQ
ABBV,AbbVie Inc.,Healthcare,Mega-Cap,6407665,NYQ
BABA,Alibaba Group Holding Limited,Consumer Cyclical,Mega-Cap,12502057,NYQ
PG,Procter & Gamble Company (The),Consumer Defensive,Mega-Cap,10844131,NYQ
CVX,Chevron Corporation,Energy,Mega-Cap,10463616,NYQ
NFLX,"Netflix, Inc.",Communication Services,Mega-Cap,46245611,NMS
KO,Coca-Cola Company (The),Consumer Defensive,Mega-Cap,17513298,NYQ
PLTR,Palantir Technologies Inc.,Technology,Mega-Cap,45576086,NMS
AMD,"Advanced Micro Devices, Inc.",Technology,Mega-Cap,40042508,NMS
GE,GE Aerospace,Industrials,Mega-Cap,5116211,NYQ
CAT,"Caterpillar, Inc.",Industrials,Mega-Cap,2613027,NYQ
CSCO,"Cisco Systems, Inc.",Technology,Mega-Cap,22102477,NMS
HSBC,"HSBC Holdings, plc.",Financial Services,Mega-Cap,1809849,NYQ
MRK,"Merck & Company, Inc.",Healthcare,Mega-Cap,14676431,NYQ
NVS,Novartis AG,Healthcare,Mega-Cap,1767860,NYQ
WFC,Wells Fargo & Company,Financial Services,Mega-Cap,14823947,NYQ
MS,Morgan Stanley,Financial Services,Mega-Cap,6134026,NYQ
PM,Philip Morris International Inc,Consumer Defensive,Mega-Cap,5714703,NYQ
GS,"Goldman Sachs Group, Inc. (The)",Financial Services,Mega-Cap,2239044,NYQ
IBM,International Business Machines,Technology,Mega-Cap,4354531,NYQ
RTX,RTX Corporation,Industrials,Mega-Cap,5140144,NYQ
LRCX,Lam Research Corporation,Technology,Mega-Cap,12079768,NMS
UNH,UnitedHealth Group Incorporated,Healthcare,Mega-Cap,8702063,NYQ
AXP,American Express Company,Financial Services,Mega-Cap,2778439,NYQ
INTC,Intel Corporation,Technology,Mega-Cap,101755265,NMS
RY,Royal Bank Of Canada,Financial Services,Mega-Cap,1263149,NYQ
QQQ,"Invesco QQQ Trust, Series 1",N/A,Mega-Cap,56659013,NGM
AMAT,"Applied Materials, Inc.",Technology,Mega-Cap,7691839,NMS
SAP,SAP  SE,Technology,Mega-Cap,2117104,NYQ
MCD,McDonald's Corporation,Consumer Cyclical,Mega-Cap,3229634,NYQ
PEP,"Pepsico, Inc.",Consumer Defensive,Mega-Cap,8291027,NMS
TMUS,"T-Mobile US, Inc.",Communication Services,Mega-Cap,5538981,NMS
SHEL,Shell PLC,Energy,Mega-Cap,4918090,NYQ
LIN,Linde plc,Basic Materials,Mega-Cap,2747904,NMS
TMO,Thermo Fisher Scientific Inc,Healthcare,Mega-Cap,1997793,NYQ
C,"Citigroup, Inc.",Financial Services,Mega-Cap,13675998,NYQ
MUFG,"Mitsubishi UFJ Financial Group,",Financial Services,Mega-Cap,3699549,NYQ
NVO,Novo Nordisk A/S,Healthcare,Mega-Cap,21668618,NYQ
TXN,Texas Instruments Incorporated,Technology,Mega-Cap,7845383,NMS
GEV,GE Vernova Inc.,Industrials,Mega-Cap,3349629,NYQ
VZ,Verizon Communications Inc.,Communication Services,Large-Cap,29476221,NYQ
AMGN,Amgen Inc.,Healthcare,Mega-Cap,2925831,NMS
T,AT&T Inc.,Communication Services,Large-Cap,42852975,NYQ
RIO,Rio Tinto Plc,Basic Materials,Large-Cap,3601134,NYQ
DIS,Walt Disney Company (The),Communication Services,Large-Cap,12132191,NYQ
CRM,"Salesforce, Inc.",Technology,Large-Cap,8987498,NYQ
ABT,Abbott Laboratories,Healthcare,Large-Cap,8580906,NYQ
SCHW,Charles Schwab Corporation (The,Financial Services,Large-Cap,9022039,NYQ
NEE,"NextEra Energy, Inc.",Utilities,Large-Cap,9820906,NYQ
BHP,BHP Group Limited,Basic Materials,Large-Cap,3489934,NYQ
BA,Boeing Company (The),Industrials,Large-Cap,8438752,NYQ
SAN,"Banco Santander, S.A. Sponsored",Financial Services,Large-Cap,5404198,NYQ
GILD,"Gilead Sciences, Inc.",Healthcare,Large-Cap,7255822,NMS
HDB,HDFC Bank Limited,Financial Services,Large-Cap,4691888,NYQ
KLAC,KLA Corporation,Technology,Large-Cap,1082434,NMS
ISRG,"Intuitive Surgical, Inc.",Healthcare,Large-Cap,1905611,NMS
TJX,"TJX Companies, Inc. (The)",Consumer Cyclical,Large-Cap,5578172,NYQ
BX,Blackstone Inc.,Financial Services,Large-Cap,4341867,NYQ
BLK,"BlackRock, Inc.",Financial Services,Large-Cap,657259,NYQ
ANET,"Arista Networks, Inc.",Technology,Large-Cap,7793895,NYQ
TD,Toronto Dominion Bank (The),Financial Services,Large-Cap,2293498,NYQ
SCCO,Southern Copper Corporation,Basic Materials,Large-Cap,1741920,NYQ
TTE,TotalEnergies SE,Energy,Large-Cap,1270775,NYQ
APH,Amphenol Corporation,Technology,Large-Cap,9339221,NYQ
QCOM,QUALCOMM Incorporated,Technology,Large-Cap,9209124,NMS
HON,Honeywell International Inc.,Industrials,Large-Cap,4310326,NMS
ADI,"Analog Devices, Inc.",Technology,Large-Cap,3944752,NMS
DHR,Danaher Corporation,Healthcare,Large-Cap,3673914,NYQ
LOW,"Lowe's Companies, Inc.",Consumer Cyclical,Large-Cap,3084872,NYQ
UL,Unilever PLC,Consumer Defensive,Large-Cap,2828194,NYQ
UBER,"Uber Technologies, Inc.",Technology,Large-Cap,20180463,NYQ
DE,Deere & Company,Industrials,Large-Cap,1501027,NYQ
PFE,"Pfizer, Inc.",Healthcare,Large-Cap,58200760,NYQ
ACN,Accenture plc,Technology,Large-Cap,4205142,NYQ
SHOP,Shopify Inc.,Technology,Large-Cap,8423408,NMS
UNP,Union Pacific Corporation,Industrials,Large-Cap,3255473,NYQ
BBVA,Banco Bilbao Vizcaya Argentaria,Financial Services,Large-Cap,1528586,NYQ
BUD,Anheuser-Busch Inbev SA Sponsor,Consumer Defensive,Large-Cap,1961968,NYQ
PDD,PDD Holdings Inc.,Consumer Cyclical,Large-Cap,8735168,NMS
COF,Capital One Financial Corporati,Financial Services,Large-Cap,4667385,NYQ
SPGI,S&P Global Inc.,Financial Services,Large-Cap,1716480,NYQ
ETN,"Eaton Corporation, PLC",Industrials,Large-Cap,3058319,NYQ
UBS,UBS Group AG Registered,Financial Services,Large-Cap,2107775,NYQ
LMT,Lockheed Martin Corporation,Industrials,Large-Cap,1688655,NYQ
SYK,Stryker Corporation,Healthcare,Large-Cap,1832483,NYQ
SMFG,Sumitomo Mitsui Financial Group,Financial Services,Large-Cap,2091470,NYQ
COP,ConocoPhillips,Energy,Large-Cap,7860734,NYQ
BTI,British American Tobacco  Indus,Consumer Defensive,Large-Cap,3775204,NYQ
SONY,Sony Group Corporation,Technology,Large-Cap,5079108,NYQ
CB,Chubb Limited,Financial Services,Large-Cap,1708001,NYQ
APP,Applovin Corporation,Communication Services,Large-Cap,4820857,NMS
MDT,Medtronic plc.,Healthcare,Large-Cap,7544342,NYQ
NEM,Newmont Corporation,Basic Materials,Large-Cap,9674229,NYQ
WELL,Welltower Inc.,Real Estate,Large-Cap,3360081,NYQ
PLD,"Prologis, Inc.",Real Estate,Large-Cap,3535140,NYQ
IBKR,"Interactive Brokers Group, Inc.",Financial Services,Large-Cap,4526767,NMS
INTU,Intuit Inc.,Technology,Large-Cap,2421473,NMS
PH,Parker-Hannifin Corporation,Industrials,Large-Cap,671737,NYQ
VRTX,Vertex Pharmaceuticals Incorpor,Healthcare,Large-Cap,1394016,NMS
PGR,Progressive Corporation (The),Financial Services,Large-Cap,3439534,NYQ
CMCSA,Comcast Corporation,Communication Services,Large-Cap,38761916,NMS
GLD,SPDR Gold Shares,N/A,Large-Cap,17099796,PCX
BMY,Bristol-Myers Squibb Company,Healthcare,Large-Cap,14579673,NYQ
ADBE,Adobe Inc.,Technology,Large-Cap,4502303,NMS
NOW,"ServiceNow, Inc.",Technology,Large-Cap,12635770,NYQ
SNY,Sanofi,Healthcare,Large-Cap,2929704,NMS
GSK,GSK plc,Healthcare,Large-Cap,4520678,NYQ
HCA,"HCA Healthcare, Inc.",Healthcare,Large-Cap,1233791,NYQ
MFG,"Mizuho Financial Group, Inc. Sp",Financial Services,Large-Cap,3591209,NYQ
PANW,"Palo Alto Networks, Inc.",Technology,Large-Cap,6360272,NMS
BSX,Boston Scientific Corporation,Healthcare,Large-Cap,12148226,NYQ
ARM,Arm Holdings plc,Technology,Large-Cap,5442632,NMS
IBN,ICICI Bank Limited,Financial Services,Large-Cap,6190845,NYQ
SBUX,Starbucks Corporation,Consumer Cyclical,Large-Cap,9998578,NMS
ENB,Enbridge Inc,Energy,Large-Cap,4408857,NYQ
MO,"Altria Group, Inc.",Consumer Defensive,Large-Cap,9797173,NYQ
CME,CME Group Inc.,Financial Services,Large-Cap,1977008,NMS
CRWD,"CrowdStrike Holdings, Inc.",Technology,Large-Cap,2543781,NMS
MELI,"MercadoLibre, Inc.",Consumer Cyclical,Large-Cap,538454,NMS
BN,Brookfield Corporation,Financial Services,Large-Cap,4602947,NYQ
BP,BP p.l.c.,Energy,Large-Cap,8122521,NYQ
MCK,McKesson Corporation,Healthcare,Large-Cap,723783,NYQ
BMO,Bank Of Montreal,Financial Services,Large-Cap,724763,NYQ
SO,Southern Company (The),Utilities,Large-Cap,5614026,NYQ
AEM,Agnico Eagle Mines Limited,Basic Materials,Large-Cap,2650803,NYQ
UPS,"United Parcel Service, Inc.",Industrials,Large-Cap,6266436,NYQ
NOC,Northrop Grumman Corporation,Industrials,Large-Cap,883698,NYQ
TT,Trane Technologies plc,Industrials,Large-Cap,1564716,NYQ
PBR,Petroleo Brasileiro S.A. Petrob,Energy,Large-Cap,21799193,NYQ
KKR,KKR & Co. Inc.,Financial Services,Large-Cap,4956090,NYQ
PNC,"PNC Financial Services Group, I",Financial Services,Large-Cap,2320542,NYQ
GD,General Dynamics Corporation,Industrials,Large-Cap,1291050,NYQ
CVS,CVS Health Corporation,Healthcare,Large-Cap,8125270,NYQ
NKE,"Nike, Inc.",Consumer Cyclical,Large-Cap,18147922,NYQ
DUK,Duke Energy Corporation (Holdin,Utilities,Large-Cap,3667922,NYQ
ADP,"Automatic Data Processing, Inc.",Technology,Large-Cap,2381781,NMS
ICE,Intercontinental Exchange Inc.,Financial Services,Large-Cap,3410042,NYQ
GLW,Corning Incorporated,Technology,Large-Cap,7099631,NYQ
ITUB,Itau Unibanco Banco Holding SA,Financial Services,Large-Cap,22576030,NYQ
BNS,Bank Nova Scotia Halifax Pfd 3,Financial Services,Large-Cap,1957893,NYQ
MRSH,Marsh,Financial Services,Large-Cap,2718078,NYQ
USB,U.S. Bancorp,Financial Services,Large-Cap,9825790,NYQ
WDC,Western Digital Corporation,Technology,Large-Cap,9140573,NMS
SHW,Sherwin-Williams Company (The),Basic Materials,Large-Cap,1813127,NYQ
BCS,Barclays PLC,Financial Services,Large-Cap,5376655,NYQ
STX,Seagate Technology Holdings PLC,Technology,Large-Cap,4312009,NMS
WM,"Waste Management, Inc.",Industrials,Large-Cap,2087790,NYQ
LYG,Lloyds Banking Group Plc,Financial Services,Large-Cap,8096252,NYQ
SPOT,Spotify Technology S.A.,Communication Services,Large-Cap,2237780,NYQ
CEG,Constellation Energy Corporatio,Utilities,Large-Cap,3075309,NMS
IAU,iShares Gold Trust Shares,N/A,Large-Cap,14255754,PCX
RCL,Royal Caribbean Cruises Ltd.,Consumer Cyclical,Large-Cap,2371413,NYQ
FCX,"Freeport-McMoRan, Inc.",Basic Materials,Large-Cap,18895713,NYQ
ING,"ING Group, N.V.",Financial Services,Large-Cap,2013803,NYQ
CM,Canadian Imperial Bank of Comme,Financial Services,Large-Cap,1139959,NYQ
EMR,Emerson Electric Company,Industrials,Large-Cap,2847729,NYQ
MAR,Marriott International,Consumer Cyclical,Large-Cap,1523800,NMS
NGG,"National Grid Transco, PLC Nati",Utilities,Large-Cap,679770,NYQ
MMM,3M Company,Industrials,Large-Cap,3317078,NYQ
SNDK,Sandisk Corporation,Technology,Large-Cap,15196483,NMS
FDX,FedEx Corporation,Industrials,Large-Cap,1822057,NYQ
CVNA,Carvana Co.,Consumer Cyclical,Large-Cap,4133739,NYQ
BK,The Bank of New York Mellon Cor,Financial Services,Large-Cap,3540898,NYQ
DASH,"DoorDash, Inc.",Consumer Cyclical,Large-Cap,5138103,NMS
ITW,Illinois Tool Works Inc.,Industrials,Large-Cap,1301878,NYQ
HWM,Howmet Aerospace Inc.,Industrials,Large-Cap,2355565,NYQ
CMI,Cummins Inc.,Industrials,Large-Cap,929280,NYQ
MCO,Moody's Corporation,Financial Services,Large-Cap,838604,NYQ
NU,Nu Holdings Ltd.,Financial Services,Large-Cap,42221242,NYQ
CRH,CRH PLC,Basic Materials,Large-Cap,7633291,NYQ
AMT,American Tower Corporation (REI,Real Estate,Large-Cap,3260575,NYQ
REGN,"Regeneron Pharmaceuticals, Inc.",Healthcare,Large-Cap,967786,NMS
ORLY,"O'Reilly Automotive, Inc.",Consumer Cyclical,Large-Cap,5634640,NMS
ECL,Ecolab Inc.,Basic Materials,Large-Cap,1312644,NYQ
DELL,Dell Technologies Inc.,Technology,Large-Cap,7143281,NYQ
WMB,"Williams Companies, Inc. (The)",Energy,Large-Cap,7039708,NYQ
B,Barrick Mining Corporation,Basic Materials,Large-Cap,16403447,NYQ
BAM,Brookfield Asset Management Inc,Financial Services,Large-Cap,2666086,NYQ
GM,General Motors Company,Consumer Cyclical,Large-Cap,9036427,NYQ
SNPS,"Synopsys, Inc.",Technology,Large-Cap,2121990,NMS
CNQ,Canadian Natural Resources Limi,Energy,Large-Cap,8628057,NYQ
MNST,Monster Beverage Corporation,Consumer Defensive,Large-Cap,5775885,NMS
JCI,Johnson Controls International ,Industrials,Large-Cap,5589250,NYQ
EQIX,"Equinix, Inc.",Real Estate,Large-Cap,553301,NMS
NTES,"NetEase, Inc.",Communication Services,Large-Cap,685060,NMS
CTAS,Cintas Corporation,Industrials,Large-Cap,2016031,NMS
APO,"Apollo Global Management, Inc. ",Financial Services,Large-Cap,3224152,NYQ
MDLZ,"Mondelez International, Inc.",Consumer Defensive,Large-Cap,11212880,NMS
SLB,SLB Limited,Energy,Large-Cap,17429131,NYQ
ELV,"Elevance Health, Inc.",Healthcare,Large-Cap,1629972,NYQ
ABNB,"Airbnb, Inc.",Consumer Cyclical,Large-Cap,4647659,NMS
CL,Colgate-Palmolive Company,Consumer Defensive,Large-Cap,6752978,NYQ
EPD,Enterprise Products Partners L.,Energy,Large-Cap,4199588,NYQ
AON,Aon plc,Financial Services,Large-Cap,1094218,NYQ
NWG,NatWest Group plc,Financial Services,Large-Cap,2448421,NYQ
NSC,Norfolk Southern Corporation,Industrials,Large-Cap,1269457,NYQ
CSX,CSX Corporation,Industrials,Large-Cap,13537122,NMS
CDNS,"Cadence Design Systems, Inc.",Technology,Large-Cap,1858809,NMS
SPG,"Simon Property Group, Inc.",Real Estate,Large-Cap,1456173,NYQ
CI,The Cigna Group,Healthcare,Large-Cap,1780445,NYQ
VALE,VALE S.A.,Basic Materials,Large-Cap,34994136,NYQ
HLT,Hilton Worldwide Holdings Inc.,Consumer Cyclical,Large-Cap,1730227,NYQ
HOOD,"Robinhood Markets, Inc.",Financial Services,Large-Cap,26548732,NMS
DB,Deutsche Bank AG,Financial Services,Large-Cap,2622931,NYQ
CP,Canadian Pacific Kansas City Li,Industrials,Large-Cap,2334957,NYQ
TFC,Truist Financial Corporation,Financial Services,Large-Cap,8749739,NYQ
VRT,"Vertiv Holdings, LLC",Industrials,Large-Cap,6182062,NYQ
MSI,"Motorola Solutions, Inc.",Technology,Large-Cap,1416013,NYQ
PWR,"Quanta Services, Inc.",Industrials,Large-Cap,1002818,NYQ
RSG,"Republic Services, Inc.",Industrials,Large-Cap,1511457,NYQ
PCAR,PACCAR Inc.,Industrials,Large-Cap,3306475,NMS
INFY,Infosys Limited,Technology,Large-Cap,14002831,NYQ
WBD,"Warner Bros. Discovery, Inc. - ",Communication Services,Large-Cap,41957583,NMS
KMI,"Kinder Morgan, Inc.",Energy,Large-Cap,13760729,NYQ
EQNR,Equinor ASA,Energy,Large-Cap,4372303,NYQ
TRV,"The Travelers Companies, Inc.",Financial Services,Large-Cap,1539086,NYQ
AMX,"America Movil, S.A.B. de C.V.",Communication Services,Large-Cap,2233972,NYQ
SU,Suncor Energy  Inc.,Energy,Large-Cap,4749150,NYQ
AEP,American Electric Power Company,Utilities,Large-Cap,3402968,NMS
AJG,Arthur J. Gallagher & Co.,Financial Services,Large-Cap,1795644,NYQ
COR,"Cencora, Inc.",Healthcare,Large-Cap,1405831,NYQ
WPM,Wheaton Precious Metals Corp,Basic Materials,Large-Cap,2136177,NYQ
APD,"Air Products and Chemicals, Inc",Basic Materials,Large-Cap,1592772,NYQ
MRVL,"Marvell Technology, Inc.",Technology,Large-Cap,16760247,NMS
LHX,"L3Harris Technologies, Inc.",Industrials,Large-Cap,1380249,NYQ
TEL,TE Connectivity plc,Technology,Large-Cap,2109644,NYQ
MFC,Manulife Financial Corporation,Financial Services,Large-Cap,2152932,NYQ
ET,Energy Transfer LP,Energy,Large-Cap,15356503,NYQ
SE,Sea Limited,Consumer Cyclical,Large-Cap,5414291,NYQ
EOG,"EOG Resources, Inc.",Energy,Large-Cap,4182121,NYQ
PSX,Phillips 66,Energy,Large-Cap,2426365,NYQ
FTNT,"Fortinet, Inc.",Technology,Large-Cap,6005470,NMS
TRP,TC Energy Corporation,Energy,Large-Cap,2211088,NYQ
ROST,"Ross Stores, Inc.",Consumer Cyclical,Large-Cap,2694067,NMS
VLO,Valero Energy Corporation,Energy,Large-Cap,3261639,NYQ
AFL,AFLAC Incorporated,Financial Services,Large-Cap,2395977,NYQ
CNI,Canadian National Railway Compa,Industrials,Large-Cap,1439962,NYQ
RACE,Ferrari N.V.,Consumer Cyclical,Large-Cap,659600,NYQ
MPC,Marathon Petroleum Corporation,Energy,Large-Cap,2297142,NYQ
BDX,"Becton, Dickinson and Company",Healthcare,Large-Cap,2069850,NYQ
FITB,Fifth Third Bancorp,Financial Services,Large-Cap,10037247,NMS
BKR,Baker Hughes Company,Energy,Large-Cap,8228218,NMS
DLR,"Digital Realty Trust, Inc.",Real Estate,Large-Cap,2010598,NYQ
NET,"Cloudflare, Inc.",Technology,Large-Cap,3309254,NYQ
O,Realty Income Corporation,Real Estate,Large-Cap,6383749,NYQ
NXPI,NXP Semiconductors N.V.,Technology,Large-Cap,2986081,NMS
MPLX,MPLX LP,Energy,Large-Cap,1536068,NYQ
SNOW,Snowflake Inc.,Technology,Large-Cap,5186349,NYQ
SRE,DBA Sempra,Utilities,Large-Cap,3957218,NYQ
RKT,"Rocket Companies, Inc.",Financial Services,Large-Cap,29766977,NYQ
ZTS,Zoetis Inc.,Healthcare,Large-Cap,5194081,NYQ
TAK,Takeda Pharmaceutical Company L,Healthcare,Large-Cap,3027670,NYQ
FAST,Fastenal Company,Industrials,Large-Cap,8212826,NMS
F,Ford Motor Company,Consumer Cyclical,Large-Cap,57779440,NYQ
IMO,Imperial Oil Limited,Energy,Large-Cap,630024,ASE
MPWR,"Monolithic Power Systems, Inc.",Technology,Large-Cap,680888,NMS
ALL,Allstate Corporation (The),Financial Services,Large-Cap,1692049,NYQ
CARR,Carrier Global Corporation,Industrials,Large-Cap,7874726,NYQ
DEO,Diageo plc,Consumer Defensive,Large-Cap,1766193,NYQ
URI,"United Rentals, Inc.",Industrials,Large-Cap,706526,NYQ
RELX,RELX PLC PLC,Industrials,Large-Cap,2671701,NYQ
CMG,"Chipotle Mexican Grill, Inc.",Consumer Cyclical,Large-Cap,19979334,NYQ
D,"Dominion Energy, Inc.",Utilities,Large-Cap,6176919,NYQ
AME,"AMETEK, Inc.",Industrials,Large-Cap,1432426,NYQ
FERG,Ferguson Enterprises Inc.,Industrials,Large-Cap,1435652,NYQ
MET,"MetLife, Inc.",Financial Services,Large-Cap,3682372,NYQ
TGT,Target Corporation,Consumer Defensive,Large-Cap,7236598,NYQ
ADSK,"Autodesk, Inc.",Technology,Large-Cap,1747795,NMS
IDXX,"IDEXX Laboratories, Inc.",Healthcare,Large-Cap,539178,NMS
CTVA,"Corteva, Inc.",Basic Materials,Large-Cap,3737408,NYQ
AMP,"Ameriprise Financial, Inc.",Financial Services,Large-Cap,617322,NYQ
AU,AngloGold Ashanti PLC,Basic Materials,Large-Cap,2917724,NYQ
NDAQ,"Nasdaq, Inc.",Financial Services,Large-Cap,3725845,NMS
PSA,Public Storage,Real Estate,Large-Cap,1136054,NYQ
OKE,"ONEOK, Inc.",Energy,Large-Cap,4316750,NYQ
CCJ,Cameco Corporation,Energy,Large-Cap,4279872,NYQ
BSBR,Banco Santander Brasil SA,Financial Services,Large-Cap,755442,NYQ
CBRE,CBRE Group Inc,Real Estate,Large-Cap,1353180,NYQ
EA,Electronic Arts Inc.,Communication Services,Large-Cap,2241185,NMS
CAH,"Cardinal Health, Inc.",Healthcare,Large-Cap,2090057,NYQ
FANG,"Diamondback Energy, Inc.",Energy,Large-Cap,1820909,NMS
FER,Ferrovial SE,Industrials,Large-Cap,2340765,NMS
ROK,"Rockwell Automation, Inc.",Industrials,Large-Cap,885955,NYQ
VST,Vistra Corp.,Utilities,Large-Cap,5119745,NYQ
BIDU,"Baidu, Inc.",Communication Services,Large-Cap,3287145,NMS
HLN,Haleon plc,Healthcare,Large-Cap,9062908,NYQ
GFI,Gold Fields Limited,Basic Materials,Large-Cap,3386073,NYQ
LNG,"Cheniere Energy, Inc.",Energy,Large-Cap,1955611,NYQ
EW,Edwards Lifesciences Corporatio,Healthcare,Large-Cap,3480239,NYQ
ALNY,"Alnylam Pharmaceuticals, Inc.",Healthcare,Large-Cap,1448457,NMS
DAL,"Delta Air Lines, Inc.",Industrials,Large-Cap,7786991,NYQ
FNV,Franco-Nevada Corporation,Basic Materials,Large-Cap,799965,NYQ
DHI,"D.R. Horton, Inc.",Consumer Cyclical,Large-Cap,3181459,NYQ
OXY,Occidental Petroleum Corporatio,Energy,Large-Cap,10384986,NYQ
COIN,"Coinbase Global, Inc. - 3",Financial Services,Large-Cap,9642047,NMS
WDAY,"Workday, Inc.",Technology,Large-Cap,3364878,NMS
ABEV,Ambev S.A.,Consumer Defensive,Large-Cap,29920580,NYQ
ARES,Ares Management Corporation,Financial Services,Large-Cap,3360557,NYQ
XEL,Xcel Energy Inc.,Utilities,Large-Cap,5249404,NMS
YUM,"Yum! Brands, Inc.",Consumer Cyclical,Large-Cap,2149067,NYQ
RBLX,Roblox Corporation,Communication Services,Large-Cap,9773459,NYQ
KR,Kroger Company (The),Consumer Defensive,Large-Cap,6622236,NYQ
CCL,Carnival Corporation,Consumer Cyclical,Large-Cap,20435268,NYQ
TRGP,"Targa Resources, Inc.",Energy,Large-Cap,1409306,NYQ
EXC,Exelon Corporation,Utilities,Large-Cap,7509062,NMS
ODFL,"Old Dominion Freight Line, Inc.",Industrials,Large-Cap,2273563,NMS
WCN,"Waste Connections, Inc.",Industrials,Large-Cap,1247234,NYQ
NUE,Nucor Corporation,Basic Materials,Large-Cap,1638813,NYQ
CCEP,Coca-Cola Europacific Partners ,Consumer Defensive,Large-Cap,1546119,NMS
ETR,Entergy Corporation,Utilities,Large-Cap,2593845,NYQ
EL,"Estee Lauder Companies, Inc. (T",Consumer Defensive,Large-Cap,3658901,NYQ
MSCI,MSCI Inc.,Financial Services,Large-Cap,600772,NYQ
CRWV,"CoreWeave, Inc.",Technology,Large-Cap,30619159,NMS
TER,"Teradyne, Inc.",Technology,Large-Cap,3274336,NMS
MT,Arcelor Mittal NY Registry Shar,Basic Materials,Large-Cap,1457806,NYQ
AIG,"American International Group, I",Financial Services,Large-Cap,4967136,NYQ
PUK,Prudential Public Limited Compa,Financial Services,Large-Cap,832945,NYQ
TRI,Thomson Reuters Corp,Industrials,Large-Cap,1375309,NMS
MCHP,Microchip Technology Incorporat,Technology,Large-Cap,9219395,NMS
BBD,Banco Bradesco Sa,Financial Services,Large-Cap,35710708,NYQ
CUK,Carnival Plc,Consumer Cyclical,Large-Cap,2183629,NYQ
HSY,The Hershey Company,Consumer Defensive,Large-Cap,1764204,NYQ
ASX,"ASE Technology Holding Co., Ltd",Technology,Large-Cap,7170421,NYQ
WAB,Westinghouse Air Brake Technolo,Industrials,Large-Cap,775926,NYQ
VMC,Vulcan Materials Company (Holdi,Basic Materials,Large-Cap,978973,NYQ
HMC,"Honda Motor Company, Ltd.",Consumer Cyclical,Large-Cap,1066511,NYQ
JD,"JD.com, Inc.",Consumer Cyclical,Large-Cap,10456701,NMS
DDOG,"Datadog, Inc.",Technology,Large-Cap,4850840,NMS
SYY,Sysco Corporation,Consumer Defensive,Large-Cap,3510134,NYQ
KGC,Kinross Gold Corporation,Basic Materials,Large-Cap,9846375,NYQ
DIA,SPDR Dow Jones Industrial Avera,N/A,Large-Cap,6255411,PCX
TEVA,Teva Pharmaceutical Industries ,Healthcare,Large-Cap,10822373,NYQ
PEG,Public Service Enterprise Group,Utilities,Large-Cap,2959945,NYQ
GBTC,Grayscale Bitcoin Trust (BTC),N/A,Large-Cap,5799532,PCX
FIX,"Comfort Systems USA, Inc.",Industrials,Large-Cap,581693,NYQ
GRMN,Garmin Ltd.,Technology,Large-Cap,1018636,NYQ
LVS,Las Vegas Sands Corp.,Consumer Cyclical,Large-Cap,5965637,NYQ
HIG,"The Hartford Insurance Group, I",Financial Services,Large-Cap,1511988,NYQ
EBAY,eBay Inc.,Consumer Cyclical,Large-Cap,4394259,NMS
PYPL,"PayPal Holdings, Inc.",Financial Services,Large-Cap,18854673,NMS
ED,"Consolidated Edison, Inc.",Utilities,Large-Cap,2134904,NYQ
RKLB,Rocket Lab Corporation,Industrials,Large-Cap,24379931,NCM
ALC,Alcon Inc.,Healthcare,Large-Cap,1684478,NYQ
CPRT,"Copart, Inc.",Industrials,Large-Cap,8804952,NMS
ROP,"Roper Technologies, Inc.",Technology,Large-Cap,1289042,NMS
IR,Ingersoll Rand Inc.,Industrials,Large-Cap,3065714,NYQ
KDP,Keurig Dr Pepper Inc.,Consumer Defensive,Large-Cap,13272624,NMS
HBAN,Huntington Bancshares Incorpora,Financial Services,Large-Cap,31883301,NMS
RMD,ResMed Inc.,Healthcare,Large-Cap,1025672,NYQ
NOK,Nokia Corporation Sponsored,Technology,Large-Cap,31456226,NYQ
CVE,Cenovus Energy Inc,Energy,Large-Cap,11726562,NYQ
KEYS,Keysight Technologies Inc.,Technology,Large-Cap,1164437,NYQ
ASTS,"AST SpaceMobile, Inc.",Technology,Large-Cap,14854196,NMS
A,"Agilent Technologies, Inc.",Healthcare,Large-Cap,2005916,NYQ
GEHC,GE HealthCare Technologies Inc.,Healthcare,Large-Cap,3615154,NMS
TCOM,Trip.com Group Limited,Consumer Cyclical,Large-Cap,3143231,NMS
CTSH,Cognizant Technology Solutions ,Technology,Large-Cap,4845167,NMS
CCI,Crown Castle Inc.,Real Estate,Large-Cap,3063278,NYQ
MDLN,Medline Inc.,Healthcare,Large-Cap,8147882,NMS
ACGL,Arch Capital Group Ltd.,Financial Services,Large-Cap,2177186,NMS
MSTR,Strategy Inc,Technology,Large-Cap,21441960,NMS
RYAAY,Ryanair Holdings plc,Industrials,Large-Cap,1152157,NMS
VOD,Vodafone Group Plc,Communication Services,Large-Cap,4889729,NMS
TTWO,"Take-Two Interactive Software, ",Communication Services,Large-Cap,1841165,NMS
STT,State Street Corporation,Financial Services,Large-Cap,2024788,NYQ
WEC,"WEC Energy Group, Inc.",Utilities,Large-Cap,2180218,NYQ
ERIC,Ericsson,Technology,Large-Cap,10114814,NMS
VTR,"Ventas, Inc.",Real Estate,Large-Cap,2924404,NYQ
MTB,M&T Bank Corporation,Financial Services,Large-Cap,1061750,NYQ
PRU,"Prudential Financial, Inc.",Financial Services,Large-Cap,1880785,NYQ
CIEN,Ciena Corporation,Technology,Large-Cap,3031436,NYQ
WDS,Woodside Energy Group Limited,Energy,Large-Cap,887222,NYQ
PCG,Pacific Gas & Electric Co.,Utilities,Large-Cap,22829606,NYQ
OTIS,Otis Worldwide Corporation,Industrials,Large-Cap,2932940,NYQ
CPNG,"Coupang, Inc.",Consumer Cyclical,Large-Cap,18195221,NYQ
UAL,"United Airlines Holdings, Inc.",Industrials,Large-Cap,5261804,NMS
MDY,State Street SPDR S&P MIDCAP 40,N/A,Large-Cap,977680,PCX
PAYX,"Paychex, Inc.",Technology,Large-Cap,3372877,NMS
XYZ,"Block, Inc.",Technology,Large-Cap,7473177,NYQ
NTR,Nutrien Ltd.,Basic Materials,Large-Cap,2729459,NYQ
BE,Bloom Energy Corporation,Industrials,Large-Cap,13348537,NYQ
EQT,EQT Corporation,Energy,Large-Cap,9503863,NYQ
KVUE,Kenvue Inc.,Consumer Defensive,Large-Cap,42106929,NYQ
IQV,"IQVIA Holdings, Inc.",Healthcare,Large-Cap,1434186,NYQ
KMB,Kimberly-Clark Corporation,Consumer Defensive,Large-Cap,6192490,NMS
AXON,"Axon Enterprise, Inc.",Industrials,Large-Cap,867529,NMS
XYL,Xylem Inc.,Industrials,Large-Cap,1355619,NYQ
RJF,"Raymond James Financial, Inc.",Financial Services,Large-Cap,1238891,NYQ
COHR,Coherent Corp.,Technology,Large-Cap,4821454,NYQ
WTW,Willis Towers Watson Public Lim,Financial Services,Large-Cap,648318,NMS
LYV,"Live Nation Entertainment, Inc.",Communication Services,Large-Cap,2823985,NYQ
LITE,Lumentum Holdings Inc.,Technology,Large-Cap,4752006,NMS
VIK,Viking Holdings Ltd,Consumer Cyclical,Large-Cap,2420144,NYQ
DG,Dollar General Corporation,Consumer Defensive,Large-Cap,3681008,NYQ
INSM,Insmed Incorporated,Healthcare,Large-Cap,3049359,NMS
FISV,"Fiserv, Inc.",N/A,Large-Cap,9683478,NMS
ADM,Archer-Daniels-Midland Company,Consumer Defensive,Large-Cap,3353747,NYQ
SATS,EchoStar Corporation,Communication Services,Large-Cap,5676422,NMS
CLS,"Celestica, Inc.",Technology,Large-Cap,3041570,NYQ
SYM,Symbotic Inc.,Industrials,Large-Cap,2803577,NGM
QSR,Restaurant Brands International,Consumer Cyclical,Large-Cap,2778285,NYQ
EXR,Extra Space Storage Inc,Real Estate,Large-Cap,1280867,NYQ
VEEV,Veeva Systems Inc.,Healthcare,Large-Cap,1796396,NYQ
AMRZ,Amrize Ltd,Basic Materials,Large-Cap,4068013,NYQ
LPLA,LPL Financial Holdings Inc.,Financial Services,Large-Cap,656122,NMS
NRG,"NRG Energy, Inc.",Utilities,Large-Cap,1924781,NYQ
HPE,Hewlett Packard Enterprise Comp,Technology,Large-Cap,23540773,NYQ
VICI,VICI Properties Inc.,Real Estate,Large-Cap,12441929,NYQ
ROL,"Rollins, Inc.",Consumer Cyclical,Large-Cap,2607495,NYQ
ULTA,"Ulta Beauty, Inc.",Consumer Cyclical,Large-Cap,669737,NMS
DOV,Dover Corporation,Industrials,Large-Cap,1192677,NYQ
FOXA,Fox Corporation,Communication Services,Large-Cap,3419855,NMS
ZS,"Zscaler, Inc.",Technology,Large-Cap,1933634,NMS
STLA,Stellantis N.V.,Consumer Cyclical,Large-Cap,12825385,NYQ
HAL,Halliburton Company,Energy,Large-Cap,12455532,NYQ
STLD,"Steel Dynamics, Inc.",Basic Materials,Large-Cap,1293263,NMS
EXPE,"Expedia Group, Inc.",Consumer Cyclical,Large-Cap,2156465,NMS
TSCO,Tractor Supply Company,Consumer Cyclical,Large-Cap,6713316,NMS
STZ,"Constellation Brands, Inc.",Consumer Defensive,Large-Cap,2632581,NYQ
CHTR,"Charter Communications, Inc.",Communication Services,Large-Cap,1985837,NMS
KHC,The Kraft Heinz Company,Consumer Defensive,Large-Cap,14822460,NMS
RDDT,"Reddit, Inc.",Communication Services,Large-Cap,4479281,NYQ
NTRA,"Natera, Inc.",Healthcare,Large-Cap,1332186,NMS
CFG,"Citizens Financial Group, Inc.",Financial Services,Large-Cap,4912334,NYQ
NTRS,Northern Trust Corporation,Financial Services,Large-Cap,1016593,NMS
LEN,Lennar Corporation,Consumer Cyclical,Large-Cap,5838991,NYQ
PPG,"PPG Industries, Inc.",Basic Materials,Large-Cap,2127088,NYQ
AEE,Ameren Corporation,Utilities,Large-Cap,1699393,NYQ
DTE,DTE Energy Company,Utilities,Large-Cap,1605149,NYQ
PHG,Koninklijke Philips N.V. NY Reg,Healthcare,Large-Cap,682881,NYQ
DXCM,"DexCom, Inc.",Healthcare,Large-Cap,5579793,NMS
ATO,Atmos Energy Corporation,Utilities,Large-Cap,1296368,NYQ
TEAM,Atlassian Corporation,Technology,Large-Cap,3386819,NMS
LUV,Southwest Airlines Company,Industrials,Large-Cap,9709478,NYQ
MDB,"MongoDB, Inc.",Technology,Large-Cap,1711108,NGM
FTS,Fortis Inc.,Utilities,Large-Cap,921363,NYQ
TECK,Teck Resources Ltd,Basic Materials,Large-Cap,4377949,NYQ
BNTX,BioNTech SE,Healthcare,Large-Cap,1197590,NMS
DVN,Devon Energy Corporation,Energy,Large-Cap,9495747,NYQ
ZM,"Zoom Communications, Inc.",Technology,Large-Cap,3225688,NMS
BIIB,Biogen Inc.,Healthcare,Large-Cap,1951859,NMS
FTAI,FTAI Aviation Ltd.,Industrials,Large-Cap,1371586,NMS
SYF,Synchrony Financial,Financial Services,Large-Cap,3976249,NYQ
SLV,iShares Silver Trust,N/A,Large-Cap,95951757,PCX
FLUT,Flutter Entertainment plc,Consumer Cyclical,Large-Cap,2681521,NYQ
FIS,Fidelity National Information S,Technology,Large-Cap,3351831,NYQ
TPR,"Tapestry, Inc.",Consumer Cyclical,Large-Cap,2820965,NYQ
WIT,Wipro Limited,Technology,Large-Cap,7570747,NYQ
FE,FirstEnergy Corp.,Utilities,Large-Cap,4695383,NYQ
RF,Regions Financial Corporation,Financial Services,Large-Cap,13914504,NYQ
TME,Tencent Music Entertainment Gro,Communication Services,Large-Cap,6122311,NYQ
WRB,W.R. Berkley Corporation,Financial Services,Large-Cap,2876183,NYQ
IRM,Iron Mountain Incorporated (Del,Real Estate,Large-Cap,2191949,NYQ
KEP,Korea Electric Power Corporatio,Utilities,Large-Cap,545713,NYQ
PHM,"PulteGroup, Inc.",Consumer Cyclical,Large-Cap,1848968,NYQ
STM,STMicroelectronics N.V.,Technology,Large-Cap,6336239,NYQ
VRSK,"Verisk Analytics, Inc.",Industrials,Large-Cap,1388463,NMS
CINF,Cincinnati Financial Corporatio,Financial Services,Large-Cap,581149,NMS
EC,Ecopetrol S.A.,Energy,Large-Cap,2727621,NYQ
CNP,"CenterPoint Energy, Inc (Holdin",Utilities,Large-Cap,4718629,NYQ
SOFI,"SoFi Technologies, Inc.",Financial Services,Large-Cap,59492509,NMS
STE,STERIS plc (Ireland),Healthcare,Large-Cap,645685,NYQ
EXE,Expand Energy Corporation,Energy,Large-Cap,3251580,NMS
PPL,PPL Corporation,Utilities,Large-Cap,7026050,NYQ
GIS,"General Mills, Inc.",Consumer Defensive,Large-Cap,7430359,NYQ
HUBB,Hubbell Inc,Industrials,Large-Cap,504829,NYQ
NMR,Nomura Holdings Inc,Financial Services,Large-Cap,1115536,NYQ
WSM,"Williams-Sonoma, Inc.",Consumer Cyclical,Large-Cap,1200226,NYQ
ES,Eversource Energy (D/B/A),Utilities,Large-Cap,2643529,NYQ
FSLR,"First Solar, Inc.",Technology,Large-Cap,2104644,NMS
RPRX,Royalty Pharma plc,Healthcare,Large-Cap,4118644,NMS
AER,AerCap Holdings N.V.,Industrials,Large-Cap,1206796,NYQ
ON,ON Semiconductor Corporation,Technology,Large-Cap,9036388,NMS
AVB,"AvalonBay Communities, Inc.",Real Estate,Large-Cap,1107355,NYQ
BRO,"Brown & Brown, Inc.",Financial Services,Large-Cap,2682475,NYQ
JBL,Jabil Inc.,Technology,Large-Cap,1207477,NYQ
UMC,United Microelectronics Corpora,Technology,Large-Cap,10530232,NYQ
KEY,KeyCorp,Financial Services,Large-Cap,16253514,NYQ
DLTR,"Dollar Tree, Inc.",Consumer Defensive,Large-Cap,3291760,NMS
EQR,Equity Residential,Real Estate,Large-Cap,2306608,NYQ
ALAB,"Astera Labs, Inc.",Technology,Large-Cap,5313014,NMS
DRI,"Darden Restaurants, Inc.",Consumer Cyclical,Large-Cap,1641239,NYQ
BCE,"BCE, Inc.",Communication Services,Large-Cap,3217496,NYQ
PBA,Pembina Pipeline Corp.,Energy,Large-Cap,1438065,NYQ
CHD,"Church & Dwight Company, Inc.",Consumer Defensive,Large-Cap,2570236,NYQ
EIX,Edison International,Utilities,Large-Cap,3089326,NYQ
AWK,"American Water Works Company, I",Utilities,Large-Cap,1802577,NYQ
PAAS,Pan American Silver Corp.,Basic Materials,Large-Cap,7694608,NYQ
LDOS,"Leidos Holdings, Inc.",Technology,Large-Cap,837475,NYQ
IP,International Paper Company,Consumer Cyclical,Large-Cap,5892303,NYQ
AXIA,AXIA Energia,Utilities,Large-Cap,1920160,NYQ
VG,"Venture Global, Inc.",Energy,Large-Cap,12113142,NYQ
CHRW,"C.H. Robinson Worldwide, Inc.",Industrials,Large-Cap,1739849,NMS
TS,Tenaris S.A.,Energy,Large-Cap,1178688,NYQ
DOW,Dow Inc.,Basic Materials,Large-Cap,12618527,NYQ
CTRA,Coterra Energy Inc.,Energy,Large-Cap,9491206,NYQ
FTI,TechnipFMC plc,Energy,Large-Cap,3082616,NYQ
SW,Smurfit WestRock plc,Consumer Cyclical,Large-Cap,5226767,NYQ
HUM,Humana Inc.,Healthcare,Large-Cap,1731975,NYQ
VIV,Telefonica Brasil S.A.,Communication Services,Large-Cap,815554,NYQ
LH,Labcorp Holdings Inc.,Healthcare,Large-Cap,780893,NYQ
WAT,Waters Corporation,Healthcare,Large-Cap,537101,NYQ
TSN,"Tyson Foods, Inc.",Consumer Defensive,Large-Cap,3242950,NYQ
GFS,GlobalFoundries Inc.,Technology,Large-Cap,4213749,NMS
L,Loews Corporation,Financial Services,Large-Cap,792947,NYQ
VLTO,Veralto Corp,Industrials,Large-Cap,1763019,NYQ
BG,Bunge Limited,Consumer Defensive,Large-Cap,1539934,NYQ
VRSN,"VeriSign, Inc.",Technology,Large-Cap,791777,NMS
AMCR,Amcor plc,Consumer Cyclical,Large-Cap,4972696,NYQ
RGLD,"Royal Gold, Inc.",Basic Materials,Large-Cap,969080,NMS
WWD,"Woodward, Inc.",Industrials,Large-Cap,623172,NMS
EXPD,Expeditors International of Was,Industrials,Large-Cap,1382695,NYQ
EFX,"Equifax, Inc.",Industrials,Large-Cap,1662347,NYQ
PSTG,"Pure Storage, Inc.",Technology,Large-Cap,4148331,NYQ
CSGP,"CoStar Group, Inc.",Real Estate,Large-Cap,5407704,NMS
BR,"Broadridge Financial Solutions,",Technology,Large-Cap,828816,NYQ
TU,Telus Corporation,Communication Services,Large-Cap,6259760,NYQ
TW,Tradeweb Markets Inc.,Financial Services,Large-Cap,1294286,NMS
FLEX,Flex Ltd.,Technology,Large-Cap,5060754,NMS
OMC,Omnicom Group Inc.,Communication Services,Large-Cap,4766619,NYQ
CMS,CMS Energy Corporation,Utilities,Large-Cap,2528216,NYQ
JBHT,"J.B. Hunt Transport Services, I",Industrials,Large-Cap,1162052,NMS
RBA,"RB Global, Inc.",Industrials,Large-Cap,1125934,NYQ
RL,Ralph Lauren Corporation,Consumer Cyclical,Large-Cap,631813,NYQ
TPG,TPG Inc.,Financial Services,Large-Cap,2112898,NMS
PFG,Principal Financial Group Inc,Financial Services,Large-Cap,1373298,NMS
FUTU,Futu Holdings Limited,Financial Services,Large-Cap,1381111,NGM
TROW,"T. Rowe Price Group, Inc.",Financial Services,Large-Cap,1874098,NMS
CPAY,"Corpay, Inc.",Technology,Large-Cap,596081,NYQ
XPO,"XPO, Inc.",Industrials,Large-Cap,1539511,NYQ
DGX,Quest Diagnostics Incorporated,Healthcare,Large-Cap,1042018,NYQ
CG,The Carlyle Group Inc.,Financial Services,Large-Cap,2636906,NMS
LULU,lululemon athletica inc.,Consumer Cyclical,Large-Cap,3900975,NMS
SQM,Sociedad Quimica y Minera S.A.,Basic Materials,Large-Cap,1661350,NYQ
PKG,Packaging Corporation of Americ,Consumer Cyclical,Large-Cap,893949,NYQ
NI,NiSource Inc,Utilities,Large-Cap,3579493,NYQ
BEKE,KE Holdings Inc,Real Estate,Large-Cap,5017501,NYQ
NBIS,Nebius Group N.V.,Communication Services,Large-Cap,16038745,NMS
ILMN,"Illumina, Inc.",Healthcare,Large-Cap,1798686,NMS
GPC,Genuine Parts Company,Consumer Cyclical,Large-Cap,1108632,NYQ
CYBR,CyberArk Software Ltd.,Technology,Large-Cap,583616,NMS
AFRM,"Affirm Holdings, Inc.",Financial Services,Large-Cap,5595345,NMS
FTV,Fortive Corporation,Technology,Large-Cap,3399414,NYQ
RCI,"Rogers Communication, Inc.",Communication Services,Large-Cap,1009798,NYQ
SMCI,"Super Micro Computer, Inc.",Technology,Large-Cap,28830459,NMS
INCY,Incyte Corporation,Healthcare,Large-Cap,2033008,NMS
CNC,Centene Corporation,Healthcare,Large-Cap,6986555,NYQ
AS,"Amer Sports, Inc.",Consumer Cyclical,Large-Cap,4036563,NYQ
NTAP,"NetApp, Inc.",Technology,Large-Cap,2260611,NMS
DD,"DuPont de Nemours, Inc.",Basic Materials,Large-Cap,5112216,NYQ
Q,"Qnity Electronics, Inc.",Technology,Large-Cap,2362737,NYQ
SGI,Somnigroup International Inc.,Consumer Cyclical,Large-Cap,1662749,NYQ
GPN,Global Payments Inc.,Industrials,Large-Cap,2779113,NYQ
ALB,Albemarle Corporation,Basic Materials,Large-Cap,3565626,NYQ
GMAB,Genmab A/S,Healthcare,Large-Cap,1626883,NMS
USFD,US Foods Holding Corp.,Consumer Defensive,Large-Cap,2448414,NYQ
SBAC,SBA Communications Corporation,Real Estate,Large-Cap,802478,NMS
LTM,LATAM Airlines Group S.A.,Industrials,Large-Cap,955650,NYQ
EXAS,Exact Sciences Corporation,Healthcare,Large-Cap,5279863,NCM
BEP,Brookfield Renewable Partners L,Utilities,Large-Cap,747016,NYQ
WY,Weyerhaeuser Company,Real Estate,Large-Cap,7325632,NYQ
SBS,Companhia de saneamento Basico ,Utilities,Large-Cap,1216867,NYQ
IFF,International Flavors & Fragran,Basic Materials,Large-Cap,2043618,NYQ
CHKP,Check Point Software Technologi,Technology,Large-Cap,1004142,NMS
DKS,Dick's Sporting Goods Inc,Consumer Cyclical,Large-Cap,1440363,NYQ
BURL,"Burlington Stores, Inc.",Consumer Cyclical,Large-Cap,990521,NYQ
OWL,Blue Owl Capital Inc.,Financial Services,Large-Cap,15900886,NYQ
NVT,nVent Electric plc,Industrials,Large-Cap,2159032,NYQ
YUMC,"Yum China Holdings, Inc.",Consumer Cyclical,Large-Cap,1331214,NYQ
RVMD,"Revolution Medicines, Inc.",Healthcare,Large-Cap,3453252,NMS
MTZ,"MasTec, Inc.",Industrials,Large-Cap,826200,NYQ
HPQ,HP Inc.,Technology,Large-Cap,15776504,NYQ
LYB,LyondellBasell Industries NV,Basic Materials,Large-Cap,6047404,NYQ
APG,APi Group Corporation,Industrials,Large-Cap,2434877,NYQ
CDW,CDW Corporation,Technology,Large-Cap,1698550,NMS
PTC,PTC Inc.,Technology,Large-Cap,955819,NMS
SSNC,"SS&C Technologies Holdings, Inc",Technology,Large-Cap,1360219,NMS
ZTO,ZTO Express (Cayman) Inc.,Industrials,Large-Cap,1993924,NYQ
MKC,"McCormick & Company, Incorporat",Consumer Defensive,Large-Cap,3391465,NYQ
PHYS,"""Sprott Physical Gold Trust""",N/A,Large-Cap,7088301,ASE
EVRG,"Evergy, Inc.",Utilities,Large-Cap,2022434,NMS
PSLV,"""Sprott Physical Silver Trust""",N/A,Large-Cap,19023649,NYQ
APTV,Aptiv PLC,Consumer Cyclical,Large-Cap,2305113,NYQ
PODD,Insulet Corporation,Healthcare,Large-Cap,804772,NMS
BALL,Ball Corporation,Consumer Cyclical,Large-Cap,2704145,NYQ
CX,"Cemex, S.A.B. de C.V. Sponsored",Basic Materials,Large-Cap,6712363,NYQ
RIVN,"Rivian Automotive, Inc.",Consumer Cyclical,Large-Cap,41359006,NMS
ATI,ATI Inc.,Industrials,Large-Cap,1525462,NYQ
JBS,JBS N.V.,Consumer Defensive,Large-Cap,5125688,NYQ
LI,Li Auto Inc.,Consumer Cyclical,Large-Cap,4374868,NMS
NXT,Nextpower Inc.,Technology,Large-Cap,2055201,NMS
ZBH,"Zimmer Biomet Holdings, Inc.",Healthcare,Large-Cap,2127503,NYQ
ESS,"Essex Property Trust, Inc.",Real Estate,Large-Cap,527001,NYQ
CRDO,Credo Technology Group Holding ,Technology,Large-Cap,6393719,NMS
BWXT,"BWX Technologies, Inc.",Industrials,Large-Cap,1090016,NYQ
TWLO,Twilio Inc.,Technology,Large-Cap,2195778,NYQ
LNT,Alliant Energy Corporation,Utilities,Large-Cap,2126962,NMS
GRAB,Grab Holdings Limited,Technology,Large-Cap,49659359,NMS
WST,"West Pharmaceutical Services, I",Healthcare,Large-Cap,820537,NYQ
BIP,Brookfield Infrastructure Partn,Utilities,Large-Cap,611696,NYQ
ENTG,"Entegris, Inc.",Technology,Large-Cap,2977563,NMS
J,Jacobs Solutions Inc.,Industrials,Large-Cap,1015144,NYQ
AGI,Alamos Gold Inc.,Basic Materials,Large-Cap,3192801,NYQ
TKO,"TKO Group Holdings, Inc.",Communication Services,Large-Cap,1072842,NYQ
THC,Tenet Healthcare Corporation,Healthcare,Large-Cap,905211,NYQ
YPF,YPF Sociedad Anonima,Energy,Large-Cap,1559706,NYQ
WES,"Western Midstream Partners, LP",Energy,Large-Cap,1327685,NYQ
MRNA,"Moderna, Inc.",Healthcare,Large-Cap,11634252,NMS
TOST,"Toast, Inc.",Technology,Large-Cap,8659050,NYQ
HOLX,"Hologic, Inc.",Healthcare,Large-Cap,2836583,NMS
DECK,Deckers Outdoor Corporation,Consumer Cyclical,Large-Cap,3266854,NYQ
CRS,Carpenter Technology Corporatio,Industrials,Large-Cap,914655,NYQ
VTRS,Viatris Inc.,Healthcare,Large-Cap,8561072,NMS
SUI,"Sun Communities, Inc.",Real Estate,Large-Cap,696985,NYQ
RTO,Rentokil Initial plc,Industrials,Large-Cap,1042057,NYQ
SN,"SharkNinja, Inc.",Consumer Cyclical,Large-Cap,1572654,NYQ
QXO,"QXO, Inc.",Industrials,Large-Cap,7949613,NYQ
NLY,Annaly Capital Management Inc.,Real Estate,Large-Cap,8030718,NYQ
INVH,Invitation Homes Inc.,Real Estate,Large-Cap,6142177,NYQ
MAA,Mid-America Apartment Communiti,Real Estate,Large-Cap,1006878,NYQ
HII,"Huntington Ingalls Industries, ",Industrials,Large-Cap,536737,NYQ
EWBC,"East West Bancorp, Inc.",Financial Services,Large-Cap,843904,NMS
TXT,Textron Inc.,Industrials,Large-Cap,1633959,NYQ
MTSI,MACOM Technology Solutions Hold,Technology,Large-Cap,1288400,NMS
COO,"The Cooper Companies, Inc.",Healthcare,Large-Cap,2642567,NMS
FFIV,"F5, Inc.",Technology,Large-Cap,1203185,NMS
XPEV,XPeng Inc.,Consumer Cyclical,Large-Cap,11036554,NYQ
IEX,IDEX Corporation,Industrials,Large-Cap,700549,NYQ
PNR,Pentair plc.,Industrials,Large-Cap,1553124,NYQ
ITT,ITT Inc.,Industrials,Large-Cap,915408,NYQ
CRBG,Corebridge Financial Inc.,Financial Services,Large-Cap,5857850,NYQ
HL,Hecla Mining Company,Basic Materials,Large-Cap,24850229,NYQ
TRMB,Trimble Inc.,Technology,Large-Cap,1586637,NMS
KTOS,Kratos Defense & Security Solut,Industrials,Large-Cap,3073272,NMS
H,Hyatt Hotels Corporation,Consumer Cyclical,Large-Cap,795775,NYQ
WPC,W. P. Carey Inc. REIT,Real Estate,Large-Cap,1264537,NYQ
PNFP,"Pinnacle Financial Partners, In",Financial Services,Large-Cap,1461959,NYQ
CF,"CF Industries Holdings, Inc.",Basic Materials,Large-Cap,2394245,NYQ
GFL,GFL Environmental Inc. Subordin,Industrials,Large-Cap,1581554,NYQ
FNF,"Fidelity National Financial, In",Financial Services,Large-Cap,1406920,NYQ
GGG,Graco Inc.,Industrials,Large-Cap,902100,NYQ
AA,Alcoa Corporation,Basic Materials,Large-Cap,7132191,NYQ
FN,Fabrinet,Technology,Large-Cap,654550,NYQ
MGA,"Magna International, Inc.",Consumer Cyclical,Large-Cap,1503062,NYQ
ROIV,Roivant Sciences Ltd.,Healthcare,Large-Cap,6957800,NMS
AVY,Avery Dennison Corporation,Consumer Cyclical,Large-Cap,707840,NYQ
MAS,Masco Corporation,Industrials,Large-Cap,2410036,NYQ
CNH,CNH Industrial N.V.,Industrials,Large-Cap,13030909,NYQ
ALLE,Allegion plc,Industrials,Large-Cap,836119,NYQ
SNN,"Smith & Nephew SNATS, Inc.",Healthcare,Large-Cap,707883,NYQ
RPM,RPM International Inc.,Basic Materials,Large-Cap,1079660,NYQ
OKTA,"Okta, Inc.",Technology,Large-Cap,2669167,NMS
HTHT,H World Group Limited,Consumer Cyclical,Large-Cap,1589537,NMS
MKSI,MKS Inc.,Technology,Large-Cap,1143972,NMS
IREN,IREN LIMITED,Financial Services,Large-Cap,39682880,NMS
WMG,Warner Music Group Corp.,Communication Services,Large-Cap,2268244,NMS
WCC,"WESCO International, Inc.",Industrials,Large-Cap,504306,NYQ
KIM,Kimco Realty Corporation (HC),Real Estate,Large-Cap,4983988,NYQ
BEN,"Franklin Resources, Inc.",Financial Services,Large-Cap,4888629,NYQ
TLN,Talen Energy Corporation,Utilities,Large-Cap,909649,NMS
ONON,On Holding AG,Consumer Cyclical,Large-Cap,6533013,NYQ
IOT,Samsara Inc.,Technology,Large-Cap,6733708,NYQ
ULS,UL Solutions Inc.,Industrials,Large-Cap,1429019,NYQ
CLX,Clorox Company (The),Consumer Defensive,Large-Cap,2364375,NYQ
NWSA,News Corporation,Communication Services,Large-Cap,3747000,NMS
BBIO,"BridgeBio Pharma, Inc.",Healthcare,Large-Cap,2392293,NMS
BBY,"Best Buy Co., Inc.",Consumer Cyclical,Large-Cap,4386134,NYQ
TOL,"Toll Brothers, Inc.",Consumer Cyclical,Large-Cap,1214914,NYQ
ZG,"Zillow Group, Inc.",Communication Services,Large-Cap,792816,NMS
UDR,"UDR, Inc.",Real Estate,Large-Cap,3551093,NYQ
GEN,Gen Digital Inc.,Technology,Large-Cap,5334845,NMS
PFGC,Performance Food Group Company,Consumer Defensive,Large-Cap,2047580,NYQ
ARCC,Ares Capital Corporation,Financial Services,Large-Cap,5146803,NMS
PAA,"Plains All American Pipeline, L",Energy,Large-Cap,3134857,NMS
HRL,Hormel Foods Corporation,Consumer Defensive,Large-Cap,4989477,NYQ
CRCL,"Circle Internet Group, Inc.",Financial Services,Large-Cap,13993050,NYQ
FMS,Fresenius Medical Care AG,Healthcare,Large-Cap,549463,NYQ
VNOM,"Viper Energy, Inc.",Energy,Large-Cap,1897644,NMS
GH,"Guardant Health, Inc.",Healthcare,Large-Cap,2142678,NMS
IONS,"Ionis Pharmaceuticals, Inc.",Healthcare,Large-Cap,2456913,NMS
NBIX,"Neurocrine Biosciences, Inc.",Healthcare,Large-Cap,1033403,NMS
BLDR,"Builders FirstSource, Inc.",Industrials,Large-Cap,2115186,NYQ
REG,Regency Centers Corporation,Real Estate,Large-Cap,1243770,NMS
DPZ,Domino's Pizza Inc,Consumer Cyclical,Large-Cap,609121,NMS
TSEM,Tower Semiconductor Ltd.,Technology,Large-Cap,1821270,NMS
ROKU,"Roku, Inc.",Communication Services,Large-Cap,2947811,NMS
JHX,James Hardie Industries plc.,Basic Materials,Large-Cap,6085095,NYQ
DKNG,DraftKings Inc.,Consumer Cyclical,Large-Cap,13547129,NMS
HAS,"Hasbro, Inc.",Consumer Cyclical,Large-Cap,1698429,NMS
TRU,TransUnion,Financial Services,Large-Cap,2081706,NYQ
PINS,"Pinterest, Inc.",Communication Services,Large-Cap,15333854,NYQ
ASND,Ascendis Pharma A/S,Healthcare,Large-Cap,691957,NMS
LOGI,Logitech International S.A. - R,Technology,Large-Cap,1052455,NMS
HST,"Host Hotels & Resorts, Inc.",Real Estate,Large-Cap,7859645,NMS
CCK,"Crown Holdings, Inc.",Consumer Cyclical,Large-Cap,1586431,NYQ
EQH,"Equitable Holdings, Inc.",Financial Services,Large-Cap,2746319,NYQ
ALLY,Ally Financial Inc.,Financial Services,Large-Cap,3262808,NYQ
SNX,TD SYNNEX Corporation,Technology,Large-Cap,767201,NYQ
PEN,"Penumbra, Inc.",Healthcare,Large-Cap,923157,NYQ
TTD,"The Trade Desk, Inc.",Communication Services,Large-Cap,13804942,NGM
CDE,"Coeur Mining, Inc.",Basic Materials,Large-Cap,22345832,NYQ
SOLV,Solventum Corporation,Healthcare,Large-Cap,1076096,NYQ
HMY,Harmony Gold Mining Company Lim,Basic Materials,Large-Cap,4482624,NYQ
AKAM,"Akamai Technologies, Inc.",Technology,Large-Cap,3461837,NMS
GDDY,GoDaddy Inc.,Technology,Large-Cap,1496263,NYQ
AMH,American Homes 4 Rent,Real Estate,Large-Cap,3456350,NYQ
UHS,"Universal Health Services, Inc.",Healthcare,Large-Cap,707026,NYQ
ELS,"Equity Lifestyle Properties, In",Real Estate,Large-Cap,1610196,NYQ
SF,Stifel Financial Corporation,Financial Services,Large-Cap,810563,NYQ
UNM,Unum Group,Financial Services,Large-Cap,1333500,NYQ
SWK,"Stanley Black & Decker, Inc.",Industrials,Large-Cap,1701321,NYQ
OVV,Ovintiv Inc. (DE),Energy,Large-Cap,3824270,NYQ
OHI,"Omega Healthcare Investors, Inc",Real Estate,Large-Cap,1893418,NYQ
BJ,"BJ's Wholesale Club Holdings, I",Consumer Defensive,Large-Cap,2092649,NYQ
KRMN,Karman Holdings Inc.,Industrials,Large-Cap,1860695,NYQ
GLPI,"Gaming and Leisure Properties, ",Real Estate,Large-Cap,2609439,NMS
AVAV,"AeroVironment, Inc.",Industrials,Large-Cap,1312054,NMS
DTM,"DT Midstream, Inc.",Energy,Large-Cap,732031,NYQ
HUBS,"HubSpot, Inc.",Technology,Large-Cap,1039429,NYQ
GIL,"Gildan Activewear, Inc.",Consumer Cyclical,Large-Cap,1474018,NYQ
AGNC,AGNC Investment Corp.,Real Estate,Large-Cap,20219085,NMS
MLI,"Mueller Industries, Inc.",Industrials,Large-Cap,789895,NYQ
CELH,"Celsius Holdings, Inc.",Consumer Defensive,Large-Cap,5548983,NCM
IONQ,"IonQ, Inc.",Technology,Large-Cap,21061995,NYQ
FHN,First Horizon Corporation,Financial Services,Large-Cap,6198200,NYQ
ICLR,ICON plc,Healthcare,Large-Cap,933716,NMS
EMBJ,Embraer S.A.,Industrials,Large-Cap,877970,NYQ
ACM,AECOM,Industrials,Large-Cap,1448424,NYQ
JKHY,"Jack Henry & Associates, Inc.",Technology,Large-Cap,804168,NMS
RYAN,"Ryan Specialty Holdings, Inc.",Financial Services,Large-Cap,1360327,NYQ
ZBRA,Zebra Technologies Corporation,Technology,Large-Cap,654842,NMS
WMS,"Advanced Drainage Systems, Inc.",Industrials,Large-Cap,637257,NYQ
DCI,"Donaldson Company, Inc.",Industrials,Large-Cap,725411,NYQ
PR,Permian Resources Corporation,Energy,Large-Cap,10397998,NYQ
SBSW,D/B/A Sibanye-Stillwater Limite,Basic Materials,Large-Cap,7077431,NYQ
TXRH,"Texas Roadhouse, Inc.",Consumer Cyclical,Large-Cap,914113,NMS
WLK,Westlake Corporation,Basic Materials,Large-Cap,1569219,NYQ
JEF,Jefferies Financial Group Inc.,Financial Services,Large-Cap,1818118,NYQ
BILI,Bilibili Inc.,Communication Services,Large-Cap,2566280,NMS
ELAN,Elanco Animal Health Incorporat,Healthcare,Large-Cap,5118765,NYQ
RVTY,"Revvity, Inc.",Healthcare,Large-Cap,1501960,NYQ
EQX,Equinox Gold Corp.,Basic Materials,Large-Cap,9848637,ASE
IT,"Gartner, Inc.",Technology,Large-Cap,1170586,NYQ
IVZ,Invesco Ltd,Financial Services,Large-Cap,5507455,NYQ
AEG,Aegon Ltd. New York Registry Sh,Financial Services,Large-Cap,4928619,NYQ
WYNN,"Wynn Resorts, Limited",Consumer Cyclical,Large-Cap,1412336,NMS
PSKY,Paramount Skydance Corporation,Communication Services,Large-Cap,9039331,NMS
W,Wayfair Inc.,Consumer Cyclical,Large-Cap,3045032,NYQ
RRX,Regal Rexnord Corporation,Industrials,Large-Cap,870447,NYQ
GMED,"Globus Medical, Inc.",Healthcare,Large-Cap,1764483,NYQ
RDY,Dr. Reddy's Laboratories Ltd,Healthcare,Large-Cap,1387634,NYQ
GL,Globe Life Inc.,Financial Services,Large-Cap,510085,NYQ
SCI,Service Corporation Internation,Consumer Cyclical,Large-Cap,882980,NYQ
SUZ,Suzano S.A.,Basic Materials,Large-Cap,2535042,NYQ
ALGN,"Align Technology, Inc.",Healthcare,Large-Cap,1248060,NMS
DOC,"Healthpeak Properties, Inc.",Real Estate,Large-Cap,8343670,NYQ
WBS,Webster Financial Corporation,Financial Services,Large-Cap,2004359,NYQ
CPT,Camden Property Trust,Real Estate,Large-Cap,1428827,NYQ
SJM,The J.M. Smucker Company,Consumer Defensive,Large-Cap,1617091,NYQ
EXEL,"Exelixis, Inc.",Healthcare,Large-Cap,2557934,NMS
CHWY,"Chewy, Inc.",Consumer Cyclical,Large-Cap,7532786,NYQ
IAG,Iamgold Corporation,Basic Materials,Large-Cap,8373619,NYQ
SKM,"SK Telecom Co., Ltd.",Communication Services,Large-Cap,1076777,NYQ
MICC,The Magnum Ice Cream Company N.,Consumer Defensive,Large-Cap,2358907,NYQ
BXP,"BXP, Inc.",Real Estate,Large-Cap,1565536,NYQ
PNW,Pinnacle West Capital Corporati,Utilities,Large-Cap,1253773,NYQ
GWRE,"Guidewire Software, Inc.",Technology,Large-Cap,1227408,NYQ
RNA,"Avidity Biosciences, Inc.",Healthcare,Large-Cap,2326931,NGM
NIO,NIO Inc.,Consumer Cyclical,Large-Cap,48424545,NYQ
AES,The AES Corporation,Utilities,Large-Cap,8270254,NYQ
GME,GameStop Corporation,Consumer Cyclical,Large-Cap,7620631,NYQ
LSCC,Lattice Semiconductor Corporati,Technology,Large-Cap,1844380,NMS
FIG,"Figma, Inc.",Technology,Large-Cap,8305654,NYQ
CNM,"Core & Main, Inc.",Industrials,Large-Cap,2382422,NYQ
OC,Owens Corning Inc,Industrials,Large-Cap,1543050,NYQ
BMRN,BioMarin Pharmaceutical Inc.,Healthcare,Large-Cap,2676845,NMS
STRL,"Sterling Infrastructure, Inc.",Industrials,Large-Cap,642178,NMS
NYT,New York Times Company (The),Communication Services,Large-Cap,1947872,NYQ
AOS,A.O. Smith Corporation,Industrials,Large-Cap,1372826,NYQ
BWA,BorgWarner Inc.,Consumer Cyclical,Large-Cap,2879388,NYQ
AMKR,"Amkor Technology, Inc.",Technology,Large-Cap,3672649,NMS
SUN,Sunoco LP,Energy,Large-Cap,518721,NYQ
AG,First Majestic Silver Corp.,Basic Materials,Large-Cap,23015954,NYQ
RMBS,"Rambus, Inc.",Technology,Large-Cap,2147498,NMS
BAX,Baxter International Inc.,Healthcare,Large-Cap,8476683,NYQ
GAP,"Gap, Inc. (The)",Consumer Cyclical,Large-Cap,8226785,NYQ
CFLT,"Confluent, Inc.",Technology,Large-Cap,14165916,NMS
SMMT,Summit Therapeutics Inc.,Healthcare,Large-Cap,2676326,NGM
MP,MP Materials Corp.,Basic Materials,Large-Cap,9211091,NYQ
TECH,Bio-Techne Corp,Healthcare,Large-Cap,2063268,NMS
OSK,Oshkosh Corporation (Holding Co,Industrials,Large-Cap,732422,NYQ
SSB,SouthState Bank Corporation,Financial Services,Large-Cap,813749,NYQ
U,Unity Software Inc.,Technology,Large-Cap,10523857,NYQ
OKLO,Oklo Inc.,Utilities,Large-Cap,12649022,NYQ
QGEN,Qiagen N.V.,Healthcare,Large-Cap,1958257,NYQ
FIVE,"Five Below, Inc.",Consumer Cyclical,Large-Cap,1245947,NMS
DINO,HF Sinclair Corporation,Energy,Large-Cap,2597598,NYQ
TTEK,"Tetra Tech, Inc.",Industrials,Large-Cap,2576177,NMS
SPXC,"SPX Technologies, Inc.",Industrials,Large-Cap,515324,NYQ
AR,Antero Resources Corporation,Energy,Large-Cap,5592832,NYQ
WTRG,"Essential Utilities, Inc.",Utilities,Large-Cap,1949460,NYQ
NTNX,"Nutanix, Inc.",Technology,Large-Cap,4690727,NMS
TIGO,Millicom International Cellular,Communication Services,Large-Cap,996701,NMS
SEIC,SEI Investments Company,Financial Services,Large-Cap,619663,NMS
BAH,Booz Allen Hamilton Holding Cor,Industrials,Large-Cap,2661455,NYQ
MOD,Modine Manufacturing Company,Consumer Cyclical,Large-Cap,1413186,NYQ
EDU,New Oriental Education & Techno,Consumer Defensive,Large-Cap,954077,NYQ
FLS,Flowserve Corporation,Industrials,Large-Cap,1290380,NYQ
DT,"Dynatrace, Inc.",Technology,Large-Cap,4159529,NYQ
GNRC,Generac Holdlings Inc.,Industrials,Large-Cap,1062654,NYQ
RBRK,"Rubrik, Inc.",Technology,Large-Cap,3739970,NYQ
SOLS,Solstice Advanced Materials Inc,Basic Materials,Large-Cap,3416160,NMS
PPC,Pilgrim's Pride Corporation,Consumer Defensive,Large-Cap,989444,NMS
EPAM,"EPAM Systems, Inc.",Technology,Large-Cap,882119,NYQ
YMM,Full Truck Alliance Co. Ltd.,Technology,Large-Cap,8249549,NYQ
KT,KT Corporation,Communication Services,Large-Cap,1737283,NYQ
DRS,"Leonardo DRS, Inc.",Industrials,Large-Cap,1091332,NMS
SNAP,Snap Inc.,Communication Services,Mid-Cap,45416221,NYQ
DVA,DaVita Inc.,Healthcare,Mid-Cap,1043580,NYQ
ARMK,Aramark,Industrials,Large-Cap,2659132,NYQ
NCLH,Norwegian Cruise Line Holdings ,Consumer Cyclical,Large-Cap,17383903,NYQ
TAP,Molson Coors Beverage Company,Consumer Defensive,Large-Cap,3299836,NYQ
WAL,Western Alliance Bancorporation,Financial Services,Large-Cap,883221,NYQ
REXR,"Rexford Industrial Realty, Inc.",Real Estate,Mid-Cap,2154022,NYQ
HBM,Hudbay Minerals Inc.,Basic Materials,Mid-Cap,5520226,NYQ
MGM,MGM Resorts International,Consumer Cyclical,Large-Cap,4521931,NYQ
ORI,Old Republic International Corp,Financial Services,Large-Cap,1811995,NYQ
JAZZ,Jazz Pharmaceuticals plc,Healthcare,Large-Cap,1211185,NMS
ONB,Old National Bancorp,Financial Services,Large-Cap,2829477,NMS
JOBY,"Joby Aviation, Inc.",Industrials,Large-Cap,25122752,NYQ
COKE,"Coca-Cola Consolidated, Inc.",Consumer Defensive,Large-Cap,504668,NMS
SARO,"StandardAero, Inc.",Industrials,Large-Cap,3048524,NYQ
CEF,"""Sprott Physical Gold and Silve",N/A,Mid-Cap,1843508,ASE
TTMI,"TTM Technologies, Inc.",Technology,Large-Cap,2617686,NMS
BSY,"Bentley Systems, Incorporated",Technology,Large-Cap,2187795,NMS
CRL,Charles River Laboratories Inte,Healthcare,Mid-Cap,770636,NYQ
CAE,CAE Inc.,Industrials,Large-Cap,615940,NYQ
XP,XP Inc.,Financial Services,Large-Cap,7146644,NMS
APA,APA Corporation,Energy,Mid-Cap,6216495,NMS
ACI,"Albertsons Companies, Inc.",Consumer Defensive,Mid-Cap,8906293,NYQ
KNX,Knight-Swift Transportation Hol,Industrials,Mid-Cap,3187224,NYQ
POOL,Pool Corporation,Industrials,Mid-Cap,785118,NMS
AEIS,"Advanced Energy Industries, Inc",Industrials,Large-Cap,556680,NMS
MOH,Molina Healthcare Inc,Healthcare,Mid-Cap,1569409,NYQ
EHC,Encompass Health Corporation,Healthcare,Large-Cap,1033063,NYQ
ALV,"Autoliv, Inc.",Consumer Cyclical,Mid-Cap,624921,NYQ
ARE,Alexandria Real Estate Equities,Real Estate,Mid-Cap,2866240,NYQ
SFD,"Smithfield Foods, Inc.",Consumer Defensive,Mid-Cap,856880,NMS
ALSN,"Allison Transmission Holdings, ",Consumer Cyclical,Mid-Cap,909283,NYQ
CART,Maplebear Inc.,Consumer Cyclical,Mid-Cap,5424122,NMS
ARWR,"Arrowhead Pharmaceuticals, Inc.",Healthcare,Mid-Cap,2727185,NMS
AAL,"American Airlines Group, Inc.",Industrials,Large-Cap,55246354,NMS
TEM,"Tempus AI, Inc.",Healthcare,Mid-Cap,4939829,NMS
CAG,"ConAgra Brands, Inc.",Consumer Defensive,Mid-Cap,11203501,NYQ
BPOP,"Popular, Inc.",Financial Services,Mid-Cap,570965,NMS
ZION,Zions Bancorporation N.A.,Financial Services,Mid-Cap,1634355,NMS
LINE,"Lineage, Inc.",Real Estate,Mid-Cap,1730211,NMS
TTC,Toro Company (The),Industrials,Mid-Cap,991449,NYQ
ONTO,Onto Innovation Inc.,Technology,Large-Cap,824240,NYQ
DOCU,"DocuSign, Inc.",Technology,Mid-Cap,3311350,NMS
AXSM,"Axsome Therapeutics, Inc.",Healthcare,Mid-Cap,655165,NGM
COLB,"Columbia Banking System, Inc.",Financial Services,Mid-Cap,2700549,NMS
GTLS,"Chart Industries, Inc.",Industrials,Mid-Cap,654155,NYQ
BMNR,"BitMine Immersion Technologies,",Financial Services,Mid-Cap,46937603,ASE
USO,United States Oil Fund,N/A,Mid-Cap,5753360,PCX
BVN,Buenaventura Mining Company Inc,Basic Materials,Mid-Cap,1729688,NYQ
FIGR,"Figure Technology Solutions, In",Financial Services,Mid-Cap,3273062,NMS
CMC,Commercial Metals Company,Basic Materials,Mid-Cap,1134534,NYQ
HALO,"Halozyme Therapeutics, Inc.",Healthcare,Mid-Cap,2253281,NMS
MOS,Mosaic Company (The),Basic Materials,Mid-Cap,7269896,NYQ
HSIC,"Henry Schein, Inc.",Healthcare,Mid-Cap,1215311,NMS
AGCO,AGCO Corporation,Industrials,Mid-Cap,735909,NYQ
OGE,OGE Energy Corp,Utilities,Mid-Cap,1483629,NYQ
FRT,Federal Realty Investment Trust,Real Estate,Mid-Cap,692118,NYQ
AM,Antero Midstream Corporation,Energy,Mid-Cap,2528431,NYQ
EMN,Eastman Chemical Company,Basic Materials,Mid-Cap,1732829,NYQ
ABVX,Abivax SA,Healthcare,Mid-Cap,1629222,NGM
BROS,Dutch Bros Inc.,Consumer Cyclical,Mid-Cap,3798978,NYQ
APLD,Applied Digital Corporation,Technology,Mid-Cap,31559840,NMS
CUBE,CubeSmart,Real Estate,Mid-Cap,2131006,NYQ
AMTM,"Amentum Holdings, Inc.",Industrials,Mid-Cap,2299939,NYQ
SWKS,"Skyworks Solutions, Inc.",Technology,Mid-Cap,3489536,NMS
LKQ,LKQ Corporation,Consumer Cyclical,Mid-Cap,4031547,NMS
RRC,Range Resources Corporation,Energy,Mid-Cap,3128550,NYQ
AHR,"American Healthcare REIT, Inc.",Real Estate,Mid-Cap,2624068,NYQ
UGI,UGI Corporation,Utilities,Mid-Cap,2331632,NYQ
ZWS,Zurn Elkay Water Solutions Corp,Industrials,Mid-Cap,910914,NYQ
COMP,"Compass, Inc.",Real Estate,Mid-Cap,16938824,NYQ
EQPT,EquipmentShare.com Inc,Industrials,Mid-Cap,4065540,NMS
ATR,"AptarGroup, Inc.",Healthcare,Mid-Cap,532475,NYQ
GGAL,Grupo Financiero Galicia S.A.,Financial Services,Mid-Cap,1263722,NCM
ADC,Agree Realty Corporation,Real Estate,Mid-Cap,1196554,NYQ
CPB,The Campbell's Company,Consumer Defensive,Mid-Cap,7071970,NMS
BRX,Brixmor Property Group Inc.,Real Estate,Mid-Cap,2785667,NYQ
GGB,Gerdau S.A.,Basic Materials,Mid-Cap,14623339,NYQ
FDS,FactSet Research Systems Inc.,Financial Services,Mid-Cap,821785,NYQ
PRAX,"Praxis Precision Medicines, Inc",Healthcare,Mid-Cap,770672,NMS
SAIL,"SailPoint, Inc.",Technology,Mid-Cap,2210040,NMS
UWMC,UWM Holdings Corporation,Financial Services,Mid-Cap,14370775,NYQ
MANH,"Manhattan Associates, Inc.",Technology,Mid-Cap,660293,NMS
AXS,Axis Capital Holdings Limited,Financial Services,Mid-Cap,635606,NYQ
VFC,V.F. Corporation,Consumer Cyclical,Mid-Cap,6530557,NYQ
GDS,GDS Holdings Limited,Technology,Mid-Cap,1964937,NGM
VIPS,Vipshop Holdings Limited,Consumer Cyclical,Mid-Cap,2676083,NYQ
PCOR,"Procore Technologies, Inc.",Technology,Mid-Cap,1624375,NYQ
CLF,Cleveland-Cliffs Inc.,Basic Materials,Mid-Cap,15692434,NYQ
RGEN,Repligen Corporation,Healthcare,Mid-Cap,692137,NMS
KLAR,Klarna Group plc,Technology,Mid-Cap,2688503,NYQ
JXN,Jackson Financial Inc.,Financial Services,Mid-Cap,514173,NYQ
BZ,KANZHUN LIMITED - American Depo,Communication Services,Mid-Cap,3159501,NMS
CTRE,"CareTrust REIT, Inc.",Real Estate,Mid-Cap,1832272,NYQ
CHYM,"Chime Financial, Inc.",Technology,Mid-Cap,3747252,NMS
NGD,New Gold Inc.,Basic Materials,Mid-Cap,20357819,ASE
MHK,"Mohawk Industries, Inc.",Consumer Cyclical,Mid-Cap,1014237,NYQ
AUR,"Aurora Innovation, Inc.",Technology,Mid-Cap,16208522,NMS
VIRT,"Virtu Financial, Inc.",Financial Services,Mid-Cap,1029711,NYQ
DOX,Amdocs Limited,Technology,Mid-Cap,1220600,NMS
EGO,Eldorado Gold Corporation,Basic Materials,Mid-Cap,1966609,NYQ
MIDD,The Middleby Corporation,Industrials,Mid-Cap,767365,NMS
NNN,"NNN REIT, Inc.",Real Estate,Mid-Cap,1446006,NYQ
CBSH,"Commerce Bancshares, Inc.",Financial Services,Mid-Cap,1174059,NMS
NFG,National Fuel Gas Company,Energy,Mid-Cap,691578,NYQ
FR,"First Industrial Realty Trust, ",Real Estate,Mid-Cap,958534,NYQ
SANM,Sanmina Corporation,Technology,Mid-Cap,786826,NMS
STEP,StepStone Group Inc.,Financial Services,Mid-Cap,731583,NMS
PCVX,"Vaxcyte, Inc.",Healthcare,Mid-Cap,1474350,NMS
LEVI,Levi Strauss & Co,Consumer Cyclical,Mid-Cap,2115018,NYQ
HLNE,Hamilton Lane Incorporated,Financial Services,Mid-Cap,533849,NMS
WING,Wingstop Inc.,Consumer Cyclical,Mid-Cap,681244,NMS
GLXY,Galaxy Digital Inc.,Financial Services,Mid-Cap,7687122,NMS
GRFS,"Grifols, S.A.",Healthcare,Mid-Cap,509190,NMS
PRIM,Primoris Services Corporation,Industrials,Mid-Cap,958054,NYQ
PSO,"Pearson, Plc",Communication Services,Mid-Cap,893603,NYQ
AAON,"AAON, Inc.",Industrials,Mid-Cap,981506,NMS
UEC,Uranium Energy Corp.,Energy,Mid-Cap,11049763,ASE
CYTK,"Cytokinetics, Incorporated",Healthcare,Mid-Cap,1914665,NMS
PLNT,"Planet Fitness, Inc.",Consumer Cyclical,Mid-Cap,1553736,NYQ
OR,OR Royalties Inc.,Basic Materials,Mid-Cap,1358916,NYQ
LNC,Lincoln National Corporation,Financial Services,Mid-Cap,1608631,NYQ
PDI,PIMCO Dynamic Income Fund,Financial Services,Mid-Cap,2948077,NYQ
ORA,"Ormat Technologies, Inc.",Utilities,Mid-Cap,584372,NYQ
INGR,Ingredion Incorporated,Consumer Defensive,Mid-Cap,672163,NYQ
NUVL,"Nuvalent, Inc.",Healthcare,Mid-Cap,612877,NMS
NXE,Nexgen Energy Ltd.,Energy,Mid-Cap,8004360,NYQ
AVTR,"Avantor, Inc.",Healthcare,Mid-Cap,10586022,NYQ
CWEN,"Clearway Energy, Inc.",Utilities,Mid-Cap,1054032,NYQ
SMTC,Semtech Corporation,Technology,Mid-Cap,1652570,NMS
HESM,Hess Midstream LP,Energy,Mid-Cap,1560057,NYQ
DAR,Darling Ingredients Inc.,Consumer Defensive,Mid-Cap,2217168,NYQ
CAVA,"CAVA Group, Inc.",Consumer Cyclical,Mid-Cap,3793613,NYQ
FND,"Floor & Decor Holdings, Inc.",Consumer Cyclical,Mid-Cap,2446993,NYQ
OMF,"OneMain Holdings, Inc.",Financial Services,Mid-Cap,1192622,NYQ
QRVO,"Qorvo, Inc.",Technology,Mid-Cap,1282283,NMS
BEPC,Brookfield Renewable Corporatio,Utilities,Mid-Cap,1051209,NYQ
VLY,Valley National Bancorp,Financial Services,Mid-Cap,7531037,NMS
STAG,"Stag Industrial, Inc.",Real Estate,Mid-Cap,1365268,NYQ
JHG,Janus Henderson Group plc,Financial Services,Mid-Cap,1431954,NYQ
QBTS,D-Wave Quantum Inc.,Technology,Mid-Cap,35668114,NYQ
GSAT,"Globalstar, Inc.",Communication Services,Mid-Cap,826186,NMS
FLR,Fluor Corporation,Industrials,Mid-Cap,2900944,NYQ
MTCH,"Match Group, Inc.",Communication Services,Mid-Cap,3768840,NMS
FBIN,"Fortune Brands Innovations, Inc",Industrials,Mid-Cap,1721118,NYQ
MASI,Masimo Corporation,Healthcare,Mid-Cap,760240,NMS
AXTA,Axalta Coating Systems Ltd.,Basic Materials,Mid-Cap,3988016,NYQ
PSN,Parsons Corporation,Technology,Mid-Cap,1427531,NYQ
PAYC,"Paycom Software, Inc.",Technology,Mid-Cap,908485,NYQ
PL,Planet Labs PBC,Industrials,Mid-Cap,12412698,NYQ
MBLY,Mobileye Global Inc.,Consumer Cyclical,Mid-Cap,7592372,NMS
ESI,Element Solutions Inc.,Basic Materials,Mid-Cap,2268557,NYQ
PRMB,Primo Brands Corporation,Consumer Defensive,Mid-Cap,8122811,NYQ
AL,Air Lease Corporation,Industrials,Mid-Cap,1689350,NYQ
RYTM,"Rhythm Pharmaceuticals, Inc.",Healthcare,Mid-Cap,755518,NGM
EAT,"Brinker International, Inc.",Consumer Cyclical,Mid-Cap,1405685,NYQ
NOV,NOV Inc.,Energy,Mid-Cap,4288975,NYQ
WFRD,Weatherford International plc,Energy,Mid-Cap,1017468,NMS
TFPM,Triple Flag Precious Metals Cor,Basic Materials,Mid-Cap,631811,NYQ
ICL,ICL Group Ltd.,Basic Materials,Mid-Cap,1192662,NYQ
PB,"Prosperity Bancshares, Inc.",Financial Services,Mid-Cap,1029180,NYQ
ARW,"Arrow Electronics, Inc.",Technology,Mid-Cap,526701,NYQ
ALGM,"Allegro MicroSystems, Inc.",Technology,Mid-Cap,2276873,NMS
TAL,TAL Education Group,Consumer Defensive,Mid-Cap,3537881,NYQ
BIRK,Birkenstock Holding plc,Consumer Cyclical,Mid-Cap,2616288,NYQ
LEA,Lear Corporation,Consumer Cyclical,Mid-Cap,617101,NYQ
HQY,"HealthEquity, Inc.",Healthcare,Mid-Cap,962075,NMS
STWD,"STARWOOD PROPERTY TRUST, INC. S",Real Estate,Mid-Cap,3524691,NYQ
VOYA,"Voya Financial, Inc.",Financial Services,Mid-Cap,868255,NYQ
CWAN,"Clearwater Analytics Holdings, ",Technology,Mid-Cap,12975706,NYQ
PCTY,Paylocity Holding Corporation,Technology,Mid-Cap,635057,NMS
SIRI,SiriusXM Holdings Inc.,Communication Services,Mid-Cap,4435777,NMS
NICE,NICE Ltd,Technology,Mid-Cap,921688,NMS
KMX,CarMax Inc,Consumer Cyclical,Mid-Cap,4167152,NYQ
CRUS,"Cirrus Logic, Inc.",Technology,Mid-Cap,550154,NMS
RYN,Rayonier Inc. REIT,Real Estate,Mid-Cap,2139491,NYQ
GBCI,"Glacier Bancorp, Inc.",Financial Services,Mid-Cap,931078,NYQ
TKR,Timken Company (The),Industrials,Mid-Cap,725495,NYQ
MAT,"Mattel, Inc.",Consumer Cyclical,Mid-Cap,3423016,NMS
CIG,Comp En De Mn Cemig,Utilities,Mid-Cap,3773639,NYQ
CGNX,Cognex Corporation,Technology,Mid-Cap,1743091,NMS
BYD,Boyd Gaming Corporation,Consumer Cyclical,Mid-Cap,809175,NYQ
SFM,"Sprouts Farmers Market, Inc.",Consumer Defensive,Mid-Cap,2497550,NMS
LUMN,"Lumen Technologies, Inc.",Communication Services,Mid-Cap,14078870,NYQ
KEX,Kirby Corporation,Industrials,Mid-Cap,777072,NYQ
ENPH,"Enphase Energy, Inc.",Technology,Mid-Cap,7222298,NGM
BTG,B2Gold Corp,Basic Materials,Mid-Cap,39531486,ASE
BTSG,"BrightSpring Health Services, I",Healthcare,Mid-Cap,1852518,NMS
PEGA,Pegasystems Inc.,Technology,Mid-Cap,1345685,NMS
CHDN,"Churchill Downs, Incorporated",Consumer Cyclical,Mid-Cap,703904,NMS
G,Genpact Limited,Technology,Mid-Cap,1855596,NYQ
SITE,"SiteOne Landscape Supply, Inc.",Industrials,Mid-Cap,594481,NYQ
FAF,First American Corporation (New,Financial Services,Mid-Cap,748467,NYQ
GXO,"GXO Logistics, Inc.",Industrials,Mid-Cap,1094119,NYQ
OLLI,Ollie's Bargain Outlet Holdings,Consumer Defensive,Mid-Cap,1160442,NGM
FNB,F.N.B. Corporation,Financial Services,Mid-Cap,5337698,NYQ
LW,"Lamb Weston Holdings, Inc.",Consumer Defensive,Mid-Cap,2701473,NYQ
TRNO,Terreno Realty Corporation,Real Estate,Mid-Cap,719037,NYQ
DOCS,"Doximity, Inc.",Healthcare,Mid-Cap,2952244,NYQ
GTES,Gates Industrial Corporation pl,Industrials,Mid-Cap,2328121,NYQ
URBN,"Urban Outfitters, Inc.",Consumer Cyclical,Mid-Cap,2100080,NMS
CWST,"Casella Waste Systems, Inc.",Industrials,Mid-Cap,893621,NMS
PATH,"UiPath, Inc.",Technology,Mid-Cap,25120554,NYQ
GKOS,Glaukos Corporation,Healthcare,Mid-Cap,881004,NYQ
RRR,"Red Rock Resorts, Inc.",Consumer Cyclical,Mid-Cap,855540,NMS
HXL,Hexcel Corporation,Industrials,Mid-Cap,1212268,NYQ
LYFT,"Lyft, Inc.",Technology,Mid-Cap,13901959,NMS
DBX,"Dropbox, Inc.",Technology,Mid-Cap,3851829,NMS
LPX,Louisiana-Pacific Corporation,Industrials,Mid-Cap,1026106,NYQ
LTH,"Life Time Group Holdings, Inc.",Consumer Cyclical,Mid-Cap,2082019,NYQ
ALK,"Alaska Air Group, Inc.",Industrials,Mid-Cap,3510177,NYQ
ROAD,"Construction Partners, Inc.",Industrials,Mid-Cap,502208,NMS
BRKR,Bruker Corporation,Healthcare,Mid-Cap,2294078,NMS
TXNM,"TXNM Energy, Inc.",Utilities,Mid-Cap,875624,NYQ
ESTC,Elastic N.V.,Technology,Mid-Cap,1784404,NYQ
GPGI,"GPGI, Inc.",Industrials,Mid-Cap,1488247,NYQ
TMHC,Taylor Morrison Home Corporatio,Consumer Cyclical,Mid-Cap,946472,NYQ
VNO,Vornado Realty Trust,Real Estate,Mid-Cap,1433049,NYQ
ADT,ADT Inc.,Industrials,Mid-Cap,6751609,NYQ
THO,"Thor Industries, Inc.",Consumer Cyclical,Mid-Cap,580447,NYQ
RAL,Ralliant Corporation,Technology,Mid-Cap,1561462,NYQ
ESNT,Essent Group Ltd.,Financial Services,Mid-Cap,664460,NYQ
CRK,"Comstock Resources, Inc.",Energy,Mid-Cap,2840818,NYQ
LOAR,Loar Holdings Inc.,Industrials,Mid-Cap,758855,NYQ
FRO,Frontline Plc,Energy,Mid-Cap,3137642,NYQ
KVYO,"Klaviyo, Inc. Series A",Technology,Mid-Cap,2865419,NYQ
UBSI,"United Bankshares, Inc.",Financial Services,Mid-Cap,830700,NMS
MIRM,"Mirum Pharmaceuticals, Inc.",Healthcare,Mid-Cap,768244,NGM
KYMR,"Kymera Therapeutics, Inc.",Healthcare,Mid-Cap,981180,NGM
DLB,Dolby Laboratories,Industrials,Mid-Cap,709980,NYQ
HWC,Hancock Whitney Corporation,Financial Services,Mid-Cap,815495,NMS
SEE,Sealed Air Corporation,Consumer Cyclical,Mid-Cap,3673804,NYQ
CAI,"Caris Life Sciences, Inc.",Healthcare,Mid-Cap,2386270,NMS
FROG,JFrog Ltd.,Technology,Mid-Cap,2114962,NMS
EPRT,Essential Properties Realty Tru,Real Estate,Mid-Cap,1763713,NYQ
MTG,MGIC Investment Corporation,Financial Services,Mid-Cap,1956744,NYQ
NE,Noble Corporation plc A,Energy,Mid-Cap,1715970,NYQ
CAMT,Camtek Ltd.,Technology,Mid-Cap,509150,NGM
MKTX,"MarketAxess Holdings, Inc.",Financial Services,Mid-Cap,638318,NMS
VIST,Vista Energy S.A.B. de C.V.,Energy,Mid-Cap,1044296,NYQ
TTAN,"ServiceTitan, Inc.",Technology,Mid-Cap,1185809,NMS
OTEX,Open Text Corporation,Technology,Mid-Cap,1364547,NMS
PONY,Pony AI Inc.,Technology,Mid-Cap,4758536,NMS
SOBO,South Bow Corporation,Energy,Mid-Cap,938691,NYQ
RITM,Rithm Capital Corp.,Real Estate,Mid-Cap,7588485,NYQ
ENIC,Enel Chile S.A.,Utilities,Mid-Cap,523819,NYQ
PTCT,"PTC Therapeutics, Inc.",Healthcare,Mid-Cap,1607626,NMS
BIPC,Brookfield Infrastructure Corpo,Utilities,Mid-Cap,605067,NYQ
VNT,Vontier Corporation,Technology,Mid-Cap,1121383,NYQ
HR,Healthcare Realty Trust Incorpo,Real Estate,Mid-Cap,3024455,NYQ
HOMB,"Home BancShares, Inc.",Financial Services,Mid-Cap,1243875,NYQ
AUB,Atlantic Union Bankshares Corpo,Financial Services,Mid-Cap,1205077,NYQ
RIG,Transocean Ltd (Switzerland),Energy,Mid-Cap,34099322,NYQ
MIR,"Mirion Technologies, Inc.",Industrials,Mid-Cap,2783783,NYQ
HUT,Hut 8 Corp.,Financial Services,Mid-Cap,6695595,NMS
MTDR,Matador Resources Company,Energy,Mid-Cap,1592465,NYQ
TKC,Turkcell Iletisim Hizmetleri AS,Communication Services,Mid-Cap,1081885,NYQ
FLG,"Flagstar Bank, N.A.",Financial Services,Mid-Cap,5095842,NYQ
WULF,TeraWulf Inc.,Financial Services,Mid-Cap,32691442,NCM
OTF,Blue Owl Technology Finance Cor,Financial Services,Mid-Cap,1444086,NYQ
IBRX,"ImmunityBio, Inc.",Healthcare,Mid-Cap,25908009,NMS
CHRD,Chord Energy Corporation,Energy,Mid-Cap,716519,NMS
CE,Celanese Corporation,Basic Materials,Mid-Cap,2125500,NYQ
M,Macy's Inc,Consumer Cyclical,Mid-Cap,6773608,NYQ
BC,Brunswick Corporation,Consumer Cyclical,Mid-Cap,885870,NYQ
DSGX,The Descartes Systems Group Inc,Technology,Mid-Cap,583662,NMS
BXSL,Blackstone Secured Lending Fund,Financial Services,Mid-Cap,1933296,NYQ
WH,"Wyndham Hotels & Resorts, Inc.",Consumer Cyclical,Mid-Cap,1218500,NYQ
OBDC,Blue Owl Capital Corporation,Financial Services,Mid-Cap,5435700,NYQ
GPCR,Structure Therapeutics Inc.,Healthcare,Mid-Cap,1644085,NGM
OS,"OneStream, Inc.",Technology,Mid-Cap,3888929,NMS
POR,Portland General Electric Co,Utilities,Mid-Cap,1090660,NYQ
GLBE,Global-E Online Ltd.,Consumer Cyclical,Mid-Cap,1289849,NMS
RGTI,"Rigetti Computing, Inc.",Technology,Mid-Cap,37224826,NCM
VIAV,Viavi Solutions Inc.,Technology,Mid-Cap,4134460,NMS
ALKS,Alkermes plc,Healthcare,Mid-Cap,2132626,NMS
SLM,SLM Corporation,Financial Services,Mid-Cap,2980347,NMS
COGT,"Cogent Biosciences, Inc.",Healthcare,Mid-Cap,3188432,NMS
OLED,Universal Display Corporation,Technology,Mid-Cap,642059,NMS
CIFR,Cipher Mining Inc.,Financial Services,Mid-Cap,34820826,NMS
CNX,CNX Resources Corporation,Energy,Mid-Cap,2097029,NYQ
RLI,RLI Corp.,Financial Services,Mid-Cap,812291,NYQ
BOOT,"Boot Barn Holdings, Inc.",Consumer Cyclical,Mid-Cap,606475,NYQ
OZK,Bank OZK,Financial Services,Mid-Cap,1257001,NMS
MNSO,MINISO Group Holding Limited,Consumer Cyclical,Mid-Cap,586096,NYQ
RUSHA,"Rush Enterprises, Inc.",Consumer Cyclical,Mid-Cap,566501,NMS
PACS,"PACS Group, Inc.",Healthcare,Mid-Cap,1706380,NYQ
BKH,Black Hills Corporation,Utilities,Mid-Cap,1131257,NYQ
FORM,"FormFactor, Inc.",Technology,Mid-Cap,1137226,NMS
LMND,"Lemonade, Inc.",Financial Services,Mid-Cap,2497793,NYQ
HIMS,"Hims & Hers Health, Inc.",Healthcare,Mid-Cap,17934891,NYQ
OPCH,"Option Care Health, Inc.",Healthcare,Mid-Cap,1884383,NMS
MAIN,Main Street Capital Corporation,Financial Services,Mid-Cap,520752,NYQ
KBR,"KBR, Inc.",Industrials,Mid-Cap,1316680,NYQ
GTLB,GitLab Inc.,Technology,Mid-Cap,4727091,NMS
GNTX,Gentex Corporation,Consumer Cyclical,Mid-Cap,2343250,NMS
POST,"Post Holdings, Inc.",Consumer Defensive,Mid-Cap,846459,NYQ
KRG,Kite Realty Group Trust,Real Estate,Mid-Cap,1841180,NYQ
ORLA,Orla Mining Ltd.,Basic Materials,Mid-Cap,2659565,ASE
REZI,"Resideo Technologies, Inc.",Industrials,Mid-Cap,1607901,NYQ
KD,"Kyndryl Holdings, Inc.",Technology,Mid-Cap,2244083,NYQ
DUOL,"Duolingo, Inc.",Technology,Mid-Cap,2020454,NMS
MNDY,monday.com Ltd.,Technology,Mid-Cap,1557534,NMS
TDS,"Telephone and Data Systems, Inc",Communication Services,Mid-Cap,989450,NYQ
GVA,Granite Construction Incorporat,Industrials,Mid-Cap,677275,NYQ
VSAT,"ViaSat, Inc.",Technology,Mid-Cap,1902752,NMS
FLNC,"Fluence Energy, Inc.",Utilities,Mid-Cap,6201722,NMS
SNDR,"Schneider National, Inc.",Industrials,Mid-Cap,973129,NYQ
MTH,Meritage Homes Corporation,Consumer Cyclical,Mid-Cap,935845,NYQ
MMYT,MakeMyTrip Limited,Consumer Cyclical,Mid-Cap,1366465,NMS
ETSY,"Etsy, Inc.",Consumer Cyclical,Mid-Cap,3413706,NYQ
MC,Moelis & Company,Financial Services,Mid-Cap,826734,NYQ
ST,Sensata Technologies Holding pl,Technology,Mid-Cap,1401318,NYQ
UGP,Ultrapar Participacoes S.A. (Ne,Energy,Mid-Cap,1722980,NYQ
RIOT,"Riot Platforms, Inc.",Financial Services,Mid-Cap,18858226,NCM
AUGO,Aura Minerals Inc.,Basic Materials,Mid-Cap,771614,NMS
AVT,"Avnet, Inc.",Technology,Mid-Cap,1044975,NMS
MSM,"MSC Industrial Direct Company, ",Industrials,Mid-Cap,725073,NYQ
AROC,"Archrock, Inc.",Energy,Mid-Cap,1566455,NYQ
EXLS,"ExlService Holdings, Inc.",Technology,Mid-Cap,1312067,NMS
LAZ,"Lazard, Inc.",Financial Services,Mid-Cap,958344,NYQ
DOCN,"DigitalOcean Holdings, Inc.",Technology,Mid-Cap,2269877,NYQ
RDNT,"RadNet, Inc.",Healthcare,Mid-Cap,877004,NGM
SRAD,Sportradar Group AG,Technology,Mid-Cap,2264757,NMS
NJR,NewJersey Resources Corporation,Utilities,Mid-Cap,596231,NYQ
PTGX,"Protagonist Therapeutics, Inc.",Healthcare,Mid-Cap,905506,NGM
MAC,Macerich Company (The),Real Estate,Mid-Cap,1739270,NYQ
PECO,"Phillips Edison & Company, Inc.",Real Estate,Mid-Cap,872696,NMS
FOUR,"Shift4 Payments, Inc.",Technology,Mid-Cap,2031450,NYQ
UUUU,Energy Fuels Inc,Energy,Mid-Cap,13233934,ASE
NTSK,"Netskope, Inc.",Technology,Mid-Cap,2512137,NMS
ACHR,Archer Aviation Inc.,Industrials,Mid-Cap,46999483,NYQ
SLGN,Silgan Holdings Inc.,Consumer Cyclical,Mid-Cap,997249,NYQ
USAR,"USA Rare Earth, Inc.",Basic Materials,Mid-Cap,16875714,NGM
MMS,"Maximus, Inc.",Industrials,Mid-Cap,639154,NYQ
QS,QuantumScape Corporation,Consumer Cyclical,Mid-Cap,17902609,NMS
BFAM,Bright Horizons Family Solution,Consumer Cyclical,Mid-Cap,660936,NYQ
SON,Sonoco Products Company,Consumer Cyclical,Mid-Cap,945618,NYQ
SHC,Sotera Health Company,Healthcare,Mid-Cap,2449988,NMS
IMVT,"Immunovant, Inc.",Healthcare,Mid-Cap,1610657,NMS
ELF,"e.l.f. Beauty, Inc.",Consumer Defensive,Mid-Cap,2192855,NYQ
MRP,"Millrose Properties, Inc.",Real Estate,Mid-Cap,2382991,NYQ
ATMU,Atmus Filtration Technologies I,Consumer Cyclical,Mid-Cap,670647,NYQ
AQN,Algonquin Power & Utilities Cor,Utilities,Mid-Cap,5024242,NYQ
MGY,Magnolia Oil & Gas Corporation,Energy,Mid-Cap,2431834,NYQ
REYN,Reynolds Consumer Products Inc.,Consumer Cyclical,Mid-Cap,904767,NMS
FRMI,Fermi Inc.,N/A,Mid-Cap,6702926,NMS
PFSI,"PennyMac Financial Services, In",Financial Services,Mid-Cap,564037,NYQ
LAUR,"Laureate Education, Inc.",Consumer Defensive,Mid-Cap,1117311,NMS
CRC,California Resources Corporatio,Energy,Mid-Cap,925208,NYQ
CORZ,"Core Scientific, Inc.",Technology,Mid-Cap,12016724,NMS
CHH,"Choice Hotels International, In",Consumer Cyclical,Mid-Cap,748860,NYQ
ANF,Abercrombie & Fitch Company,Consumer Cyclical,Mid-Cap,2087547,NYQ
CELC,Celcuity Inc.,Healthcare,Mid-Cap,860667,NCM
WHR,Whirlpool Corporation,Consumer Cyclical,Mid-Cap,1507834,NYQ
NOVT,Novanta Inc.,Technology,Mid-Cap,585736,NMS
SSRM,SSR Mining Inc.,Basic Materials,Mid-Cap,3050062,NMS
PAGP,"Plains GP Holdings, L.P.",Energy,Mid-Cap,1609662,NMS
IRTC,"iRhythm Holdings, Inc.",Healthcare,Mid-Cap,572331,NMS
EBC,"Eastern Bankshares, Inc.",Financial Services,Mid-Cap,2173975,NMS
FFIN,"First Financial Bankshares, Inc",Financial Services,Mid-Cap,802072,NMS
VSCO,Victorias Secret & Co.,Consumer Cyclical,Mid-Cap,2401604,NYQ
MTN,"Vail Resorts, Inc.",Consumer Cyclical,Mid-Cap,915009,NYQ
LGN,Legence Corp.,Industrials,Mid-Cap,1217765,NMS
CRNX,"Crinetics Pharmaceuticals, Inc.",Healthcare,Mid-Cap,1331932,NMS
ATAT,Atour Lifestyle Holdings Limite,Consumer Cyclical,Mid-Cap,1197832,NMS
RUN,Sunrun Inc.,Technology,Mid-Cap,7830752,NMS
NSA,National Storage Affiliates Tru,Real Estate,Mid-Cap,1294075,NYQ
IEP,Icahn Enterprises L.P. - Deposi,Energy,Mid-Cap,1155414,NMS
ASB,Associated Banc-Corp,Financial Services,Mid-Cap,2092770,NYQ
CRSP,CRISPR Therapeutics AG,Healthcare,Mid-Cap,1968645,NGM
SRRK,Scholar Rock Holding Corporatio,Healthcare,Mid-Cap,1423478,NMS
SM,SM Energy Company,Energy,Mid-Cap,4266440,NYQ
SKY,"Champion Homes, Inc.",Consumer Cyclical,Mid-Cap,723672,NYQ
OPEN,Opendoor Technologies Inc,Real Estate,Mid-Cap,85953170,NMS
CROX,"Crocs, Inc.",Consumer Cyclical,Mid-Cap,1324654,NMS
MMSI,"Merit Medical Systems, Inc.",Healthcare,Mid-Cap,677106,NMS
TREX,"Trex Company, Inc.",Industrials,Mid-Cap,2276714,NYQ
BBWI,"Bath & Body Works, Inc.",Consumer Cyclical,Mid-Cap,7443726,NYQ
TFX,Teleflex Incorporated,Healthcare,Mid-Cap,844700,NYQ
ITRI,"Itron, Inc.",Technology,Mid-Cap,616734,NMS
TNL,Travel   Leisure Co.,Consumer Cyclical,Mid-Cap,566683,NYQ
CNR,"Core Natural Resources, Inc.",Energy,Mid-Cap,738137,NYQ
SSL,Sasol Ltd.,Basic Materials,Mid-Cap,1203393,NYQ
HCC,"Warrior Met Coal, Inc.",Basic Materials,Mid-Cap,820852,NYQ
ALH,Alliance Laundry Holdings Inc.,Consumer Cyclical,Mid-Cap,1130573,NYQ
MRCY,Mercury Systems Inc,Industrials,Mid-Cap,704377,NMS
S,"SentinelOne, Inc.",Technology,Mid-Cap,8559142,NYQ
TGTX,"TG Therapeutics, Inc.",Healthcare,Mid-Cap,1949162,NCM
SBRA,"Sabra Health Care REIT, Inc.",Real Estate,Mid-Cap,2797116,NMS
WAY,Waystar Holding Corp.,Healthcare,Mid-Cap,2038100,NMS
PI,"Impinj, Inc.",Technology,Mid-Cap,629622,NMS
LEU,Centrus Energy Corp.,Energy,Mid-Cap,1119419,NYQ
SMR,NuScale Power Corporation,Industrials,Mid-Cap,26763862,NYQ
CZR,"Caesars Entertainment, Inc.",Consumer Cyclical,Mid-Cap,6467726,NMS
SGHC,Super Group (SGHC) Limited,Consumer Cyclical,Mid-Cap,2217193,NYQ
RDN,Radian Group Inc.,Financial Services,Mid-Cap,975070,NYQ
AMRX,"Amneal Pharmaceuticals, Inc.",Healthcare,Mid-Cap,2432927,NMS
VVV,Valvoline Inc.,Consumer Cyclical,Mid-Cap,2434260,NYQ
MUR,Murphy Oil Corporation,Energy,Mid-Cap,2406488,NYQ
HASI,HA Sustainable Infrastructure C,Financial Services,Mid-Cap,1062583,NYQ
SAIC,Science Applications Internatio,Technology,Mid-Cap,587967,NMS
LNTH,"Lantheus Holdings, Inc.",Healthcare,Mid-Cap,999973,NGM
FOLD,"Amicus Therapeutics, Inc.",Healthcare,Mid-Cap,10689506,NGM
TMDX,"TransMedics Group, Inc.",Healthcare,Mid-Cap,767270,NGM
VAL,Valaris Limited,Energy,Mid-Cap,1007996,NYQ
CENX,Century Aluminum Company,Basic Materials,Mid-Cap,2261316,NMS
APGE,"Apogee Therapeutics, Inc.",Healthcare,Mid-Cap,953614,NGM
HRB,"H&R Block, Inc.",Consumer Cyclical,Mid-Cap,1853504,NYQ
WIX,Wix.com Ltd.,Technology,Mid-Cap,1689459,NMS
VSNT,"Versant Media Group, Inc.",Communication Services,Mid-Cap,5014683,NMS
CSAN,Cosan S.A.,Energy,Mid-Cap,2233113,NYQ
TBBB,BBB Foods Inc.,Consumer Defensive,Mid-Cap,703018,NYQ
CUZ,Cousins Properties Incorporated,Real Estate,Mid-Cap,1469486,NYQ
ECG,"Everus Construction Group, Inc.",Industrials,Mid-Cap,618547,NYQ
STNE,StoneCo Ltd.,Technology,Mid-Cap,6890455,NMS
SIMO,Silicon Motion Technology Corpo,Technology,Mid-Cap,548073,NMS
UCB,"United Community Banks, Inc.",Financial Services,Mid-Cap,809918,NYQ
KNF,Knife Riv Holding Co.,Basic Materials,Mid-Cap,525281,NYQ
OUT,OUTFRONT Media Inc.,Real Estate,Mid-Cap,1550049,NYQ
BBAR,Banco BBVA Argentina S.A.,Financial Services,Mid-Cap,733270,NYQ
MDU,"MDU Resources Group, Inc.",Utilities,Mid-Cap,2305086,NYQ
CAR,"Avis Budget Group, Inc.",Industrials,Mid-Cap,573144,NMS
MWA,MUELLER WATER PRODUCTS,Industrials,Mid-Cap,1358063,NYQ
CGON,"CG Oncology, Inc.",Healthcare,Mid-Cap,1078670,NMS
INDV,"Indivior Pharmaceuticals, Inc.",Healthcare,Mid-Cap,2340813,NMS
ALHC,"Alignment Healthcare, Inc.",Healthcare,Mid-Cap,2723449,NMS
YOU,"Clear Secure, Inc.",Technology,Mid-Cap,1493304,NYQ
ZETA,Zeta Global Holdings Corp.,Technology,Mid-Cap,7631236,NYQ
EPR,EPR Properties,Real Estate,Mid-Cap,725286,NYQ
BETA,"Beta Technologies, Inc.",Industrials,Mid-Cap,961842,NYQ
BTU,Peabody Energy Corporation,Energy,Mid-Cap,2808614,NYQ
BGC,"BGC Group, Inc.",Financial Services,Mid-Cap,2460252,NMS
ACIW,"ACI Worldwide, Inc.",Technology,Mid-Cap,741504,NMS
CCC,CCC Intelligent Solutions Holdi,Technology,Mid-Cap,9012445,NMS
NWE,"NorthWestern Energy Group, Inc.",Utilities,Mid-Cap,609313,NMS
CORT,Corcept Therapeutics Incorporat,Healthcare,Mid-Cap,1839098,NCM
LIF,"Life360, Inc.",Technology,Mid-Cap,1092877,NMS
TEX,Terex Corporation,Industrials,Mid-Cap,1480377,NYQ
STUB,"StubHub Holdings, Inc.",Communication Services,Mid-Cap,3768004,NYQ
CBT,Cabot Corporation,Basic Materials,Mid-Cap,509595,NYQ
TPC,Tutor Perini Corporation,Industrials,Mid-Cap,530340,NYQ
GLNG,Golar LNG Limited,Energy,Mid-Cap,1164888,NMS
FTDR,"frontdoor, inc.",Consumer Cyclical,Mid-Cap,608391,NMS
TFSL,TFS Financial Corporation,Financial Services,Mid-Cap,668155,NMS
NMRK,"Newmark Group, Inc.",Real Estate,Mid-Cap,1098932,NMS
CALM,"Cal-Maine Foods, Inc.",Consumer Defensive,Mid-Cap,1188890,NMS
FHI,"Federated Hermes, Inc.",Financial Services,Mid-Cap,578698,NYQ
CNO,"CNO Financial Group, Inc.",Financial Services,Mid-Cap,653696,NYQ
ACAD,ACADIA Pharmaceuticals Inc.,Healthcare,Mid-Cap,1393788,NMS
STVN,Stevanato Group S.p.A.,Healthcare,Mid-Cap,506657,NYQ
HGV,Hilton Grand Vacations Inc.,Consumer Cyclical,Mid-Cap,777629,NYQ
ONDS,Ondas Inc,Technology,Mid-Cap,104136481,NCM
BLSH,Bullish,Technology,Mid-Cap,2112652,NYQ
KRC,Kilroy Realty Corporation,Real Estate,Mid-Cap,1558198,NYQ
AEO,"American Eagle Outfitters, Inc.",Consumer Cyclical,Mid-Cap,7485280,NYQ
PBF,PBF Energy Inc.,Energy,Mid-Cap,3024383,NYQ
INTR,Inter & Co. Inc.,Financial Services,Mid-Cap,2678573,NMS
IRT,"Independence Realty Trust, Inc.",Real Estate,Mid-Cap,2621845,NYQ
GPK,Graphic Packaging Holding Compa,Consumer Cyclical,Mid-Cap,5680031,NYQ
ARMN,Aris Mining Corporation,Basic Materials,Mid-Cap,1833013,ASE
ACLX,"Arcellx, Inc.",Healthcare,Mid-Cap,1067367,NMS
SHAK,"Shake Shack, Inc.",Consumer Cyclical,Mid-Cap,1558122,NYQ
WHD,"Cactus, Inc. Class A Common Sto",Energy,Mid-Cap,727054,NYQ
VISN,"Vistance Networks, Inc.",Technology,Mid-Cap,4073221,NMS
EOSE,"Eos Energy Enterprises, Inc.",Industrials,Mid-Cap,21407263,NCM
RSI,"Rush Street Interactive, Inc.",Consumer Cyclical,Mid-Cap,1548824,NYQ
WK,Workiva Inc.,Technology,Mid-Cap,687039,NYQ
ASO,"Academy Sports and Outdoors, In",Consumer Cyclical,Mid-Cap,1678273,NMS
MEOH,Methanex Corporation,Basic Materials,Mid-Cap,506163,NMS
FULT,Fulton Financial Corporation,Financial Services,Mid-Cap,1809609,NMS
KBH,KB Home,Consumer Cyclical,Mid-Cap,1198949,NYQ
PRM,"Perimeter Solutions, SA",Basic Materials,Mid-Cap,886516,NYQ
ADMA,ADMA Biologics Inc,Healthcare,Mid-Cap,2608821,NGM
NVST,Envista Holdings Corporation,Healthcare,Mid-Cap,2393173,NYQ
PII,Polaris Inc.,Consumer Cyclical,Mid-Cap,916286,NYQ
FIBK,"First Interstate BancSystem, In",Financial Services,Mid-Cap,1439327,NMS
TERN,"Terns Pharmaceuticals, Inc.",Healthcare,Mid-Cap,3426216,NMS
AAUC,Allied Gold Corporation,Basic Materials,Mid-Cap,922422,NYQ
LBRT,Liberty Energy Inc.,Energy,Mid-Cap,4049568,NYQ
WSC,WillScot Holdings Corporation,Industrials,Mid-Cap,3063462,NCM
FLY,Firefly Aerospace Inc.,Industrials,Mid-Cap,3208454,NGM
RH,RH,Consumer Cyclical,Mid-Cap,1041729,NYQ
LBTYA,Liberty Global Ltd.,Communication Services,Mid-Cap,2022963,NMS
RNST,Renasant Corporation,Financial Services,Mid-Cap,601406,NYQ
SIG,Signet Jewelers Limited,Consumer Cyclical,Mid-Cap,908750,NYQ
HSAI,Hesai Group,Consumer Cyclical,Mid-Cap,2492583,NMS
LQDA,Liquidia Corporation,Healthcare,Mid-Cap,1816401,NCM
GRAL,"GRAIL, Inc.",Healthcare,Mid-Cap,936183,NMS
YETI,"YETI Holdings, Inc.",Consumer Cyclical,Mid-Cap,1841457,NYQ
LPL,"LG Display Co, Ltd AMERICAN DEP",Technology,Mid-Cap,540803,NYQ
WPP,WPP plc,Communication Services,Mid-Cap,619752,NYQ
DLO,DLocal Limited,Technology,Mid-Cap,1702642,NMS
BKU,"BankUnited, Inc.",Financial Services,Mid-Cap,973172,NYQ
OSCR,"Oscar Health, Inc.",Healthcare,Mid-Cap,10772386,NYQ
DNP,"DNP Select Income Fund, Inc.",Financial Services,Mid-Cap,592149,NYQ
FG,"F&G Annuities & Life, Inc.",Financial Services,Mid-Cap,601931,NYQ
LRN,"Stride, Inc.",Consumer Defensive,Mid-Cap,1514680,NYQ
SKE,Skeena Resources Limited,Basic Materials,Mid-Cap,938534,NYQ
SMG,Scotts Miracle-Gro Company (The,Basic Materials,Mid-Cap,840745,NYQ
BILL,"BILL Holdings, Inc.",Technology,Mid-Cap,2639575,NYQ
NAMS,NewAmsterdam Pharma Company N.V,Healthcare,Mid-Cap,897770,NGM
BNL,"Broadstone Net Lease, Inc.",Real Estate,Mid-Cap,1861981,NYQ
TAC,TransAlta Corporation,Utilities,Mid-Cap,1598808,NYQ
SKT,Tanger Inc.,Real Estate,Mid-Cap,870781,NYQ
FSK,FS KKR Capital Corp.,Financial Services,Mid-Cap,2664521,NYQ
COLD,"Americold Realty Trust, Inc.",Real Estate,Mid-Cap,6180481,NYQ
GTX,Garrett Motion Inc.,Consumer Cyclical,Mid-Cap,2359309,NMS
NG,Novagold Resources Inc.,Basic Materials,Mid-Cap,3218534,ASE
KC,Kingsoft Cloud Holdings Limited,Technology,Mid-Cap,1380485,NMS
UPST,"Upstart Holdings, Inc.",Financial Services,Mid-Cap,4580545,NMS
ACMR,"ACM Research, Inc.",Technology,Mid-Cap,1389849,NGM
NIQ,NIQ Global Intelligence plc,N/A,Mid-Cap,1384216,NYQ
ERO,Ero Copper Corp.,Basic Materials,Mid-Cap,1589737,NYQ
ATGE,Adtalem Global Education Inc.,Consumer Defensive,Mid-Cap,539316,NYQ
GNW,Genworth Financial Inc,Financial Services,Mid-Cap,4049945,NYQ
CNTA,Centessa Pharmaceuticals plc,Healthcare,Mid-Cap,1684145,NMS
BHF,"Brighthouse Financial, Inc.",Financial Services,Mid-Cap,970926,NMS
KTB,"Kontoor Brands, Inc.",Consumer Cyclical,Mid-Cap,714362,NYQ
CMBT,CMB.TECH NV,Energy,Mid-Cap,2267165,NYQ
KGS,"Kodiak Gas Services, Inc.",Energy,Mid-Cap,1621962,NYQ
FBP,First BanCorp. New,Financial Services,Mid-Cap,1329759,NYQ
HPP,"Hudson Pacific Properties, Inc.",Real Estate,Mid-Cap,1256441,NYQ
CVLT,"Commvault Systems, Inc.",Technology,Mid-Cap,872760,NMS
HP,"Helmerich & Payne, Inc.",Energy,Mid-Cap,1677972,NYQ
QTWO,"Q2 Holdings, Inc.",Technology,Mid-Cap,724124,NYQ
COLM,Columbia Sportswear Company,Consumer Cyclical,Mid-Cap,618686,NMS
AVNT,Avient Corporation,Basic Materials,Mid-Cap,830585,NYQ
CDP,COPT Defense Properties,Real Estate,Mid-Cap,1076396,NYQ
WSBC,"WesBanco, Inc.",Financial Services,Mid-Cap,500190,NMS
LIVN,LivaNova PLC,Healthcare,Mid-Cap,610581,NMS
HNI,HNI Corporation,Consumer Cyclical,Mid-Cap,746481,NYQ
BKD,Brookdale Senior Living Inc.,Healthcare,Mid-Cap,4331627,NYQ
CWK,Cushman & Wakefield Ltd.,Real Estate,Mid-Cap,1647422,NYQ
DAN,Dana Incorporated,Consumer Cyclical,Mid-Cap,1821049,NYQ
BOX,"Box, Inc.",Technology,Mid-Cap,2463965,NYQ
TCGL,TechCreate Group Ltd.,Technology,Mid-Cap,1037613,ASE
CGAU,Centerra Gold Inc.,Basic Materials,Mid-Cap,1554360,NYQ
HAYW,"Hayward Holdings, Inc.",Industrials,Mid-Cap,1515713,NYQ
BFH,"Bread Financial Holdings, Inc.",Financial Services,Mid-Cap,861793,NYQ
EXK,Endeavour Silver Corporation,Basic Materials,Mid-Cap,15347424,NYQ
TMC,TMC the metals company Inc.,Basic Materials,Mid-Cap,9991696,NMS
DJT,Trump Media & Technology Group ,Communication Services,Mid-Cap,9130429,NGM
NEA,Nuveen AMT-Free Quality Municip,Financial Services,Mid-Cap,960608,NYQ
ERAS,"Erasca, Inc.",Healthcare,Mid-Cap,4955298,NMS
GBDC,"Golub Capital BDC, Inc.",Financial Services,Mid-Cap,1944500,NMS
MIAX,"Miami International Holdings, I",Financial Services,Mid-Cap,893588,NYQ
PPTA,Perpetua Resources Corp.,Basic Materials,Mid-Cap,2353537,NCM
SEI,"Solaris Energy Infrastructure, ",Energy,Mid-Cap,3065608,NYQ
BXMT,"Blackstone Mortgage Trust, Inc.",Real Estate,Mid-Cap,1356724,NYQ
ALM,Almonty Industries Inc.,Basic Materials,Mid-Cap,3483773,NCM
SYNA,Synaptics Incorporated,Technology,Mid-Cap,630542,NMS
AVA,Avista Corporation,Utilities,Mid-Cap,723927,NYQ
CLBT,Cellebrite DI Ltd.,Technology,Mid-Cap,1365454,NMS
MCHB,Mechanics Bancorp,Financial Services,Mid-Cap,668831,NMS
SOUN,"SoundHound AI, Inc.",Technology,Mid-Cap,26479960,NGM
CSTM,Constellium SE,Basic Materials,Mid-Cap,1302049,NYQ
FRPT,"Freshpet, Inc.",Consumer Defensive,Mid-Cap,1118408,NGM
SBCF,Seacoast Banking Corporation of,Financial Services,Mid-Cap,722863,NMS
LCID,"Lucid Group, Inc.",Consumer Cyclical,Mid-Cap,8285386,NMS
FHB,"First Hawaiian, Inc.",Financial Services,Mid-Cap,1461263,NMS
BULL,Webull Corporation,Technology,Mid-Cap,14674536,NCM
TDW,Tidewater Inc.,Energy,Mid-Cap,765957,NYQ
VKTX,"Viking Therapeutics, Inc.",Healthcare,Mid-Cap,3129893,NCM
RHI,Robert Half Inc.,Industrials,Mid-Cap,2541847,NYQ
STNG,Scorpio Tankers Inc.,Energy,Mid-Cap,1001259,NYQ
CALX,"Calix, Inc",Technology,Mid-Cap,933572,NYQ
DNLI,Denali Therapeutics Inc.,Healthcare,Mid-Cap,1661372,NMS
CRGY,Crescent Energy Company,Energy,Mid-Cap,5855775,NYQ
DNN,Denison Mines Corp,Energy,Mid-Cap,50957108,ASE
SPHR,Sphere Entertainment Co.,Communication Services,Mid-Cap,775985,NYQ
ALMS,Alumis Inc.,Healthcare,Mid-Cap,2947591,NMS
AAP,Advance Auto Parts Inc.,Consumer Cyclical,Mid-Cap,1788885,NYQ
HYMC,Hycroft Mining Holding Corporat,Basic Materials,Mid-Cap,4218808,NCM
FSM,Fortuna Mining Corp.,Basic Materials,Mid-Cap,8254159,NYQ
SLG,SL Green Realty Corp,Real Estate,Mid-Cap,1284242,NYQ
WRBY,Warby Parker Inc.,Healthcare,Mid-Cap,4175596,NYQ
HUBG,"Hub Group, Inc.",Industrials,Mid-Cap,690855,NMS
GBTG,"Global Business Travel Group, I",Consumer Cyclical,Mid-Cap,1646713,NYQ
WU,Western Union Company (The),Financial Services,Mid-Cap,7849455,NYQ
XENE,Xenon Pharmaceuticals Inc.,Healthcare,Mid-Cap,856188,NGM
HAE,Haemonetics Corporation,Healthcare,Mid-Cap,887281,NYQ
ARQT,"Arcutis Biotherapeutics, Inc.",Healthcare,Mid-Cap,1960181,NMS
PAGS,PagSeguro Digital Ltd.,Technology,Mid-Cap,4421552,NYQ
YSS,York Space Systems Inc.,Industrials,Mid-Cap,4357140,NYQ
PVH,PVH Corp.,Consumer Cyclical,Mid-Cap,919393,NYQ
PAY,"Paymentus Holdings, Inc.",Technology,Mid-Cap,693180,NYQ
SA,"Seabridge Gold, Inc.",Basic Materials,Mid-Cap,1181009,NYQ
FFBC,First Financial Bancorp.,Financial Services,Mid-Cap,864586,NMS
MARA,"MARA Holdings, Inc.",Financial Services,Mid-Cap,43044295,NCM
SPSC,"SPS Commerce, Inc.",Technology,Mid-Cap,518716,NMS
BANC,"Banc of California, Inc.",Financial Services,Mid-Cap,2313090,NYQ
COCO,"The Vita Coco Company, Inc.",Consumer Defensive,Mid-Cap,729691,NMS
XMTR,"Xometry, Inc.",Industrials,Mid-Cap,715018,NMS
OPLN,"OPENLANE, Inc.",Consumer Cyclical,Mid-Cap,858013,NYQ
APAM,Artisan Partners Asset Manageme,Financial Services,Mid-Cap,507834,NYQ
OII,"Oceaneering International, Inc.",Energy,Mid-Cap,906781,NYQ
TPH,"Tri Pointe Homes, Inc.",Consumer Cyclical,Mid-Cap,853536,NYQ
CAKE,The Cheesecake Factory Incorpor,Consumer Cyclical,Mid-Cap,1156227,NMS
IRON,"Disc Medicine, Inc.",Healthcare,Mid-Cap,574532,NGM
SFNC,Simmons First National Corporat,Financial Services,Mid-Cap,1077936,NMS
HTGC,"Hercules Capital, Inc.",Financial Services,Mid-Cap,1326557,NYQ
CPRX,"Catalyst Pharmaceuticals, Inc.",Healthcare,Mid-Cap,1269381,NCM
LEGN,Legend Biotech Corporation,Healthcare,Mid-Cap,2544749,NMS
PTEN,"Patterson-UTI Energy, Inc.",Energy,Mid-Cap,9564080,NMS
HAFN,Hafnia Limited,Industrials,Mid-Cap,1170280,NYQ
TGNA,TEGNA Inc,Communication Services,Mid-Cap,1365713,NYQ
PFS,"Provident Financial Services, I",Financial Services,Mid-Cap,916326,NYQ
VERA,"Vera Therapeutics, Inc.",Healthcare,Mid-Cap,1456460,NGM
TGB,"Taseko Mines, Ltd.",Basic Materials,Mid-Cap,7605050,ASE
DBRG,"DigitalBridge Group, Inc.",Financial Services,Mid-Cap,7115439,NYQ
EWTX,"Edgewise Therapeutics, Inc.",Healthcare,Mid-Cap,1475636,NMS
CXT,"Crane NXT, Co.",Industrials,Mid-Cap,536493,NYQ
COTY,Coty Inc.,Consumer Defensive,Mid-Cap,6836795,NYQ
DYN,"Dyne Therapeutics, Inc.",Healthcare,Mid-Cap,2553322,NMS
RLX,RLX Technology Inc.,Consumer Defensive,Mid-Cap,2167677,NYQ
BKV,BKV Corporation,Energy,Mid-Cap,877767,NYQ
ITGR,Integer Holdings Corporation,Healthcare,Mid-Cap,597844,NYQ
VRRM,Verra Mobility Corporation,Technology,Mid-Cap,1412431,NCM
EEFT,"Euronet Worldwide, Inc.",Technology,Mid-Cap,749267,NMS
DNOW,DNOW Inc.,Industrials,Mid-Cap,2496445,NYQ
ASH,Ashland Inc.,Basic Materials,Mid-Cap,822170,NYQ
LXP,LXP Industrial Trust,Real Estate,Mid-Cap,651067,NYQ
CNK,Cinemark Holdings Inc Cinemark ,Communication Services,Mid-Cap,3380272,NYQ
TWST,Twist Bioscience Corporation,Healthcare,Mid-Cap,1496065,NMS
JPC,Nuveen Preferred & Income Oppor,Financial Services,Mid-Cap,1089570,NYQ
CON,Concentra Group Holdings Parent,Healthcare,Mid-Cap,1008796,NYQ
APLS,"Apellis Pharmaceuticals, Inc.",Healthcare,Mid-Cap,2893091,NMS
AKR,Acadia Realty Trust,Real Estate,Mid-Cap,1325755,NYQ
MRX,Marex Group plc,Financial Services,Mid-Cap,570752,NMS
EXG,Eaton Vance Tax-Managed Global ,Financial Services,Mid-Cap,510519,NYQ
GT,The Goodyear Tire & Rubber Comp,Consumer Cyclical,Mid-Cap,5785763,NMS
KMT,Kennametal Inc.,Industrials,Mid-Cap,983988,NYQ
IDYA,"IDEAYA Biosciences, Inc.",Healthcare,Mid-Cap,906272,NMS
KLIC,"Kulicke and Soffa Industries, I",Technology,Mid-Cap,693747,NMS
IMNM,"Immunome, Inc.",Healthcare,Mid-Cap,2165355,NCM
INSW,"International Seaways, Inc.",Energy,Mid-Cap,524995,NYQ
HIW,"Highwoods Properties, Inc.",Real Estate,Mid-Cap,1245749,NYQ
OLN,Olin Corporation,Basic Materials,Mid-Cap,2870983,NYQ
VRDN,"Viridian Therapeutics, Inc.",Healthcare,Mid-Cap,1576285,NCM
AMBP,Ardagh Metal Packaging S.A.,Consumer Cyclical,Mid-Cap,1101031,NYQ
APLE,"Apple Hospitality REIT, Inc.",Real Estate,Mid-Cap,2538793,NYQ
IAC,IAC Inc.,Communication Services,Mid-Cap,1085216,NMS
CARG,"CarGurus, Inc.",Consumer Cyclical,Mid-Cap,908124,NMS
ABM,ABM Industries Incorporated,Industrials,Mid-Cap,696809,NYQ
VCYT,"Veracyte, Inc.",Healthcare,Mid-Cap,841565,NGM
PLUG,"Plug Power, Inc.",Industrials,Mid-Cap,106654447,NCM
HE,"Hawaiian Electric Industries, I",Utilities,Mid-Cap,3862136,NYQ
TVTX,"Travere Therapeutics, Inc.",Healthcare,Mid-Cap,2144431,NGM
SHOO,"Steven Madden, Ltd.",Consumer Cyclical,Mid-Cap,1157209,NMS
SUPN,"Supernus Pharmaceuticals, Inc.",Healthcare,Mid-Cap,707303,NGM
DX,"Dynex Capital, Inc.",Real Estate,Mid-Cap,5732791,NYQ
CVBF,CVB Financial Corporation,Financial Services,Mid-Cap,1336052,NMS
UAA,"Under Armour, Inc.",Consumer Cyclical,Mid-Cap,11674619,NYQ
RXO,"RXO, Inc.",Industrials,Mid-Cap,2177862,NYQ
NAD,Nuveen Quality Municipal Income,Financial Services,Mid-Cap,768080,NYQ
VRNS,"Varonis Systems, Inc.",Technology,Mid-Cap,2653713,NMS
BL,"BlackLine, Inc.",Technology,Mid-Cap,801545,NMS
DRVN,Driven Brands Holdings Inc.,Consumer Cyclical,Mid-Cap,1013600,NMS
TBBK,"The Bancorp, Inc.",Financial Services,Mid-Cap,603421,NMS
UE,Urban Edge Properties,Real Estate,Mid-Cap,839603,NYQ
CTRI,"Centuri Holdings, Inc.",Utilities,Mid-Cap,1666963,NYQ
IHS,IHS Holding Limited,Real Estate,Mid-Cap,1078754,NYQ
VNET,"VNET Group, Inc.",Technology,Mid-Cap,4453054,NMS
FRSH,Freshworks Inc.,Technology,Mid-Cap,4034344,NMS
BTDR,Bitdeer Technologies Group,Technology,Mid-Cap,7112050,NCM
SUNC,SunocoCorp LLC,Energy,Mid-Cap,735655,NYQ
NVG,Nuveen AMT-Free Municipal Credi,Financial Services,Mid-Cap,661701,NYQ
NAVN,"Navan, Inc.",Technology,Mid-Cap,1774072,NMS
KYIV,Kyivstar Group Ltd.,Communication Services,Mid-Cap,790683,NMS
BEAM,Beam Therapeutics Inc.,Healthcare,Mid-Cap,1897088,NMS
AAOI,"Applied Optoelectronics, Inc.",Technology,Mid-Cap,5370677,NGM
IE,Ivanhoe Electric Inc.,Basic Materials,Mid-Cap,2024622,ASE
BRSL,Brightstar Lottery PLC Trading ,Consumer Cyclical,Mid-Cap,1645449,NYQ
BTE,Baytex Energy Corp,Energy,Mid-Cap,19995260,NYQ
PRVA,"Privia Health Group, Inc.",Healthcare,Mid-Cap,725988,NMS
CALY,Callaway Golf Company,Consumer Cyclical,Mid-Cap,3179677,NYQ
TARS,"Tarsus Pharmaceuticals, Inc.",Healthcare,Mid-Cap,547418,NMS
LFST,"LifeStance Health Group, Inc.",Healthcare,Mid-Cap,2015421,NMS
ARX,Accelerant Holdings,Financial Services,Mid-Cap,1117116,NYQ
DBC,Invesco DB Commodity Index Trac,N/A,Mid-Cap,644454,PCX
CC,Chemours Company (The),Basic Materials,Mid-Cap,2782609,NYQ
VSH,"Vishay Intertechnology, Inc.",Technology,Mid-Cap,2021827,NYQ
RELY,"Remitly Global, Inc.",Technology,Mid-Cap,3416801,NMS
ATRO,Astronics Corporation,Industrials,Mid-Cap,713670,NMS
GLOB,Globant S.A.,Technology,Mid-Cap,1287744,NYQ
POWI,"Power Integrations, Inc.",Technology,Mid-Cap,1024957,NMS
KNTK,Kinetik Holdings Inc.,Energy,Mid-Cap,1140667,NYQ
AMBA,"Ambarella, Inc.",Technology,Mid-Cap,992390,NMS
FCPT,"Four Corners Property Trust, In",Real Estate,Mid-Cap,843863,NYQ
ADPT,Adaptive Biotechnologies Corpor,Healthcare,Mid-Cap,2389949,NMS
HNGE,"Hinge Health, Inc.",Healthcare,Mid-Cap,1365088,NYQ
CLSK,"CleanSpark, Inc.",Financial Services,Mid-Cap,32189344,NCM
CURB,Curbline Properties Corp.,Real Estate,Mid-Cap,723500,NYQ
SID,Companhia Siderurgica Nacional ,Basic Materials,Mid-Cap,3449436,NYQ
RCUS,"Arcus Biosciences, Inc.",Healthcare,Mid-Cap,1667908,NYQ
ZIM,ZIM Integrated Shipping Service,Industrials,Mid-Cap,4619763,NYQ
ACLS,"Axcelis Technologies, Inc.",Technology,Mid-Cap,546957,NMS
LION,Lionsgate Studios Corp,N/A,Mid-Cap,2680029,NYQ
BBT,Beacon Financial Corporation,Financial Services,Mid-Cap,892772,NYQ
WAFD,"WaFd, Inc.",Financial Services,Mid-Cap,678208,NMS
BKE,"Buckle, Inc. (The)",Consumer Cyclical,Mid-Cap,524900,NYQ
TDC,Teradata Corporation,Technology,Mid-Cap,1404898,NYQ
OI,"O-I Glass, Inc.",Consumer Cyclical,Mid-Cap,2061993,NYQ
SBLK,Star Bulk Carriers Corp.,Industrials,Mid-Cap,1295624,NMS
PTRN,Pattern Group Inc. - Series A,Technology,Mid-Cap,905036,NMS
BRBR,"BellRing Brands, Inc.",Consumer Defensive,Mid-Cap,4334501,NYQ
WB,Weibo Corporation,Communication Services,Mid-Cap,1012472,NMS
TRMD,TORM plc,Energy,Mid-Cap,533254,NMS
XRAY,DENTSPLY SIRONA Inc.,Healthcare,Mid-Cap,3933180,NMS
FLO,"Flowers Foods, Inc.",Consumer Defensive,Mid-Cap,4198444,NYQ
HOG,"Harley-Davidson, Inc.",Consumer Cyclical,Mid-Cap,2692888,NYQ
PTY,Pimco Corporate & Income Opport,Financial Services,Mid-Cap,1187714,NYQ
SYRE,"Spyre Therapeutics, Inc.",Healthcare,Mid-Cap,690786,NMS
WRD,WERIDE INC.,Technology,Mid-Cap,4627177,NGM
VERX,"Vertex, Inc.",Technology,Mid-Cap,1532408,NGM
DXC,DXC Technology Company,Technology,Mid-Cap,2117450,NYQ
WVE,Wave Life Sciences Ltd.,Healthcare,Mid-Cap,6908363,NGM
GOF,Guggenheim Strategic Opportunit,Financial Services,Mid-Cap,1740513,NYQ
SDRL,Seadrill Limited,Energy,Mid-Cap,772339,NYQ
NOG,"Northern Oil and Gas, Inc.",Energy,Mid-Cap,2202785,NYQ
CPRI,Capri Holdings Limited,Consumer Cyclical,Mid-Cap,2813009,NYQ
PTON,"Peloton Interactive, Inc.",Consumer Cyclical,Small-Cap,10725108,NMS
ZGN,Ermenegildo Zegna N.V.,Consumer Cyclical,Mid-Cap,630521,NYQ
WGS,GeneDx Holdings Corp.,Healthcare,Mid-Cap,568014,NMS
BWIN,"The Baldwin Insurance Group, In",Financial Services,Mid-Cap,1201718,NMS
NZF,Nuveen Municipal Credit Income ,Financial Services,Mid-Cap,641163,NYQ
MLYS,"Mineralys Therapeutics, Inc.",Healthcare,Mid-Cap,1518118,NMS
KMPR,Kemper Corporation,Financial Services,Mid-Cap,890965,NYQ
TXG,"10x Genomics, Inc.",Healthcare,Mid-Cap,2699836,NMS
CNXC,Concentrix Corporation,Technology,Mid-Cap,1162534,NMS
MLCO,Melco Resorts & Entertainment L,Consumer Cyclical,Mid-Cap,1969883,NMS
MH,"McGraw Hill, Inc.",Consumer Defensive,Mid-Cap,666213,NYQ
CVI,CVR Energy Inc.,Energy,Mid-Cap,1142131,NYQ
TRN,"Trinity Industries, Inc.",Industrials,Mid-Cap,750773,NYQ
HTFL,"Heartflow, Inc.",Healthcare,Mid-Cap,941649,NMS
TENB,"Tenable Holdings, Inc.",Technology,Mid-Cap,1713278,NMS
HUN,Huntsman Corporation,Basic Materials,Mid-Cap,5308273,NYQ
BRZE,"Braze, Inc.",Technology,Mid-Cap,2304716,NMS
RARE,Ultragenyx Pharmaceutical Inc.,Healthcare,Mid-Cap,2471608,NMS
USAS,Americas Gold and Silver Corpor,Basic Materials,Mid-Cap,5624309,ASE
SPNT,SiriusPoint Ltd.,Financial Services,Mid-Cap,642088,NYQ
IVT,InvenTrust Properties Corp.,Real Estate,Mid-Cap,511347,NYQ
LUNR,"Intuitive Machines, Inc.",Industrials,Mid-Cap,10004690,NGM
UNFI,"United Natural Foods, Inc.",Consumer Defensive,Mid-Cap,945347,NYQ
XXI,"Twenty One Capital, Inc.",Financial Services,Mid-Cap,1326855,NYQ
SVM,Silvercorp Metals Inc.,Basic Materials,Mid-Cap,6286527,ASE
ANDG,Andersen Group Inc.,Consumer Cyclical,Mid-Cap,593523,NYQ
BUSE,First Busey Corporation,Financial Services,Mid-Cap,511219,NMS
ASGN,ASGN Incorporated,Technology,Mid-Cap,564213,NYQ
PK,Park Hotels & Resorts Inc.,Real Estate,Mid-Cap,3616477,NYQ
CLM,Cornerstone Strategic Value Fd,Financial Services,Mid-Cap,2083540,NYQ
NEOG,Neogen Corporation,Healthcare,Mid-Cap,3900949,NMS
RNG,"Ringcentral, Inc.",Technology,Mid-Cap,1351454,NYQ
FA,First Advantage Corporation,Industrials,Mid-Cap,679165,NMS
WT,"WisdomTree, Inc.",Financial Services,Mid-Cap,3745444,NYQ
AVPT,"AvePoint, Inc.",Technology,Mid-Cap,2055490,NMS
WERN,"Werner Enterprises, Inc.",Industrials,Mid-Cap,1055508,NMS
SLNO,"Soleno Therapeutics, Inc.",Healthcare,Mid-Cap,1648995,NCM
UPWK,Upwork Inc.,Communication Services,Mid-Cap,3387570,NMS
HI,Hillenbrand Inc,Industrials,Mid-Cap,840888,NYQ
DHT,"DHT Holdings, Inc.",Energy,Mid-Cap,2000062,NYQ
PAX,Patria Investments Limited,Financial Services,Mid-Cap,659054,NMS
LASR,"nLIGHT, Inc.",Technology,Mid-Cap,890278,NMS
ETOR,eToro Group Ltd.,Financial Services,Mid-Cap,1519598,NMS
GEO,Geo Group Inc (The) REIT,Industrials,Mid-Cap,1774242,NYQ
GTM,ZoomInfo Technologies Inc.,Technology,Mid-Cap,5137932,NMS
NCNO,"nCino, Inc.",Technology,Mid-Cap,1999345,NMS
PAYO,Payoneer Global Inc.,Technology,Mid-Cap,3623816,NGM
LU,Lufax Holding Ltd,Financial Services,Mid-Cap,1294621,NYQ
EYE,"National Vision Holdings, Inc.",Consumer Cyclical,Mid-Cap,1367162,NMS
JBLU,JetBlue Airways Corporation,Industrials,Mid-Cap,18880891,NMS
ASAN,"Asana, Inc.",Technology,Mid-Cap,4156965,NYQ
OGN,Organon & Co.,Healthcare,Mid-Cap,5754377,NYQ
TIC,"TIC Solutions, Inc.",Industrials,Mid-Cap,2675885,NYQ
TALO,"Talos Energy, Inc.",Energy,Mid-Cap,2058127,NYQ
HRMY,"Harmony Biosciences Holdings, I",Healthcare,Mid-Cap,689724,NGM
OMCL,"Omnicell, Inc.",Healthcare,Small-Cap,572068,NMS
SLDE,"Slide Insurance Holdings, Inc.",Financial Services,Mid-Cap,1049132,NMS
EFXT,Enerflex Ltd,Energy,Mid-Cap,500973,NYQ
CLMT,"Calumet, Inc",Basic Materials,Mid-Cap,950095,NMS
DEI,"Douglas Emmett, Inc.",Real Estate,Mid-Cap,2236560,NYQ
HLMN,Hillman Solutions Corp.,Industrials,Mid-Cap,1082381,NGM
FMC,FMC Corporation,Basic Materials,Small-Cap,4673762,NYQ
AVDL,Avadel Pharmaceuticals plc,Healthcare,Mid-Cap,1879170,NGM
BHC,Bausch Health Companies Inc.,Healthcare,Mid-Cap,2487773,NYQ
OLMA,"Olema Pharmaceuticals, Inc.",Healthcare,Mid-Cap,3841932,NMS
QFIN,"Qfin Holdings, Inc.",Financial Services,Mid-Cap,1772404,NMS
GNL,"Global Net Lease, Inc.",Real Estate,Mid-Cap,1749568,NYQ
SEDG,"SolarEdge Technologies, Inc.",Technology,Mid-Cap,3196480,NMS
KN,Knowles Corporation,Technology,Mid-Cap,701932,NYQ
SEZL,Sezzle Inc.,Financial Services,Mid-Cap,859468,NCM
INTA,"Intapp, Inc.",Technology,Small-Cap,811060,NMS
ATEC,"Alphatec Holdings, Inc.",Healthcare,Mid-Cap,2793840,NMS
DNTH,"Dianthus Therapeutics, Inc.",Healthcare,Mid-Cap,806888,NCM
CHA,Chagee Holdings Limited,Consumer Cyclical,Mid-Cap,899101,NMS
BUR,Burford Capital Limited,Financial Services,Small-Cap,1986091,NYQ
IRDM,Iridium Communications Inc,Communication Services,Mid-Cap,2338785,NMS
SRPT,"Sarepta Therapeutics, Inc.",Healthcare,Small-Cap,3306136,NMS
OSW,OneSpaWorld Holdings Limited,Consumer Cyclical,Mid-Cap,596859,NCM
NESR,National Energy Services Reunit,Energy,Mid-Cap,1088078,NCM
BBAI,"BigBear.ai, Inc.",Technology,Mid-Cap,92193344,NYQ
NTCT,"NetScout Systems, Inc.",Technology,Small-Cap,500780,NMS
PRKS,United Parks & Resorts Inc.,Consumer Cyclical,Mid-Cap,1173904,NYQ
PARR,"Par Pacific Holdings, Inc. Comm",Energy,Mid-Cap,1211654,NYQ
QUBT,Quantum Computing Inc.,Technology,Mid-Cap,20755872,NCM
GENI,Genius Sports Limited,Communication Services,Small-Cap,5621545,NYQ
PRDO,Perdoceo Education Corporation,Consumer Defensive,Mid-Cap,657290,NMS
KSS,Kohl's Corporation,Consumer Cyclical,Mid-Cap,4661722,NYQ
BB,BlackBerry Limited,Technology,Mid-Cap,8271150,NYQ
RXRX,"Recursion Pharmaceuticals, Inc.",Healthcare,Mid-Cap,23646170,NMS
CBZ,"CBIZ, Inc.",Industrials,Mid-Cap,718449,NYQ
PRGO,Perrigo Company plc,Healthcare,Mid-Cap,3560293,NYQ
INSP,"Inspire Medical Systems, Inc.",Healthcare,Small-Cap,1568893,NYQ
EXTR,"Extreme Networks, Inc.",Technology,Mid-Cap,1496875,NMS
PWP,Perella Weinberg Partners,Financial Services,Mid-Cap,933818,NMS
NUVB,Nuvation Bio Inc.,Healthcare,Small-Cap,7427467,NYQ
PLAB,"Photronics, Inc.",Technology,Mid-Cap,1387196,NMS
CXW,"CoreCivic, Inc.",Industrials,Mid-Cap,1002950,NYQ
QDEL,QuidelOrtho Corporation,Healthcare,Small-Cap,1127049,NMS
GRND,Grindr Inc.,Technology,Small-Cap,1535314,NYQ
ARR,"ARMOUR Residential REIT, Inc.",Real Estate,Small-Cap,3371132,NYQ
DK,"Delek US Holdings, Inc.",Energy,Mid-Cap,1469744,NYQ
AESI,Atlas Energy Solutions Inc.,Energy,Small-Cap,2670414,NYQ
DRH,Diamondrock Hospitality Company,Real Estate,Small-Cap,3232090,NMS
GCMG,GCM Grosvenor Inc.,Financial Services,Small-Cap,715591,NGM
NWBI,"Northwest Bancshares, Inc.",Financial Services,Small-Cap,945118,NMS
PGNY,"Progyny, Inc.",Healthcare,Small-Cap,1591914,NMS
UNIT,Uniti Group Inc.,Real Estate,Small-Cap,2503045,NMS
FCF,First,Financial Services,Small-Cap,705842,NYQ
ESRT,"Empire State Realty Trust, Inc.",Real Estate,Mid-Cap,1353109,NYQ
UCTT,"Ultra Clean Holdings, Inc.",Technology,Mid-Cap,747911,NMS
RNW,ReNew Energy Global plc,Utilities,Small-Cap,1340422,NMS
RUM,Rumble Inc.,Communication Services,Small-Cap,2791265,NGM
NOMD,Nomad Foods Limited,Consumer Defensive,Small-Cap,1884496,NYQ
CMRE,Costamare Inc.,Industrials,Small-Cap,513640,NYQ
PDO,N/A,Financial Services,Small-Cap,662357,NYQ
MCW,"Mister Car Wash, Inc.",Consumer Cyclical,Mid-Cap,1206386,NMS
VAC,Marriott Vacations Worldwide Co,Consumer Cyclical,Small-Cap,713027,NYQ
APPN,Appian Corporation,Technology,Small-Cap,899954,NGM
AUPH,Aurinia Pharmaceuticals Inc,Healthcare,Small-Cap,1303022,NGM
NWL,Newell Brands Inc.,Consumer Defensive,Small-Cap,7212562,NMS
ADEA,Adeia Inc.,Technology,Small-Cap,905266,NMS
ADNT,Adient plc,Consumer Cyclical,Mid-Cap,1260401,NYQ
NN,NextNav Inc.,Technology,Mid-Cap,1251880,NCM
IMAX,Imax Corporation,Communication Services,Mid-Cap,1339857,NYQ
PENN,"PENN Entertainment, Inc.",Consumer Cyclical,Small-Cap,3810362,NMS
GAB,"Gabelli Equity Trust, Inc. (The",Financial Services,Small-Cap,514465,NYQ
NUV,"Nuveen Municipal Value Fund, In",Financial Services,Small-Cap,554047,NYQ
RVLV,"Revolve Group, Inc.",Consumer Cyclical,Small-Cap,986493,NYQ
SEM,Select Medical Holdings Corpora,Healthcare,Small-Cap,925575,NYQ
NVTS,Navitas Semiconductor Corporati,Technology,Mid-Cap,21887493,NGM
FUN,Six Flags Entertainment Corpora,Consumer Cyclical,Small-Cap,3412340,NYQ
SONO,"Sonos, Inc.",Technology,Mid-Cap,1649295,NMS
ZLAB,Zai Lab Limited,Healthcare,Mid-Cap,854109,NGM
ALKT,"Alkami Technology, Inc.",Technology,Small-Cap,1498124,NMS
VCEL,Vericel Corporation,Healthcare,Small-Cap,562403,NGM
ARCO,Arcos Dorados Holdings Inc.,Consumer Cyclical,Small-Cap,1246191,NYQ
XPRO,Expro Group Holdings N.V.,Energy,Small-Cap,1134429,NYQ
IQ,"iQIYI, Inc.",Communication Services,Small-Cap,10723203,NMS
LC,LendingClub Corporation,Financial Services,Small-Cap,1971600,NYQ
NTST,NetSTREIT Corp.,Real Estate,Small-Cap,1232700,NYQ
ARRY,"Array Technologies, Inc.",Technology,Small-Cap,6307981,NGM
ATRC,"AtriCure, Inc.",Healthcare,Small-Cap,508877,NGM
STOK,"Stoke Therapeutics, Inc.",Healthcare,Small-Cap,857603,NMS
OCUL,"Ocular Therapeutix, Inc.",Healthcare,Small-Cap,4145511,NGM
DVAX,Dynavax Technologies Corporatio,Healthcare,Small-Cap,3080781,NMS
MD,"Pediatrix Medical Group, Inc.",Healthcare,Small-Cap,827718,NYQ
SGRY,"Surgery Partners, Inc.",Healthcare,Small-Cap,1934563,NMS
PCT,"PureCycle Technologies, Inc.",Industrials,Small-Cap,4202932,NCM
PBI,Pitney Bowes Inc.,Industrials,Small-Cap,2351483,NYQ
SMA,"SmartStop Self Storage REIT, In",Real Estate,Small-Cap,761401,NYQ
MQ,"Marqeta, Inc.",Technology,Small-Cap,3858972,NMS
ARDX,"Ardelyx, Inc.",Healthcare,Small-Cap,4090144,NGM
FIGS,"FIGS, Inc.",Consumer Cyclical,Small-Cap,2601945,NYQ
SEMR,"SEMrush Holdings, Inc.",Technology,Small-Cap,2863211,NYQ
VECO,Veeco Instruments Inc.,Technology,Small-Cap,659416,NMS
SNDX,"Syndax Pharmaceuticals, Inc.",Healthcare,Small-Cap,1714101,NMS
MNKD,MannKind Corporation,Healthcare,Small-Cap,3656524,NGM
USA,Liberty All-Star Equity Fund,Financial Services,Small-Cap,1337155,NYQ
ZYME,Zymeworks Inc.,Healthcare,Small-Cap,1155637,NMS
SVV,"Savers Value Village, Inc.",Consumer Cyclical,Small-Cap,885583,NYQ
ODD,ODDITY Tech Ltd.,Consumer Defensive,Small-Cap,953181,NGM
HROW,"Harrow, Inc.",Healthcare,Small-Cap,628454,NGM
HLF,Herbalife Ltd.,Consumer Defensive,Small-Cap,1967749,NYQ
PRGS,Progress Software Corporation,Technology,Small-Cap,679613,NMS
CRVS,"Corvus Pharmaceuticals, Inc.",Healthcare,Small-Cap,3456303,NGM
LEG,"Leggett & Platt, Incorporated",Consumer Cyclical,Small-Cap,1827311,NYQ
NAC,Nuveen California Quality Munic,Financial Services,Small-Cap,564247,NYQ
VIA,"Via Transportation, Inc.",Technology,Small-Cap,524703,NYQ
MBX,"MBX Biosciences, Inc.",Healthcare,Small-Cap,787259,NMS
SHO,"Sunstone Hotel Investors, Inc. ",Real Estate,Small-Cap,2116004,NYQ
AXGN,"AxoGen, Inc.",Healthcare,Small-Cap,934218,NCM
MGNI,"Magnite, Inc.",Communication Services,Small-Cap,2435145,NMS
VRE,"Veris Residential, Inc.",Real Estate,Small-Cap,738113,NYQ
SHLS,"Shoals Technologies Group, Inc.",Technology,Small-Cap,4082260,NGM
VZLA,Vizsla Silver Corp.,Basic Materials,Small-Cap,8455926,ASE
MAN,ManpowerGroup,Industrials,Small-Cap,1066991,NYQ
NRIX,"Nurix Therapeutics, Inc.",Healthcare,Small-Cap,1583283,NGM
NEXA,Nexa Resources S.A.,Basic Materials,Small-Cap,646324,NYQ
TV,Grupo Televisa S.A.B.,Communication Services,Small-Cap,1460355,NYQ
SMPL,The Simply Good Foods Company,Consumer Defensive,Small-Cap,2010008,NCM
MBC,"MasterBrand, Inc.",Consumer Cyclical,Small-Cap,1562919,NYQ
RQI,Cohen & Steers Quality Income R,Financial Services,Small-Cap,603962,NYQ
RAPT,"RAPT Therapeutics, Inc.",Healthcare,Small-Cap,1582175,NGM
QURE,uniQure N.V.,Healthcare,Small-Cap,2474519,NMS
TNGX,"Tango Therapeutics, Inc.",Healthcare,Small-Cap,2954578,NGM
ABR,Arbor Realty Trust,Real Estate,Small-Cap,3711567,NYQ
RDW,Redwire Corporation,Industrials,Small-Cap,19599924,NYQ
DFTX,"Definium Therapeutics, Inc.",Healthcare,Small-Cap,1950734,NMS
ELVN,"Enliven Therapeutics, Inc.",Healthcare,Small-Cap,1001365,NMS
SBH,"Sally Beauty Holdings, Inc. (Na",Consumer Cyclical,Small-Cap,1761001,NYQ
VOYG,"Voyager Technologies, Inc.",Industrials,Small-Cap,1787119,NYQ
AVAH,Aveanna Healthcare Holdings Inc,Healthcare,Small-Cap,1173570,NMS
TYRA,"Tyra Biosciences, Inc.",Healthcare,Small-Cap,584055,NMS
TE,T1 Energy Inc.,Industrials,Small-Cap,19790218,NYQ
AMPX,"Amprius Technologies, Inc.",Industrials,Small-Cap,7419037,NYQ
ASM,Avino Silver & Gold Mines Ltd.,Basic Materials,Small-Cap,6336318,ASE
HTZ,"Hertz Global Holdings, Inc",Industrials,Small-Cap,6794136,NMS
HOPE,"Hope Bancorp, Inc.",Financial Services,Small-Cap,1014062,NMS
KDK,"Kodiak AI, Inc.",Technology,Small-Cap,764814,NGM
AGIO,"Agios Pharmaceuticals, Inc.",Healthcare,Small-Cap,1669904,NMS
CLDX,"Celldex Therapeutics, Inc.",Healthcare,Small-Cap,752178,NCM
PRCT,PROCEPT BioRobotics Corporation,Healthcare,Small-Cap,1323714,NGM
DV,"DoubleVerify Holdings, Inc.",Communication Services,Small-Cap,2509060,NYQ
PSIX,"Power Solutions International, ",Industrials,Small-Cap,578544,NCM
PGEN,"Precigen, Inc.",Healthcare,Small-Cap,4432045,NMS
BORR,Borr Drilling Limited,Energy,Small-Cap,5352439,NYQ
INVA,"Innoviva, Inc.",Healthcare,Small-Cap,840573,NMS
ENR,"Energizer Holdings, Inc.",Industrials,Small-Cap,1469801,NYQ
EFC,Ellington Financial Inc.,Real Estate,Small-Cap,1923893,NYQ
ORKA,"Oruka Therapeutics, Inc.",Healthcare,Small-Cap,535291,NGM
LZB,La-Z-Boy Incorporated,Consumer Cyclical,Small-Cap,526490,NYQ
BCRX,"BioCryst Pharmaceuticals, Inc.",Healthcare,Small-Cap,4178627,NMS
REAL,"The RealReal, Inc.",Consumer Cyclical,Small-Cap,3315072,NMS
UPB,"Upstream Bio, Inc.",Healthcare,Small-Cap,580942,NMS
XHR,"Xenia Hotels & Resorts, Inc.",Real Estate,Small-Cap,891875,NYQ
DQ,DAQO New Energy Corp.,Technology,Small-Cap,913378,NYQ
VET,Vermilion Energy Inc.,Energy,Small-Cap,1628350,NYQ
GSG,iShares GSCI Commodity-Indexed ,N/A,Small-Cap,934483,PCX
AI,"C3.ai, Inc.",Technology,Small-Cap,6571129,NYQ
DOLE,Dole plc,Consumer Defensive,Small-Cap,880654,NYQ
WLY,"John Wiley & Sons, Inc.",Communication Services,Small-Cap,605040,NYQ
ARHS,"Arhaus, Inc.",Consumer Cyclical,Small-Cap,1211718,NMS
NEO,"NeoGenomics, Inc.",Healthcare,Small-Cap,1823208,NCM
TTI,"Tetra Technologies, Inc.",Industrials,Small-Cap,2086508,NYQ
BCAT,N/A,Financial Services,Small-Cap,703398,NYQ
NSP,"Insperity, Inc.",Industrials,Small-Cap,1041124,NYQ
NVRI,Enviri Corporation,Industrials,Small-Cap,1803355,NYQ
WEN,Wendy's Company (The),Consumer Cyclical,Small-Cap,6927155,NMS
AMLX,"Amylyx Pharmaceuticals, Inc.",Healthcare,Small-Cap,1619450,NMS
CRML,Critical Metals Corp.,Basic Materials,Small-Cap,15340868,NGM
UTI,Universal Technical Institute I,Consumer Defensive,Small-Cap,747665,NYQ
YELP,Yelp Inc.,Communication Services,Small-Cap,1041604,NYQ
WKC,World Kinect Corporation,Energy,Small-Cap,906852,NYQ
COLL,"Collegium Pharmaceutical, Inc.",Healthcare,Small-Cap,523619,NMS
MUX,McEwen Inc.,Basic Materials,Small-Cap,1304829,NYQ
ALEX,"Alexander & Baldwin, Inc.",Real Estate,Small-Cap,927144,NYQ
ARI,Apollo Commercial Real Estate F,Real Estate,Small-Cap,1135245,NYQ
RCAT,"Red Cat Holdings, Inc.",Industrials,Small-Cap,10793867,NCM
MXL,"MaxLinear, Inc",Technology,Small-Cap,1228332,NMS
CTOS,"Custom Truck One Source, Inc.",Industrials,Small-Cap,800868,NYQ
INOD,Innodata Inc.,Technology,Small-Cap,1329644,NGM
RAMP,"LiveRamp Holdings, Inc.",Technology,Small-Cap,576265,NYQ
IAUX,i-80 Gold Corp.,Basic Materials,Small-Cap,7320559,ASE
BVC,BitVentures Limited,Technology,Small-Cap,1238959,NCM
WWW,"Wolverine World Wide, Inc.",Consumer Cyclical,Small-Cap,1737740,NYQ
CXM,"Sprinklr, Inc.",Technology,Small-Cap,1958698,NYQ
GLUE,"Monte Rosa Therapeutics, Inc.",Healthcare,Small-Cap,1597544,NMS
MLKN,"MillerKnoll, Inc.",Consumer Cyclical,Small-Cap,856613,NMS
FTRE,Fortrea Holdings Inc.,Healthcare,Small-Cap,1356734,NMS
KRP,Kimbell Royalty Partners,Energy,Small-Cap,682160,NYQ
TRIP,"TripAdvisor, Inc.",Consumer Cyclical,Small-Cap,2468375,NMS
WTTR,"Select Water Solutions, Inc.",Energy,Small-Cap,752308,NYQ
RLAY,"Relay Therapeutics, Inc.",Healthcare,Small-Cap,2328352,NGM
TRVI,"Trevi Therapeutics, Inc.",Healthcare,Small-Cap,1815308,NGM
GCT,GigaCloud Technology Inc,Technology,Small-Cap,637191,NGM
LAC,Lithium Americas Corp.,Basic Materials,Small-Cap,16031114,NYQ
BAK,Braskem SA,Basic Materials,Small-Cap,1236022,NYQ
PGY,Pagaya Technologies Ltd.,Technology,Small-Cap,3460419,NCM
CLVT,Clarivate Plc,Technology,Small-Cap,5596509,NYQ
BHVN,Biohaven Ltd.,Healthcare,Small-Cap,3616678,NYQ
DHC,Diversified Healthcare Trust,Real Estate,Small-Cap,1272442,NMS
SKYT,"SkyWater Technology, Inc.",Technology,Small-Cap,2496655,NCM
HYT,Blackrock Corporate High Yield ,Financial Services,Small-Cap,1090472,NYQ
NTLA,"Intellia Therapeutics, Inc.",Healthcare,Small-Cap,5661377,NGM
TIGR,UP Fintech Holding Limited,Financial Services,Small-Cap,3681965,NMS
TRS,TriMas Corporation,Consumer Cyclical,Small-Cap,594203,NMS
JKS,JinkoSolar Holding Company Limi,Technology,Small-Cap,743819,NYQ
ZD,"Ziff Davis, Inc.",Communication Services,Small-Cap,643180,NMS
LADR,Ladder Capital Corp,Real Estate,Small-Cap,709477,NYQ
NNE,Nano Nuclear Energy Inc.,Industrials,Small-Cap,2002411,NCM
WGO,"Winnebago Industries, Inc.",Consumer Cyclical,Small-Cap,609308,NYQ
PEB,Pebblebrook Hotel Trust,Real Estate,Small-Cap,1992340,NYQ
ORC,"Orchid Island Capital, Inc.",Real Estate,Small-Cap,6519785,NYQ
CRI,"Carter's, Inc.",Consumer Cyclical,Small-Cap,1083354,NYQ
JMIA,Jumia Technologies AG,Consumer Cyclical,Small-Cap,3227934,NYQ
HCSG,"Healthcare Services Group, Inc.",Healthcare,Small-Cap,676045,NMS
ENVX,Enovix Corporation,Industrials,Small-Cap,6543124,NMS
SBET,"SharpLink Gaming, Inc.",Communication Services,Small-Cap,8863049,NCM
CSIQ,Canadian Solar Inc.,Technology,Small-Cap,4927198,NMS
LZ,"LegalZoom.com, Inc.",Industrials,Small-Cap,2698777,NMS
LSPD,Lightspeed Commerce Inc. Subord,Technology,Small-Cap,655583,NYQ
ACVA,ACV Auctions Inc.,Consumer Cyclical,Small-Cap,3368421,NYQ
SGML,Sigma Lithium Corporation,Basic Materials,Small-Cap,6383209,NCM
GILT,Gilat Satellite Networks Ltd.,Technology,Small-Cap,749432,NMS
KOD,Kodiak Sciences Inc,Healthcare,Small-Cap,855291,NGM
FLYW,Flywire Corporation - Voting,Technology,Small-Cap,1335459,NMS
PUMP,ProPetro Holding Corp.,Energy,Small-Cap,2670544,NYQ
BTX,BlackRock Technology and Privat,Financial Services,Small-Cap,982072,NYQ
AHCO,AdaptHealth Corp.,Healthcare,Small-Cap,986400,NCM
KW,Kennedy-Wilson Holdings Inc.,Real Estate,Small-Cap,906637,NYQ
ANAB,"AnaptysBio, Inc.",Healthcare,Small-Cap,552695,NMS
UMH,"UMH Properties, Inc.",Real Estate,Small-Cap,580940,NYQ
ARLO,"Arlo Technologies, Inc.",Industrials,Small-Cap,1313900,NYQ
BTGO,"BitGo Holdings, Inc.",Financial Services,Small-Cap,3561800,NYQ
EXPI,"eXp World Holdings, Inc.",Real Estate,Small-Cap,1292401,NGM
NVAX,"Novavax, Inc.",Healthcare,Small-Cap,4558995,NMS
FIVN,"Five9, Inc.",Technology,Small-Cap,2140763,NGM
EZPW,"EZCORP, Inc.",Financial Services,Small-Cap,986013,NMS
COHU,"Cohu, Inc.",Technology,Small-Cap,625339,NMS
NEXT,NextDecade Corporation,Energy,Small-Cap,3205831,NCM
MSDL,N/A,Financial Services,Small-Cap,830319,NYQ
ULCC,"Frontier Group Holdings, Inc.",Industrials,Small-Cap,3862283,NMS
STGW,Stagwell Inc.,Communication Services,Small-Cap,1803457,NMS
VYX,NCR Voyix Corporation,Technology,Small-Cap,2118929,NYQ
CSWC,Capital Southwest Corporation,Financial Services,Small-Cap,605870,NMS
CAPR,"Capricor Therapeutics, Inc.",Healthcare,Small-Cap,2827529,NCM
ATAI,AtaiBeckley Inc.,Healthcare,Small-Cap,3839424,NGM
HIMX,"Himax Technologies, Inc.",Technology,Small-Cap,1042629,NMS
AMSC,American Superconductor Corpora,Industrials,Small-Cap,974444,NMS
DSL,DoubleLine Income Solutions Fun,Financial Services,Small-Cap,751403,NYQ
TUYA,Tuya Inc.,Technology,Small-Cap,1026786,NYQ
AZTA,"Azenta, Inc.",Healthcare,Small-Cap,734514,NMS
WLTH,Wealthfront Corporation,Technology,Small-Cap,1699366,NMS
FINV,FinVolution Group,Financial Services,Small-Cap,1397408,NYQ
METC,"Ramaco Resources, Inc.",Basic Materials,Small-Cap,3223283,NMS
ENOV,Enovis Corporation,Healthcare,Small-Cap,964283,NYQ
PSEC,Prospect Capital Corporation,Financial Services,Small-Cap,4060845,NMS
PLTK,Playtika Holding Corp.,Communication Services,Small-Cap,1165224,NMS
NVCR,NovoCure Limited,Healthcare,Small-Cap,1586519,NMS
GOOS,Canada Goose Holdings Inc. Subo,Consumer Cyclical,Small-Cap,833481,NYQ
TNDM,"Tandem Diabetes Care, Inc.",Healthcare,Small-Cap,1816014,NGM
LPG,Dorian LPG Ltd.,Energy,Small-Cap,507140,NYQ
DBVT,DBV Technologies S.A.,Healthcare,Small-Cap,501218,NCM
EVEX,"Eve Holding, Inc.",Industrials,Small-Cap,1375634,NYQ
GOLD,"Gold.com, Inc.",Financial Services,Small-Cap,649365,NYQ
ATEN,"A10 Networks, Inc.",Technology,Small-Cap,709309,NYQ
JFR,Nuveen Floating Rate Income Fun,Financial Services,Small-Cap,1030280,NYQ
ECVT,Ecovyst Inc.,Basic Materials,Small-Cap,1332503,NYQ
RES,"RPC, Inc.",Energy,Small-Cap,2102783,NYQ
TWO,Two Harbors Investment Corp,Real Estate,Small-Cap,3014960,NYQ
THS,"Treehouse Foods, Inc.",Consumer Defensive,Small-Cap,999449,NYQ
TSHA,"Taysha Gene Therapies, Inc.",Healthcare,Small-Cap,3189886,NMS
FSLY,"Fastly, Inc.",Technology,Small-Cap,4137296,NMS
AGRO,Adecoagro S.A.,Consumer Defensive,Small-Cap,864898,NYQ
CNMD,CONMED Corporation,Healthcare,Small-Cap,612173,NYQ
ARDT,"Ardent Health, Inc.",Healthcare,Small-Cap,574683,NYQ
TRIN,Trinity Capital Inc.,Financial Services,Small-Cap,1084416,NMS
RERE,ATRenew Inc.,Consumer Cyclical,Small-Cap,1519808,NYQ
ACHC,"Acadia Healthcare Company, Inc.",Healthcare,Small-Cap,3309904,NMS
DEA,"Easterly Government Properties,",Real Estate,Small-Cap,509029,NYQ
HLX,"Helix Energy Solutions Group, I",Energy,Small-Cap,1734965,NYQ
BITF,Bitfarms Ltd.,Financial Services,Small-Cap,50619919,NGM
CERT,"Certara, Inc.",Healthcare,Small-Cap,2412957,NMS
BV,"BrightView Holdings, Inc.",Industrials,Small-Cap,701488,NYQ
ABTC,American Bitcoin Corp.,Financial Services,Small-Cap,12682529,NCM
VITL,"Vital Farms, Inc.",Consumer Defensive,Small-Cap,1768898,NGM
SOC,Sable Offshore Corp.,Energy,Small-Cap,9112844,NYQ
MRVI,"Maravai LifeSciences Holdings, ",Healthcare,Small-Cap,1264073,NMS
RLJ,RLJ Lodging Trust,Real Estate,Small-Cap,1951785,NYQ
CRF,33138,Financial Services,Small-Cap,1458736,ASE
SFL,SFL Corporation Ltd,Industrials,Small-Cap,1362032,NYQ
CCOI,"Cogent Communications Holdings,",Communication Services,Small-Cap,1450788,NMS
TROX,Tronox Holdings plc,Basic Materials,Small-Cap,4194677,NYQ
UPBD,"Upbound Group, Inc.",Technology,Small-Cap,744324,NMS
VLRS,Controladora Vuela Compania de ,Industrials,Small-Cap,581450,NYQ
XERS,"Xeris Biopharma Holdings, Inc.",Healthcare,Small-Cap,2209091,NMS
FSCO,N/A,Financial Services,Small-Cap,1447063,NYQ
NPKI,NPK International Inc.,Energy,Small-Cap,674198,NYQ
PX,"P10, Inc.",Financial Services,Small-Cap,523993,NYQ
OUST,"Ouster, Inc.",Technology,Small-Cap,1905339,NMS
OPRA,Opera Limited,Communication Services,Small-Cap,685016,NMS
NAK,"Northern Dynasty Minerals, Ltd.",Basic Materials,Small-Cap,8813080,ASE
OCFC,OceanFirst Financial Corp.,Financial Services,Small-Cap,587370,NMS
UAMY,United States Antimony Corporat,Basic Materials,Small-Cap,12927763,ASE
PZZA,"Papa John's International, Inc.",Consumer Cyclical,Small-Cap,1097495,NMS
CMPX,"Compass Therapeutics, Inc.",Healthcare,Small-Cap,2234973,NCM
LAR,Lithium Argentina AG,Basic Materials,Small-Cap,3581685,NYQ
MRTN,"Marten Transport, Ltd.",Industrials,Small-Cap,846170,NMS
TBLA,Taboola.com Ltd.,Communication Services,Small-Cap,1754111,NMS
ZBIO,"Zenas BioPharma, Inc.",Healthcare,Small-Cap,707198,NMS
ASTH,Astrana Health Inc.,Healthcare,Small-Cap,569201,NCM
ODV,Osisko Development Corp.,Basic Materials,Small-Cap,1846854,NYQ
DAWN,"Day One Biopharmaceuticals, Inc",Healthcare,Small-Cap,2808286,NMS
OCSL,Oaktree Specialty Lending Corpo,Financial Services,Small-Cap,764898,NMS
HLIT,Harmonic Inc.,Technology,Small-Cap,1027691,NMS
OXLC,Oxford Lane Capital Corp.,Financial Services,Small-Cap,1509878,NGM
SVRA,"Savara, Inc.",Healthcare,Small-Cap,2504642,NMS
CLOV,"Clover Health Investments, Corp",Healthcare,Small-Cap,5499049,NMS
SANA,"Sana Biotechnology, Inc.",Healthcare,Small-Cap,3810965,NMS
NABL,"N-able, Inc.",Technology,Small-Cap,992178,NYQ
PMT,PennyMac Mortgage Investment Tr,Real Estate,Small-Cap,1167729,NYQ
PDM,"Piedmont Realty Trust, Inc.",Real Estate,Small-Cap,721752,NYQ
CMP,Compass Minerals Intl Inc,Basic Materials,Small-Cap,512767,NYQ
GSBD,"Goldman Sachs BDC, Inc.",Financial Services,Small-Cap,1450273,NYQ
MLTX,MoonLake Immunotherapeutics,Healthcare,Small-Cap,2375955,NCM
AMPL,"Amplitude, Inc.",Technology,Small-Cap,1265378,NCM
OLPX,"Olaplex Holdings, Inc.",Consumer Cyclical,Small-Cap,1566690,NMS
JBGS,JBG SMITH Properties,Real Estate,Small-Cap,592739,NYQ
CCO,"Clear Channel Outdoor Holdings,",Communication Services,Small-Cap,2358054,NYQ
MFIC,MidCap Financial Investment Cor,Financial Services,Small-Cap,693011,NMS
FWRG,"First Watch Restaurant Group, I",Consumer Cyclical,Small-Cap,1228267,NMS
AOD,Aberdeen Total Dynamic Dividend,Financial Services,Small-Cap,521962,NYQ
VIR,"Vir Biotechnology, Inc.",Healthcare,Small-Cap,1814416,NMS
CIM,Chimera Investment Corporation,Real Estate,Small-Cap,789549,NYQ
LMRI,"Lumexa Imaging Holdings, Inc.",Healthcare,Small-Cap,787744,NMS
SUPV,Grupo Supervielle S.A.,Financial Services,Small-Cap,1292308,NYQ
AXTI,AXT Inc,Technology,Small-Cap,5517529,NMS
SLI,Standard Lithium Ltd.,Basic Materials,Small-Cap,3668290,ASE
ORIC,"Oric Pharmaceuticals, Inc.",Healthcare,Small-Cap,1509878,NMS
PHAT,"Phathom Pharmaceuticals, Inc.",Healthcare,Small-Cap,1045239,NMS
BW,"Babcock & Wilcox Enterprises, I",Industrials,Small-Cap,3693498,NYQ
SNCY,"Sun Country Airlines Holdings, ",Industrials,Small-Cap,1277929,NMS
MOMO,Hello Group Inc.,Communication Services,Small-Cap,1065140,NMS
EYPT,"EyePoint, Inc.",Healthcare,Small-Cap,1137916,NGM
INMD,InMode Ltd.,Healthcare,Small-Cap,818747,NMS
GLDD,Great Lakes Dredge & Dock Corpo,Industrials,Small-Cap,614306,NMS
DEC,Diversified Energy Company,Energy,Small-Cap,577024,NYQ
COUR,"Coursera, Inc.",Consumer Defensive,Small-Cap,3814877,NYQ
CDNA,"CareDx, Inc.",Healthcare,Small-Cap,803044,NGM
MFA,"MFA Financial, Inc.",Real Estate,Small-Cap,1318557,NYQ
SPRY,"ARS Pharmaceuticals, Inc.",Healthcare,Small-Cap,1909060,NGM
CFFN,"Capitol Federal Financial, Inc.",Financial Services,Small-Cap,963688,NMS
VTYX,"Ventyx Biosciences, Inc.",Healthcare,Small-Cap,3199498,NMS
LIND,Lindblad Expeditions Holdings I,Consumer Cyclical,Small-Cap,532595,NCM
NFGC,New Found Gold Corp,Basic Materials,Small-Cap,1969183,ASE
OPK,"Opko Health, Inc.",Healthcare,Small-Cap,3372645,NMS
CRON,Cronos Group Inc. Common Share,Healthcare,Small-Cap,2309057,NGM
GROY,Gold Royalty Corp.,Basic Materials,Small-Cap,3684703,ASE
SDGR,"Schrodinger, Inc.",Healthcare,Small-Cap,1035614,NMS
ARVN,"Arvinas, Inc.",Healthcare,Small-Cap,1390222,NMS
NAVI,Navient Corporation,Financial Services,Small-Cap,978688,NMS
ABCL,AbCellera Biologics Inc.,Healthcare,Small-Cap,4537506,NMS
HUYA,HUYA Inc.,Communication Services,Small-Cap,1868711,NYQ
URGN,UroGen Pharma Ltd.,Healthcare,Small-Cap,898500,NGM
IOVA,"Iovance Biotherapeutics, Inc.",Healthcare,Small-Cap,12679667,NGM
AVO,"Mission Produce, Inc.",Consumer Defensive,Small-Cap,672781,NMS
ACDC,ProFrac Holding Corp.,Energy,Small-Cap,1247562,NMS
JBI,"Janus International Group, Inc.",Industrials,Small-Cap,1671963,NYQ
CRCT,"Cricut, Inc.",Technology,Small-Cap,512688,NMS
ICHR,Ichor Holdings,Technology,Small-Cap,783603,NMS
WBI,WaterBridge Infrastructure LLC,Energy,Small-Cap,506711,NYQ
GO,Grocery Outlet Holding Corp.,Consumer Defensive,Small-Cap,2506963,NMS
CTMX,"CytomX Therapeutics, Inc.",Healthcare,Small-Cap,3098600,NMS
PAR,PAR Technology Corporation,Technology,Small-Cap,873050,NYQ
EPC,Edgewell Personal Care Company,Consumer Defensive,Small-Cap,701122,NYQ
EVLV,"Evolv Technologies Holdings, In",Industrials,Small-Cap,2862413,NCM
PENG,"Penguin Solutions, Inc.",Technology,Small-Cap,1233001,NMS
GSM,Ferroglobe PLC,Basic Materials,Small-Cap,1357824,NCM
CRTO,Criteo S.A.,Communication Services,Small-Cap,533862,NMS
PFLT,PennantPark Floating Rate Capit,Financial Services,Small-Cap,990831,NYQ
BBDC,"Barings BDC, Inc.",Financial Services,Small-Cap,688262,NYQ
RZLV,Rezolve AI PLC,Technology,Small-Cap,24575096,NGM
GERN,Geron Corporation,Healthcare,Small-Cap,9293013,NMS
XIFR,"XPLR Infrastructure, LP",Utilities,Small-Cap,1358391,NYQ
FWRD,Forward Air Corporation,Industrials,Small-Cap,540632,NMS
BFLY,"Butterfly Network, Inc.",Healthcare,Small-Cap,5790144,NYQ
NX,Quanex Building Products Corpor,Industrials,Small-Cap,797998,NYQ
EVGO,EVgo Inc.,Consumer Cyclical,Small-Cap,3641901,NMS
UTZ,Utz Brands Inc,Consumer Defensive,Small-Cap,1519183,NYQ
VSTS,Vestis Corporation,Industrials,Small-Cap,2528790,NYQ
HTLD,"Heartland Express, Inc.",Industrials,Small-Cap,599490,NMS
SSYS,"Stratasys, Ltd.",Technology,Small-Cap,945698,NMS
ANNX,"Annexon, Inc.",Healthcare,Small-Cap,2878626,NMS
BCAX,Bicara Therapeutics Inc.,Healthcare,Small-Cap,575372,NGM
PCRX,"Pacira BioSciences, Inc.",Healthcare,Small-Cap,883109,NMS
CGBD,"Carlyle Secured Lending, Inc.",Financial Services,Small-Cap,523206,NMS
TLRY,"Tilray Brands, Inc.",Healthcare,Small-Cap,9974568,NMS
SLDP,"Solid Power, Inc.",Consumer Cyclical,Small-Cap,7719113,NMS
NAT,Nordic American Tankers Limited,Energy,Small-Cap,2909534,NYQ
GPRE,"Green Plains, Inc.",Basic Materials,Small-Cap,1322647,NMS
TMQ,Trilogy Metals Inc.,Basic Materials,Small-Cap,5234319,ASE
ALIT,"Alight, Inc.",Technology,Small-Cap,13268870,NYQ
TDAY,"USA TODAY Co., Inc.",Communication Services,Small-Cap,1380350,NYQ
TDOC,"Teladoc Health, Inc.",Healthcare,Small-Cap,5786896,NYQ
TK,Teekay Corporation Ltd.,Energy,Small-Cap,588016,NYQ
FBRT,"Franklin BSP Realty Trust, Inc.",Real Estate,Small-Cap,732631,NYQ
NMFC,New Mountain Finance Corporatio,Financial Services,Small-Cap,771039,NMS
STAA,STAAR Surgical Company,Healthcare,Small-Cap,1369395,NGM
GEMI,"Gemini Space Station, Inc.",Financial Services,Small-Cap,2053814,NMS
IART,Integra LifeSciences Holdings C,Healthcare,Small-Cap,784380,NMS
NMAX,"Newsmax, Inc.",Communication Services,Small-Cap,1035772,NYQ
AIV,Apartment Investment and Manage,Real Estate,Small-Cap,1970722,NYQ
CWH,"Camping World Holdings, Inc.",Consumer Cyclical,Small-Cap,2176722,NYQ
POET,POET Technologies Inc.,Technology,Small-Cap,8835096,NCM
PHK,Pimco High Income Fund Pimco Hi,Financial Services,Small-Cap,728972,NYQ
EH,EHang Holdings Limited,Industrials,Small-Cap,899747,NGM
GGN,"GAMCO Global Gold, Natural Reso",Financial Services,Small-Cap,659898,ASE
BIOA,"BioAge Labs, Inc.",Healthcare,Small-Cap,610493,NMS
HNRG,Hallador Energy Company,Energy,Small-Cap,601695,NCM
NRDS,"NerdWallet, Inc.",Communication Services,Small-Cap,842681,NGM
LIFE,Ethos Technologies Inc.,Financial Services,Small-Cap,875800,NMS
HTBK,Heritage Commerce Corp,Financial Services,Small-Cap,799975,NMS
XNCR,"Xencor, Inc.",Healthcare,Small-Cap,743654,NGM
NB,NioCorp Developments Ltd.,Basic Materials,Small-Cap,5205191,NGM
ESPR,"Esperion Therapeutics, Inc.",Healthcare,Small-Cap,5896662,NGM
MVST,"Microvast Holdings, Inc.",Consumer Cyclical,Small-Cap,4698696,NCM
OMER,Omeros Corporation,Healthcare,Small-Cap,2594763,NGM
PD,"PagerDuty, Inc.",Technology,Small-Cap,2482655,NYQ
AMN,AMN Healthcare Services Inc,Healthcare,Small-Cap,1203059,NYQ
JANX,"Janux Therapeutics, Inc.",Healthcare,Small-Cap,2100718,NGM
OPFI,OppFi Inc.,Financial Services,Small-Cap,555645,NYQ
FOXF,Fox Factory Holding Corp.,Consumer Cyclical,Small-Cap,897840,NMS
BRSP,"BrightSpire Capital, Inc.",Real Estate,Small-Cap,729527,NYQ
OMDA,"Omada Health, Inc.",Healthcare,Small-Cap,1048008,NMS
INDI,"indie Semiconductor, Inc.",Technology,Small-Cap,3111191,NCM
AMC,"AMC Entertainment Holdings, Inc",Communication Services,Small-Cap,30329108,NYQ
CTLP,"Cantaloupe, Inc.",Technology,Small-Cap,991350,NMS
WOLF,"Wolfspeed, Inc.",Technology,Small-Cap,1411886,NYQ
RR,Richtech Robotics Inc.,Industrials,Small-Cap,33477419,NCM
PHR,"Phreesia, Inc.",Healthcare,Small-Cap,1382463,NYQ
CNNE,"Cannae Holdings, Inc.",Consumer Cyclical,Small-Cap,654042,NYQ
SG,"Sweetgreen, Inc.",Consumer Cyclical,Small-Cap,5290747,NYQ
AEVA,"Aeva Technologies, Inc.",Technology,Small-Cap,2973588,NMS
GDRX,"GoodRx Holdings, Inc.",Healthcare,Small-Cap,2383231,NMS
NKTR,Nektar Therapeutics,Healthcare,Small-Cap,784180,NCM
ABX,"Abacus Global Management, Inc.",Financial Services,Small-Cap,657344,NYQ
ADTN,"ADTRAN Holdings, Inc.",Technology,Small-Cap,1259227,NMS
KALV,"KalVista Pharmaceuticals, Inc.",Healthcare,Small-Cap,1331706,NGM
SERV,Serve Robotics Inc.,Industrials,Small-Cap,7129159,NCM
BKSY,BlackSky Technology Inc.,Industrials,Small-Cap,1622409,NYQ
MDXG,"MiMedx Group, Inc",Healthcare,Small-Cap,921500,NCM
SWIM,"Latham Group, Inc.",Industrials,Small-Cap,672888,NMS
NRGV,"Energy Vault Holdings, Inc.",Utilities,Small-Cap,3301944,NYQ
JQC,Nuveen Credit Strategies Income,Financial Services,Small-Cap,935672,NYQ
ASST,"Strive, Inc.",Financial Services,Mid-Cap,5005613,NGM
ABUS,Arbutus Biopharma Corporation,Healthcare,Small-Cap,1415070,NMS
CBRL,Cracker Barrel Old Country Stor,Consumer Cyclical,Small-Cap,1925875,NMS
LDI,"loanDepot, Inc.",Financial Services,Small-Cap,4234706,NYQ
PSNL,"Personalis, Inc.",Healthcare,Small-Cap,1500377,NGM
AEHR,Aehr Test Systems,Technology,Small-Cap,885783,NCM
KOS,Kosmos Energy Ltd.,Energy,Small-Cap,16753554,NYQ
WOOF,Petco Health and Wellness Compa,Consumer Cyclical,Small-Cap,2420050,NMS
IRWD,"Ironwood Pharmaceuticals, Inc.",Healthcare,Small-Cap,4522283,NMS
AHH,"Armada Hoffler Properties, Inc.",Real Estate,Small-Cap,881611,NYQ
IGR,CBRE Clarion Global Real Estate,Financial Services,Small-Cap,1260637,NYQ
RWT,"Redwood Trust, Inc.",Real Estate,Small-Cap,1401729,NYQ
CGEM,"Cullinan Therapeutics, Inc.",Healthcare,Small-Cap,1027980,NMS
BZH,"Beazer Homes USA, Inc.",Consumer Cyclical,Small-Cap,501427,NYQ
ADAM,"Adamas Trust, Inc.",Real Estate,Small-Cap,677108,NMS
RPD,"Rapid7, Inc.",Technology,Small-Cap,1165068,NGM
ASPI,ASP Isotopes Inc.,Basic Materials,Small-Cap,6330832,NCM
SPPP,"""Sprott Physical Platinum and P",N/A,Small-Cap,1368318,ASE
MTA,Metalla Royalty & Streaming Ltd,Basic Materials,Small-Cap,554749,ASE
PRCH,"Porch Group, Inc.",Technology,Small-Cap,1599444,NCM
KODK,Eastman Kodak Company,Industrials,Small-Cap,1332929,NYQ
LAES,SEALSQ Corp,Technology,Small-Cap,11903270,NMS
TRTX,"TPG RE Finance Trust, Inc.",Real Estate,Small-Cap,721657,NYQ
NXDR,"Nextdoor Holdings, Inc.",Communication Services,Small-Cap,6317259,NYQ
DC,Dakota Gold Corp.,Basic Materials,Small-Cap,1298668,ASE
ACP,Aberdeen Income Credit Strategi,Financial Services,Small-Cap,684168,NYQ
GAU,Galiano Gold Inc.,Basic Materials,Small-Cap,2937301,ASE
UDMY,"Udemy, Inc.",Consumer Defensive,Small-Cap,2686809,NMS
RSKD,Riskified Ltd.,Technology,Small-Cap,577990,NYQ
KURA,"Kura Oncology, Inc.",Healthcare,Small-Cap,1648908,NMS
SXC,"SunCoke Energy, Inc.",Basic Materials,Small-Cap,1221163,NYQ
DDL,Dingdong (Cayman) Limited,Consumer Defensive,Small-Cap,1958554,NYQ
SIBN,"SI-BONE, Inc.",Healthcare,Small-Cap,589431,NGM
PLAY,"Dave & Buster's Entertainment, ",Communication Services,Small-Cap,1281840,NMS
CARS,Cars.com Inc.,Communication Services,Small-Cap,764245,NYQ
SES,SES AI Corporation,Consumer Cyclical,Small-Cap,7084924,NYQ
FIP,FTAI Infrastructure Inc.,Industrials,Small-Cap,1292034,NMS
REAX,"The Real Brokerage, Inc.",Real Estate,Small-Cap,1518283,NCM
TWI,"Titan International, Inc. (DE)",Industrials,Small-Cap,650860,NYQ
GDOT,Green Dot Corporation,Financial Services,Small-Cap,909578,NYQ
THM,"International Tower Hill Mines,",Basic Materials,Small-Cap,1390934,ASE
EMBC,Embecta Corp.,Healthcare,Small-Cap,664218,NMS
ITRG,Integra Resources Corp.,Basic Materials,Small-Cap,2400152,ASE
BLDP,"Ballard Power Systems, Inc.",Industrials,Small-Cap,4250562,NGM
ECC,Eagle Point Credit Company Inc.,Financial Services,Small-Cap,1864311,NYQ
GRNT,"Granite Ridge Resources, Inc.",Energy,Small-Cap,657190,NYQ
WRN,Western Copper and Gold Corpora,Basic Materials,Small-Cap,1580944,ASE
CCCX,Churchill Capital Corp X,Financial Services,Small-Cap,2100100,NGM
NEWP,New Pacific Metals Corp.,Basic Materials,Small-Cap,1045434,ASE
QNST,"QuinStreet, Inc.",Communication Services,Small-Cap,624647,NMS
IMSR,Terrestrial Energy Inc.,Utilities,Small-Cap,2987329,NMS
FULC,"Fulcrum Therapeutics, Inc.",Healthcare,Small-Cap,1375921,NGM
PURR,Hyperliquid Strategies Inc,Financial Services,Small-Cap,2389625,NCM
TALK,"Talkspace, Inc.",Healthcare,Small-Cap,1335877,NCM
SLS,"SELLAS Life Sciences Group, Inc",Healthcare,Small-Cap,8157478,NCM
ALT,"Altimmune, Inc.",Healthcare,Small-Cap,4992786,NGM
AIOT,"PowerFleet, Inc.",Technology,Small-Cap,1251021,NGM
AVNS,"Avanos Medical, Inc.",Healthcare,Small-Cap,554239,NYQ
ENGN,enGene Holdings Inc.,Healthcare,Small-Cap,1327170,NCM
ECX,ECARX Holdings Inc.,Consumer Cyclical,Small-Cap,4410052,NGM
IVR,INVESCO MORTGAGE CAPITAL INC,Real Estate,Small-Cap,2099932,NYQ
RIGL,"Rigel Pharmaceuticals, Inc.",Healthcare,Small-Cap,539606,NMS
SFIX,"Stitch Fix, Inc.",Consumer Cyclical,Small-Cap,2348788,NMS
CTKB,"Cytek Biosciences, Inc.",Healthcare,Small-Cap,1275716,NMS
PRME,"Prime Medicine, Inc.",Healthcare,Small-Cap,3710601,NGM
MGTX,MeiraGTx Holdings plc,Healthcare,Small-Cap,544390,NMS
HPK,"HighPeak Energy, Inc.",Energy,Small-Cap,778724,NGM
AIP,"Arteris, Inc.",Technology,Small-Cap,536878,NGM
URG,Ur Energy Inc,Energy,Small-Cap,11118650,ASE
BBNX,"Beta Bionics, Inc.",Healthcare,Small-Cap,1062113,NGM
WYFI,"WhiteFiber, Inc.",Technology,Small-Cap,1197765,NCM
CRMD,CorMedix Inc.,Healthcare,Small-Cap,3320208,NGM
GDYN,"Grid Dynamics Holdings, Inc.",Technology,Small-Cap,961955,NCM
YEXT,"Yext, Inc.",Technology,Small-Cap,1062531,NYQ
CMPS,COMPASS Pathways Plc - American,Healthcare,Small-Cap,1419739,NMS
EBS,Emergent BioSolutions Inc.,Healthcare,Small-Cap,871468,NYQ
STEX,Streamex Corp.,Financial Services,Small-Cap,1198652,NCM
MNTN,"MNTN, Inc.",Technology,Small-Cap,651288,NYQ
TDUP,ThredUp Inc.,Consumer Cyclical,Small-Cap,1874329,NMS
IDR,"Idaho Strategic Resources, Inc.",Basic Materials,Small-Cap,587154,ASE
MNRO,"Monro, Inc.",Consumer Cyclical,Small-Cap,820550,NMS
PACB,Pacific Biosciences of Californ,Healthcare,Small-Cap,7953149,NMS
MAX,"MediaAlpha, Inc.",Communication Services,Small-Cap,524811,NYQ
STKL,"SunOpta, Inc.",Consumer Defensive,Small-Cap,1051183,NMS
FVRR,Fiverr International Ltd.,Communication Services,Small-Cap,948790,NYQ
AXG,Solowin Holdings,Financial Services,Small-Cap,833627,NCM
CATX,"Perspective Therapeutics, Inc.",Healthcare,Small-Cap,3460978,ASE
BTBT,"Bit Digital, Inc.",Financial Services,Small-Cap,32728581,NCM
UROY,Uranium Royalty Corp.,Energy,Small-Cap,2728808,NCM
GOOD,Gladstone Commercial Corporatio,Real Estate,Small-Cap,512396,NMS
PROK,ProKidney Corp.,Healthcare,Small-Cap,1244119,NCM
HIVE,HIVE Digital Technologies Ltd,Financial Services,Small-Cap,14607218,NCM
GOSS,"Gossamer Bio, Inc.",Healthcare,Small-Cap,4292216,NMS
FUBO,fuboTV Inc.,Communication Services,Small-Cap,12783188,NYQ
SB,"Safe Bulkers, Inc",Industrials,Small-Cap,563416,NYQ
SCVL,"Shoe Carnival, Inc.",Consumer Cyclical,Small-Cap,590270,NMS
KLC,"KinderCare Learning Companies, ",Consumer Defensive,Small-Cap,987859,NYQ
VTEX,VTEX,Technology,Small-Cap,1244055,NYQ
DNUT,"Krispy Kreme, Inc.",Consumer Defensive,Small-Cap,3010086,NMS
CEVA,"CEVA, Inc.",Technology,Small-Cap,557229,NMS
GRPN,"Groupon, Inc.",Communication Services,Small-Cap,1088227,NMS
GOGO,Gogo Inc.,Communication Services,Small-Cap,2716944,NMS
BDN,Brandywine Realty Trust,Real Estate,Small-Cap,4263642,NYQ
KROS,"Keros Therapeutics, Inc.",Healthcare,Small-Cap,727647,NGM
BLMN,"Bloomin' Brands, Inc.",Consumer Cyclical,Small-Cap,2169083,NMS
REPL,"Replimune Group, Inc.",Healthcare,Small-Cap,1597183,NMS
RGNX,REGENXBIO Inc.,Healthcare,Small-Cap,803363,NMS
ANGX,"Angel Studios, Inc.",Communication Services,Small-Cap,880508,NYQ
EGY,"VAALCO Energy, Inc.",Energy,Small-Cap,1064944,NYQ
OIS,"Oil States International, Inc.",Energy,Small-Cap,745411,NYQ
FFWM,First Foundation Inc.,Financial Services,Small-Cap,780616,NYQ
GOTU,Gaotu Techedu Inc.,Consumer Defensive,Small-Cap,514567,NYQ
RYAM,Rayonier Advanced Materials Inc,Basic Materials,Small-Cap,683814,NYQ
AVR,Anteris Technologies Global Cor,Healthcare,Small-Cap,803795,NGM
SATL,Satellogic Inc.,Industrials,Small-Cap,7511477,NCM
EU,enCore Energy Corp.,Energy,Small-Cap,3038321,NCM
ANGI,Angi Inc.,Communication Services,Small-Cap,997408,NMS
BLND,"Blend Labs, Inc.",Technology,Small-Cap,3504088,NYQ
APPS,"Digital Turbine, Inc.",Technology,Small-Cap,2995572,NCM
FDMT,"4D Molecular Therapeutics, Inc.",Healthcare,Small-Cap,949501,NMS
LXEO,"Lexeo Therapeutics, Inc.",Healthcare,Small-Cap,1287601,NGM
ABAT,American Battery Technology Com,Industrials,Small-Cap,6872347,NCM
CRSR,"Corsair Gaming, Inc.",Technology,Small-Cap,1084021,NMS
BMBL,Bumble Inc.,Communication Services,Small-Cap,2952150,NMS
IVVD,"Invivyd, Inc.",Healthcare,Small-Cap,6677911,NGM
CLNE,Clean Energy Fuels Corp.,Energy,Small-Cap,1179896,NMS
KREF,KKR Real Estate Finance Trust I,Real Estate,Small-Cap,944077,NYQ
SWBI,"Smith & Wesson Brands, Inc.",Industrials,Small-Cap,615740,NMS
VOR,Vor Biopharma Inc.,Healthcare,Small-Cap,1917478,NMS
FPI,Farmland Partners Inc.,Real Estate,Small-Cap,531695,NYQ
PML,Pimco Municipal Income Fund II ,Financial Services,Small-Cap,543100,NYQ
ASC,Ardmore Shipping Corporation,Industrials,Small-Cap,610878,NYQ
ADCT,ADC Therapeutics SA,Healthcare,Small-Cap,1137816,NYQ
VSTM,"Verastem, Inc.",Healthcare,Small-Cap,2014619,NCM
SLDB,Solid Biosciences Inc.,Healthcare,Small-Cap,1034836,NMS
MAGN,Magnera Corporation,Consumer Defensive,Small-Cap,940278,NYQ
VVR,Invesco Senior Income Trust  (D,Financial Services,Small-Cap,1189947,NYQ
ZVRA,"Zevra Therapeutics, Inc.",Healthcare,Small-Cap,1099386,NMS
DNA,"Ginkgo Bioworks Holdings, Inc.",Healthcare,Small-Cap,1058922,NYQ
LPTH,"LightPath Technologies, Inc.",Technology,Small-Cap,2296426,NCM
HLLY,Holley Inc.,Consumer Cyclical,Small-Cap,1164126,NYQ
GETY,"Getty Images Holdings, Inc.",Communication Services,Small-Cap,1543090,NYQ
ORGO,Organogenesis Holdings Inc.,Healthcare,Small-Cap,1808591,NCM
GTN,"Gray Media, Inc.",Communication Services,Small-Cap,1242916,NYQ
MYGN,"Myriad Genetics, Inc.",Healthcare,Small-Cap,1009983,NMS
CODI,D/B/A Compass Diversified Holdi,Industrials,Small-Cap,1584032,NYQ
WEAV,"Weave Communications, Inc.",Healthcare,Small-Cap,1582562,NYQ
AQST,"Aquestive Therapeutics, Inc.",Healthcare,Small-Cap,4971545,NGM
LAB,Standard BioTools Inc.,Healthcare,Small-Cap,1683198,NMS
ASIX,AdvanSix Inc.,Basic Materials,Small-Cap,515673,NYQ
ASTL,Algoma Steel Group Inc.,Basic Materials,Small-Cap,1275732,NGM
INN,"Summit Hotel Properties, Inc.",Real Estate,Small-Cap,742408,NYQ
UMAC,"Unusual Machines, Inc.",Technology,Small-Cap,3162595,ASE
IHRT,"iHeartMedia, Inc.",Communication Services,Small-Cap,965381,NMS
CRNC,Cerence Inc.,Technology,Small-Cap,1323714,NMS
PRTA,Prothena Corporation plc,Healthcare,Small-Cap,618383,NMS
SPT,"Sprout Social, Inc",Technology,Small-Cap,1277437,NCM
RBBN,Ribbon Communications Inc.,Technology,Small-Cap,623432,NMS
LWLG,"Lightwave Logic, Inc.",Basic Materials,Small-Cap,1878760,NCM
TRX,TRX Gold Corporation,Basic Materials,Small-Cap,5022175,ASE
SABR,Sabre Corporation,Technology,Small-Cap,5610703,NMS
CGC,Canopy Growth Corporation,Healthcare,Small-Cap,30362419,NMS
DXYZ,Destiny Tech100 Inc.,Financial Services,Small-Cap,1461586,NYQ
LTBR,Lightbridge Corporation,Industrials,Small-Cap,1128585,NCM
LXRX,"Lexicon Pharmaceuticals, Inc.",Healthcare,Small-Cap,2537554,NCM
OCGN,"Ocugen, Inc.",Healthcare,Small-Cap,4529004,NCM
LENZ,"LENZ Therapeutics, Inc.",Healthcare,Small-Cap,1155093,NMS
CAL,"Caleres, Inc.",Consumer Cyclical,Small-Cap,899880,NYQ
LX,LexinFintech Holdings Ltd.,Financial Services,Small-Cap,2125262,NMS
KYTX,"Kyverna Therapeutics, Inc.",Healthcare,Small-Cap,1505113,NMS
WNC,Wabash National Corporation,Industrials,Small-Cap,612093,NYQ
MITK,"Mitek Systems, Inc.",Technology,Small-Cap,613257,NCM
PRTH,"Priority Technology Holdings, I",Technology,Small-Cap,532854,NCM
VNDA,Vanda Pharmaceuticals Inc.,Healthcare,Small-Cap,1710411,NGM
GEVO,"Gevo, Inc.",Basic Materials,Small-Cap,3057300,NCM
EVTL,Vertical Aerospace Ltd.,Industrials,Small-Cap,1880708,NYQ
EB,"Eventbrite, Inc.",Communication Services,Small-Cap,1917478,NYQ
ABSI,Absci Corporation,Healthcare,Small-Cap,4079113,NMS
FWDI,"Forward Industries, Inc.",Consumer Cyclical,Small-Cap,928444,NCM
NAGE,"Niagen Bioscience, Inc.",Healthcare,Small-Cap,817878,NCM
CERS,Cerus Corporation,Healthcare,Small-Cap,1502609,NGM
CYH,"Community Health Systems, Inc.",Healthcare,Small-Cap,1680172,NYQ
DVS,Dolly Varden Silver Corporation,Basic Materials,Small-Cap,1380732,ASE
ELVA,Electrovaya Inc.,Industrials,Small-Cap,706822,NCM
TCPC,BlackRock TCP Capital Corp.,Financial Services,Small-Cap,928362,NMS
ANGO,"AngioDynamics, Inc.",Healthcare,Small-Cap,596637,NMS
GPRK,Geopark Ltd,Energy,Small-Cap,718329,NYQ
UP,Wheels Up Experience Inc.,Industrials,Small-Cap,5511640,NYQ
HELE,Helen of Troy Limited,Consumer Defensive,Small-Cap,892727,NMS
OSPN,OneSpan Inc.,Technology,Small-Cap,599518,NCM
JACK,Jack In The Box Inc.,Consumer Cyclical,Small-Cap,777068,NMS
KOPN,Kopin Corporation,Technology,Small-Cap,3462347,NCM
PTLO,Portillo's Inc.,Consumer Cyclical,Small-Cap,2442077,NMS
BCAR,D. Boral ARC Acquisition I Corp,Financial Services,Small-Cap,523137,NGM
XPOF,"Xponential Fitness, Inc.",Consumer Cyclical,Small-Cap,593636,NYQ
LAND,Gladstone Land Corporation,Real Estate,Small-Cap,618693,NGM
ALLO,"Allogene Therapeutics, Inc.",Healthcare,Small-Cap,4110063,NMS
SRTA,"Strata Critical Medical, Inc.",Healthcare,Small-Cap,940673,NCM
LCTX,"Lineage Cell Therapeutics, Inc.",Healthcare,Small-Cap,1490009,ASE
OEC,Orion S.A.,Basic Materials,Small-Cap,680400,NYQ
SNDL,SNDL Inc.,Consumer Defensive,Small-Cap,2983844,NCM
CDZI,"Cadiz, Inc.",Utilities,Small-Cap,976570,NGM
NNDM,Nano Dimension Ltd.,Technology,Small-Cap,2917519,NCM
IMMP,Immutep Limited,Healthcare,Small-Cap,736545,NGM
PSFE,Paysafe Limited,Technology,Small-Cap,619850,NYQ
CLPT,ClearPoint Neuro Inc.,Healthcare,Small-Cap,712963,NCM
CANG,Cango Inc.,Financial Services,Small-Cap,964916,NYQ
NBP,NovaBridge Biosciences,Healthcare,Small-Cap,659840,NGM
BBBY,"Bed Bath & Beyond, Inc.",N/A,Small-Cap,1889691,NYQ
ZURA,Zura Bio Limited,Healthcare,Small-Cap,632616,NCM
BTQ,BTQ Technologies Corp.,Technology,Small-Cap,3033778,NGM
ACRS,"Aclaris Therapeutics, Inc.",Healthcare,Small-Cap,1832114,NMS
CAN,Canaan Inc.,Technology,Small-Cap,22564755,NGM
TII,Titan Mining Corporation,Basic Materials,Small-Cap,700686,ASE
TLS,Telos Corporation,Technology,Small-Cap,972918,NGM
KELYA,"Kelly Services, Inc.",Industrials,Small-Cap,570201,NMS
NFE,New Fortress Energy Inc.,Energy,Small-Cap,13259052,NMS
PNNT,PennantPark Investment Corporat,Financial Services,Small-Cap,704590,NYQ
GLSI,"Greenwich LifeSciences, Inc.",Healthcare,Small-Cap,531529,NCM
DVLT,Datavault AI Inc.,Technology,Small-Cap,70614032,NCM
BGS,"B&G Foods, Inc.",Consumer Defensive,Small-Cap,1707137,NYQ
AVXL,Anavex Life Sciences Corp.,Healthcare,Small-Cap,2736780,NMS
DBI,Designer Brands Inc.,Consumer Cyclical,Small-Cap,1189754,NYQ
AUTL,Autolus Therapeutics plc,Healthcare,Small-Cap,2889393,NMS
VFF,"Village Farms International, In",Consumer Defensive,Small-Cap,2456267,NCM
ANL,Adlai Nortye Ltd.,Healthcare,Small-Cap,861867,NGM
ACCO,Acco Brands Corporation,Industrials,Small-Cap,742365,NYQ
AKBA,"Akebia Therapeutics, Inc.",Healthcare,Small-Cap,3617837,NCM
HYLN,Hyliion Holdings Corp.,Consumer Cyclical,Small-Cap,1172121,ASE
VOXR,Vox Royalty Corp.,Basic Materials,Small-Cap,704624,NCM
RCKT,"Rocket Pharmaceuticals, Inc.",Healthcare,Small-Cap,2105865,NGM
TARA,"Protara Therapeutics, Inc.",Healthcare,Small-Cap,1019113,NGM
SVC,Service Properties Trust - Shar,Real Estate,Small-Cap,1464862,NMS
EVH,"Evolent Health, Inc",Healthcare,Small-Cap,3887103,NYQ
NMG,Nouveau Monde Graphite Inc.,Basic Materials,Small-Cap,780613,NYQ
SPIR,"Spire Global, Inc.",Industrials,Small-Cap,741296,NYQ
NMRA,"Neumora Therapeutics, Inc.",Healthcare,Small-Cap,1430722,NMS
TRON,Tron Inc.,Consumer Cyclical,Small-Cap,1194818,NCM
DCTH,"Delcath Systems, Inc.",Healthcare,Small-Cap,597790,NCM
CLYM,"Climb Bio, Inc.",Healthcare,Small-Cap,1247503,NGM
FCEL,"FuelCell Energy, Inc.",Industrials,Small-Cap,2524424,NGM
EGHT,8x8 Inc,Technology,Small-Cap,1290890,NMS
PEPG,PepGen Inc.,Healthcare,Small-Cap,721344,NMS
CNCK,Coincheck Group N.V.,Financial Services,Small-Cap,667545,NGM
XFOR,"X4 Pharmaceuticals, Inc.",Healthcare,Small-Cap,594873,NCM
RC,Ready Capital Corporation,Real Estate,Small-Cap,4039986,NYQ
SITC,SITE Centers Corp.,Real Estate,Small-Cap,1388455,NYQ
NVA,Nova Minerals Limited,Basic Materials,Small-Cap,1151383,NCM
ISSC,Innovative Solutions and Suppor,Industrials,Small-Cap,503980,NMS
XFLT,XAI Octagon Floating Rate & Alt,Financial Services,Small-Cap,674237,NYQ
GLDG,GoldMining Inc.,Basic Materials,Small-Cap,4206131,ASE
RXST,"RxSight, Inc.",Healthcare,Small-Cap,951672,NGM
BYND,"Beyond Meat, Inc.",Consumer Defensive,Small-Cap,69609285,NMS
WTI,"W&T Offshore, Inc.",Energy,Small-Cap,1580331,NYQ
IMMX,"Immix Biopharma, Inc.",Healthcare,Small-Cap,1042959,NCM
PLG,Platinum Group Metals Ltd.,Basic Materials,Small-Cap,4312798,ASE
HELP,Cybin Inc.,Healthcare,Small-Cap,661575,NGM
VGZ,Vista Gold Corp,Basic Materials,Small-Cap,1850186,ASE
RPAY,Repay Holdings Corporation,Technology,Small-Cap,1086631,NCM
SMRT,"SmartRent, Inc.",Technology,Small-Cap,1232898,NYQ
DEFT,"Defi Technologies, Inc.",Financial Services,Small-Cap,7785591,NCM
CADL,"Candel Therapeutics, Inc.",Healthcare,Small-Cap,793159,NGM
DDD,3D Systems Corporation,Technology,Small-Cap,3787104,NYQ
ALDX,"Aldeyra Therapeutics, Inc.",Healthcare,Small-Cap,1056090,NCM
NUAI,"New Era Energy & Digital, Inc.",Technology,Small-Cap,7266857,NGM
ACIU,AC Immune SA,Healthcare,Small-Cap,688744,NGM
AREC,American Resources Corporation,Basic Materials,Small-Cap,5395150,NCM
IMRX,Immuneering Corporation,Healthcare,Small-Cap,1830914,NGM
PUBM,"PubMatic, Inc.",Technology,Small-Cap,749386,NGM
HRZN,Horizon Technology Finance Corp,Financial Services,Small-Cap,743429,NMS
VELO,"Velo3D, Inc.",Technology,Small-Cap,1568744,NCM
VERI,"Veritone, Inc.",Technology,Small-Cap,3270239,NGM
SSP,E.W. Scripps Company (The),Communication Services,Small-Cap,1408980,NMS
DAVA,Endava plc,Technology,Small-Cap,958522,NYQ
AIRO,"AIRO Group Holdings, Inc.",Industrials,Small-Cap,734254,NGM
PDYN,Palladyne AI Corp.,Technology,Small-Cap,3313901,NGM
NKLR,Terra Innovatum Global N.V.,Utilities,Small-Cap,884806,NGM
EOLS,"Evolus, Inc. Common Stock",Healthcare,Small-Cap,1278457,NGM
BKKT,"Bakkt, Inc.",Technology,Small-Cap,1526524,NYQ
QTRX,Quanterix Corporation,Healthcare,Small-Cap,757322,NGM
SY,So-Young International Inc. - A,Healthcare,Small-Cap,850447,NCM
SKYX,SKYX Platforms Corp.,Industrials,Small-Cap,1126562,NCM
XRX,Xerox Holdings Corporation,Industrials,Small-Cap,3652193,NMS
CCRN,"Cross Country Healthcare, Inc.",Healthcare,Small-Cap,898368,NMS
ACRE,Ares Commercial Real Estate Cor,Real Estate,Small-Cap,562849,NYQ
EM,Smart Share Global Limited,Consumer Cyclical,Small-Cap,521288,NCM
AGL,"agilon health, inc.",Healthcare,Small-Cap,8278962,NYQ
SNBR,Sleep Number Corporation,Consumer Cyclical,Small-Cap,753798,NMS
LRMR,"Larimar Therapeutics, Inc.",Healthcare,Small-Cap,1309054,NGM
OPTX,"Syntec Optics Holdings, Inc.",Technology,Small-Cap,2639585,NCM
ABEO,Abeona Therapeutics Inc.,Healthcare,Small-Cap,1619832,NCM
FJET,"Starfighters Space, Inc.",Industrials,Micro-Cap,4545069,ASE
ASPN,"Aspen Aerogels, Inc.",Industrials,Small-Cap,2115016,NYQ
RZLT,"Rezolute, Inc.",Healthcare,Small-Cap,7007680,NCM
MINE,Mayfair Gold Corp.,Basic Materials,Small-Cap,631075,ASE
CHRS,"Coherus Oncology, Inc.",Healthcare,Small-Cap,1906877,NGM
RLMD,"Relmada Therapeutics, Inc.",Healthcare,Small-Cap,889401,NCM
HNST,"The Honest Company, Inc.",Consumer Defensive,Small-Cap,2672426,NMS
FLWS,"1-800-FLOWERS.COM, Inc.",Consumer Cyclical,Small-Cap,961613,NMS
DSX,Diana Shipping inc.,Industrials,Small-Cap,550885,NYQ
XWIN,"XMAX, Inc.",Consumer Cyclical,Small-Cap,764970,NCM
ORBS,Eightco Holdings Inc.,Consumer Cyclical,Small-Cap,4456890,NCM
ENLV,Enlivex Therapeutics Ltd.,Healthcare,Small-Cap,4094113,NCM
TYGO,"Tigo Energy, Inc.",Technology,Small-Cap,764108,NCM
GRRR,Gorilla Technology Group Inc.,Technology,Small-Cap,990008,NCM
SLQT,"SelectQuote, Inc.",Financial Services,Micro-Cap,1143203,NYQ
TOI,"The Oncology Institute, Inc.",Healthcare,Small-Cap,2314527,NCM
GORO,Gold Resource Corporation,Basic Materials,Small-Cap,5599221,ASE
TSSI,"TSS, Inc.",Technology,Small-Cap,1555926,NCM
REI,"Ring Energy, Inc.",Energy,Small-Cap,2051724,ASE
ADV,Advantage Solutions Inc.,Communication Services,Micro-Cap,830701,NMS
FLYX,"flyExclusive, Inc.",Industrials,Small-Cap,2244939,ASE
LTRX,"Lantronix, Inc.",Technology,Micro-Cap,793139,NCM
NIU,Niu Technologies,Consumer Cyclical,Small-Cap,592850,NGM
STTK,"Shattuck Labs, Inc.",Healthcare,Micro-Cap,526003,NMS
HRTX,"Heron Therapeutics, Inc.",Healthcare,Micro-Cap,1770424,NCM
CMRC,"Commerce.com, Inc. - Series 1",Technology,Micro-Cap,893657,NGM
BLZE,"Backblaze, Inc.",Technology,Micro-Cap,764583,NGM
MRAM,"Everspin Technologies, Inc.",Technology,Micro-Cap,570567,NGM
CABA,"Cabaletta Bio, Inc.",Healthcare,Micro-Cap,2950168,NMS
JELD,"JELD-WEN Holding, Inc.",Industrials,Small-Cap,1511927,NYQ
RILY,"BRC Group Holdings, Inc.",Financial Services,Micro-Cap,1874624,NGM
INV,"Innventure, Inc.",Financial Services,Small-Cap,1852060,NGM
PALI,"Palisade Bio, Inc.",Healthcare,Micro-Cap,5178536,NCM
PLX,"Protalix BioTherapeutics, Inc. ",Healthcare,Micro-Cap,834703,ASE
FNKO,"Funko, Inc.",Consumer Cyclical,Micro-Cap,949100,NMS
CNDT,Conduent Incorporated,Technology,Micro-Cap,1392029,NMS
GSIT,"GSI Technology, Inc.",Technology,Micro-Cap,1624703,NMS
ACHV,"Achieve Life Sciences, Inc.",Healthcare,Micro-Cap,690124,NCM
BNC,CEA Industries Inc.,Industrials,Micro-Cap,544652,NCM
KLTR,"Kaltura, Inc.",Technology,Micro-Cap,867452,NMS
QSI,Quantum-Si Incorporated,Healthcare,Micro-Cap,5096636,NGM
OSS,"One Stop Systems, Inc.",Technology,Micro-Cap,1746063,NCM
HLXC,Helix Acquisition Corp. III,N/A,Micro-Cap,682760,NGM
AIRJ,AirJoule Technologies Corporati,Industrials,Micro-Cap,537016,NCM
NVX,NOVONIX Limited - American Depo,Industrials,Micro-Cap,1407496,NGM
ALTS,ALT5 Sigma Corporation,Technology,Micro-Cap,4297822,NCM
DOMO,"Domo, Inc.",Technology,Micro-Cap,987375,NGM
ACB,Aurora Cannabis Inc.,Healthcare,Micro-Cap,1695919,NCM
MVIS,"Microvision, Inc.",Technology,Micro-Cap,5254026,NGM
DGNX,Diginex Limited,Industrials,Micro-Cap,2298580,NCM
VTIX,Virtuix Holdings Inc.,Technology,Micro-Cap,1027550,NGM
OSUR,"OraSure Technologies, Inc.",Healthcare,Micro-Cap,693216,NMS
ALEC,"Alector, Inc.",Healthcare,Micro-Cap,1347367,NMS
CNTX,Context Therapeutics Inc.,Healthcare,Micro-Cap,1312859,NCM
CRNT,Ceragon Networks Ltd.,Technology,Micro-Cap,635716,NMS
ARCT,Arcturus Therapeutics Holdings ,Healthcare,Micro-Cap,691278,NGM
OGI,Organigram Global Inc.,Healthcare,Micro-Cap,1078639,NMS
VYGR,"Voyager Therapeutics, Inc.",Healthcare,Micro-Cap,540272,NMS
TNXP,Tonix Pharmaceuticals Holding C,Healthcare,Micro-Cap,585960,NCM
FFAI,Faraday Future Intelligent Elec,Consumer Cyclical,Micro-Cap,6925734,NCM
LPRO,Open Lending Corporation,Financial Services,Micro-Cap,646691,NGM
HITI,High Tide Inc.,Healthcare,Micro-Cap,565027,NCM
ALTO,"Alto Ingredients, Inc.",Basic Materials,Micro-Cap,1421826,NCM
GTE,Gran Tierra Energy Inc.,Energy,Micro-Cap,558703,ASE
AMPY,Amplify Energy Corp.,Energy,Micro-Cap,721763,NYQ
AHMA,Ambitions Enterprise Management,Consumer Cyclical,Micro-Cap,1898913,NCM
CURI,CuriosityStream Inc.,Communication Services,Micro-Cap,797242,NCM
NAKA,Nakamoto Inc.,Financial Services,Micro-Cap,10726418,NGM
VUZI,Vuzix Corporation,Technology,Micro-Cap,2091083,NCM
SGMT,Sagimet Biosciences Inc. - Seri,Healthcare,Micro-Cap,648077,NGM
NAMM,Namib Minerals,Basic Materials,Micro-Cap,8881031,NGM
INVZ,Innoviz Technologies Ltd.,Consumer Cyclical,Micro-Cap,4904031,NCM
STXS,"Stereotaxis, Inc.",Healthcare,Micro-Cap,592542,ASE
ELME,Elme Communities,Real Estate,Micro-Cap,4313022,NYQ
LODE,Comstock Inc.,Basic Materials,Micro-Cap,1662708,ASE
FOSL,"Fossil Group, Inc.",Consumer Cyclical,Micro-Cap,790395,NMS
GALT,Galectin Therapeutics Inc.,Healthcare,Micro-Cap,518118,NCM
EDIT,"Editas Medicine, Inc.",Healthcare,Micro-Cap,1787532,NMS
BRR,"ProCap Financial, Inc.",Financial Services,Micro-Cap,1058629,NGM
NRDY,Nerdy Inc.,Technology,Micro-Cap,1199018,NYQ
IKT,"Inhibikase Therapeutics, Inc.",Healthcare,Micro-Cap,555837,NCM
SPCE,"Virgin Galactic Holdings, Inc.",Industrials,Micro-Cap,4543381,NYQ
THAR,"Tharimmune, Inc.",Healthcare,Micro-Cap,899537,NCM
THRY,"Thryv Holdings, Inc.",Technology,Micro-Cap,981554,NCM
DHF,Dreyfus High Yield Strategies F,Financial Services,Micro-Cap,533313,NYQ
HUMA,"Humacyte, Inc.",Healthcare,Micro-Cap,4839518,NMS
SKIN,The Beauty Health Company,Consumer Defensive,Micro-Cap,669788,NCM
DPRO,Draganfly Inc.,Technology,Micro-Cap,1984229,NCM
AMBR,Amber International Holding Lim,Technology,Micro-Cap,1686234,NGM
NPWR,NET Power Inc.,Industrials,Micro-Cap,1049204,NYQ
CCCC,"C4 Therapeutics, Inc.",Healthcare,Micro-Cap,1615588,NMS
TNYA,"Tenaya Therapeutics, Inc.",Healthcare,Micro-Cap,4754603,NMS
SPWR,SunPower Inc.,Technology,Micro-Cap,1410881,NGM
ACH,"Accendra Health, Inc.",Healthcare,Micro-Cap,1803540,NYQ
USBC,"USBC, Inc.",Technology,Micro-Cap,1488322,ASE
ZIP,"ZipRecruiter, Inc.",Communication Services,Micro-Cap,1028183,NYQ
UIS,Unisys Corporation New,Technology,Micro-Cap,718872,NYQ
ELDN,"Eledon Pharmaceuticals, Inc.",Healthcare,Micro-Cap,1799152,NCM
GPRO,"GoPro, Inc.",Technology,Micro-Cap,3138216,NMS
GAMB,Gambling.com Group Limited,Consumer Cyclical,Micro-Cap,778691,NGM
ZNTL,"Zentalis Pharmaceuticals, Inc.",Healthcare,Micro-Cap,1329470,NGM
PLBY,"Playboy, Inc.",Consumer Cyclical,Micro-Cap,774236,NGM
PRQR,ProQR Therapeutics N.V.,Healthcare,Micro-Cap,515824,NCM
PZG,Paramount Gold Nevada Corp.,Basic Materials,Micro-Cap,1429077,ASE
UNG,United States Natural Gas Fund ,N/A,Micro-Cap,20806521,PCX
DGXX,Digi Power X Inc.,Utilities,Micro-Cap,4245880,NCM
BAER,Bridger Aerospace Group Holding,Industrials,Micro-Cap,673501,NGM
MENS,Jyong Biotech Ltd.,Healthcare,Micro-Cap,891829,NGM
MIST,Milestone Pharmaceuticals Inc.,Healthcare,Micro-Cap,5451378,NMS
NNOX,NANO-X IMAGING LTD,Healthcare,Micro-Cap,1730155,NGM
IRD,"Opus Genetics, Inc.",Healthcare,Micro-Cap,601914,NCM
QIPT,Quipt Home Medical Corp.,Healthcare,Micro-Cap,655016,NCM
VLN,Valens Semiconductor Ltd.,Technology,Micro-Cap,2046173,NYQ
LUCD,Lucid Diagnostics Inc.,Healthcare,Micro-Cap,1292819,NCM
IPSC,"Century Therapeutics, Inc.",Healthcare,Micro-Cap,1807660,NCM
SIDU,"Sidus Space, Inc.",Industrials,Micro-Cap,37823822,NCM
NPT,Texxon Holding Limited,Consumer Cyclical,Micro-Cap,678757,NCM
OXSQ,Oxford Square Capital Corp.,Financial Services,Micro-Cap,985481,NMS
HCAT,"Health Catalyst, Inc",Healthcare,Micro-Cap,692311,NMS
SMJF,SMJ International Holdings Inc.,N/A,Micro-Cap,646839,ASE
CRBU,"Caribou Biosciences, Inc.",Healthcare,Micro-Cap,1155575,NMS
EMPD,Empery Digital Inc.,Consumer Cyclical,Micro-Cap,904259,NMS
ABOS,"Acumen Pharmaceuticals, Inc.",Healthcare,Micro-Cap,559090,NMS
LFMD,"LifeMD, Inc.",Healthcare,Micro-Cap,1328906,NGM
COOK,"Traeger, Inc.",Consumer Cyclical,Micro-Cap,542709,NYQ
NEOV,NeoVolta Inc.,Industrials,Micro-Cap,666596,NCM
RANI,"Rani Therapeutics Holdings, Inc",Healthcare,Micro-Cap,2247121,NGM
BZAI,"Blaize Holdings, Inc.",Technology,Micro-Cap,2543913,NGM
NKTX,"Nkarta, Inc.",Healthcare,Micro-Cap,750898,NMS
BARK,"BARK, Inc.",Consumer Cyclical,Micro-Cap,1552308,NYQ
LVRO,Lavoro Limited,Basic Materials,Micro-Cap,2172565,NGM
ZENA,"ZenaTech, Inc.",Technology,Micro-Cap,1256963,NCM
FURY,Fury Gold Mines Limited,Basic Materials,Micro-Cap,900660,ASE
CHPT,"ChargePoint Holdings, Inc.",Consumer Cyclical,Micro-Cap,578580,NYQ
KULR,"KULR Technology Group, Inc.",Technology,Micro-Cap,2125059,ASE
UNCY,"Unicycive Therapeutics, Inc.",Healthcare,Micro-Cap,500811,NCM
ARBE,Arbe Robotics Ltd.,Technology,Micro-Cap,4576793,NCM
AMCI,AMC Robotics Corporation,Technology,Micro-Cap,4384580,NCM
AIRS,"AirSculpt Technologies, Inc.",Healthcare,Micro-Cap,1392150,NGM
TMCI,"Treace Medical Concepts, Inc.",Healthcare,Micro-Cap,945634,NMS
BDTX,"Black Diamond Therapeutics, Inc",Healthcare,Micro-Cap,1237529,NMS
JMG,JM Group Limited,Consumer Cyclical,Micro-Cap,592112,ASE
NXXT,"NextNRG, Inc.",Utilities,Micro-Cap,2216129,NCM
SRFM,Surf Air Mobility Inc.,Industrials,Micro-Cap,4093001,NYQ
FATE,"Fate Therapeutics, Inc.",Healthcare,Micro-Cap,1536022,NGM
REKR,"Rekor Systems, Inc.",Technology,Micro-Cap,3048926,NCM
GRO,Brazil Potash Corp.,Basic Materials,Micro-Cap,517262,ASE
CGTL,Creative Global Technology Hold,Consumer Cyclical,Micro-Cap,2272227,NCM
PMI,"Picard Medical, Inc.",Healthcare,Micro-Cap,985208,ASE
ATLX,Atlas Lithium Corporation,Basic Materials,Micro-Cap,645704,NCM
BNAI,Brand Engagement Network Inc.,Technology,Micro-Cap,9490412,NCM
MERC,Mercer International Inc.,Basic Materials,Micro-Cap,643431,NMS
TNMG,TNL Mediagene,Communication Services,Micro-Cap,1080250,NCM
MAPS,"WM Technology, Inc.",Technology,Micro-Cap,1210796,NMS
SGMO,"Sangamo Therapeutics, Inc.",Healthcare,Micro-Cap,7151790,NCM
IMPP,Imperial Petroleum Inc.,Energy,Micro-Cap,817683,NCM
NBY,"NovaBay Pharmaceuticals, Inc.",Healthcare,Micro-Cap,1741396,ASE
DFDV,DeFi Development Corp.,Financial Services,Micro-Cap,1711090,NCM
CDXS,"Codexis, Inc.",Healthcare,Micro-Cap,1215988,NMS
MBOT,Microbot Medical Inc.,Healthcare,Micro-Cap,1901447,NCM
ZVIA,Zevia PBC,Consumer Defensive,Micro-Cap,1027632,NYQ
RXT,"Rackspace Technology, Inc.",Technology,Micro-Cap,1484426,NMS
KRRO,"Korro Bio, Inc.",Healthcare,Micro-Cap,552521,NCM
TONX,TON Strategy Company,Technology,Micro-Cap,601188,NCM
AMTX,"Aemetis, Inc",Basic Materials,Micro-Cap,954134,NGM
INO,"Inovio Pharmaceuticals, Inc.",Healthcare,Micro-Cap,1522362,NCM
WWR,"Westwater Resources, Inc.",Basic Materials,Micro-Cap,2721326,ASE
GCL,GCL Global Holdings Ltd,Communication Services,Micro-Cap,985211,NMS
LGO,Largo Inc.,Basic Materials,Micro-Cap,735531,NMS
GOAI,Eva Live Inc.,Technology,Micro-Cap,991371,NCM
MCRP,Micropolis AI Robotics,Technology,Micro-Cap,519481,ASE
AGIG,Abundia Global Impact Group Inc,Utilities,Micro-Cap,617834,ASE
SUIG,Sui Group Holdings Limited,Financial Services,Micro-Cap,1408926,NCM
MGNX,"MacroGenics, Inc.",Healthcare,Micro-Cap,1366667,NMS
HYPR,"Hyperfine, Inc.",Healthcare,Micro-Cap,620534,NGM
PROP,Prairie Operating Co.,Energy,Micro-Cap,1380034,NCM
TGEN,Tecogen Inc.,Industrials,Micro-Cap,650503,ASE
MRNO,Murano Global Investments PLC,Real Estate,Micro-Cap,3033981,NCM
HAIN,"The Hain Celestial Group, Inc.",Consumer Defensive,Micro-Cap,1933227,NMS
CRDF,"Cardiff Oncology, Inc.",Healthcare,Micro-Cap,1259685,NCM
STIM,"Neuronetics, Inc.",Healthcare,Micro-Cap,1627009,NGM
OVID,Ovid Therapeutics Inc.,Healthcare,Micro-Cap,1652060,NCM
AGEN,Agenus Inc.,Healthcare,Micro-Cap,684378,NCM
ABVE,Above Food Ingredients Inc.,Consumer Defensive,Micro-Cap,1962785,NGM
ZNB,Zeta Network Group,Communication Services,Micro-Cap,1100093,NCM
BLNE,"Beeline Holdings, Inc.",Financial Services,Micro-Cap,1004019,NCM
SLMT,Brera Holdings PLC,Communication Services,Micro-Cap,1491904,NCM
SMX,SMX (Security Matters) Public L,Industrials,Micro-Cap,2365231,NCM
VHUB,"VenHub Global, Inc.",Consumer Defensive,Micro-Cap,3267680,NGM
ARTV,"Artiva Biotherapeutics, Inc.",Healthcare,Micro-Cap,1040198,NGM
IXHL,Incannex Healthcare Inc.,Healthcare,Micro-Cap,14361077,NCM
OMEX,"Odyssey Marine Exploration, Inc",Basic Materials,Micro-Cap,1107222,NCM
SLNH,"Soluna Holdings, Inc.",Financial Services,Micro-Cap,5561050,NCM
ONCY,Oncolytics Biotech Inc.,Healthcare,Micro-Cap,1007565,NCM
BLNK,Blink Charging Co.,Industrials,Micro-Cap,4696521,NCM
FBIO,"Fortress Biotech, Inc.",Healthcare,Micro-Cap,718760,NCM
AISP,"Airship AI Holdings, Inc",Technology,Micro-Cap,961445,NGM
QMCO,Quantum Corporation,Technology,Micro-Cap,588298,NGM
BRCC,BRC Inc.,Consumer Defensive,Micro-Cap,812940,NYQ
SAVA,"Cassava Sciences, Inc.",Healthcare,Micro-Cap,966252,NCM
PYXS,"Pyxis Oncology, Inc.",Healthcare,Micro-Cap,1298393,NMS
MXCT,"MaxCyte, Inc.",Healthcare,Micro-Cap,1113972,NMS
AURE,Aurelion Inc.,Financial Services,Micro-Cap,572542,NCM
EQ,"Equillium, Inc.",Healthcare,Micro-Cap,670011,NCM
HSDT,Solana Company,Financial Services,Micro-Cap,571788,NCM
CGTX,"Cognition Therapeutics, Inc.",Healthcare,Micro-Cap,968667,NCM
POAS,Phaos Technology Holdings (Caym,Healthcare,Micro-Cap,803561,ASE
PLCE,"Children's Place, Inc. (The)",Consumer Cyclical,Micro-Cap,514178,NMS
PEW,GrabAGun Digital Holdings Inc.,Industrials,Micro-Cap,776218,NYQ
OM,"Outset Medical, Inc.",Healthcare,Micro-Cap,1024345,NMS
BTCS,BTCS Inc.,Financial Services,Micro-Cap,1163132,NCM
ELBM,Electra Battery Materials Corpo,Basic Materials,Micro-Cap,1391683,NCM
MTC,"MMTec, Inc.",Technology,Micro-Cap,1062314,NCM
ATYR,"aTyr Pharma, Inc.",Healthcare,Micro-Cap,2600218,NCM
OPTT,"Ocean Power Technologies, Inc.",Industrials,Micro-Cap,12695178,ASE
ARAY,Accuray Incorporated,Healthcare,Micro-Cap,1042718,NMS
UPXI,"Upexi, Inc.",Communication Services,Micro-Cap,4321813,NCM
FSP,Franklin Street Properties Corp,Real Estate,Micro-Cap,579329,ASE
BDSX,"Biodesix, Inc.",Healthcare,Micro-Cap,1427691,NGM
DHX,"DHI Group, Inc.",Technology,Micro-Cap,512167,NYQ
CTM,"Castellum, Inc.",Technology,Micro-Cap,2033455,ASE
BGL,Blue Gold Limited,Basic Materials,Micro-Cap,1226509,NGM
HOVR,New Horizon Aircraft Ltd.,Industrials,Micro-Cap,1070250,NCM
FGNX,FG Nexus Inc.,Financial Services,Micro-Cap,809288,NGM
MAIA,"MAIA Biotechnology, Inc.",Healthcare,Micro-Cap,878340,ASE
ATOM,Atomera Incorporated,Technology,Micro-Cap,514911,NCM
BMEA,"Biomea Fusion, Inc.",Healthcare,Micro-Cap,1354881,NMS
CHGG,"Chegg, Inc.",Consumer Defensive,Micro-Cap,1622960,NYQ
DXST,Decent Holding Inc.,Industrials,Nano-Cap,1790032,NCM
VRA,"Vera Bradley, Inc.",Consumer Cyclical,Micro-Cap,1063742,NMS
GRWG,GrowGeneration Corp.,Consumer Cyclical,Micro-Cap,644624,NCM
IMUX,"Immunic, Inc.",Healthcare,Micro-Cap,1414398,NCM
GPUS,"Hyperscale Data, Inc.",Industrials,Micro-Cap,44377496,ASE
PLRX,"Pliant Therapeutics, Inc.",Healthcare,Micro-Cap,1237255,NMS
AMPG,"Amplitech Group, Inc.",Technology,Micro-Cap,738867,NCM
SLGB,Smart Logistics Global Limited,Industrials,Micro-Cap,3061072,NCM
GCTS,"GCT Semiconductor Holding, Inc.",Technology,Micro-Cap,3472547,NYQ
SUUN,PowerBank Corporation,Utilities,Micro-Cap,1728468,NGM
ANVS,"Annovis Bio, Inc.",Healthcare,Micro-Cap,1670163,NYQ
LIDR,"AEye, Inc.",Technology,Micro-Cap,1301350,NCM
KZIA,Kazia Therapeutics Limited,Healthcare,Micro-Cap,798467,NCM
GANX,"Gain Therapeutics, Inc.",Healthcare,Micro-Cap,1485745,NGM
AVX,Avax One Technology Ltd.,Financial Services,Micro-Cap,536222,NCM
BURU,"Nuburu, Inc.",Industrials,Micro-Cap,29577978,ASE
DCGO,DocGo Inc.,Healthcare,Micro-Cap,810765,NCM
ETHZ,ETHZilla Corporation,Healthcare,Micro-Cap,834563,NCM
AIIO,Robo.ai Inc.,Consumer Cyclical,Micro-Cap,8751786,NCM
PETS,"PetMed Express, Inc.",Healthcare,Micro-Cap,2675078,NMS
GUTS,"Fractyl Health, Inc.",Healthcare,Micro-Cap,5984780,NGM
MREO,Mereo BioPharma Group plc,Healthcare,Micro-Cap,14873695,NCM
BTM,Bitcoin Depot Inc.,Financial Services,Micro-Cap,1182954,NCM
ZOOZ,ZOOZ Strategy Ltd.,Consumer Cyclical,Micro-Cap,573709,NCM
LFS,"LEIFRAS Co., Ltd.",Communication Services,Micro-Cap,1611675,NCM
LUNG,Pulmonx Corporation,Healthcare,Micro-Cap,754629,NMS
FUSE,Fusemachines Inc.,Technology,Micro-Cap,3628737,NGM
ARAI,Arrive AI Inc.,Technology,Nano-Cap,903667,NGM
ROLR,"High Roller Technologies, Inc.",Consumer Cyclical,Micro-Cap,2378081,ASE
INDO,Indonesia Energy Corporation Li,Energy,Micro-Cap,925509,ASE
IFRX,InflaRx N.V.,Healthcare,Micro-Cap,2963042,NMS
TVGN,Tevogen Bio Holdings Inc.,Healthcare,Micro-Cap,904262,NGM
TEAD,Teads Holding Co.,Communication Services,Micro-Cap,2453772,NMS
TCRX,"TScan Therapeutics, Inc.",Healthcare,Micro-Cap,668667,NGM
XTIA,"XTI Aerospace, Inc.",Industrials,Micro-Cap,1914106,NCM
NRXP,"NRX Pharmaceuticals, Inc.",Healthcare,Micro-Cap,936193,NCM
NUKK,Nukkleus Inc.,Technology,Micro-Cap,1669844,NGM
ACRV,"Acrivon Therapeutics, Inc.",Healthcare,Micro-Cap,1568873,NGM
KWM,"K Wave Media, Ltd.",Communication Services,Nano-Cap,1151288,NGM
LITM,Snow Lake Resources Ltd.,Basic Materials,Micro-Cap,549624,NCM
SPWH,"Sportsman's Warehouse Holdings,",Consumer Cyclical,Micro-Cap,528140,NMS
MAMO,Massimo Group,Consumer Cyclical,Nano-Cap,787709,NCM
IBIO,"iBio, Inc.",Healthcare,Micro-Cap,5793372,NCM
QTTB,Q32 Bio Inc.,Healthcare,Micro-Cap,3073836,NCM
GWH,"ESS Tech, Inc.",Industrials,Nano-Cap,554408,NYQ
STSS,Sharps Technology Inc.,Healthcare,Nano-Cap,541901,NCM
BEAT,"Heartbeam, Inc.",Healthcare,Nano-Cap,13238980,NCM
AMOD,"Alpha Modus Holdings, Inc.",Technology,Nano-Cap,2265190,NCM
AIRE,reAlpha Tech Corp.,Real Estate,Nano-Cap,5769860,NCM
ASTI,"Ascent Solar Technologies, Inc",Technology,Nano-Cap,2555514,NCM
EUDA,Euda Health Holdings Limited,Real Estate,Nano-Cap,504952,NCM
AXIL,"AXIL Brands, Inc.",Technology,Nano-Cap,509900,ASE
LVLU,"Lulu's Fashion Lounge Holdings,",Consumer Cyclical,Micro-Cap,509262,NCM
SMXT,Solarmax Technology Inc.,Technology,Nano-Cap,1063181,NCM
CDLX,"Cardlytics, Inc. Common Stock",Communication Services,Nano-Cap,854509,NGM
OPAD,Offerpad Solutions Inc.,Real Estate,Nano-Cap,3689085,NYQ
LONA,"LeonaBio, Inc.",Healthcare,Nano-Cap,1077832,NCM
UAVS,"AgEagle Aerial Systems, Inc.",Technology,Nano-Cap,7313024,ASE
BATL,Battalion Oil Corporation,Energy,Nano-Cap,4809624,ASE
PSTV,"PLUS THERAPEUTICS, Inc.",Healthcare,Nano-Cap,9773316,NCM
YYAI,AiRWA Inc.,Technology,Nano-Cap,2858621,NCM
ONMD,OneMedNet Corp,Healthcare,Nano-Cap,1115540,NCM
CYPH,Cypherpunk Technologies Inc.,Financial Services,Nano-Cap,25910588,NCM
RMTI,"Rockwell Medical, Inc.",Healthcare,Nano-Cap,717211,NCM
BCG,"Binah Capital Group, Inc.",Financial Services,Nano-Cap,726768,NGM
GNS,Genius Group Limited,Consumer Defensive,Nano-Cap,2797577,ASE
PDSB,PDS Biotechnology Corporation,Healthcare,Nano-Cap,827311,NCM
CMBM,Cambium Networks Corporation,Technology,Nano-Cap,1577185,NGM
RPGL,Republic Power Group Limited,Technology,Nano-Cap,14859442,NCM
LITS,"Lite Strategy, Inc.",Healthcare,Nano-Cap,594172,NCM
BIOX,Bioceres Crop Solutions Corp.,Basic Materials,Nano-Cap,592462,NMS
ZDGE,"Zedge, Inc.",Communication Services,Nano-Cap,962057,ASE
LIMN,"Liminatus Pharma, Inc.",Healthcare,Nano-Cap,4597422,NGM
RADX,Radiopharm Theranostics Limited,Healthcare,Nano-Cap,732275,NCM
JSPR,"Jasper Therapeutics, Inc.",Healthcare,Nano-Cap,1785160,NCM
GLTO,"Galecto, Inc.",Healthcare,Nano-Cap,1158424,NCM
USEG,U.S. Energy Corp.,Energy,Nano-Cap,961881,NCM
FATN,"FatPipe, Inc.",Technology,Nano-Cap,1278601,NCM
XLO,"Xilio Therapeutics, Inc.",Healthcare,Nano-Cap,529968,NCM
FOXX,Foxx Development Holdings Inc.,Technology,Nano-Cap,1004522,NCM
SAFX,"XCF Global, Inc.",Utilities,Nano-Cap,14799167,NCM
LHSW,Lianhe Sowell International Gro,Technology,Nano-Cap,611613,NCM
PSQH,"PSQ Holdings, Inc.",Technology,Nano-Cap,1571416,NYQ
WGRX,"Wellgistics Health, Inc.",Healthcare,Nano-Cap,659683,NCM
EKSO,"Ekso Bionics Holdings, Inc.",Healthcare,Nano-Cap,2178759,NCM
DFLI,Dragonfly Energy Holdings Corp,Industrials,Nano-Cap,1143864,NCM
UFG,Uni-Fuels Holdings Limited,Industrials,Nano-Cap,877288,NCM
ATCH,"AtlasClear Holdings, Inc.",Financial Services,Nano-Cap,4373886,ASE
OMH,Ohmyhome Limited,Real Estate,Nano-Cap,523877,NCM
BTAI,"BioXcel Therapeutics, Inc.",Healthcare,Nano-Cap,589265,NCM
RVPH,Reviva Pharmaceuticals Holdings,Healthcare,Nano-Cap,5248842,NCM
HOLO,MicroCloud Hologram Inc.,Technology,Nano-Cap,592788,NCM
GAME,"GameSquare Holdings, Inc.",Communication Services,Nano-Cap,1457070,NCM
FEMY,Femasys Inc.,Healthcare,Nano-Cap,2093055,NCM
YSXT,"YSX Tech. Co., Ltd",Industrials,Nano-Cap,830655,NCM
VNRX,VolitionRX Limited,Healthcare,Nano-Cap,2431593,ASE
PRTS,"CarParts.com, Inc.",Consumer Cyclical,Nano-Cap,1035583,NCM
TDTH,Trident Digital Tech Holdings L,Technology,Nano-Cap,815398,NCM
HOWL,"Werewolf Therapeutics, Inc.",Healthcare,Nano-Cap,642540,NMS
MYO,Myomo Inc.,Healthcare,Nano-Cap,689290,ASE
SER,"Serina Therapeutics, Inc.",Healthcare,Nano-Cap,1319860,ASE
SCYX,"SCYNEXIS, Inc.",Healthcare,Nano-Cap,500434,NCM
THH,TryHard Holdings Limited,Industrials,Nano-Cap,3180522,NCM
OTLK,"Outlook Therapeutics, Inc.",Healthcare,Nano-Cap,6953050,NCM
ORGN,"Origin Materials, Inc.",Basic Materials,Nano-Cap,1764345,NCM
BEEM,Beam Global,Technology,Nano-Cap,1446309,NCM
CUE,"Cue Biopharma, Inc.",Healthcare,Nano-Cap,1221624,NCM
LASE,Laser Photonics Corporation,Industrials,Nano-Cap,508034,NCM
POM,POMDOCTOR LIMITED,Healthcare,Nano-Cap,2527945,NGM
VVPR,VivoPower International PLC,Technology,Nano-Cap,510195,NCM
HURA,"TuHURA Biosciences, Inc.",Healthcare,Nano-Cap,760934,NCM
AUST,Austin Gold Corp.,Basic Materials,Nano-Cap,1452245,ASE
XCUR,"Exicure, Inc.",Healthcare,Nano-Cap,703704,NCM
SELX,Semilux International Ltd.,Technology,Nano-Cap,1155042,NCM
PCLA,PicoCELA Inc.,Communication Services,Nano-Cap,711025,NCM
AUID,authID Inc.,Technology,Nano-Cap,6912462,NCM
EPSM,Epsium Enterprise Limited,Consumer Defensive,Nano-Cap,1276329,NCM
IGC,"IGC Pharma, Inc.",Healthcare,Nano-Cap,628883,ASE
MSAI,"MultiSensor AI Holdings, Inc.",Technology,Nano-Cap,2602895,NCM
SNTI,"Senti Biosciences, Inc.",Healthcare,Nano-Cap,1640027,NCM
MOBX,"Mobix Labs, Inc.",Technology,Nano-Cap,14908018,NCM
ANGH,Anghami Inc.,Communication Services,Nano-Cap,818175,NCM
HBIO,"Harvard Bioscience, Inc.",Healthcare,Nano-Cap,711854,NCM
PRZO,ParaZero Technologies Ltd.,Industrials,Nano-Cap,1248637,NCM
ACCL,Acco Group Holdings Limited,Industrials,Nano-Cap,823265,NCM
ZJYL,JIN MEDICAL INTERNATIONAL LTD.,Healthcare,Nano-Cap,654001,NCM
SVRE,SaverOne 2014 Ltd.,Technology,Nano-Cap,950057,NCM
BNKK,"Bonk, Inc.",Financial Services,Nano-Cap,1650753,NCM
VTGN,"VistaGen Therapeutics, Inc.",Healthcare,Nano-Cap,2749909,NCM
INTS,"Intensity Therapeutics, Inc.",Healthcare,Nano-Cap,2509191,NCM
GNTA,Genenta Science S.p.A.,Healthcare,Nano-Cap,1073137,NCM
MLSS,"Milestone Scientific, Inc.",Healthcare,Nano-Cap,1329716,ASE
IOBT,"IO Biotech, Inc.",Healthcare,Nano-Cap,9615690,NMS
HCHL,Happy City Holdings Limited,Consumer Cyclical,Nano-Cap,774726,NCM
KTTA,Pasithea Therapeutics Corp.,Healthcare,Nano-Cap,7264500,NCM
GREE,Greenidge Generation Holdings I,Financial Services,Nano-Cap,1074872,NMS
VYNE,VYNE Therapeutics Inc.,Healthcare,Nano-Cap,5439957,NCM
MSGM,Motorsport Games Inc.,Communication Services,Nano-Cap,2008908,NCM
PAPL,Pineapple Financial Inc.,Financial Services,Nano-Cap,1615796,ASE
SCNX,"Scienture Holdings, Inc.",Healthcare,Nano-Cap,1634318,NCM
CAPT,Captivision Inc.,Basic Materials,Nano-Cap,1815004,NGM
KLTO,"Klotho Neurosciences, Inc.",Healthcare,Nano-Cap,722696,NCM
LHAI,Linkhome Holdings Inc.,Real Estate,Nano-Cap,762042,NCM
DOGZ,Dogness (International) Corpora,Consumer Cyclical,Nano-Cap,1113142,NCM
LEXX,Lexaria Bioscience Corp.,Healthcare,Nano-Cap,622831,NCM
GTEC,Greenland Technologies Holding ,Consumer Cyclical,Nano-Cap,576113,NCM
COSM,Cosmos Health Inc.,Healthcare,Nano-Cap,792583,NCM
SWVL,Swvl Holdings Corp,Industrials,Nano-Cap,744273,NCM
CTXR,"Citius Pharmaceuticals, Inc.",Healthcare,Nano-Cap,831701,NCM
TSE,Trinseo PLC,Basic Materials,Nano-Cap,997129,NYQ
CISO,"CISO Global, Inc.",Technology,Nano-Cap,630721,NCM
BTTC,Black Titan Corp,N/A,Nano-Cap,2215111,NCM
FBLG,"FibroBiologics, Inc.",Healthcare,Nano-Cap,2046226,NCM
ITRM,Iterum Therapeutics plc,Healthcare,Nano-Cap,920922,NCM
EONR,EON Resources Inc.,Energy,Nano-Cap,1460686,ASE
IVF,"INVO Fertility, Inc.",Healthcare,Nano-Cap,7190970,NCM
QCLS,"Q/C Technologies, Inc.",Technology,Nano-Cap,4253840,NCM
GITS,Global Interactive Technologies,Communication Services,Nano-Cap,2555365,NCM
LNAI,Lunai Bioworks Inc.,Healthcare,Nano-Cap,1162850,NCM
VSEE,"VSee Health, Inc.",Healthcare,Nano-Cap,1350178,NCM
SEGG,"Lottery.com, Inc.",Consumer Cyclical,Nano-Cap,10771540,NGM
NOTV,"Inotiv, Inc.",Healthcare,Nano-Cap,803254,NCM
CHOW,ChowChow Cloud International Ho,Technology,Nano-Cap,2626839,ASE
OSRH,"OSR Holdings, Inc.",Healthcare,Nano-Cap,4863588,NCM
PN,Skycorp Solar Group Limited,Technology,Nano-Cap,753957,NCM
TRIB,Trinity Biotech plc,Healthcare,Nano-Cap,3227173,NMS
SOPA,Society Pass Incorporated,Communication Services,Nano-Cap,5334385,NCM
LNKS,Linkers Industries Limited,Industrials,Nano-Cap,1027273,NCM
HIND,"Vyome Holdings, Inc.",Healthcare,Nano-Cap,843368,NCM
AIMD,"Ainos, Inc.",Technology,Nano-Cap,643252,NCM
ELOG,Eastern International Ltd.,Industrials,Nano-Cap,690544,NCM
CYN,Cyngn Inc.,Technology,Nano-Cap,2621965,NCM
GTBP,"GT Biopharma, Inc.",Healthcare,Nano-Cap,1780954,NCM
PLRZ,Polyrizon Ltd.,Healthcare,Nano-Cap,3213310,NCM
NIXX,"Nixxy, Inc.",Industrials,Nano-Cap,559165,NCM
VCIG,VCI Global Limited,Industrials,Nano-Cap,3608081,NCM
BNZI,"Banzai International, Inc.",Technology,Nano-Cap,810381,NCM
CETX,Cemtrex Inc.,Technology,Nano-Cap,6644273,NCM
MWG,Multi Ways Holdings Limited,Industrials,Nano-Cap,5581770,ASE
VRME,"VerifyMe, Inc.",Industrials,Nano-Cap,3777703,NCM
BCAB,"BioAtla, Inc.",Healthcare,Nano-Cap,2396296,NCM
TMDE,TMD Energy Limited,Energy,Nano-Cap,2152813,ASE
YYGH,YY Group Holding Limited,Consumer Cyclical,Nano-Cap,1372247,NCM
MOVE,Movano Inc.,Healthcare,Nano-Cap,1820165,NCM
HCAI,Huachen AI Parking Management T,Industrials,Nano-Cap,637426,NCM
KALA,"KALA BIO, Inc.",Healthcare,Nano-Cap,8152226,NCM
DKI,DarkIris Inc.,Communication Services,Nano-Cap,4701362,NCM
GXAI,Gaxos.ai Inc.,Communication Services,Nano-Cap,5393408,NCM
CENN,Cenntro Inc.,Consumer Cyclical,Nano-Cap,3224481,NCM
ZCMD,Zhongchao Inc.,Healthcare,Nano-Cap,1557529,NCM
FBGL,FBS Global Limited,Industrials,Nano-Cap,1934295,NCM
XAIR,"Beyond Air, Inc.",Healthcare,Nano-Cap,7492637,NCM
MBAI,Check-Cap Ltd.,Healthcare,Nano-Cap,2702878,NCM
PTLE,PTL LTD,Consumer Cyclical,Nano-Cap,4601986,NCM
MSGY,Masonglory Limited,Industrials,Nano-Cap,1481540,NCM
SPHL,SPRINGVIEW HOLDINGS LTD,Consumer Cyclical,Nano-Cap,2136299,NCM
AGAE,Allied Gaming & Entertainment I,Communication Services,Nano-Cap,770059,NCM
EVTV,"Envirotech Vehicles, Inc.",Consumer Cyclical,Nano-Cap,28442447,NCM
INLF,INLIF LIMITED,Industrials,Nano-Cap,1396860,NCM
LFWD,Lifeward Ltd.,Healthcare,Nano-Cap,515257,NCM
ZSPC,"zSpace, Inc.",Technology,Nano-Cap,1017544,NCM
MNTS,Momentus Inc.,Industrials,Nano-Cap,2449883,NCM
XTLB,XTL Biopharmaceuticals Ltd.,Healthcare,Nano-Cap,717963,NCM
GDTC,CytoMed Therapeutics Limited,Healthcare,Nano-Cap,573544,NCM
IMG,CIMG Inc.,Consumer Defensive,Nano-Cap,1204730,NCM
YCBD,"cbdMD, Inc.",Healthcare,Nano-Cap,11555788,ASE
INHD,Inno Holdings Inc.,Basic Materials,Nano-Cap,1182035,NCM
MYNZ,Mainz Biomed N.V.,Healthcare,Nano-Cap,578488,NCM
SRXH,"SRX Health Solutions, Inc.",Consumer Defensive,Nano-Cap,20913472,ASE
ITOC,iTonic Holdings Ltd,Healthcare,Nano-Cap,1360729,NCM
PAVM,PAVmed Inc.,Healthcare,Nano-Cap,1002432,NCM
CALC,"CalciMedica, Inc.",Healthcare,Nano-Cap,1045893,NCM
GELS,Gelteq Limited,Healthcare,Nano-Cap,2008706,NCM
TGHL,The GrowHub Limited,Technology,Nano-Cap,565250,NCM
QNCX,"Quince Therapeutics, Inc.",Healthcare,Nano-Cap,2311613,NMS
TURB,"Turbo Energy, S.A.",Technology,Nano-Cap,651316,NCM
XHLD,"TEN Holdings, Inc.",Communication Services,Nano-Cap,3167870,NCM
INBS,Intelligent Bio Solutions Inc.,Healthcare,Nano-Cap,2400712,NCM
AKTX,Akari Therapeutics Plc,Healthcare,Nano-Cap,1081529,NCM
DAIC,"CID HoldCo, Inc.",Technology,Nano-Cap,2783332,NGM
SKYQ,Sky Quarry Inc.,Energy,Nano-Cap,6050455,NCM
CJMB,Callan JMB Inc.,Industrials,Nano-Cap,3581332,NCM
PHGE,BiomX Inc.,Healthcare,Nano-Cap,1024672,ASE
CXAI,CXApp Inc.,Technology,Nano-Cap,4251503,NCM
AMZE,"Amaze Holdings, Inc.",Technology,Nano-Cap,18291039,ASE
CYCU,"Cycurion, Inc.",Technology,Nano-Cap,1368731,NGM
BBGI,"Beasley Broadcast Group, Inc.",Communication Services,Nano-Cap,899480,NCM
WLDS,Wearable Devices Ltd.,Technology,Nano-Cap,531898,NCM
PRSO,Peraso Inc.,Technology,Nano-Cap,594265,NCM
NTCL,NETCLASS TECHNOLOGY INC,Technology,Nano-Cap,1996011,NCM
CCHH,CCH Holdings Ltd,Consumer Cyclical,Nano-Cap,2528809,NCM
IOTR,iOThree Limited,Communication Services,Nano-Cap,1480241,NCM
LOBO,LOBO TECHNOLOGIES LTD.,Consumer Cyclical,Nano-Cap,2299736,NCM
PFSA,"Profusa, Inc.",Healthcare,Nano-Cap,26081798,NGM
XPON,Expion360 Inc.,Industrials,Nano-Cap,1831177,NCM
PMCB,"PharmaCyte  Biotech, Inc.",Healthcare,Nano-Cap,3586314,NCM
BKYI,"BIO-key International, Inc.",Industrials,Nano-Cap,11985268,NCM
AEHL,Antelope Enterprise Holdings Li,Industrials,Nano-Cap,4375154,NCM
JTAI,Jet.AI Inc.,Technology,Nano-Cap,20679559,NCM
TGL,Treasure Global Inc.,Technology,Nano-Cap,975398,NCM
AZI,Autozi Internet Technology (Glo,Consumer Cyclical,Nano-Cap,5628353,NGM
ATON,AlphaTON Capital Corp.,Financial Services,Nano-Cap,6543783,NCM
MSS,Maison Solutions Inc.,Consumer Defensive,Nano-Cap,617714,NCM
ADVB,Advanced Biomed Inc.,Healthcare,Nano-Cap,557685,NCM
OLOX,Olenox Industries Inc.,Industrials,Nano-Cap,6851316,NCM
PMAX,Powell Max Limited,Industrials,Nano-Cap,910690,NCM
ORKT,Orangekloud Technology Inc.,Technology,Nano-Cap,1091255,NCM
MIMI,Mint Incorporation Limited,Industrials,Nano-Cap,3170113,NCM
XTKG,"X3 Holdings Co., Ltd.",Technology,Nano-Cap,23581318,NCM
SOWG,Sow Good Inc.,Consumer Defensive,Nano-Cap,1179818,NCM
TDIC,Dreamland Limited,Communication Services,Nano-Cap,3078277,NCM
BFRG,"Bullfrog AI Holdings, Inc.",Healthcare,Nano-Cap,589349,NCM
TPET,Trio Petroleum Corp.,Energy,Nano-Cap,608945,ASE
TOVX,"Theriva Biologics, Inc.",Healthcare,Nano-Cap,5245181,ASE
DRMA,"Dermata Therapeutics, Inc.",Healthcare,Nano-Cap,1493029,NCM
VIVS,"VivoSim Labs, Inc.",Healthcare,Nano-Cap,1621209,NCM
ASBP,"Aspire Biopharma Holdings, Inc.",Healthcare,Nano-Cap,1380307,NCM
ELPW,Elong Power Holding Limited,Industrials,Nano-Cap,3206840,NGM
BQ,Boqii Holding Limited,Consumer Cyclical,Nano-Cap,1115580,ASE
FMFC,Kandal M Venture Limited,Consumer Cyclical,Nano-Cap,2268393,NCM
TWG,Top Wealth Group Holding Limite,Consumer Defensive,Nano-Cap,1536260,NCM
CHR,"Cheer Holding, Inc.",Communication Services,Nano-Cap,627879,NCM
CNEY,CN Energy Group Inc.,Basic Materials,Nano-Cap,2346726,NCM
KITT,"Nauticus Robotics, Inc.",Industrials,Nano-Cap,9016870,NCM
HXHX,Haoxin Holdings Limited,Industrials,Nano-Cap,5861760,NCM
NCT,Intercont (Cayman) Limited,Industrials,Nano-Cap,593101,NCM
MGRX,"Mangoceuticals, Inc.",Healthcare,Nano-Cap,1828706,NCM
JCSE,JE Cleantech Holdings Limited,Industrials,Nano-Cap,944373,NCM
SXTP,"60 Degrees Pharmaceuticals, Inc",Healthcare,Nano-Cap,3459729,NCM
LUCY,"Innovative Eyewear, Inc.",Healthcare,Nano-Cap,3557511,NCM
TIRX,TIAN RUIXIANG Holdings Ltd,Financial Services,Nano-Cap,31698609,NCM
CANF,Can-Fite Biopharma Ltd,Healthcare,Nano-Cap,527972,ASE
BYAH,Park Ha Biological Technology C,Consumer Defensive,Nano-Cap,12088868,NCM
DTCK,Davis Commodities Limited,Consumer Defensive,Nano-Cap,3565283,NCM
RDHL,Redhill Biopharma Ltd.,Healthcare,Nano-Cap,505039,NCM
PCSA,"Processa Pharmaceuticals, Inc.",Healthcare,Nano-Cap,805289,NCM
GIBO,GIBO Holdings Limited,Communication Services,Nano-Cap,677350,NCM
RIME,"Algorhythm Holdings, Inc.",Technology,Nano-Cap,893819,NCM
MASK,3 E Network Technology Group Lt,Technology,Nano-Cap,9475768,NCM
LXEH,"Lixiang Education Holding Co., ",Consumer Defensive,Nano-Cap,906413,NGM
STFS,Star Fashion Culture Holdings L,Communication Services,Nano-Cap,1815839,NCM
NCPL,Netcapital Inc.,Financial Services,Nano-Cap,6194098,NCM
GP,GreenPower Motor Company Inc.,Industrials,Nano-Cap,1444391,NCM
CETY,"Clean Energy Technologies, Inc.",Industrials,Nano-Cap,6192731,NCM
LCFY,Locafy Limited,Communication Services,Nano-Cap,735439,NCM
YDKG,Yueda Digital Holding,Communication Services,Nano-Cap,592187,NCM
CYCN,"Cyclerion Therapeutics, Inc.",Healthcare,Nano-Cap,1845226,NCM
NCI,Neo-Concept International Group,Consumer Cyclical,Nano-Cap,641693,NCM
SOAR,"Volato Group, Inc.",Industrials,Nano-Cap,2654630,ASE
APRE,"Aprea Therapeutics, Inc.",Healthcare,Nano-Cap,2030922,NCM
KIDZ,"Classover Holdings, Inc.",Consumer Defensive,Nano-Cap,1116004,NCM
LMFA,"LM Funding America, Inc.",Financial Services,Nano-Cap,556493,NCM
VSME,VS Media Holdings Limited,Communication Services,Nano-Cap,7137108,NCM
PAVS,Paranovus Entertainment Technol,Consumer Defensive,Nano-Cap,2830004,NCM
ULY,Urgent.ly Inc.,Technology,Nano-Cap,642070,NCM
HIHO,Highway Holdings Limited,Industrials,Nano-Cap,2805365,NCM
PASW,"Ping An Biomedical Co., Ltd.",Consumer Cyclical,Nano-Cap,3425314,NCM
POLA,"Polar Power, Inc.",Industrials,Nano-Cap,1332547,NCM
DCOY,Decoy Therapeutics Inc.,Healthcare,Nano-Cap,3891236,NCM
FRSX,Foresight Autonomous Holdings L,Consumer Cyclical,Nano-Cap,719386,NCM
ATPC,Agape ATP Corporation,Consumer Defensive,Nano-Cap,39098724,NCM
INDP,"Indaptus Therapeutics, Inc.",Healthcare,Nano-Cap,708044,NCM
ENVB,"Enveric Biosciences, Inc.",Healthcare,Nano-Cap,708747,NCM
NCL,Northann Corp.,Consumer Cyclical,Nano-Cap,15016677,ASE
ICON,Icon Energy Corp.,Industrials,Nano-Cap,951055,NCM
SUNE,"SUNation Energy, Inc.",Technology,Nano-Cap,1023718,NCM
ASNS,"Actelis Networks, Inc.",Technology,Nano-Cap,1574709,NCM
GNPX,"Genprex, Inc.",Healthcare,Nano-Cap,739972,NCM
MIGI,Mawson Infrastructure Group Inc,Financial Services,Nano-Cap,1571822,NCM
VEEE,Twin Vee PowerCats Co.,Consumer Cyclical,Nano-Cap,1216854,NCM
ISPC,iSpecimen Inc.,Healthcare,Nano-Cap,1195934,NCM
GLMD,Galmed Pharmaceuticals Ltd.,Healthcare,Nano-Cap,2130729,NCM
AIM,AIM ImmunoTech Inc.,Healthcare,Nano-Cap,1227877,ASE
FEED,"ENvue Medical, Inc.",Healthcare,Nano-Cap,9693247,NCM
IVDA,"Iveda Solutions, Inc.",Industrials,Nano-Cap,3184432,NCM
MEHA,"Functional Brands, Inc.",Consumer Defensive,Nano-Cap,1893803,NCM
ONFO,Onfolio Holdings Inc.,Communication Services,Nano-Cap,570054,NCM
SHPH,Shuttle Pharmaceuticals Holding,Healthcare,Nano-Cap,2697040,NCM
WBUY,WEBUY GLOBAL LTD.,Consumer Cyclical,Nano-Cap,1073175,NCM
ARTL,"Artelo Biosciences, Inc.",Healthcare,Nano-Cap,538426,NCM
TRUG,"TruGolf Holdings, Inc.",Consumer Cyclical,Nano-Cap,722027,NCM
PW,Power REIT (MD),Real Estate,Nano-Cap,700245,ASE
SPRC,SciSparc Ltd.,Healthcare,Nano-Cap,2104549,NCM
JFBR,Jeffs' Brands Ltd,Consumer Cyclical,Nano-Cap,5856786,NCM
ACON,"Aclarion, Inc.",Healthcare,Nano-Cap,866224,NCM
NITO,"N2OFF, Inc.",Basic Materials,Nano-Cap,829718,NCM
JEM,707 Cayman Holdings Limited,Consumer Cyclical,Nano-Cap,1299268,NCM
WORX,SCWorx Corp.,Healthcare,Nano-Cap,5194072,NCM
NUWE,"Nuwellis, Inc.",Healthcare,Nano-Cap,2135096,NCM
AMIX,"Autonomix Medical, Inc.",Healthcare,Nano-Cap,8532365,NCM
FGL,Founder Group Limited,Industrials,Nano-Cap,3203367,NCM
CMCT,Creative Media,Real Estate,Nano-Cap,3904411,NCM
FTEL,Fitell Corporation,Consumer Cyclical,Nano-Cap,656512,NCM
MNDR,Mobile-health Network Solutions,Healthcare,Nano-Cap,3532421,NCM
SGN,"Signing Day Sports, Inc.",Technology,Nano-Cap,19444090,ASE
HCTI,"Healthcare Triangle, Inc.",Healthcare,Nano-Cap,8396552,NCM
CCTG,CCSC Technology International H,Industrials,Nano-Cap,999697,NCM
NVVE,Nuvve Holding Corp.,Consumer Cyclical,Nano-Cap,3345177,NCM
DRCT,"Direct Digital Holdings, Inc.",Communication Services,Nano-Cap,2839897,NCM
AZTR,Azitra Inc,Healthcare,Nano-Cap,867909,ASE
PPCB,"Propanc Biopharma, Inc.",Healthcare,Nano-Cap,1079639,NCM
CDT,CDT Equity Inc.,Healthcare,Nano-Cap,564516,NCM
AKAN,Akanda Corp.,Healthcare,Nano-Cap,1377537,NCM
JAGX,"Jaguar Health, Inc.",Healthcare,Nano-Cap,3739822,NCM
OCG,Oriental Culture Holding LTD,Consumer Cyclical,Nano-Cap,1314809,NCM
RUBI,Rubico Inc.,Industrials,Nano-Cap,1431016,NCM
TIVC,"Tivic Health Systems, Inc.",Healthcare,Nano-Cap,909131,NCM
IMTE,Integrated Media Technology Lim,Technology,Nano-Cap,2360563,NCM
ELAB,PMGC Holdings Inc.,Healthcare,Nano-Cap,510706,NCM
UGRO,"urban-gro, Inc.",Industrials,Nano-Cap,5672786,NCM
TRNR,Interactive Strength Inc.,Consumer Cyclical,Nano-Cap,1012491,NCM
REVB,"Revelation Biosciences, Inc.",Healthcare,Nano-Cap,604921,NCM
ZONE,CleanCore Solutions Inc.,Industrials,Nano-Cap,4446740,ASE
CISS,C3is Inc.,Industrials,Nano-Cap,2569242,NCM
EZRA,"Reliance Global Group, Inc.",Financial Services,Nano-Cap,1699272,NCM
WHLR,Wheeler Real Estate Investment ,Real Estate,Nano-Cap,678539,NCM
FRGT,"Freight Technologies, Inc.",Technology,Nano-Cap,1218405,NCM
VRAX,Virax Biolabs Group Limited,Healthcare,Nano-Cap,5267857,NCM
BOXL,Boxlight Corporation,Technology,Nano-Cap,5235433,NCM
WOK,WORK Medical Technology Group L,Healthcare,Nano-Cap,709423,NCM
SOBR,"SOBR Safe, Inc.",Technology,Nano-Cap,2582681,NCM
SBEV,"Splash Beverage Group, Inc. (NV",Consumer Defensive,Nano-Cap,1540881,ASE
JZXN,"Jiuzi Holdings, Inc.",Consumer Cyclical,Nano-Cap,561153,NCM
WTO,UTime Limited,Technology,Nano-Cap,1330468,NCM
RENX,RenX Enterprises Corp.,Real Estate,Nano-Cap,8145824,NCM
BDRX,Biodexa Pharmaceuticals plc,Healthcare,Nano-Cap,1136544,NCM
ADTX,"Aditxt, Inc.",Healthcare,Nano-Cap,2755475,NCM
DCX,Digital Currency X Technology I,Consumer Cyclical,Nano-Cap,610710,NCM
KUST,"Kustom Entertainment, Inc.",Communication Services,Nano-Cap,2525155,NCM
RAYA,Erayak Power Solution Group Inc,Industrials,Nano-Cap,882226,NCM
LRHC,La Rosa Holdings Corp.,Real Estate,Nano-Cap,801805,NCM
NIVF,NewGenIvf Group Limited,Healthcare,Nano-Cap,662512,NCM
KXIN,Kaixin Holdings,Consumer Cyclical,Nano-Cap,1468431,NCM
QH,Quhuo Limited - American Deposi,Technology,Nano-Cap,1266080,NGM
EPWK,EPWK Holdings Ltd.,Technology,Nano-Cap,1634723,NGM
ECDA,"ECD Automotive Design, Inc.",Consumer Cyclical,Nano-Cap,3630433,NCM
DCH,N/A,Consumer Cyclical,Mid-Cap,4297485,NYQ
PPLT,abrdn Physical Platinum Shares ,N/A,Nano-Cap,1099788,PCX
UUP,Invesco DB USD Index Bullish Fu,N/A,Nano-Cap,1263578,PCX
OSG,"Octave Specialty Group, Inc.",Financial Services,Small-Cap,760713,NYQ
TSM,Taiwan Semiconductor Manufactur,Technology,Mega-Cap,12708213,NYQ
EIKN,"Eikon Therapeutics, Inc. Common Stock",Healthcare,Small-Cap,4900300,NGM
MANE,N/A,Healthcare,Small-Cap,2128250,NYQ
PICS,PicS N.V.,Technology,Mid-Cap,2223180,NMS
BTC,Grayscale Bitcoin Mini Trust (B,N/A,Nano-Cap,3466316,PCX
BSOL,Bitwise Solana Staking ETF,N/A,Nano-Cap,1720460,PCX
ETHA,iShares Ethereum Trust ETF,N/A,Nano-Cap,47263680,NGM
IBIT,iShares Bitcoin Trust ETF,N/A,Nano-Cap,68034898,NGM
GSOL,Grayscale Solana Staking ETF,N/A,Nano-Cap,712234,PCX
BITB,Bitwise Bitcoin ETF,N/A,Nano-Cap,3391301,PCX
ETHE,Grayscale Ethereum Staking ETF ,N/A,Nano-Cap,7886034,PCX
OPTU,"Optimum Communications, Inc.",Communication Services,Nano-Cap,2765154,NYQ
BAR,GraniteShares Gold Trust Shares,N/A,Nano-Cap,1467573,PCX
PLTM,GraniteShares Platinum Shares E,N/A,Nano-Cap,1668762,PCX
SGOL,abrdn Physical Gold Shares ETF,N/A,Nano-Cap,7763693,PCX
SIVR,abrdn Physical Silver Shares ET,N/A,Nano-Cap,4827359,PCX
MPT,"Medical Properties Trust, Inc.",Real Estate,Mid-Cap,6886188,NYQ
PALL,abrdn Physical Palladium Shares,N/A,Nano-Cap,634700,PCX
BNO,"United States Brent Oil Fund, L",N/A,Nano-Cap,616927,PCX
GLDM,SPDR Gold MiniShares Trust,N/A,Nano-Cap,10881536,PCX
IAUM,iShares Gold Trust Micro Shares,N/A,Nano-Cap,5920614,PCX
OUNZ,VanEck Merk Gold ETF,N/A,Nano-Cap,1915537,PCX
BPRE,N/A,,Nano-Cap,1917442,NYQ
ETH,Grayscale Ethereum Staking Mini,N/A,Nano-Cap,9222819,PCX
ETHW,Bitwise Ethereum ETF,N/A,Nano-Cap,1713190,PCX
FSSL,FS Specialty Lending Fund,N/A,Nano-Cap,1000557,NYQ
XRP,Bitwise XRP ETF,N/A,Nano-Cap,614105,PCX
FPS,N/A,Industrials,Mid-Cap,31551100,NYQ
CEPS,N/A,Financial Services,Micro-Cap,6168600,NGM
BOBS,3064,Consumer Cyclical,Mid-Cap,15444300,NYQ
GOOG,Alphabet Inc.,Communication Services,Mega-Cap,23719393,NMS
PBR-A,Petroleo Brasileiro S.A. Petrob,Energy,Large-Cap,9123780,NYQ
FOX,Fox Corporation,Communication Services,Large-Cap,1478803,NMS
FWONK,Liberty Media Corporation - Ser,Communication Services,Large-Cap,1619877,NMS
Z,"Zillow Group, Inc.",Communication Services,Large-Cap,2859293,NMS
NWS,News Corporation,Communication Services,Large-Cap,1028472,NMS
BF-B,Brown Forman Inc,Consumer Defensive,Large-Cap,4953060,NYQ
FNGD,MicroSectors FANG  Index -3X In,N/A,Mid-Cap,31868034,PCX
LBRDK,Liberty Broadband Corporation,Communication Services,Mid-Cap,1290840,NMS
CMA,Comerica Incorporated,Financial Services,Large-Cap,2354484,NYQ
DAY,"Dayforce, Inc.",Technology,Large-Cap,3714901,NYQ
UHAL-B,U-Haul Holding Company Series N,Industrials,Mid-Cap,575589,NYQ
CADE,Cadence Bank,Financial Services,Mid-Cap,3973883,NYQ
LBTYK,Liberty Global Ltd.,Communication Services,Mid-Cap,822178,NMS
PCH,PotlatchDeltic Corporation - Co,Real Estate,Mid-Cap,788427,NMS
REVG,"REV Group, Inc.",Industrials,Mid-Cap,721722,NYQ
MPW,"Medical Properties Trust, Inc.",Real Estate,Mid-Cap,6739665,NYQ
UA,"Under Armour, Inc.",Consumer Cyclical,Mid-Cap,5878296,NYQ
CIVI,"Civitas Resources, Inc.",Energy,Mid-Cap,1830266,NYQ
AXL,American Axle & Manufacturing H,Consumer Cyclical,Mid-Cap,4114193,NYQ
SHCO,Soho House & Co Inc.,Consumer Cyclical,Small-Cap,1337842,NYQ
JAMF,Jamf Holding Corp.,Technology,Small-Cap,2070883,NMS
LILAK,Liberty Latin America Ltd.,Communication Services,Small-Cap,839652,NMS
PLYM,"Plymouth Industrial REIT, Inc.",Real Estate,Small-Cap,1500175,NYQ
OABI,"OmniAb, Inc.",Healthcare,Micro-Cap,514154,NGM
RPTX,Repare Therapeutics Inc.,Healthcare,Micro-Cap,1213095,NMS
FATBB,FAT Brands Inc.,Consumer Cyclical,Nano-Cap,1419160,NCM
STRC,Strategy Inc - Variable Rate Se,Technology,Nano-Cap,1107736,NMS
NINE,"Nine Energy Service, Inc.",Energy,Nano-Cap,2641460,NYQ
APLT,"Applied Therapeutics, Inc.",Healthcare,Nano-Cap,16032278,NCM
TWNP,Twin Hospitality Group Inc.,Consumer Cyclical,Nano-Cap,5210216,NGM
FAT,FAT Brands Inc.,Consumer Cyclical,Nano-Cap,4150576,NCM
VERO,Venus Concept Inc.,Healthcare,Nano-Cap,7359193,NCM
BA-PA,Boeing Company (The) Depositary,N/A,Nano-Cap,1174056,NYQ
RITM-PF,Rithm Capital Corp. 8.750% Seri,N/A,Nano-Cap,571818,NYQ
CPER,United States Copper Index Fund,N/A,Nano-Cap,1204050,PCX
AGQ,ProShares Ultra Silver,N/A,Nano-Cap,7349752,PCX
BOIL,ProShares Ultra Bloomberg Natur,N/A,Nano-Cap,12646536,PCX
GLL,ProShares UltraShort Gold,N/A,Nano-Cap,5767840,PCX
KOLD,ProShares UltraShort Bloomberg ,N/A,Nano-Cap,10492486,PCX
ZSL,ProShares UltraShort Silver,N/A,Nano-Cap,142357990,PCX
UGL,ProShares Ultra Gold,N/A,Nano-Cap,5621131,PCX
SCO,ProShares UltraShort Bloomberg ,N/A,Nano-Cap,1691024,PCX
UCO,ProShares Ultra Bloomberg Crude,N/A,Nano-Cap,2935473,PCX
FNGU,MicroSectors FANG+ 3X Leveraged,N/A,Nano-Cap,5009811,PCX
GDXD,MicroSectors Gold Miners -3X In,N/A,Nano-Cap,7543162,PCX
DULL,MicroSectors Gold -3X Inverse L,N/A,Nano-Cap,754014,PCX
BERZ,MicroSectors FANG & Innovation ,N/A,Nano-Cap,1467198,PCX
GDXU,MicroSectors Gold Miners 3X Lev,N/A,Nano-Cap,731563,PCX
ALB-PA,Albemarle Corporation Depositar,Basic Materials,Nano-Cap,547596,NYQ
FATBP,FAT Brands Inc. - 8.25% Series ,Consumer Cyclical,Nano-Cap,809338,NCM
OPENW,N/A,,Nano-Cap,583486,NMS
OPENL,N/A,,Nano-Cap,544496,NMS
OPENZ,N/A,,Nano-Cap,721440,NMS
XCBEU,X3 Acquisition Corp. Ltd.,N/A,Nano-Cap,765325,NGM
KRAQU,KRAKacquisition Corp,N/A,Nano-Cap,1608628,NGM
WPAC-UN,WHITE PEARL ACQUISITION CORP UN,Financial Services,Nano-Cap,1344747,NYQ
MESHU,Meshflow Acquisition Corp.,Financial Services,Nano-Cap,517484,NGM
LEGO-UN,Legato Merger Corp. IV,N/A,Nano-Cap,860204,ASE
ARCIU,Archimedes Tech SPAC Partners I,Financial Services,Nano-Cap,822380,NGM
MUZEU,MUZERO ACQUISITION CORPORATION,N/A,Nano-Cap,1961700,NGM
ALOVU,Aldabra 4 Liquidity Opportunity,N/A,Nano-Cap,1154483,NGM
IEAGU,Infinite Eagle Acquisition Corp,Financial Services,Nano-Cap,922942,NGM
ZKPU,Lafayette Digital Acquisition C,N/A,Nano-Cap,600542,NGM
NWAX-UN,New America Acquisition I Corp.,N/A,Nano-Cap,1222721,NYQ
GLIBK,"GCI Liberty, Inc. - Series C GC",Communication Services,Small-Cap,585644,NMS
KTWOU,K2 Capital Acquisition Corporat,Financial Services,Nano-Cap,1712183,NGM
IRAB-UN,N/A,N/A,Nano-Cap,1790686,NYQ
PTORU,Praetorian Acquisition Corp.,Financial Services,Nano-Cap,1158660,NGM
SAAQU,Space Asset Acquisition Corp.,N/A,Nano-Cap,1489128,NGM
OIMAU,OneIM Acquisition Corp.,Financial Services,Nano-Cap,560887,NGM
MLAAU,Mountain Lake Acquisition Corp.,N/A,Nano-Cap,2151237,NGM
ARTCU,Art Technology Acquisition Corp,N/A,Nano-Cap,673018,NGM
SORNU,Soren Acquisition Corp.,Financial Services,Nano-Cap,599259,NGM
MEVOU,M Evo Global Acquisition Corp II Units,Financial Services,Nano-Cap,1881800,NGM
HCICU,Hennessy Capital Investment Corp. VIII Units,N/A,Nano-Cap,6530367,NGM
UAC-UN,United Acquisition Corp. I,,Nano-Cap,1226836,ASE
CLBR-UN,N/A,N/A,Nano-Cap,6930044,NYQ
GIXXU,GigCapital9 Corp.,N/A,Nano-Cap,964537,NGM
