ticker,name,sector,cap_tier,avg_volume,exchange
NVDA,NVIDIA Corporation,Technology,Mega-Cap,158961883,NMS
GOOGL,Alphabet Inc.,Communication Services,Mega-Cap,31501941,NMS
AAPL,Apple Inc.,Technology,Mega-Cap,53938116,NMS
MSFT,Microsoft Corporation,Technology,Mega-Cap,39838170,NMS
AMZN,"Amazon.com, Inc.",Consumer Cyclical,Mega-Cap,50924132,NMS
AVGO,Broadcom Inc.,Technology,Mega-Cap,26487914,NMS
TSLA,"Tesla, Inc.",Consumer Cyclical,Mega-Cap,55521006,NMS
META,"Meta Platforms, Inc.",Communication Services,Mega-Cap,17209111,NMS
MU,"Micron Technology, Inc.",Technology,Mega-Cap,51299314,NMS
BRK-B,Berkshire Hathaway Inc. New,Financial Services,Mega-Cap,5148190,NYQ
LLY,Eli Lilly and Company,Healthcare,Mega-Cap,3259633,NYQ
JPM,JP Morgan Chase & Co.,Financial Services,Mega-Cap,8961804,NYQ
AMD,"Advanced Micro Devices, Inc.",Technology,Mega-Cap,36853079,NMS
WMT,Walmart Inc.,Consumer Defensive,Mega-Cap,21479975,NMS
ASML,ASML Holding N.V. - New York Re,Technology,Mega-Cap,1930503,NMS
V,Visa Inc.,Financial Services,Mega-Cap,8014332,NYQ
INTC,Intel Corporation,Technology,Mega-Cap,136578862,NMS
JNJ,Johnson & Johnson,Healthcare,Mega-Cap,8137279,NYQ
XOM,Exxon Mobil Corporation,Energy,Mega-Cap,18013467,NYQ
AMAT,"Applied Materials, Inc.",Technology,Mega-Cap,8852954,NMS
LRCX,Lam Research Corporation,Technology,Mega-Cap,10887143,NMS
MA,Mastercard Incorporated,Financial Services,Mega-Cap,3818246,NYQ
CSCO,"Cisco Systems, Inc.",Technology,Mega-Cap,24354501,NMS
CAT,"Caterpillar, Inc.",Industrials,Mega-Cap,2958243,NYQ
ABBV,AbbVie Inc.,Healthcare,Mega-Cap,7100524,NYQ
BAC,Bank of America Corporation,Financial Services,Mega-Cap,35987654,NYQ
ORCL,Oracle Corporation,Technology,Mega-Cap,28838512,NYQ
COST,Costco Wholesale Corporation,Consumer Defensive,Mega-Cap,2262496,NMS
GE,GE Aerospace,Industrials,Mega-Cap,5734758,NYQ
UNH,UnitedHealth Group Incorporated,Healthcare,Mega-Cap,7610195,NYQ
ARM,Arm Holdings plc,Technology,Mega-Cap,11015990,NMS
HD,"Home Depot, Inc. (The)",Consumer Cyclical,Mega-Cap,4811651,NYQ
KO,Coca-Cola Company (The),Consumer Defensive,Mega-Cap,16505075,NYQ
KLAC,KLA Corporation,Technology,Mega-Cap,11836762,NMS
PG,Procter & Gamble Company (The),Consumer Defensive,Mega-Cap,8919203,NYQ
MS,Morgan Stanley,Financial Services,Mega-Cap,5898037,NYQ
CVX,Chevron Corporation,Energy,Mega-Cap,10106243,NYQ
HSBC,"HSBC Holdings, plc.",Financial Services,Mega-Cap,1680548,NYQ
NFLX,"Netflix, Inc.",Communication Services,Mega-Cap,41553940,NMS
MRK,"Merck & Company, Inc.",Healthcare,Mega-Cap,10419327,NYQ
GEV,GE Vernova Inc.,Industrials,Mega-Cap,2718451,NYQ
PLTR,Palantir Technologies Inc.,Technology,Mega-Cap,45887859,NMS
SNDK,Sandisk Corporation,Technology,Mega-Cap,13647262,NMS
GS,"Goldman Sachs Group, Inc. (The)",Financial Services,Mega-Cap,2162946,NYQ
NVS,Novartis AG,Healthcare,Mega-Cap,1707558,NYQ
RY,Royal Bank Of Canada,Financial Services,Mega-Cap,1649788,NYQ
PANW,"Palo Alto Networks, Inc.",Technology,Mega-Cap,8318150,NMS
AZN,AstraZeneca PLC,Healthcare,Mega-Cap,1980459,NYQ
PM,Philip Morris International Inc,Consumer Defensive,Mega-Cap,4953651,NYQ
DELL,Dell Technologies Inc.,Technology,Mega-Cap,8648158,NYQ
TXN,Texas Instruments Incorporated,Technology,Mega-Cap,8829517,NMS
IBM,International Business Machines,Technology,Mega-Cap,8771408,NYQ
WFC,Wells Fargo & Company,Financial Services,Mega-Cap,16499656,NYQ
RTX,RTX Corporation,Industrials,Mega-Cap,5432600,NYQ
LIN,Linde plc,Basic Materials,Mega-Cap,2242745,NMS
C,"Citigroup, Inc.",Financial Services,Mega-Cap,12107322,NYQ
MRVL,"Marvell Technology, Inc.",Technology,Mega-Cap,42825174,NMS
AXP,American Express Company,Financial Services,Mega-Cap,3137237,NYQ
BABA,Alibaba Group Holding Limited,Consumer Cyclical,Mega-Cap,11831156,NYQ
MUFG,"Mitsubishi UFJ Financial Group,",Financial Services,Mega-Cap,3107093,NYQ
NVO,Novo Nordisk A/S,Healthcare,Mega-Cap,14865853,NYQ
APH,Amphenol Corporation,Technology,Mega-Cap,9851462,NYQ
SHEL,Shell PLC,Energy,Mega-Cap,7292536,NYQ
ANET,"Arista Networks, Inc.",Technology,Mega-Cap,9609074,NYQ
BHP,BHP Group Limited,Basic Materials,Mega-Cap,2672809,NYQ
STX,Seagate Technology Holdings PLC,Technology,Large-Cap,4346822,NMS
WDC,Western Digital Corporation,Technology,Large-Cap,8368169,NMS
TD,Toronto Dominion Bank (The),Financial Services,Large-Cap,2283153,NYQ
SAN,"Banco Santander, S.A. Sponsored",Financial Services,Large-Cap,8435569,NYQ
CRWD,"CrowdStrike Holdings, Inc.",Technology,Large-Cap,13671146,NMS
AMGN,Amgen Inc.,Healthcare,Mega-Cap,2768717,NMS
PEP,"Pepsico, Inc.",Consumer Defensive,Large-Cap,7703174,NMS
QCOM,QUALCOMM Incorporated,Technology,Large-Cap,22905762,NMS
ADI,"Analog Devices, Inc.",Technology,Large-Cap,4576262,NMS
MCD,McDonald's Corporation,Consumer Cyclical,Large-Cap,4167919,NYQ
TMO,Thermo Fisher Scientific Inc,Healthcare,Large-Cap,2326651,NYQ
APP,Applovin Corporation,Communication Services,Large-Cap,4974112,NMS
GLW,Corning Incorporated,Technology,Large-Cap,14639766,NYQ
SAP,SAP  SE,Technology,Large-Cap,3407603,NYQ
TMUS,"T-Mobile US, Inc.",Communication Services,Large-Cap,5871340,NMS
NEE,"NextEra Energy, Inc.",Utilities,Large-Cap,11147969,NYQ
VZ,Verizon Communications Inc.,Communication Services,Large-Cap,26526859,NYQ
BA,Boeing Company (The),Industrials,Large-Cap,6495140,NYQ
DE,Deere & Company,Industrials,Large-Cap,1291677,NYQ
TJX,"TJX Companies, Inc. (The)",Consumer Cyclical,Large-Cap,5694406,NYQ
SCHW,Charles Schwab Corporation (The,Financial Services,Large-Cap,11765472,NYQ
TTE,TotalEnergies SE,Energy,Large-Cap,1625896,NYQ
DIS,Walt Disney Company (The),Communication Services,Large-Cap,9465404,NYQ
UNP,Union Pacific Corporation,Industrials,Large-Cap,2972482,NYQ
UBS,UBS Group AG Registered,Financial Services,Large-Cap,2268654,NYQ
WELL,Welltower Inc.,Real Estate,Large-Cap,3416427,NYQ
ABT,Abbott Laboratories,Healthcare,Large-Cap,13232345,NYQ
BLK,"BlackRock, Inc.",Financial Services,Large-Cap,738929,NYQ
ETN,"Eaton Corporation, PLC",Industrials,Large-Cap,2607561,NYQ
IBKR,"Interactive Brokers Group, Inc.",Financial Services,Large-Cap,4996585,NMS
SHOP,Shopify Inc.,Technology,Large-Cap,10288603,NMS
GILD,"Gilead Sciences, Inc.",Healthcare,Large-Cap,7183698,NMS
BUD,Anheuser-Busch Inbev SA Sponsor,Consumer Defensive,Large-Cap,2005422,NYQ
SMFG,Sumitomo Mitsui Financial Group,Financial Services,Large-Cap,2018556,NYQ
RIO,Rio Tinto Plc,Basic Materials,Large-Cap,2557258,NYQ
UBER,"Uber Technologies, Inc.",Technology,Large-Cap,19326019,NYQ
BX,Blackstone Inc.,Financial Services,Large-Cap,5657459,NYQ
ISRG,"Intuitive Surgical, Inc.",Healthcare,Large-Cap,2402158,NMS
T,AT&T Inc.,Communication Services,Large-Cap,48352362,NYQ
BKNG,Booking Holdings Inc. Common St,Consumer Cyclical,Large-Cap,7975372,NMS
SCCO,Southern Copper Corporation,Basic Materials,Large-Cap,1399127,NYQ
BBVA,Banco Bilbao Vizcaya Argentaria,Financial Services,Large-Cap,1678346,NYQ
DHR,Danaher Corporation,Healthcare,Large-Cap,4605633,NYQ
CB,Chubb Limited,Financial Services,Large-Cap,1651574,NYQ
PFE,"Pfizer, Inc.",Healthcare,Large-Cap,39649445,NYQ
CRM,"Salesforce, Inc.",Technology,Large-Cap,15299443,NYQ
CVS,CVS Health Corporation,Healthcare,Large-Cap,8335361,NYQ
HDB,HDFC Bank Limited,Financial Services,Large-Cap,8609541,NYQ
PGR,Progressive Corporation (The),Financial Services,Large-Cap,3155456,NYQ
UL,Unilever PLC,Consumer Defensive,Large-Cap,4120867,NYQ
BTI,British American Tobacco  Indus,Consumer Defensive,Large-Cap,4164038,NYQ
PLD,"Prologis, Inc.",Real Estate,Large-Cap,3674300,NYQ
VRTX,Vertex Pharmaceuticals Incorpor,Healthcare,Large-Cap,1420009,NMS
COF,Capital One Financial Corporati,Financial Services,Large-Cap,4652558,NYQ
COP,ConocoPhillips,Energy,Large-Cap,8001030,NYQ
LOW,"Lowe's Companies, Inc.",Consumer Cyclical,Large-Cap,2880522,NYQ
BMO,Bank Of Montreal,Financial Services,Large-Cap,776400,NYQ
SPGI,S&P Global Inc.,Financial Services,Large-Cap,2281090,NYQ
PH,Parker-Hannifin Corporation,Industrials,Large-Cap,734654,NYQ
LMT,Lockheed Martin Corporation,Industrials,Large-Cap,1395658,NYQ
SYK,Stryker Corporation,Healthcare,Large-Cap,2634669,NYQ
VRT,"Vertiv Holdings, LLC",Industrials,Large-Cap,6194333,NYQ
MO,"Altria Group, Inc.",Consumer Defensive,Large-Cap,8732383,NYQ
MFG,"Mizuho Financial Group, Inc. Sp",Financial Services,Large-Cap,3835440,NYQ
SONY,Sony Group Corporation,Technology,Large-Cap,6453858,NYQ
SBUX,Starbucks Corporation,Consumer Cyclical,Large-Cap,7642264,NMS
PDD,PDD Holdings Inc.,Consumer Cyclical,Large-Cap,8870504,NMS
FTNT,"Fortinet, Inc.",Technology,Large-Cap,6427109,NMS
ENB,Enbridge Inc,Energy,Large-Cap,4269041,NYQ
BMY,Bristol-Myers Squibb Company,Healthcare,Large-Cap,11434990,NYQ
NOW,"ServiceNow, Inc.",Technology,Large-Cap,29639475,NYQ
BNS,Bank Nova Scotia Halifax Pfd 3,Financial Services,Large-Cap,2664038,NYQ
SO,Southern Company (The),Utilities,Large-Cap,5750150,NYQ
TT,Trane Technologies plc,Industrials,Large-Cap,1374630,NYQ
HWM,Howmet Aerospace Inc.,Industrials,Large-Cap,2798640,NYQ
CM,Canadian Imperial Bank of Comme,Financial Services,Large-Cap,1410353,NYQ
CDNS,"Cadence Design Systems, Inc.",Technology,Large-Cap,2501796,NMS
IBN,ICICI Bank Limited,Financial Services,Large-Cap,7309529,NYQ
PWR,"Quanta Services, Inc.",Industrials,Large-Cap,1234441,NYQ
PBR,Petroleo Brasileiro S.A. Petrob,Energy,Large-Cap,18064295,NYQ
GSK,GSK plc,Healthcare,Large-Cap,3894985,NYQ
MDT,Medtronic plc.,Healthcare,Large-Cap,10340520,NYQ
PNC,"PNC Financial Services Group, I",Financial Services,Large-Cap,2096982,NYQ
BNY,The Bank of New York Mellon Cor,Financial Services,Large-Cap,3888138,NYQ
EQIX,"Equinix, Inc.",Real Estate,Large-Cap,588400,NMS
SNY,Sanofi,Healthcare,Large-Cap,3165754,NMS
NEM,Newmont Corporation,Basic Materials,Large-Cap,8084412,NYQ
GD,General Dynamics Corporation,Industrials,Large-Cap,1359970,NYQ
DUK,Duke Energy Corporation (Holdin,Utilities,Large-Cap,3363245,NYQ
HOOD,"Robinhood Markets, Inc.",Financial Services,Large-Cap,31720108,NMS
SPOT,Spotify Technology S.A.,Communication Services,Large-Cap,2157998,NYQ
MAR,Marriott International,Consumer Cyclical,Large-Cap,1490179,NMS
USB,U.S. Bancorp,Financial Services,Large-Cap,9139517,NYQ
BN,Brookfield Corporation,Financial Services,Large-Cap,4884335,NYQ
ASX,"ASE Technology Holding Co., Ltd",Technology,Large-Cap,10016508,NYQ
MNST,Monster Beverage Corporation,Consumer Defensive,Large-Cap,5485738,NMS
CMI,Cummins Inc.,Industrials,Large-Cap,984074,NYQ
DDOG,"Datadog, Inc.",Technology,Large-Cap,5835698,NMS
ADP,"Automatic Data Processing, Inc.",Technology,Large-Cap,2964175,NMS
UPS,"United Parcel Service, Inc.",Industrials,Large-Cap,5637387,NYQ
BP,BP p.l.c.,Energy,Large-Cap,9893729,NYQ
BCS,Barclays PLC,Financial Services,Large-Cap,5929314,NYQ
SNOW,Snowflake Inc.,Technology,Large-Cap,9027906,NYQ
ELV,"Elevance Health, Inc.",Healthcare,Large-Cap,1748674,NYQ
ING,"ING Group, N.V.",Financial Services,Large-Cap,3300040,NYQ
WM,"Waste Management, Inc.",Industrials,Large-Cap,2220519,NYQ
MCK,McKesson Corporation,Healthcare,Large-Cap,1135901,NYQ
CSX,CSX Corporation,Industrials,Large-Cap,12521048,NMS
ITUB,Itau Unibanco Banco Holding SA,Financial Services,Large-Cap,22361946,NYQ
WMB,"Williams Companies, Inc. (The)",Energy,Large-Cap,6824308,NYQ
JCI,Johnson Controls International ,Industrials,Large-Cap,4043554,NYQ
MELI,"MercadoLibre, Inc.",Consumer Cyclical,Large-Cap,539187,NMS
ABNB,"Airbnb, Inc.",Consumer Cyclical,Large-Cap,3805793,NMS
NET,"Cloudflare, Inc.",Technology,Large-Cap,4416100,NYQ
HCA,"HCA Healthcare, Inc.",Healthcare,Large-Cap,1451314,NYQ
FCX,"Freeport-McMoRan, Inc.",Basic Materials,Large-Cap,14756806,NYQ
SNPS,"Synopsys, Inc.",Technology,Large-Cap,1918904,NMS
KKR,KKR & Co. Inc.,Financial Services,Large-Cap,4834693,NYQ
LYG,Lloyds Banking Group Plc,Financial Services,Large-Cap,22131200,NYQ
SHW,Sherwin-Williams Company (The),Basic Materials,Large-Cap,2257338,NYQ
SPG,"Simon Property Group, Inc.",Real Estate,Large-Cap,1833641,NYQ
CMCSA,Comcast Corporation,Communication Services,Large-Cap,34845646,NMS
CEG,Constellation Energy Corporatio,Utilities,Large-Cap,3639566,NMS
ADBE,Adobe Inc.,Technology,Large-Cap,6372659,NMS
MMM,3M Company,Industrials,Large-Cap,3884417,NYQ
CME,CME Group Inc.,Financial Services,Large-Cap,3261422,NMS
NTES,"NetEase, Inc.",Communication Services,Large-Cap,937611,NMS
MRSH,Marsh,Financial Services,Large-Cap,2823953,NYQ
DASH,"DoorDash, Inc.",Consumer Cyclical,Large-Cap,4868446,NMS
RCL,Royal Caribbean Cruises Ltd.,Consumer Cyclical,Large-Cap,2816962,NYQ
MCO,Moody's Corporation,Financial Services,Large-Cap,1064283,NYQ
BE,Bloom Energy Corporation,Industrials,Large-Cap,11800267,NYQ
CNQ,Canadian Natural Resources Limi,Energy,Large-Cap,9633790,NYQ
ACN,Accenture plc,Technology,Large-Cap,7740495,NYQ
VLO,Valero Energy Corporation,Energy,Large-Cap,3131414,NYQ
NGG,"National Grid Transco, PLC Nati",Utilities,Large-Cap,1283956,NYQ
EPD,Enterprise Products Partners L.,Energy,Large-Cap,3946270,NYQ
ECL,Ecolab Inc.,Basic Materials,Large-Cap,1664893,NYQ
EMR,Emerson Electric Company,Industrials,Large-Cap,2897358,NYQ
EQNR,Equinor ASA,Energy,Large-Cap,4430727,NYQ
AEM,Agnico Eagle Mines Limited,Basic Materials,Large-Cap,2505375,NYQ
ITW,Illinois Tool Works Inc.,Industrials,Large-Cap,1390927,NYQ
MPC,Marathon Petroleum Corporation,Energy,Large-Cap,2357256,NYQ
AMT,American Tower Corporation (REI,Real Estate,Large-Cap,3239959,NYQ
AMX,"America Movil, S.A.B. de C.V.",Communication Services,Large-Cap,1428208,NYQ
ORLY,"O'Reilly Automotive, Inc.",Consumer Cyclical,Large-Cap,6756425,NMS
CP,Canadian Pacific Kansas City Li,Industrials,Large-Cap,2849661,NYQ
MDLZ,"Mondelez International, Inc.",Consumer Defensive,Large-Cap,8492809,NMS
HLT,Hilton Worldwide Holdings Inc.,Consumer Cyclical,Large-Cap,1884037,NYQ
FDX,FedEx Corporation,Industrials,Large-Cap,2123520,NYQ
CVNA,Carvana Co.,Consumer Cyclical,Large-Cap,12033758,NYQ
MDLN,Medline Inc.,Healthcare,Large-Cap,9622311,NMS
ALAB,"Astera Labs, Inc.",Technology,Large-Cap,6282409,NMS
CL,Colgate-Palmolive Company,Consumer Defensive,Large-Cap,5388112,NYQ
NOC,Northrop Grumman Corporation,Industrials,Large-Cap,940964,NYQ
AEP,American Electric Power Company,Utilities,Large-Cap,4570288,NMS
AON,Aon plc,Financial Services,Large-Cap,1586988,NYQ
CI,The Cigna Group,Healthcare,Large-Cap,1627004,NYQ
INTU,Intuit Inc.,Technology,Large-Cap,5022762,NMS
CNI,Canadian National Railway Compa,Industrials,Large-Cap,1484406,NYQ
BAM,Brookfield Asset Management Inc,Financial Services,Large-Cap,3182980,NYQ
COHR,Coherent Corp.,Technology,Large-Cap,6124511,NYQ
NOK,Nokia Corporation Sponsored,Technology,Large-Cap,113091190,NYQ
HONA,N/A,Industrials,Large-Cap,2317738,NGM
ICE,Intercontinental Exchange Inc.,Financial Services,Large-Cap,4040638,NYQ
NSC,Norfolk Southern Corporation,Industrials,Large-Cap,1205390,NYQ
NWG,NatWest Group plc,Financial Services,Large-Cap,4350682,NYQ
TRV,"The Travelers Companies, Inc.",Financial Services,Large-Cap,1652070,NYQ
KMI,"Kinder Morgan, Inc.",Energy,Large-Cap,11018617,NYQ
NXPI,NXP Semiconductors N.V.,Technology,Large-Cap,4056301,NMS
CRH,CRH PLC,Basic Materials,Large-Cap,4883569,NYQ
HON,Honeywell International Inc.,Industrials,Large-Cap,4622104,NMS
PSX,Phillips 66,Energy,Large-Cap,2637983,NYQ
CTAS,Cintas Corporation,Industrials,Large-Cap,2101770,NMS
URI,"United Rentals, Inc.",Industrials,Large-Cap,537204,NYQ
MSI,"Motorola Solutions, Inc.",Technology,Large-Cap,1110524,NYQ
EOG,"EOG Resources, Inc.",Energy,Large-Cap,3921895,NYQ
TRP,TC Energy Corporation,Energy,Large-Cap,2478738,NYQ
GM,General Motors Company,Consumer Cyclical,Large-Cap,7658343,NYQ
APO,"Apollo Global Management, Inc. ",Financial Services,Large-Cap,4182377,NYQ
ROST,"Ross Stores, Inc.",Consumer Cyclical,Large-Cap,3014680,NMS
APD,"Air Products and Chemicals, Inc",Basic Materials,Large-Cap,1271017,NYQ
MFC,Manulife Financial Corporation,Financial Services,Large-Cap,2160940,NYQ
SLB,SLB Limited,Energy,Large-Cap,14737561,NYQ
WBD,"Warner Bros. Discovery, Inc. - ",Communication Services,Large-Cap,20111367,NMS
TER,"Teradyne, Inc.",Technology,Large-Cap,4315198,NMS
RSG,"Republic Services, Inc.",Industrials,Large-Cap,1785101,NYQ
RACE,Ferrari N.V.,Consumer Cyclical,Large-Cap,626883,NYQ
ET,Energy Transfer LP,Energy,Large-Cap,13054143,NYQ
REGN,"Regeneron Pharmaceuticals, Inc.",Healthcare,Large-Cap,992970,NMS
MPWR,"Monolithic Power Systems, Inc.",Technology,Large-Cap,827246,NMS
CIEN,Ciena Corporation,Technology,Large-Cap,2879229,NYQ
NU,Nu Holdings Ltd.,Financial Services,Large-Cap,51693569,NYQ
DB,Deutsche Bank AG,Financial Services,Large-Cap,3000985,NYQ
UMC,United Microelectronics Corpora,Technology,Large-Cap,16508161,NYQ
DLR,"Digital Realty Trust, Inc.",Real Estate,Large-Cap,2621601,NYQ
BSX,Boston Scientific Corporation,Healthcare,Large-Cap,20613203,NYQ
PCAR,PACCAR Inc.,Industrials,Large-Cap,3020033,NMS
NKE,"Nike, Inc.",Consumer Cyclical,Large-Cap,24534754,NYQ
VALE,VALE S.A.,Basic Materials,Large-Cap,24009211,NYQ
TFC,Truist Financial Corporation,Financial Services,Large-Cap,9153050,NYQ
SU,Suncor Energy  Inc.,Energy,Large-Cap,4163830,NYQ
STM,STMicroelectronics N.V.,Technology,Large-Cap,12476885,NYQ
ALL,Allstate Corporation (The),Financial Services,Large-Cap,1661461,NYQ
SE,Sea Limited,Consumer Cyclical,Large-Cap,4133203,NYQ
RKLB,Rocket Lab Corporation,Industrials,Large-Cap,27656583,NMS
LITE,Lumentum Holdings Inc.,Technology,Large-Cap,5933751,NMS
AJG,Arthur J. Gallagher & Co.,Financial Services,Large-Cap,1894982,NYQ
B,Barrick Mining Corporation,Basic Materials,Large-Cap,12106461,NYQ
DAL,"Delta Air Lines, Inc.",Industrials,Large-Cap,8502425,NYQ
AFL,AFLAC Incorporated,Financial Services,Large-Cap,2490924,NYQ
CARR,Carrier Global Corporation,Industrials,Large-Cap,6553567,NYQ
SRE,DBA Sempra,Utilities,Large-Cap,3753816,NYQ
D,"Dominion Energy, Inc.",Utilities,Large-Cap,6900482,NYQ
TGT,Target Corporation,Consumer Defensive,Large-Cap,5137000,NYQ
TEL,TE Connectivity plc,Technology,Large-Cap,2679912,NYQ
HPE,Hewlett Packard Enterprise Comp,Technology,Large-Cap,25228183,NYQ
NBIS,Nebius Group N.V.,Communication Services,Large-Cap,17815093,NMS
O,Realty Income Corporation,Real Estate,Large-Cap,5949987,NYQ
KEYS,Keysight Technologies Inc.,Technology,Large-Cap,1526937,NYQ
MPLX,MPLX LP,Energy,Large-Cap,1954729,NYQ
PSA,Public Storage,Real Estate,Large-Cap,979077,NYQ
FLEX,Flex Ltd.,Technology,Large-Cap,6955733,NMS
MET,"MetLife, Inc.",Financial Services,Large-Cap,3587225,NYQ
COR,"Cencora, Inc.",Healthcare,Large-Cap,1767869,NYQ
CTVA,"Corteva, Inc.",Basic Materials,Large-Cap,3861201,NYQ
CAH,"Cardinal Health, Inc.",Healthcare,Large-Cap,2195354,NYQ
TRGP,"Targa Resources, Inc.",Energy,Large-Cap,1255487,NYQ
IMO,Imperial Oil Limited,Energy,Large-Cap,571293,ASE
RELX,RELX PLC PLC,Industrials,Large-Cap,2649546,NYQ
FAST,Fastenal Company,Industrials,Large-Cap,7204306,NMS
AME,"AMETEK, Inc.",Industrials,Large-Cap,1236046,NYQ
F,Ford Motor Company,Consumer Cyclical,Large-Cap,59621472,NYQ
LHX,"L3Harris Technologies, Inc.",Industrials,Large-Cap,1420879,NYQ
OKE,"ONEOK, Inc.",Energy,Large-Cap,4068535,NYQ
ROK,"Rockwell Automation, Inc.",Industrials,Large-Cap,796274,NYQ
BKR,Baker Hughes Company,Energy,Large-Cap,8282501,NMS
EW,Edwards Lifesciences Corporatio,Healthcare,Large-Cap,5176590,NYQ
ETR,Entergy Corporation,Utilities,Large-Cap,3597925,NYQ
FITB,Fifth Third Bancorp,Financial Services,Large-Cap,6858700,NYQ
VST,Vistra Corp.,Utilities,Large-Cap,4651248,NYQ
EA,Electronic Arts Inc.,Communication Services,Large-Cap,1899872,NMS
LNG,"Cheniere Energy, Inc.",Energy,Large-Cap,2388487,NYQ
WPM,Wheaton Precious Metals Corp,Basic Materials,Large-Cap,2166232,NYQ
TAK,Takeda Pharmaceutical Company L,Healthcare,Large-Cap,3040559,NYQ
HEI,Heico Corporation,Industrials,Large-Cap,679291,NYQ
NUE,Nucor Corporation,Basic Materials,Large-Cap,1638880,NYQ
XEL,Xcel Energy Inc.,Utilities,Large-Cap,5559274,NMS
EBAY,eBay Inc.,Consumer Cyclical,Large-Cap,5244177,NMS
CBRS,Cerebras Systems Inc.,Technology,Large-Cap,8829302,NMS
HUM,Humana Inc.,Healthcare,Large-Cap,1715251,NYQ
FANG,"Diamondback Energy, Inc.",Energy,Large-Cap,2696229,NMS
CRDO,Credo Technology Group Holding ,Technology,Large-Cap,8629088,NMS
FER,Ferrovial N.V.,Industrials,Large-Cap,1531601,NMS
MCHP,Microchip Technology Incorporat,Technology,Large-Cap,11736304,NMS
ABEV,Ambev S.A.,Consumer Defensive,Large-Cap,27390611,NYQ
OXY,Occidental Petroleum Corporatio,Energy,Large-Cap,11767712,NYQ
AXON,"Axon Enterprise, Inc.",Industrials,Large-Cap,1230619,NMS
EXC,Exelon Corporation,Utilities,Large-Cap,8575646,NMS
CCEP,Coca-Cola Europacific Partners ,Consumer Defensive,Large-Cap,1876566,NMS
STT,State Street Corporation,Financial Services,Large-Cap,2198061,NYQ
NDAQ,"Nasdaq, Inc.",Financial Services,Large-Cap,3797146,NMS
CRWV,"CoreWeave, Inc.",Technology,Large-Cap,31640798,NMS
TTWO,"Take-Two Interactive Software, ",Communication Services,Large-Cap,2414817,NMS
DVN,Devon Energy Corporation,Energy,Large-Cap,14532474,NYQ
XYZ,"Block, Inc.",Technology,Large-Cap,5858745,NYQ
GRMN,Garmin Ltd.,Technology,Large-Cap,831356,NYQ
CVE,Cenovus Energy Inc,Energy,Large-Cap,8467570,NYQ
VIK,Viking Holdings Ltd,Consumer Cyclical,Large-Cap,3195656,NYQ
KDP,Keurig Dr Pepper Inc.,Consumer Defensive,Large-Cap,13282108,NMS
ODFL,"Old Dominion Freight Line, Inc.",Industrials,Large-Cap,1987566,NMS
CMG,"Chipotle Mexican Grill, Inc.",Consumer Cyclical,Large-Cap,18656924,NYQ
RKT,"Rocket Companies, Inc.",Financial Services,Large-Cap,27977612,NYQ
MT,Arcelor Mittal NY Registry Shar,Basic Materials,Large-Cap,1924643,NYQ
WAB,Westinghouse Air Brake Technolo,Industrials,Large-Cap,973220,NYQ
YUM,"Yum! Brands, Inc.",Consumer Cyclical,Large-Cap,1989687,NYQ
DHI,"D.R. Horton, Inc.",Consumer Cyclical,Large-Cap,2429419,NYQ
FERG,Ferguson Enterprises Inc.,Industrials,Large-Cap,1397559,NYQ
UAL,"United Airlines Holdings, Inc.",Industrials,Large-Cap,6555306,NMS
DEO,Diageo plc,Consumer Defensive,Large-Cap,1352379,NYQ
SLF,Sun Life Financial Inc.,Financial Services,Large-Cap,680124,NYQ
FMX,Fomento Economico Mexicano S.A.,Consumer Defensive,Large-Cap,513767,NYQ
VTR,"Ventas, Inc.",Real Estate,Large-Cap,4453772,NYQ
AMP,"Ameriprise Financial, Inc.",Financial Services,Large-Cap,694159,NYQ
INFY,Infosys Limited,Technology,Large-Cap,19038208,NYQ
LYV,"Live Nation Entertainment, Inc.",Communication Services,Large-Cap,2780422,NYQ
ADSK,"Autodesk, Inc.",Technology,Large-Cap,2574800,NMS
IDXX,"IDEXX Laboratories, Inc.",Healthcare,Large-Cap,630138,NMS
CCJ,Cameco Corporation,Energy,Large-Cap,3173304,NYQ
GFS,GlobalFoundries Inc.,Technology,Large-Cap,4702969,NMS
MSCI,MSCI Inc.,Financial Services,Large-Cap,673372,NYQ
BDX,"Becton, Dickinson and Company",Healthcare,Large-Cap,3009572,NYQ
COIN,"Coinbase Global, Inc.",Financial Services,Large-Cap,9459408,NMS
WCN,"Waste Connections, Inc.",Industrials,Large-Cap,1711474,NYQ
CLS,"Celestica, Inc.",Technology,Large-Cap,2246367,NYQ
RBLX,Roblox Corporation,Communication Services,Large-Cap,11894556,NYQ
HLN,Haleon plc,Healthcare,Large-Cap,8980493,NYQ
AU,AngloGold Ashanti PLC,Basic Materials,Large-Cap,2931648,NYQ
ED,"Consolidated Edison, Inc.",Utilities,Large-Cap,2298788,NYQ
ALNY,"Alnylam Pharmaceuticals, Inc.",Healthcare,Large-Cap,1139429,NMS
AIG,"American International Group, I",Financial Services,Large-Cap,4378620,NYQ
CBRE,CBRE Group Inc,Real Estate,Large-Cap,2265358,NYQ
BIDU,"Baidu, Inc.",Communication Services,Large-Cap,2510325,NMS
FNV,Franco-Nevada Corporation,Basic Materials,Large-Cap,827480,NYQ
PEG,Public Service Enterprise Group,Utilities,Large-Cap,2860325,NYQ
SYY,Sysco Corporation,Consumer Defensive,Large-Cap,4212475,NYQ
RVMD,"Revolution Medicines, Inc.",Healthcare,Large-Cap,3518159,NMS
JBS,JBS N.V.,Consumer Defensive,Large-Cap,7115664,NYQ
JBL,Jabil Inc.,Technology,Large-Cap,1324435,NYQ
NTRA,"Natera, Inc.",Healthcare,Large-Cap,1569696,NMS
CCL,Carnival Corporation Ltd.,Consumer Cyclical,Large-Cap,27331679,NYQ
TEVA,Teva Pharmaceutical Industries ,Healthcare,Large-Cap,6192353,NYQ
PYPL,"PayPal Holdings, Inc.",Financial Services,Large-Cap,15400812,NMS
TKO,"TKO Group Holdings, Inc.",Communication Services,Large-Cap,1483437,NYQ
PRU,"Prudential Financial, Inc.",Financial Services,Large-Cap,2084295,NYQ
VMC,Vulcan Materials Company (Holdi,Basic Materials,Large-Cap,1136906,NYQ
RDDT,"Reddit, Inc.",Communication Services,Large-Cap,4908200,NYQ
WEC,"WEC Energy Group, Inc.",Utilities,Large-Cap,2054777,NYQ
A,"Agilent Technologies, Inc.",Healthcare,Large-Cap,2303133,NYQ
ARES,Ares Management Corporation,Financial Services,Large-Cap,2932445,NYQ
KVUE,Kenvue Inc.,Consumer Defensive,Large-Cap,20080003,NYQ
WAT,Waters Corporation,Healthcare,Large-Cap,1035338,NYQ
TRI,Thomson Reuters Corp,Industrials,Large-Cap,1996529,NMS
KMB,Kimberly-Clark Corporation,Consumer Defensive,Large-Cap,4808356,NMS
ON,ON Semiconductor Corporation,Technology,Large-Cap,12912954,NMS
ADM,Archer-Daniels-Midland Company,Consumer Defensive,Large-Cap,3681406,NYQ
HIG,"The Hartford Insurance Group, I",Financial Services,Large-Cap,1690770,NYQ
HBAN,Huntington Bancshares Incorpora,Financial Services,Large-Cap,21850524,NMS
PAYX,"Paychex, Inc.",Technology,Large-Cap,3423814,NMS
BBD,Banco Bradesco Sa,Financial Services,Large-Cap,32487070,NYQ
PCG,Pacific Gas & Electric Co.,Utilities,Large-Cap,20268245,NYQ
IRM,Iron Mountain Incorporated (Del,Real Estate,Large-Cap,1581546,NYQ
HSY,The Hershey Company,Consumer Defensive,Large-Cap,2094691,NYQ
ERIC,Ericsson,Technology,Large-Cap,10429835,NMS
ROP,"Roper Technologies, Inc.",Technology,Large-Cap,1201646,NMS
JD,"JD.com, Inc.",Consumer Cyclical,Large-Cap,9552330,NMS
MTB,M&T Bank Corporation,Financial Services,Large-Cap,1053712,NYQ
HMC,"Honda Motor Company, Ltd.",Consumer Cyclical,Large-Cap,2042162,NYQ
MLM,"Martin Marietta Materials, Inc.",Basic Materials,Large-Cap,550350,NYQ
PUK,Prudential Public Limited Compa,Financial Services,Large-Cap,1064495,NYQ
ACGL,Arch Capital Group Ltd.,Financial Services,Large-Cap,2355495,NMS
KR,Kroger Company (The),Consumer Defensive,Large-Cap,6755664,NYQ
IQV,"IQVIA Holdings, Inc.",Healthcare,Large-Cap,1693046,NYQ
CNC,Centene Corporation,Healthcare,Large-Cap,5896100,NYQ
MSTR,Strategy Inc,Technology,Large-Cap,21160370,NMS
CCI,Crown Castle Inc.,Real Estate,Large-Cap,3827319,NYQ
ASTS,"AST SpaceMobile, Inc.",Technology,Large-Cap,22742622,NMS
RYAAY,Ryanair Holdings plc,Industrials,Large-Cap,1353017,NMS
EQT,EQT Corporation,Energy,Large-Cap,7330120,NYQ
QSR,Restaurant Brands International,Consumer Cyclical,Large-Cap,3355256,NYQ
CPNG,"Coupang, Inc.",Consumer Cyclical,Large-Cap,23430835,NYQ
ALC,Alcon Inc.,Healthcare,Large-Cap,2018651,NYQ
EXR,Extra Space Storage Inc,Real Estate,Large-Cap,1185498,NYQ
NTRS,Northern Trust Corporation,Financial Services,Large-Cap,1116369,NMS
WDAY,"Workday, Inc.",Technology,Large-Cap,5309606,NMS
RPRX,Royalty Pharma plc,Healthcare,Large-Cap,3720675,NMS
Q,"Qnity Electronics, Inc.",Technology,Large-Cap,1933490,NYQ
STLD,"Steel Dynamics, Inc.",Basic Materials,Large-Cap,1209722,NMS
TWLO,Twilio Inc.,Technology,Large-Cap,2755535,NYQ
EXPE,"Expedia Group, Inc.",Consumer Cyclical,Large-Cap,1670400,NMS
IR,Ingersoll Rand Inc.,Industrials,Large-Cap,4033446,NYQ
DTE,DTE Energy Company,Utilities,Large-Cap,1453609,NYQ
AEE,Ameren Corporation,Utilities,Large-Cap,1825764,NYQ
BIIB,Biogen Inc.,Healthcare,Large-Cap,1202988,NMS
MTZ,"MasTec, Inc.",Industrials,Large-Cap,1077216,NYQ
RJF,"Raymond James Financial, Inc.",Financial Services,Large-Cap,1481340,NYQ
LVS,Las Vegas Sands Corp.,Consumer Cyclical,Large-Cap,4487891,NYQ
NTAP,"NetApp, Inc.",Technology,Large-Cap,3034816,NMS
NTR,Nutrien Ltd.,Basic Materials,Large-Cap,2946062,NYQ
ZTS,Zoetis Inc.,Healthcare,Large-Cap,6867290,NYQ
CRS,Carpenter Technology Corporatio,Industrials,Large-Cap,750945,NYQ
CFG,"Citizens Financial Group, Inc.",Financial Services,Large-Cap,4485666,NYQ
GFI,Gold Fields Limited,Basic Materials,Large-Cap,3359888,NYQ
VOD,Vodafone Group Plc,Communication Services,Large-Cap,3882211,NMS
VEEV,Veeva Systems Inc.,Healthcare,Large-Cap,3261091,NYQ
SUNB,"Sunbelt Rentals Holdings, Inc.",Industrials,Large-Cap,3609170,NYQ
EL,"Estee Lauder Companies, Inc. (T",Consumer Defensive,Large-Cap,3814790,NYQ
NRG,"NRG Energy, Inc.",Utilities,Large-Cap,2779464,NYQ
EC,Ecopetrol S.A.,Energy,Large-Cap,3075722,NYQ
KHC,The Kraft Heinz Company,Consumer Defensive,Large-Cap,14320520,NMS
GEHC,GE HealthCare Technologies Inc.,Healthcare,Large-Cap,5121477,NMS
AMRZ,Amrize Ltd,Basic Materials,Large-Cap,2980525,NYQ
DOV,Dover Corporation,Industrials,Large-Cap,978680,NYQ
ECHO,EchoStar Corporation,Communication Services,Large-Cap,8469435,NMS
TSEM,Tower Semiconductor Ltd.,Technology,Large-Cap,2255703,NMS
RMD,ResMed Inc.,Healthcare,Large-Cap,1429424,NYQ
TPR,"Tapestry, Inc.",Consumer Cyclical,Large-Cap,2500032,NYQ
TECK,Teck Resources Ltd,Basic Materials,Large-Cap,3086279,NYQ
CASY,"Caseys General Stores, Inc.",Consumer Cyclical,Large-Cap,670730,NMS
CINF,Cincinnati Financial Corporatio,Financial Services,Large-Cap,757670,NMS
ATO,Atmos Energy Corporation,Utilities,Large-Cap,1341666,NYQ
MDB,"MongoDB, Inc.",Technology,Large-Cap,2098859,NGM
FTS,Fortis Inc.,Utilities,Large-Cap,729387,NYQ
MRNA,"Moderna, Inc.",Healthcare,Large-Cap,7516301,NMS
CNP,"CenterPoint Energy, Inc (Holdin",Utilities,Large-Cap,5596567,NYQ
INIO,INNIO N.V.,Industrials,Large-Cap,5047961,NMS
VICI,VICI Properties Inc.,Real Estate,Large-Cap,8812520,NYQ
EIX,Edison International,Utilities,Large-Cap,2626004,NYQ
AFRM,"Affirm Holdings, Inc.",Financial Services,Large-Cap,5040990,NMS
KGC,Kinross Gold Corporation,Basic Materials,Large-Cap,8268416,NYQ
XYL,Xylem Inc.,Industrials,Large-Cap,2174370,NYQ
ILMN,"Illumina, Inc.",Healthcare,Large-Cap,1806927,NMS
MKSI,MKS Inc.,Technology,Large-Cap,1284119,NMS
HAL,Halliburton Company,Energy,Large-Cap,12491130,NYQ
VG,"Venture Global, Inc.",Energy,Large-Cap,18359548,NYQ
TS,Tenaris S.A.,Energy,Large-Cap,1643422,NYQ
JBHT,"J.B. Hunt Transport Services, I",Industrials,Large-Cap,985124,NMS
PPG,"PPG Industries, Inc.",Basic Materials,Large-Cap,1986075,NYQ
FE,FirstEnergy Corp.,Utilities,Large-Cap,4999179,NYQ
ES,Eversource Energy (D/B/A),Utilities,Large-Cap,2521127,NYQ
SYM,Symbotic Inc.,Industrials,Large-Cap,2106327,NGM
OTIS,Otis Worldwide Corporation,Industrials,Large-Cap,3730530,NYQ
AVB,"AvalonBay Communities, Inc.",Real Estate,Large-Cap,1095464,NYQ
FISV,"Fiserv, Inc.",N/A,Large-Cap,7344845,NMS
WSM,"Williams-Sonoma, Inc.",Consumer Cyclical,Large-Cap,1207727,NYQ
FTAI,FTAI Aviation Ltd.,Industrials,Large-Cap,1230461,NMS
PPL,PPL Corporation,Utilities,Large-Cap,9355585,NYQ
MTSI,MACOM Technology Solutions Hold,Technology,Large-Cap,1546375,NMS
CPRT,"Copart, Inc.",Industrials,Large-Cap,10435530,NMS
PBA,Pembina Pipeline Corp.,Energy,Large-Cap,1195017,NYQ
DXCM,"DexCom, Inc.",Healthcare,Large-Cap,5659998,NMS
EQR,Equity Residential,Real Estate,Large-Cap,2979009,NYQ
PHG,Koninklijke Philips N.V. NY Reg,Healthcare,Large-Cap,1161035,NYQ
ZM,"Zoom Communications, Inc.",Technology,Large-Cap,4755491,NMS
WRB,W.R. Berkley Corporation,Financial Services,Large-Cap,2145195,NYQ
RF,Regions Financial Corporation,Financial Services,Large-Cap,10675396,NYQ
ATI,ATI Inc.,Industrials,Large-Cap,1820435,NYQ
NMR,Nomura Holdings Inc,Financial Services,Large-Cap,1550467,NYQ
WTW,Willis Towers Watson Public Lim,Financial Services,Large-Cap,765175,NMS
FTI,TechnipFMC plc,Energy,Large-Cap,4824762,NYQ
HUBB,Hubbell Inc,Industrials,Large-Cap,651637,NYQ
NVT,nVent Electric plc,Industrials,Large-Cap,2147098,NYQ
TCOM,Trip.com Group Limited,Consumer Cyclical,Large-Cap,3170572,NMS
SYF,Synchrony Financial,Financial Services,Large-Cap,3756388,NYQ
WST,"West Pharmaceutical Services, I",Healthcare,Large-Cap,850077,NYQ
P,"Everpure, Inc.",Technology,Large-Cap,3380291,NYQ
AWK,"American Water Works Company, I",Utilities,Large-Cap,2116003,NYQ
DG,Dollar General Corporation,Consumer Defensive,Large-Cap,3501370,NYQ
PHM,"PulteGroup, Inc.",Consumer Cyclical,Large-Cap,1884146,NYQ
ROIV,Roivant Sciences Ltd.,Healthcare,Large-Cap,5884741,NMS
ENTG,"Entegris, Inc.",Technology,Large-Cap,3258374,NMS
KEY,KeyCorp,Financial Services,Large-Cap,12135966,NYQ
WWD,"Woodward, Inc.",Industrials,Large-Cap,829175,NMS
FSLR,"First Solar, Inc.",Technology,Large-Cap,2504970,NMS
TROW,"T. Rowe Price Group, Inc.",Financial Services,Large-Cap,2151572,NMS
LUV,Southwest Airlines Company,Industrials,Large-Cap,6951212,NYQ
OKTA,"Okta, Inc.",Technology,Large-Cap,4064232,NMS
XPO,"XPO, Inc.",Industrials,Large-Cap,1547250,NYQ
SW,Smurfit WestRock plc,Consumer Cyclical,Large-Cap,5400959,NYQ
VRSK,"Verisk Analytics, Inc.",Industrials,Large-Cap,2433972,NMS
FFIV,"F5, Inc.",Technology,Large-Cap,724264,NMS
DGX,Quest Diagnostics Incorporated,Healthcare,Large-Cap,919845,NYQ
STRL,"Sterling Infrastructure, Inc.",Industrials,Large-Cap,724154,NMS
BNTX,BioNTech SE,Healthcare,Large-Cap,960551,NMS
RL,Ralph Lauren Corporation,Consumer Cyclical,Large-Cap,683783,NYQ
ZS,"Zscaler, Inc.",Technology,Large-Cap,4655514,NMS
SOFI,"SoFi Technologies, Inc.",Financial Services,Large-Cap,72080008,NMS
PFG,Principal Financial Group Inc,Financial Services,Large-Cap,1327037,NMS
CMS,CMS Energy Corporation,Utilities,Large-Cap,3160996,NYQ
L,Loews Corporation,Financial Services,Large-Cap,838091,NYQ
STZ,"Constellation Brands, Inc.",Consumer Defensive,Large-Cap,2248445,NYQ
LPLA,LPL Financial Holdings Inc.,Financial Services,Large-Cap,1013793,NMS
AXIA,AXIA Energia,Utilities,Large-Cap,2318541,NYQ
VRSN,"VeriSign, Inc.",Technology,Large-Cap,868870,NMS
DLTR,"Dollar Tree, Inc.",Consumer Defensive,Large-Cap,3947791,NMS
LH,Labcorp Holdings Inc.,Healthcare,Large-Cap,655370,NYQ
UTHR,United Therapeutics Corporation,Healthcare,Large-Cap,501159,NMS
FDXF,"FedEx Freight Holding Company, ",Industrials,Large-Cap,2428811,NYQ
INSM,Insmed Incorporated,Healthcare,Large-Cap,3726712,NMS
DRI,"Darden Restaurants, Inc.",Consumer Cyclical,Large-Cap,1243538,NYQ
RIVN,"Rivian Automotive, Inc.",Consumer Cyclical,Large-Cap,30490659,NMS
CHD,"Church & Dwight Company, Inc.",Consumer Defensive,Large-Cap,2037062,NYQ
BRO,"Brown & Brown, Inc.",Financial Services,Large-Cap,3148972,NYQ
INCY,Incyte Corporation,Healthcare,Large-Cap,1686175,NMS
FOXA,Fox Corporation,Communication Services,Large-Cap,5235459,NMS
GH,"Guardant Health, Inc.",Healthcare,Large-Cap,2679691,NMS
CHRW,"C.H. Robinson Worldwide, Inc.",Industrials,Large-Cap,1798472,NMS
AER,AerCap Holdings N.V.,Industrials,Large-Cap,1320946,NYQ
NI,NiSource Inc,Utilities,Large-Cap,4637243,NYQ
USFD,US Foods Holding Corp.,Consumer Defensive,Large-Cap,2661032,NYQ
CPAY,"Corpay, Inc.",Technology,Large-Cap,624322,NYQ
VLTO,Veralto Corp,Industrials,Large-Cap,2307766,NYQ
TW,Tradeweb Markets Inc.,Financial Services,Large-Cap,1689380,NMS
BEP,Brookfield Renewable Partners L,Utilities,Large-Cap,846456,NYQ
CHTR,"Charter Communications, Inc.",Communication Services,Large-Cap,3510170,NMS
EXPD,Expeditors International of Was,Industrials,Large-Cap,1183587,NYQ
OMC,Omnicom Group Inc.,Communication Services,Large-Cap,4422414,NYQ
SN,"SharkNinja, Inc.",Consumer Cyclical,Large-Cap,2004948,NYQ
EXE,Expand Energy Corporation,Energy,Large-Cap,3404074,NMS
SQM,Sociedad Quimica y Minera S.A.,Basic Materials,Large-Cap,1239672,NYQ
PKG,Packaging Corporation of Americ,Consumer Cyclical,Large-Cap,744327,NYQ
TEAM,Atlassian Corporation,Technology,Large-Cap,7134666,NMS
FIS,Fidelity National Information S,Technology,Large-Cap,6665993,NYQ
RBA,"RB Global, Inc.",Industrials,Large-Cap,1132738,NYQ
LEN,Lennar Corporation,Consumer Cyclical,Large-Cap,2777930,NYQ
ROKU,"Roku, Inc.",Communication Services,Large-Cap,4359920,NMS
VIV,Telefonica Brasil S.A.,Communication Services,Large-Cap,1085253,NYQ
SNX,TD SYNNEX Corporation,Technology,Large-Cap,856677,NYQ
IFF,International Flavors & Fragran,Basic Materials,Large-Cap,1926690,NYQ
STE,STERIS plc (Ireland),Healthcare,Large-Cap,795827,NYQ
TSN,"Tyson Foods, Inc.",Consumer Defensive,Large-Cap,3191695,NYQ
DKS,Dick's Sporting Goods Inc,Consumer Cyclical,Large-Cap,1188987,NYQ
GPN,Global Payments Inc.,Industrials,Large-Cap,3642543,NYQ
BG,Bunge Limited,Consumer Defensive,Large-Cap,1684295,NYQ
QNT,Quantinuum Inc.,Technology,Large-Cap,5561430,NGM
IP,International Paper Company,Consumer Cyclical,Large-Cap,6678453,NYQ
ROL,"Rollins, Inc.",Consumer Cyclical,Large-Cap,3782283,NYQ
GIS,"General Mills, Inc.",Consumer Defensive,Large-Cap,9988424,NYQ
SBS,Companhia de saneamento Basico ,Utilities,Large-Cap,6660624,NYQ
AMCR,Amcor plc,Consumer Cyclical,Large-Cap,3928450,NYQ
HPQ,HP Inc.,Technology,Large-Cap,19244670,NYQ
LSCC,Lattice Semiconductor Corporati,Technology,Large-Cap,2186759,NMS
AMKR,"Amkor Technology, Inc.",Technology,Large-Cap,5401369,NMS
IOT,Samsara Inc.,Technology,Large-Cap,6287941,NYQ
AS,"Amer Sports, Inc.",Consumer Cyclical,Large-Cap,4182217,NYQ
EVRG,"Evergy, Inc.",Utilities,Large-Cap,1967327,NMS
BURL,"Burlington Stores, Inc.",Consumer Cyclical,Large-Cap,788319,NYQ
ULS,UL Solutions Inc.,Industrials,Large-Cap,864037,NYQ
BCE,"BCE, Inc.",Communication Services,Large-Cap,3541717,NYQ
FN,Fabrinet,Technology,Large-Cap,955858,NYQ
LNT,Alliant Energy Corporation,Utilities,Large-Cap,2400419,NMS
EFX,"Equifax, Inc.",Industrials,Large-Cap,1741801,NYQ
ULTA,"Ulta Beauty, Inc.",Consumer Cyclical,Large-Cap,785267,NMS
BSBR,Banco Santander Brasil SA,Financial Services,Large-Cap,1205835,NYQ
DOW,Dow Inc.,Basic Materials,Large-Cap,12907506,NYQ
CTSH,Cognizant Technology Solutions ,Technology,Large-Cap,9794840,NMS
IONQ,"IonQ, Inc.",Technology,Large-Cap,32143900,NYQ
SBAC,SBA Communications Corporation,Real Estate,Large-Cap,1100920,NMS
ARXS,"Arxis, Inc.",Industrials,Large-Cap,1620340,NMS
MAIR,Madison Air Solutions Corporati,Industrials,Large-Cap,3072327,NYQ
FTV,Fortive Corporation,Technology,Large-Cap,3166154,NYQ
VTRS,Viatris Inc.,Healthcare,Large-Cap,10993322,NMS
DD,"DuPont de Nemours, Inc.",Basic Materials,Large-Cap,1275203,NYQ
PAAS,Pan American Silver Corp.,Basic Materials,Large-Cap,4922591,NYQ
TTMI,"TTM Technologies, Inc.",Technology,Large-Cap,2611475,NMS
SITM,SiTime Corporation,Technology,Large-Cap,562504,NGM
WIT,Wipro Limited,Technology,Large-Cap,12612193,NYQ
FLUT,Flutter Entertainment plc,Consumer Cyclical,Large-Cap,3024164,NYQ
APG,APi Group Corporation,Industrials,Large-Cap,2984290,NYQ
INVH,Invitation Homes Inc.,Real Estate,Large-Cap,5792114,NYQ
H,Hyatt Hotels Corporation,Consumer Cyclical,Large-Cap,881546,NYQ
EWBC,"East West Bancorp, Inc.",Financial Services,Large-Cap,951129,NMS
SMCI,"Super Micro Computer, Inc.",Technology,Large-Cap,50651474,NMS
WES,"Western Midstream Partners, LP",Energy,Large-Cap,1380856,NYQ
BEN,"Franklin Resources, Inc.",Financial Services,Large-Cap,4845725,NYQ
CDW,CDW Corporation,Technology,Large-Cap,2050179,NMS
PFGC,Performance Food Group Company,Consumer Defensive,Large-Cap,1739911,NYQ
NXT,Nextpower Inc.,Technology,Large-Cap,2728624,NMS
BWXT,"BWX Technologies, Inc.",Industrials,Large-Cap,1022172,NYQ
YPF,YPF Sociedad Anonima,Energy,Large-Cap,1979127,NYQ
ASND,Ascendis Pharma A/S,Healthcare,Large-Cap,782480,NMS
CX,"Cemex, S.A.B. de C.V. Sponsored",Basic Materials,Large-Cap,5058470,NYQ
ONTO,Onto Innovation Inc.,Technology,Large-Cap,1221566,NYQ
RCI,"Rogers Communication, Inc.",Communication Services,Large-Cap,1268529,NYQ
ZTO,ZTO Express (Cayman) Inc.,Industrials,Large-Cap,1623393,NYQ
TLN,Talen Energy Corporation,Utilities,Large-Cap,816301,NMS
MGA,"Magna International, Inc.",Consumer Cyclical,Large-Cap,1420951,NYQ
CDE,"Coeur Mining, Inc.",Basic Materials,Large-Cap,28923885,NYQ
WY,Weyerhaeuser Company,Real Estate,Large-Cap,5333530,NYQ
ITT,ITT Inc.,Industrials,Large-Cap,855546,NYQ
LYB,LyondellBasell Industries NV,Basic Materials,Large-Cap,5854187,NYQ
GMAB,Genmab A/S,Healthcare,Large-Cap,1850796,NMS
KIM,Kimco Realty Corporation (HC),Real Estate,Large-Cap,4952362,NYQ
TSCO,Tractor Supply Company,Consumer Cyclical,Large-Cap,12626941,NMS
RBRK,"Rubrik, Inc.",Technology,Large-Cap,3858579,NYQ
RGLD,"Royal Gold, Inc.",Basic Materials,Large-Cap,750546,NMS
NBIX,"Neurocrine Biosciences, Inc.",Healthcare,Large-Cap,1238372,NMS
STLA,Stellantis N.V.,Consumer Cyclical,Large-Cap,19005851,NYQ
KSPI,Joint Stock Company Kaspi.kz - ,Technology,Large-Cap,501287,NMS
MAA,Mid-America Apartment Communiti,Real Estate,Large-Cap,979022,NYQ
LTM,LATAM Airlines Group S.A.,Industrials,Large-Cap,888730,NYQ
IEX,IDEX Corporation,Industrials,Large-Cap,707083,NYQ
TOST,"Toast, Inc.",Technology,Large-Cap,12403175,NYQ
CRCL,"Circle Internet Group, Inc.",Financial Services,Large-Cap,14642925,NYQ
CF,"CF Industries Holdings, Inc.",Basic Materials,Large-Cap,3164119,NYQ
AKAM,"Akamai Technologies, Inc.",Technology,Large-Cap,5433940,NMS
MAS,Masco Corporation,Industrials,Large-Cap,2844462,NYQ
THC,Tenet Healthcare Corporation,Healthcare,Large-Cap,1480682,NYQ
BALL,Ball Corporation,Consumer Cyclical,Large-Cap,2936887,NYQ
TU,Telus Corporation,Communication Services,Large-Cap,5863306,NYQ
BR,"Broadridge Financial Solutions,",Technology,Large-Cap,1529759,NYQ
GPC,Genuine Parts Company,Consumer Cyclical,Large-Cap,1762588,NYQ
ZBH,"Zimmer Biomet Holdings, Inc.",Healthcare,Large-Cap,2389995,NYQ
NLY,Annaly Capital Management Inc.,Real Estate,Large-Cap,6967975,NYQ
SGI,Somnigroup International Inc.,Consumer Cyclical,Large-Cap,3168796,NYQ
BBY,"Best Buy Co., Inc.",Consumer Cyclical,Large-Cap,4073898,NYQ
HST,"Host Hotels & Resorts, Inc.",Real Estate,Large-Cap,8980064,NMS
ALB,Albemarle Corporation,Basic Materials,Large-Cap,2299866,NYQ
BEKE,KE Holdings Inc,Real Estate,Large-Cap,4634359,NYQ
TXT,Textron Inc.,Industrials,Large-Cap,1411077,NYQ
VICR,Vicor Corporation,Technology,Large-Cap,890285,NMS
GNRC,Generac Holdlings Inc.,Industrials,Large-Cap,876164,NYQ
GRAB,Grab Holdings Limited,Technology,Large-Cap,53946951,NMS
LAMR,Lamar Advertising Company,Real Estate,Large-Cap,633851,NMS
WPC,W. P. Carey Inc. REIT,Real Estate,Large-Cap,1456804,NYQ
GEN,Gen Digital Inc.,Technology,Large-Cap,7618514,NMS
PAA,"Plains All American Pipeline, L",Energy,Large-Cap,2821779,NMS
WCC,"WESCO International, Inc.",Industrials,Large-Cap,590719,NYQ
TPG,TPG Inc.,Financial Services,Large-Cap,2647995,NMS
IREN,IREN LIMITED,Financial Services,Large-Cap,45586816,NMS
PR,Permian Resources Corporation,Energy,Large-Cap,11988888,NYQ
SUI,"Sun Communities, Inc.",Real Estate,Large-Cap,987461,NYQ
KEP,Korea Electric Power Corporatio,Utilities,Large-Cap,990453,NYQ
SSNC,"SS&C Technologies Holdings, Inc",Technology,Large-Cap,2477337,NMS
CLH,"Clean Harbors, Inc.",Industrials,Large-Cap,535848,NYQ
RRX,Regal Rexnord Corporation,Industrials,Large-Cap,1127967,NYQ
PNFP,"Pinnacle Financial Partners, In",Financial Services,Large-Cap,1341538,NYQ
CG,The Carlyle Group Inc.,Financial Services,Large-Cap,3542066,NMS
FPS,"Forgent Power Solutions, Inc.",Industrials,Large-Cap,6181575,NYQ
TIGO,Millicom International Cellular,Communication Services,Large-Cap,1757427,NMS
DOCN,"DigitalOcean Holdings, Inc.",Technology,Large-Cap,4157288,NYQ
UDR,"UDR, Inc.",Real Estate,Large-Cap,4408483,NYQ
OHI,"Omega Healthcare Investors, Inc",Real Estate,Large-Cap,2356488,NYQ
DOC,"Healthpeak Properties, Inc.",Real Estate,Large-Cap,8844014,NYQ
JHX,James Hardie Industries plc.,Basic Materials,Large-Cap,7536272,NYQ
JAZZ,Jazz Pharmaceuticals plc,Healthcare,Large-Cap,946754,NMS
REG,Regency Centers Corporation,Real Estate,Large-Cap,1522061,NMS
VNOM,"Viper Energy, Inc.",Energy,Large-Cap,1765837,NMS
ARMK,Aramark,Industrials,Large-Cap,2863987,NYQ
J,Jacobs Solutions Inc.,Industrials,Large-Cap,1261090,NYQ
TOL,"Toll Brothers, Inc.",Consumer Cyclical,Large-Cap,1109261,NYQ
DTM,"DT Midstream, Inc.",Energy,Large-Cap,752162,NYQ
DVA,DaVita Inc.,Healthcare,Large-Cap,847364,NYQ
BBIO,"BridgeBio Pharma, Inc.",Healthcare,Large-Cap,3160062,NMS
OVV,Ovintiv Inc. (DE),Energy,Large-Cap,3571090,NYQ
RTO,Rentokil Initial plc,Industrials,Large-Cap,923190,NYQ
UNM,Unum Group,Financial Services,Large-Cap,1342596,NYQ
PHYS,"""Sprott Physical Gold Trust""",Financial Services,Large-Cap,3435161,ASE
WMG,Warner Music Group Corp.,Communication Services,Large-Cap,2372767,NMS
TRU,TransUnion,Financial Services,Large-Cap,2369329,NYQ
AEIS,"Advanced Energy Industries, Inc",Industrials,Large-Cap,929798,NMS
MKC,"McCormick & Company, Incorporat",Consumer Defensive,Large-Cap,4492680,NYQ
SWK,"Stanley Black & Decker, Inc.",Industrials,Large-Cap,1965096,NYQ
TME,Tencent Music Entertainment Gro,Communication Services,Large-Cap,10356693,NYQ
RPM,RPM International Inc.,Basic Materials,Large-Cap,884803,NYQ
YUMC,"Yum China Holdings, Inc.",Consumer Cyclical,Large-Cap,1560082,NYQ
DY,"Dycom Industries, Inc.",Industrials,Large-Cap,552514,NYQ
ALLY,Ally Financial Inc.,Financial Services,Large-Cap,3355240,NYQ
COO,"The Cooper Companies, Inc.",Healthcare,Large-Cap,2878622,NMS
NWSA,News Corporation,Communication Services,Large-Cap,5051883,NMS
FUTU,Futu Holdings Limited,Financial Services,Large-Cap,3528093,NGM
GL,Globe Life Inc.,Financial Services,Large-Cap,589025,NYQ
AUR,"Aurora Innovation, Inc.",Consumer Cyclical,Large-Cap,29016141,NMS
DECK,Deckers Outdoor Corporation,Consumer Cyclical,Large-Cap,2052067,NYQ
CHKP,Check Point Software Technologi,Technology,Large-Cap,1581590,NMS
AMH,American Homes 4 Rent,Real Estate,Large-Cap,2977796,NYQ
NTNX,"Nutanix, Inc.",Technology,Large-Cap,3965498,NMS
PTC,PTC Inc.,Technology,Large-Cap,1718277,NMS
GIB,CGI Inc.,Technology,Large-Cap,518643,NYQ
SMTC,Semtech Corporation,Technology,Large-Cap,3588874,NMS
BTSG,"BrightSpring Health Services, I",Healthcare,Large-Cap,3088435,NMS
HRL,Hormel Foods Corporation,Consumer Defensive,Large-Cap,5480866,NYQ
CNH,CNH Industrial N.V.,Industrials,Large-Cap,13513958,NYQ
LOGI,Logitech International S.A. - R,Technology,Large-Cap,1104135,NMS
SOLV,Solventum Corporation,Healthcare,Large-Cap,1717227,NYQ
EXEL,"Exelixis, Inc.",Healthcare,Large-Cap,2693879,NMS
TLK,"PT Telekomunikasi Indonesia, Tb",Communication Services,Large-Cap,1031543,NYQ
GFL,GFL Environmental Inc. Subordin,Industrials,Large-Cap,2881382,NYQ
OWL,Blue Owl Capital Inc.,Financial Services,Large-Cap,27368090,NYQ
CNA,CNA Financial Corporation,Financial Services,Large-Cap,528938,NYQ
ICLR,ICON plc,Healthcare,Large-Cap,1207950,NMS
ARCC,Ares Capital Corporation,Financial Services,Large-Cap,5649316,NMS
RMBS,"Rambus, Inc.",Technology,Large-Cap,2931854,NMS
VIRT,"Virtu Financial, Inc.",Financial Services,Large-Cap,1388424,NYQ
BWA,BorgWarner Inc.,Consumer Cyclical,Large-Cap,2990811,NYQ
DT,"Dynatrace, Inc.",Technology,Large-Cap,6342912,NYQ
LULU,lululemon athletica inc.,Consumer Cyclical,Large-Cap,3624574,NMS
SANM,Sanmina Corporation,Technology,Large-Cap,1134879,NMS
PS,Pershing Square Inc.,Financial Services,Large-Cap,597731,NYQ
U,Unity Software Inc.,Technology,Large-Cap,9971246,NYQ
SOLS,Solstice Advanced Materials Inc,Basic Materials,Large-Cap,1971570,NMS
LGN,Legence Corp.,Industrials,Large-Cap,1867583,NMS
IONS,"Ionis Pharmaceuticals, Inc.",Healthcare,Large-Cap,1830035,NMS
DINO,HF Sinclair Corporation,Energy,Large-Cap,2321124,NYQ
ALGN,"Align Technology, Inc.",Healthcare,Large-Cap,1055627,NMS
HTHT,H World Group Limited,Consumer Cyclical,Large-Cap,2198038,NMS
ELS,"Equity Lifestyle Properties, In",Real Estate,Large-Cap,1479785,NYQ
XPEV,XPeng Inc.,Consumer Cyclical,Large-Cap,7034487,NYQ
AEG,Aegon Ltd. New York Registry Sh,Financial Services,Large-Cap,4942803,NYQ
LDOS,"Leidos Holdings, Inc.",Technology,Large-Cap,1452019,NYQ
CRBG,Corebridge Financial Inc.,Financial Services,Large-Cap,6187191,NYQ
MOD,Modine Manufacturing Company,Consumer Cyclical,Large-Cap,1341762,NYQ
COKE,"Coca-Cola Consolidated, Inc.",Consumer Defensive,Large-Cap,550595,NMS
FNF,"Fidelity National Financial, In",Financial Services,Large-Cap,1694098,NYQ
PNW,Pinnacle West Capital Corporati,Utilities,Large-Cap,1204109,NYQ
APTV,Aptiv PLC,Consumer Cyclical,Large-Cap,3493829,NYQ
DKNG,DraftKings Inc.,Consumer Cyclical,Large-Cap,12436487,NMS
AGI,Alamos Gold Inc.,Basic Materials,Large-Cap,3877314,NYQ
BROS,Dutch Bros Inc.,Consumer Cyclical,Large-Cap,4102672,NYQ
ZBRA,Zebra Technologies Corporation,Technology,Large-Cap,1000554,NMS
CR,Crane Company,Industrials,Large-Cap,547966,NYQ
MLI,"Mueller Industries, Inc.",Industrials,Large-Cap,1433175,NYQ
RVTY,"Revvity, Inc.",Healthcare,Large-Cap,1431688,NYQ
TXRH,"Texas Roadhouse, Inc.",Consumer Cyclical,Large-Cap,1210341,NMS
KNX,Knight-Swift Transportation Hol,Industrials,Large-Cap,4176917,NYQ
W,Wayfair Inc.,Consumer Cyclical,Large-Cap,4019861,NYQ
AVY,Avery Dennison Corporation,Consumer Cyclical,Large-Cap,692524,NYQ
AA,Alcoa Corporation,Basic Materials,Large-Cap,5182882,NYQ
NIO,NIO Inc.,Consumer Cyclical,Large-Cap,35776043,NYQ
CCK,"Crown Holdings, Inc.",Consumer Cyclical,Large-Cap,1179854,NYQ
AGNC,AGNC Investment Corp.,Real Estate,Large-Cap,15019233,NMS
GGG,Graco Inc.,Industrials,Large-Cap,1393788,NYQ
WBS,Webster Financial Corporation,Financial Services,Large-Cap,3182019,NYQ
TYL,"Tyler Technologies, Inc.",Technology,Large-Cap,766330,NYQ
AXSM,"Axsome Therapeutics, Inc.",Healthcare,Large-Cap,902809,NGM
GLPI,"Gaming and Leisure Properties, ",Real Estate,Large-Cap,2139091,NMS
FHN,First Horizon Corporation,Financial Services,Large-Cap,4456291,NYQ
PNR,Pentair plc.,Industrials,Large-Cap,2119883,NYQ
SJM,The J.M. Smucker Company,Consumer Defensive,Large-Cap,1835375,NYQ
FMS,Fresenius Medical Care AG,Healthcare,Large-Cap,755683,NYQ
PINS,"Pinterest, Inc.",Communication Services,Large-Cap,18636158,NYQ
TRMB,Trimble Inc.,Technology,Large-Cap,2651372,NMS
SKM,"SK Telecom Co., Ltd.",Communication Services,Large-Cap,2586954,NYQ
LI,Li Auto Inc.,Consumer Cyclical,Large-Cap,4086979,NMS
WSE,Wise Group plc,Technology,Large-Cap,1593305,NMS
MGM,MGM Resorts International,Consumer Cyclical,Large-Cap,4858062,NYQ
SNN,"Smith & Nephew SNATS, Inc.",Healthcare,Large-Cap,1278608,NYQ
OC,Owens Corning Inc,Industrials,Large-Cap,1257161,NYQ
MOH,Molina Healthcare Inc,Healthcare,Large-Cap,1142048,NYQ
BXP,"BXP, Inc.",Real Estate,Large-Cap,1641133,NYQ
ALLE,Allegion plc,Industrials,Large-Cap,1091711,NYQ
AAL,"American Airlines Group, Inc.",Industrials,Large-Cap,89071882,NMS
ELAN,Elanco Animal Health Incorporat,Healthcare,Large-Cap,5801498,NYQ
EQH,"Equitable Holdings, Inc.",Financial Services,Large-Cap,4333622,NYQ
PSLV,"""Sprott Physical Silver Trust""",Financial Services,Large-Cap,8993904,ASE
QXO,"QXO, Inc.",Industrials,Large-Cap,18734091,NYQ
CSGP,"CoStar Group, Inc.",Real Estate,Large-Cap,7453562,NMS
HUT,Hut 8 Corp.,Financial Services,Large-Cap,4882346,NMS
ALGM,"Allegro MicroSystems, Inc.",Technology,Large-Cap,2773058,NMS
IVZ,Invesco Ltd,Financial Services,Large-Cap,5699241,NYQ
CGNX,Cognex Corporation,Technology,Large-Cap,2346720,NMS
ONON,On Holding AG,Consumer Cyclical,Large-Cap,5994190,NYQ
AFG,"American Financial Group, Inc.",Financial Services,Large-Cap,503454,NYQ
WULF,TeraWulf Inc.,Financial Services,Large-Cap,30490504,NCM
RDY,Dr. Reddy's Laboratories Ltd,Healthcare,Large-Cap,2557077,NYQ
CLX,Clorox Company (The),Consumer Defensive,Large-Cap,2855396,NYQ
NYT,New York Times Company (The),Communication Services,Large-Cap,1985456,NYQ
VIAV,Viavi Solutions Inc.,Technology,Large-Cap,7618245,NMS
SPXC,"SPX Technologies, Inc.",Industrials,Large-Cap,718190,NYQ
CYTK,"Cytokinetics, Incorporated",Healthcare,Large-Cap,2551559,NMS
WMS,"Advanced Drainage Systems, Inc.",Industrials,Large-Cap,975674,NYQ
HAS,"Hasbro, Inc.",Consumer Cyclical,Large-Cap,1976490,NMS
GDDY,GoDaddy Inc.,Technology,Large-Cap,2589300,NYQ
CPT,Camden Property Trust,Real Estate,Large-Cap,1196256,NYQ
FORM,"FormFactor, Inc.",Technology,Mid-Cap,2023829,NMS
DRS,"Leonardo DRS, Inc.",Industrials,Large-Cap,1056088,NMS
PSKY,Paramount Skydance Corporation,Communication Services,Large-Cap,9803964,NMS
ARWR,"Arrowhead Pharmaceuticals, Inc.",Healthcare,Large-Cap,2038043,NMS
VSAT,"ViaSat, Inc.",Technology,Large-Cap,2443361,NMS
APA,APA Corporation,Energy,Large-Cap,6443985,NMS
PL,Planet Labs PBC,Industrials,Large-Cap,13440558,NYQ
EMBJ,Embraer S.A.,Industrials,Large-Cap,1527170,NYQ
BAX,Baxter International Inc.,Healthcare,Large-Cap,7201858,NYQ
BMRN,BioMarin Pharmaceutical Inc.,Healthcare,Large-Cap,2054327,NMS
SMMT,Summit Therapeutics Inc.,Healthcare,Large-Cap,5401235,NGM
ESI,Element Solutions Inc.,Basic Materials,Large-Cap,3255862,NYQ
AHR,"American Healthcare REIT, Inc.",Real Estate,Large-Cap,3153901,NYQ
AAOI,"Applied Optoelectronics, Inc.",Technology,Mid-Cap,12701748,NGM
MICC,The Magnum Ice Cream Company N.,Consumer Defensive,Large-Cap,1517296,NYQ
PODD,Insulet Corporation,Healthcare,Large-Cap,1495804,NMS
UMBF,UMB Financial Corporation,Financial Services,Large-Cap,717512,NMS
TECH,Bio-Techne Corp,Healthcare,Large-Cap,4395343,NMS
BJ,"BJ's Wholesale Club Holdings, I",Consumer Defensive,Large-Cap,2198725,NYQ
TEM,"Tempus AI, Inc.",Healthcare,Large-Cap,6609888,NMS
CRL,Charles River Laboratories Inte,Healthcare,Large-Cap,884608,NYQ
SF,Stifel Financial Corporation,Financial Services,Large-Cap,1414911,NYQ
HII,"Huntington Ingalls Industries, ",Industrials,Large-Cap,525129,NYQ
FROG,JFrog Ltd.,Technology,Large-Cap,3013298,NMS
LINE,"Lineage, Inc.",Real Estate,Large-Cap,1002098,NMS
BPOP,"Popular, Inc.",Financial Services,Large-Cap,528317,NMS
SEIC,SEI Investments Company,Financial Services,Large-Cap,832870,NMS
AR,Antero Resources Corporation,Energy,Large-Cap,4878058,NYQ
ARW,"Arrow Electronics, Inc.",Technology,Large-Cap,711288,NYQ
WTRG,"Essential Utilities, Inc.",Utilities,Large-Cap,2137545,NYQ
SIMO,Silicon Motion Technology Corpo,Technology,Large-Cap,1034864,NMS
ABVX,Abivax SA,Healthcare,Large-Cap,2011104,NGM
AM,Antero Midstream Corporation,Energy,Large-Cap,2532432,NYQ
GWRE,"Guidewire Software, Inc.",Technology,Large-Cap,1718562,NYQ
SCI,Service Corporation Internation,Consumer Cyclical,Large-Cap,1493950,NYQ
RYAN,"Ryan Specialty Holdings, Inc.",Financial Services,Large-Cap,2626861,NYQ
CART,Maplebear Inc.,Consumer Cyclical,Large-Cap,4203288,NMS
FRT,Federal Realty Investment Trust,Real Estate,Large-Cap,962100,NYQ
HL,Hecla Mining Company,Basic Materials,Large-Cap,19425003,NYQ
AES,The AES Corporation,Utilities,Large-Cap,9689466,NYQ
JEF,Jefferies Financial Group Inc.,Financial Services,Large-Cap,2275106,NYQ
GSAT,"Globalstar, Inc.",Communication Services,Large-Cap,1671616,NMS
ZION,Zions Bancorporation N.A.,Financial Services,Large-Cap,1575646,NMS
GMED,"Globus Medical, Inc.",Healthcare,Large-Cap,1665679,NYQ
FIG,"Figma, Inc.",Technology,Large-Cap,19739693,NYQ
DCI,"Donaldson Company, Inc.",Industrials,Large-Cap,728666,NYQ
APLD,Applied Digital Corporation,Technology,Mid-Cap,23301377,NMS
GME,GameStop Corporation,Consumer Cyclical,Large-Cap,7554580,NYQ
ONB,Old National Bancorp,Financial Services,Large-Cap,3440577,NMS
JKHY,"Jack Henry & Associates, Inc.",Technology,Large-Cap,1457687,NMS
DPZ,Domino's Pizza Inc,Consumer Cyclical,Large-Cap,932572,NMS
HBM,Hudbay Minerals Inc.,Basic Materials,Large-Cap,5579454,NYQ
FIVE,"Five Below, Inc.",Consumer Cyclical,Large-Cap,1278666,NMS
GLXY,Galaxy Digital Inc.,Financial Services,Mid-Cap,6475829,NMS
SIRI,SiriusXM Holdings Inc.,Communication Services,Large-Cap,5699445,NMS
EHC,Encompass Health Corporation,Healthcare,Large-Cap,1022087,NYQ
MXL,"MaxLinear, Inc",Technology,Mid-Cap,5152824,NMS
GTLS,"Chart Industries, Inc.",Industrials,Mid-Cap,1255396,NYQ
ORI,Old Republic International Corp,Financial Services,Large-Cap,1541566,NYQ
APGE,"Apogee Therapeutics, Inc.",Healthcare,Mid-Cap,2437216,NGM
WYNN,"Wynn Resorts, Limited",Consumer Cyclical,Mid-Cap,1484000,NMS
SARO,"StandardAero, Inc.",Industrials,Large-Cap,4069306,NYQ
OGE,OGE Energy Corp,Utilities,Large-Cap,1461559,NYQ
KTOS,Kratos Defense & Security Solut,Industrials,Large-Cap,4836833,NMS
SWKS,"Skyworks Solutions, Inc.",Technology,Mid-Cap,4813511,NMS
SSB,SouthState Bank Corporation,Financial Services,Mid-Cap,832580,NYQ
PAYP,PayPay Corporation - American D,Technology,Mid-Cap,1156379,NMS
ALSN,"Allison Transmission Holdings, ",Consumer Cyclical,Mid-Cap,1127466,NYQ
TKR,Timken Company (The),Industrials,Mid-Cap,997308,NYQ
PSO,"Pearson, Plc",Communication Services,Large-Cap,949622,NYQ
SNEX,StoneX Group Inc.,Financial Services,Mid-Cap,833261,NMS
CFR,"Cullen/Frost Bankers, Inc.",Financial Services,Mid-Cap,570433,NYQ
NUVL,"Nuvalent, Inc.",Healthcare,Mid-Cap,2147214,NMS
CTRE,"CareTrust REIT, Inc.",Real Estate,Mid-Cap,2699014,NYQ
MP,MP Materials Corp.,Basic Materials,Mid-Cap,6025620,NYQ
POWL,"Powell Industries, Inc.",Industrials,Mid-Cap,723211,NMS
SUZ,Suzano S.A.,Basic Materials,Mid-Cap,3262337,NYQ
IBRX,"ImmunityBio, Inc.",Healthcare,Mid-Cap,13968264,NMS
ENSG,"The Ensign Group, Inc.",Healthcare,Mid-Cap,792006,NMS
HSIC,"Henry Schein, Inc.",Healthcare,Mid-Cap,1432412,NMS
OSCR,"Oscar Health, Inc.",Healthcare,Mid-Cap,7589635,NYQ
HUBS,"HubSpot, Inc.",Technology,Mid-Cap,1955100,NYQ
BRX,Brixmor Property Group Inc.,Real Estate,Mid-Cap,2557664,NYQ
SFD,"Smithfield Foods, Inc.",Consumer Defensive,Mid-Cap,1399133,NMS
HMY,Harmony Gold Mining Company Lim,Basic Materials,Large-Cap,4744182,NYQ
GIL,"Gildan Activewear, Inc.",Consumer Cyclical,Mid-Cap,1490091,NYQ
AAON,"AAON, Inc.",Industrials,Mid-Cap,1111820,NMS
BSY,"Bentley Systems, Incorporated",Technology,Mid-Cap,2884503,NMS
HLI,"Houlihan Lokey, Inc.",Financial Services,Mid-Cap,680709,NYQ
CORT,Corcept Therapeutics Incorporat,Healthcare,Mid-Cap,1091658,NCM
NCLH,Norwegian Cruise Line Holdings ,Consumer Cyclical,Mid-Cap,21932217,NYQ
LEVI,Levi Strauss & Co,Consumer Cyclical,Mid-Cap,2920806,NYQ
COLB,"Columbia Banking System, Inc.",Financial Services,Mid-Cap,2859400,NMS
KYMR,"Kymera Therapeutics, Inc.",Healthcare,Mid-Cap,764396,NGM
COMP,"Compass, Inc.",Real Estate,Mid-Cap,14276229,NYQ
WLK,Westlake Corporation,Basic Materials,Mid-Cap,1129930,NYQ
CIFR,Cipher Digital Inc.,Technology,Mid-Cap,25691106,NMS
BRKR,Bruker Corporation,Healthcare,Mid-Cap,2465383,NMS
CAVA,"CAVA Group, Inc.",Consumer Cyclical,Mid-Cap,3004920,NYQ
ARE,Alexandria Real Estate Equities,Real Estate,Mid-Cap,2176827,NYQ
FLS,Flowserve Corporation,Industrials,Mid-Cap,2417879,NYQ
TTC,Toro Company (The),Industrials,Mid-Cap,854420,NYQ
ADC,Agree Realty Corporation,Real Estate,Mid-Cap,1137837,NYQ
BLDR,"Builders FirstSource, Inc.",Industrials,Mid-Cap,2618445,NYQ
HALO,"Halozyme Therapeutics, Inc.",Healthcare,Mid-Cap,1724779,NMS
CUBE,CubeSmart,Real Estate,Mid-Cap,2115656,NYQ
OKLO,Oklo Inc.,Utilities,Mid-Cap,13795850,NYQ
WAL,Western Alliance Bancorporation,Financial Services,Mid-Cap,1075253,NYQ
UHS,"Universal Health Services, Inc.",Healthcare,Mid-Cap,993038,NYQ
IAG,Iamgold Corporation,Basic Materials,Mid-Cap,6236591,NYQ
RIOT,"Riot Platforms, Inc.",Financial Services,Mid-Cap,17916975,NCM
OSK,Oshkosh Corporation (Holding Co,Industrials,Mid-Cap,727377,NYQ
TTD,"The Trade Desk, Inc.",Communication Services,Mid-Cap,20061822,NGM
DAR,Darling Ingredients Inc.,Consumer Defensive,Mid-Cap,2593851,NYQ
IT,"Gartner, Inc.",Technology,Mid-Cap,1613754,NYQ
FDS,FactSet Research Systems Inc.,Financial Services,Mid-Cap,960241,NYQ
MTCH,"Match Group, Inc.",Communication Services,Mid-Cap,3579191,NMS
LTH,"Life Time Group Holdings, Inc.",Consumer Cyclical,Mid-Cap,2959935,NYQ
PRMB,Primo Brands Corporation,Consumer Defensive,Mid-Cap,3781722,NYQ
NNN,"NNN REIT, Inc.",Real Estate,Mid-Cap,1816764,NYQ
YMM,Full Truck Alliance Co. Ltd.,Technology,Mid-Cap,8526751,NYQ
CNM,"Core & Main, Inc.",Industrials,Mid-Cap,2662967,NYQ
DOCU,"DocuSign, Inc.",Technology,Mid-Cap,3894874,NMS
RRC,Range Resources Corporation,Energy,Mid-Cap,3212100,NYQ
QBTS,D-Wave Quantum Inc.,Technology,Mid-Cap,35220114,NYQ
AVAV,"AeroVironment, Inc.",Industrials,Mid-Cap,1502635,NMS
JOBY,"Joby Aviation, Inc.",Industrials,Mid-Cap,33183027,NYQ
HIMS,"Hims & Hers Health, Inc.",Healthcare,Mid-Cap,25062024,NYQ
SAIL,"SailPoint, Inc.",Technology,Mid-Cap,4171600,NMS
MANH,"Manhattan Associates, Inc.",Technology,Mid-Cap,688203,NMS
ALKS,Alkermes plc,Healthcare,Mid-Cap,2282988,NMS
ACM,AECOM,Industrials,Mid-Cap,1927725,NYQ
AOS,A.O. Smith Corporation,Industrials,Mid-Cap,1740298,NYQ
FRVO,Fervo Energy Company,Utilities,Mid-Cap,4499162,NMS
CBSH,"Commerce Bancshares, Inc.",Financial Services,Mid-Cap,1260304,NMS
ALV,"Autoliv, Inc.",Consumer Cyclical,Mid-Cap,778903,NYQ
CHWY,"Chewy, Inc.",Consumer Cyclical,Mid-Cap,9381717,NYQ
AGCO,AGCO Corporation,Industrials,Mid-Cap,722311,NYQ
AG,First Majestic Silver Corp.,Basic Materials,Mid-Cap,12961700,NYQ
FR,"First Industrial Realty Trust, ",Real Estate,Mid-Cap,995561,NYQ
VOYA,"Voya Financial, Inc.",Financial Services,Mid-Cap,1313785,NYQ
XP,XP Inc.,Financial Services,Mid-Cap,5474333,NMS
IDA,"IDACORP, Inc.",Utilities,Mid-Cap,568890,NYQ
GGAL,Grupo Financiero Galicia S.A.,Financial Services,Mid-Cap,1184306,NCM
KT,KT Corporation,Communication Services,Mid-Cap,1536206,NYQ
EGO,Eldorado Gold Corporation,Basic Materials,Mid-Cap,3300220,NYQ
ZWS,Zurn Elkay Water Solutions Corp,Industrials,Mid-Cap,1104098,NYQ
VNO,Vornado Realty Trust,Real Estate,Mid-Cap,1799916,NYQ
VLY,Valley National Bancorp,Financial Services,Mid-Cap,6391461,NMS
TGTX,"TG Therapeutics, Inc.",Healthcare,Mid-Cap,2354806,NCM
SFM,"Sprouts Farmers Market, Inc.",Consumer Defensive,Mid-Cap,2197264,NMS
MBLY,Mobileye Global Inc.,Consumer Cyclical,Mid-Cap,6424930,NMS
CELH,"Celsius Holdings, Inc.",Consumer Defensive,Mid-Cap,9168708,NCM
CAE,CAE Inc.,Industrials,Mid-Cap,895433,NYQ
PCVX,"Vaxcyte, Inc.",Healthcare,Mid-Cap,1601398,NMS
BMNR,"BitMine Immersion Technologies,",Financial Services,Mid-Cap,38750746,NYQ
GKOS,Glaukos Corporation,Healthcare,Mid-Cap,986869,NYQ
QGEN,Qiagen N.V.,Healthcare,Mid-Cap,2267977,NYQ
PTGX,"Protagonist Therapeutics, Inc.",Healthcare,Mid-Cap,692912,NGM
CWEN,"Clearway Energy, Inc.",Utilities,Mid-Cap,1236312,NYQ
AXS,Axis Capital Holdings Limited,Financial Services,Mid-Cap,640343,NYQ
BIRK,Birkenstock Holding plc,Consumer Cyclical,Mid-Cap,2559564,NYQ
RAL,Ralliant Corporation,Technology,Mid-Cap,1602582,NYQ
QRVO,"Qorvo, Inc.",Technology,Mid-Cap,1231503,NMS
ACMR,"ACM Research, Inc.",Technology,Mid-Cap,1655864,NGM
CHYM,"Chime Financial, Inc.",Technology,Mid-Cap,5024745,NMS
ATR,"AptarGroup, Inc.",Healthcare,Mid-Cap,505445,NYQ
KNTK,Kinetik Holdings Inc.,Energy,Mid-Cap,1080324,NYQ
EDU,New Oriental Education & Techno,Consumer Defensive,Mid-Cap,675909,NYQ
GGB,Gerdau S.A.,Basic Materials,Mid-Cap,18460577,NYQ
RHP,"Ryman Hospitality Properties, I",Real Estate,Mid-Cap,649983,NYQ
SNAP,Snap Inc.,Communication Services,Mid-Cap,49222285,NYQ
POOL,Pool Corporation,Industrials,Mid-Cap,980487,NMS
MAC,Macerich Company (The),Real Estate,Mid-Cap,3559700,NYQ
TEX,Terex Corporation,Industrials,Mid-Cap,1309129,NYQ
RGEN,Repligen Corporation,Healthcare,Mid-Cap,1151746,NMS
IMVT,"Immunovant, Inc.",Healthcare,Mid-Cap,1933724,NMS
HESM,Hess Midstream LP,Energy,Mid-Cap,1973943,NYQ
REXR,"Rexford Industrial Realty, Inc.",Real Estate,Mid-Cap,2404014,NYQ
FSS,Federal Signal Corporation,Industrials,Mid-Cap,524829,NYQ
MIDD,The Middleby Corporation,Industrials,Mid-Cap,662262,NMS
KLAR,Klarna Group plc,Financial Services,Mid-Cap,5757109,NYQ
FRO,Frontline Plc,Energy,Mid-Cap,3179635,NYQ
SYRE,"Spyre Therapeutics, Inc.",Healthcare,Mid-Cap,1446509,NMS
PDI,PIMCO Dynamic Income Fund,Financial Services,Mid-Cap,2581046,NYQ
HQY,"HealthEquity, Inc.",Healthcare,Mid-Cap,1014287,NMS
ECG,"Everus Construction Group, Inc.",Industrials,Mid-Cap,638000,NYQ
EQX,Equinox Gold Corp.,Basic Materials,Mid-Cap,11351685,ASE
EMN,Eastman Chemical Company,Basic Materials,Mid-Cap,1237919,NYQ
RYTM,"Rhythm Pharmaceuticals, Inc.",Healthcare,Mid-Cap,799316,NGM
TTEK,"Tetra Tech, Inc.",Industrials,Mid-Cap,3564566,NMS
JBTM,JBT Marel Corporation,Industrials,Mid-Cap,524235,NYQ
BB,BlackBerry Limited,Technology,Mid-Cap,32988890,NYQ
CORZ,"Core Scientific, Inc.",Technology,Mid-Cap,14282437,NMS
CBC,"Central Bancompany, Inc.",Financial Services,Mid-Cap,745462,NMS
LOAR,Loar Holdings Inc.,Industrials,Mid-Cap,863496,NYQ
STAG,"Stag Industrial, Inc.",Real Estate,Mid-Cap,1248308,NYQ
ZG,"Zillow Group, Inc.",Communication Services,Mid-Cap,1203838,NMS
CEF,"""Sprott Physical Gold and Silve",Financial Services,Mid-Cap,718127,ASE
YOU,"Clear Secure, Inc.",Technology,Mid-Cap,1539396,NYQ
BVN,Buenaventura Mining Company Inc,Basic Materials,Mid-Cap,1360366,NYQ
PB,"Prosperity Bancshares, Inc.",Financial Services,Mid-Cap,1071756,NYQ
HXL,Hexcel Corporation,Industrials,Mid-Cap,1043361,NYQ
MRCY,Mercury Systems Inc,Industrials,Mid-Cap,665119,NMS
CRUS,"Cirrus Logic, Inc.",Technology,Mid-Cap,632982,NMS
EAT,"Brinker International, Inc.",Consumer Cyclical,Mid-Cap,1127143,NYQ
LUMN,"Lumen Technologies, Inc.",Communication Services,Mid-Cap,14674822,NYQ
UGI,UGI Corporation,Utilities,Mid-Cap,1820614,NYQ
NFG,National Fuel Gas Company,Energy,Mid-Cap,798582,NYQ
KMX,CarMax Inc,Consumer Cyclical,Mid-Cap,3612550,NYQ
MIRM,"Mirum Pharmaceuticals, Inc.",Healthcare,Mid-Cap,991375,NGM
TAP,Molson Coors Beverage Company,Consumer Defensive,Mid-Cap,3289548,NYQ
AXTA,Axalta Coating Systems Ltd.,Basic Materials,Mid-Cap,2487603,NYQ
MHK,"Mohawk Industries, Inc.",Consumer Cyclical,Mid-Cap,861783,NYQ
KGS,"Kodiak Gas Services, Inc.",Energy,Mid-Cap,1834114,NYQ
JXN,Jackson Financial Inc.,Financial Services,Mid-Cap,611487,NYQ
KRMN,Karman Holdings Inc.,Industrials,Mid-Cap,2808517,NYQ
BILI,Bilibili Inc.,Communication Services,Mid-Cap,2967769,NMS
RSI,"Rush Street Interactive, Inc.",Consumer Cyclical,Mid-Cap,2425720,NYQ
VFS,VinFast Auto Ltd.,Consumer Cyclical,Mid-Cap,749430,NMS
FIGR,"Figure Technology Solutions, In",Financial Services,Mid-Cap,4153437,NMS
AVT,"Avnet, Inc.",Technology,Mid-Cap,1411435,NMS
BAH,Booz Allen Hamilton Holding Cor,Industrials,Mid-Cap,1927740,NYQ
SOBO,South Bow Corporation,Energy,Mid-Cap,946775,NYQ
FAF,First American Corporation (New,Financial Services,Mid-Cap,995574,NYQ
ACA,"Arcosa, Inc.",Industrials,Mid-Cap,517708,NYQ
HR,Healthcare Realty Trust Incorpo,Real Estate,Mid-Cap,4126972,NYQ
SGHC,Super Group (SGHC) Limited,Consumer Cyclical,Mid-Cap,3766838,NYQ
LNTH,"Lantheus Holdings, Inc.",Healthcare,Mid-Cap,959261,NGM
TTAN,"ServiceTitan, Inc.",Technology,Mid-Cap,1506561,NMS
LQDA,Liquidia Corporation,Healthcare,Mid-Cap,1858354,NCM
FLR,Fluor Corporation,Industrials,Mid-Cap,2745372,NYQ
PACS,"PACS Group, Inc.",Healthcare,Mid-Cap,898270,NYQ
KEX,Kirby Corporation,Industrials,Mid-Cap,640170,NYQ
KLIC,"Kulicke and Soffa Industries, I",Technology,Mid-Cap,988740,NMS
CPB,The Campbell's Company,Consumer Defensive,Mid-Cap,9299330,NMS
VIST,Vista Energy S.A.B. de C.V.,Energy,Mid-Cap,1092780,NYQ
TRNO,Terreno Realty Corporation,Real Estate,Mid-Cap,806135,NYQ
OMF,"OneMain Holdings, Inc.",Financial Services,Mid-Cap,1162817,NYQ
VSH,"Vishay Intertechnology, Inc.",Technology,Mid-Cap,6544370,NYQ
AVTR,"Avantor, Inc.",Healthcare,Mid-Cap,9592032,NYQ
LNC,Lincoln National Corporation,Financial Services,Mid-Cap,1754864,NYQ
FNB,F.N.B. Corporation,Financial Services,Mid-Cap,5419879,NYQ
ETSY,"Etsy, Inc.",Consumer Cyclical,Mid-Cap,3124254,NYQ
GTES,Gates Industrial Corporation pl,Industrials,Mid-Cap,2082440,NYQ
MSM,"MSC Industrial Direct Company, ",Industrials,Mid-Cap,734127,NYQ
DPC,DPC Holdings PLC,Industrials,Mid-Cap,5807250,NYQ
GBCI,"Glacier Bancorp, Inc.",Financial Services,Mid-Cap,1028766,NYQ
SEI,"Solaris Energy Infrastructure, ",Energy,Mid-Cap,2355409,NYQ
CAG,"ConAgra Brands, Inc.",Consumer Defensive,Mid-Cap,17467619,NYQ
ORA,"Ormat Technologies, Inc.",Utilities,Mid-Cap,945651,NYQ
PPC,Pilgrim's Pride Corporation,Consumer Defensive,Mid-Cap,1442756,NMS
AROC,"Archrock, Inc.",Energy,Mid-Cap,1875719,NYQ
CMC,Commercial Metals Company,Industrials,Mid-Cap,1163046,NYQ
GAP,"Gap, Inc. (The)",Consumer Cyclical,Mid-Cap,7916596,NYQ
MOS,Mosaic Company (The),Basic Materials,Mid-Cap,9228724,NYQ
ST,Sensata Technologies Holding pl,Technology,Mid-Cap,2227167,NYQ
PTCT,"PTC Therapeutics, Inc.",Healthcare,Mid-Cap,1719183,NMS
BEPC,Brookfield Renewable Corporatio,Utilities,Mid-Cap,1496400,NYQ
ACI,"Albertsons Companies, Inc.",Consumer Defensive,Mid-Cap,7375090,NYQ
LKQ,LKQ Corporation,Consumer Cyclical,Mid-Cap,2942240,NMS
MWH,"SOLV Energy, Inc.",Utilities,Mid-Cap,1627401,NMS
NSA,National Storage Affiliates Tru,Real Estate,Mid-Cap,863030,NYQ
DBX,"Dropbox, Inc.",Technology,Mid-Cap,3937962,NMS
VFC,V.F. Corporation,Consumer Cyclical,Mid-Cap,7637664,NYQ
TMHC,Taylor Morrison Home Corporatio,Consumer Cyclical,Mid-Cap,2881995,NYQ
HNGE,"Hinge Health, Inc.",Healthcare,Mid-Cap,1728441,NYQ
COGT,"Cogent Biosciences, Inc.",Healthcare,Mid-Cap,2338701,NMS
GVA,Granite Construction Incorporat,Industrials,Mid-Cap,773545,NYQ
BYD,Boyd Gaming Corporation,Consumer Cyclical,Mid-Cap,1008601,NYQ
LEA,Lear Corporation,Consumer Cyclical,Mid-Cap,625243,NYQ
VIPS,Vipshop Holdings Limited,Consumer Cyclical,Mid-Cap,2460150,NYQ
EPRT,Essential Properties Realty Tru,Real Estate,Mid-Cap,2128561,NYQ
RRR,"Red Rock Resorts, Inc.",Consumer Cyclical,Mid-Cap,891558,NMS
NOV,NOV Inc.,Energy,Mid-Cap,4568461,NYQ
ICL,ICL Group Ltd.,Basic Materials,Mid-Cap,1426396,NYQ
UBSI,"United Bankshares, Inc.",Financial Services,Mid-Cap,912316,NMS
FBIN,"Fortune Brands Innovations, Inc",Industrials,Mid-Cap,2735138,NYQ
RYN,Rayonier Inc. REIT,Real Estate,Mid-Cap,2532200,NYQ
VSEC,VSE Corporation,Industrials,Mid-Cap,509451,NMS
SWX,"Southwest Gas Holdings, Inc.",Utilities,Mid-Cap,540501,NYQ
FND,"Floor & Decor Holdings, Inc.",Consumer Cyclical,Mid-Cap,3014637,NYQ
SNDR,"Schneider National, Inc.",Industrials,Mid-Cap,1105598,NYQ
TWST,Twist Bioscience Corporation,Healthcare,Mid-Cap,1718216,NMS
PCOR,"Procore Technologies, Inc.",Technology,Mid-Cap,2842367,NYQ
GDS,GDS Holdings Limited,Technology,Mid-Cap,2271798,NGM
SRRK,Scholar Rock Holding Corporatio,Healthcare,Mid-Cap,1492587,NMS
GTX,Garrett Motion Inc.,Consumer Cyclical,Mid-Cap,2890388,NMS
CHRD,Chord Energy Corporation,Energy,Mid-Cap,832717,NMS
TXNM,"TXNM Energy, Inc.",Utilities,Mid-Cap,1663958,NYQ
INGM,Ingram Micro Holding Corporatio,Technology,Mid-Cap,1551933,NYQ
WH,"Wyndham Hotels & Resorts, Inc.",Consumer Cyclical,Mid-Cap,1300937,NYQ
NXE,Nexgen Energy Ltd.,Energy,Mid-Cap,5959374,NYQ
CGON,"CG Oncology, Inc.",Healthcare,Mid-Cap,1090691,NMS
FLG,"Flagstar Bank, N.A.",Financial Services,Mid-Cap,4843254,NYQ
PAYC,"Paycom Software, Inc.",Technology,Mid-Cap,1012595,NYQ
TFPM,Triple Flag Precious Metals Cor,Basic Materials,Mid-Cap,642841,NYQ
CHDN,"Churchill Downs, Incorporated",Consumer Cyclical,Mid-Cap,1006145,NMS
STWD,"STARWOOD PROPERTY TRUST, INC. S",Real Estate,Mid-Cap,3149801,NYQ
RGTI,"Rigetti Computing, Inc.",Technology,Mid-Cap,41732832,NCM
CZR,"Caesars Entertainment, Inc.",Consumer Cyclical,Mid-Cap,6463737,NMS
AUB,Atlantic Union Bankshares Corpo,Financial Services,Mid-Cap,1118443,NYQ
ABCB,Ameris Bancorp,Financial Services,Mid-Cap,534983,NYQ
VSXY,Victorias Secret & Co.,Consumer Cyclical,Mid-Cap,2367167,NYQ
ENPH,"Enphase Energy, Inc.",Technology,Mid-Cap,8215032,NGM
CROX,"Crocs, Inc.",Consumer Cyclical,Mid-Cap,1271330,NMS
SM,SM Energy Company,Energy,Mid-Cap,4283332,NYQ
ROAD,"Construction Partners, Inc.",Industrials,Mid-Cap,592262,NMS
NAVN,"Navan, Inc.",Technology,Mid-Cap,4044588,NMS
M,Macy's Inc,Consumer Cyclical,Mid-Cap,6087219,NYQ
MORN,"Morningstar, Inc.",Financial Services,Mid-Cap,516130,NMS
JAN,"Janus Living, Inc.",Real Estate,Mid-Cap,1265696,NYQ
SBSW,D/B/A Sibanye-Stillwater Limite,Basic Materials,Mid-Cap,5134620,NYQ
LW,"Lamb Weston Holdings, Inc.",Consumer Defensive,Mid-Cap,1621841,NYQ
SSL,Sasol Ltd.,Basic Materials,Mid-Cap,1844951,NYQ
HWC,Hancock Whitney Corporation,Financial Services,Mid-Cap,906988,NMS
CVLT,"Commvault Systems, Inc.",Technology,Mid-Cap,942733,NMS
MTDR,Matador Resources Company,Energy,Mid-Cap,1757877,NYQ
ENIC,Enel Chile S.A.,Utilities,Mid-Cap,709429,NYQ
DSGX,The Descartes Systems Group Inc,Technology,Mid-Cap,568662,NMS
ESTC,Elastic N.V.,Technology,Mid-Cap,2070172,NYQ
CWST,"Casella Waste Systems, Inc.",Industrials,Mid-Cap,760280,NMS
SPHR,Sphere Entertainment Co.,Communication Services,Mid-Cap,706835,NYQ
URBN,"Urban Outfitters, Inc.",Consumer Cyclical,Mid-Cap,1267874,NMS
BZ,KANZHUN LIMITED - American Depo,Communication Services,Mid-Cap,3835009,NMS
INGR,Ingredion Incorporated,Consumer Defensive,Mid-Cap,855538,NYQ
S,"SentinelOne, Inc.",Technology,Mid-Cap,7970456,NYQ
GLBE,Global-E Online Ltd.,Consumer Cyclical,Mid-Cap,1639769,NMS
PATH,"UiPath, Inc.",Technology,Mid-Cap,39379562,NYQ
SSRM,SSR Mining Inc.,Basic Materials,Mid-Cap,3263454,NMS
PCTY,Paylocity Holding Corporation,Technology,Mid-Cap,807343,NMS
POR,Portland General Electric Co,Utilities,Mid-Cap,1294450,NYQ
MTG,MGIC Investment Corporation,Financial Services,Mid-Cap,1953498,NYQ
ESNT,Essent Group Ltd.,Financial Services,Mid-Cap,815108,NYQ
CIG,Comp En De Mn Cemig,Utilities,Mid-Cap,6605159,NYQ
NE,Noble Corporation plc A,Energy,Mid-Cap,1554738,NYQ
IRDM,Iridium Communications Inc,Communication Services,Mid-Cap,2842929,NMS
GXO,"GXO Logistics, Inc.",Industrials,Mid-Cap,1359335,NYQ
SEZL,Sezzle Inc.,Financial Services,Mid-Cap,728506,NCM
OR,OR Royalties Inc.,Basic Materials,Mid-Cap,929135,NYQ
KRG,Kite Realty Group Trust,Real Estate,Mid-Cap,2149922,NYQ
ASB,Associated Banc-Corp,Financial Services,Mid-Cap,2076101,NYQ
SIGI,"Selective Insurance Group, Inc.",Financial Services,Mid-Cap,585167,NMS
XENE,Xenon Pharmaceuticals Inc.,Healthcare,Mid-Cap,1287358,NGM
HOMB,"Home BancShares, Inc.",Financial Services,Mid-Cap,1718774,NYQ
UCTT,"Ultra Clean Holdings, Inc.",Technology,Mid-Cap,1199401,NMS
OUT,OUTFRONT Media Inc.,Real Estate,Mid-Cap,1730690,NYQ
LEGN,Legend Biotech Corporation,Healthcare,Mid-Cap,2753320,NMS
OZK,Bank OZK,Financial Services,Mid-Cap,1129279,NMS
WFRD,Weatherford International plc,Energy,Mid-Cap,1259695,NMS
PECO,"Phillips Edison & Company, Inc.",Real Estate,Mid-Cap,1044254,NMS
DFTX,"Definium Therapeutics, Inc.",Healthcare,Mid-Cap,2825537,NMS
TFX,Teleflex Incorporated,Healthcare,Mid-Cap,741508,NYQ
ALK,"Alaska Air Group, Inc.",Industrials,Mid-Cap,3798450,NYQ
REYN,Reynolds Consumer Products Inc.,Consumer Cyclical,Mid-Cap,1216414,NMS
ESAB,ESAB Corporation,Industrials,Mid-Cap,707898,NYQ
PSN,Parsons Corporation,Technology,Mid-Cap,1232179,NYQ
PBF,PBF Energy Inc.,Energy,Mid-Cap,2953246,NYQ
NJR,NewJersey Resources Corporation,Utilities,Mid-Cap,637627,NYQ
PRM,"Perimeter Solutions, SA",Basic Materials,Mid-Cap,1529009,NYQ
DUOL,"Duolingo, Inc.",Technology,Mid-Cap,1742129,NMS
LYFT,"Lyft, Inc.",Technology,Mid-Cap,14359774,NMS
BLLN,"BillionToOne, Inc.",Healthcare,Mid-Cap,684601,NMS
ORKA,"Oruka Therapeutics, Inc.",Healthcare,Mid-Cap,1829340,NGM
PAGP,"Plains GP Holdings, L.P.",Energy,Mid-Cap,1698580,NMS
BKH,Black Hills Corporation,Utilities,Mid-Cap,1011093,NYQ
RLI,RLI Corp.,Financial Services,Mid-Cap,949058,NYQ
ERAS,"Erasca, Inc.",Healthcare,Mid-Cap,6959872,NMS
BXSL,Blackstone Secured Lending Fund,Financial Services,Mid-Cap,2202530,NYQ
NICE,NICE Ltd,Technology,Mid-Cap,722158,NMS
SON,Sonoco Products Company,Consumer Cyclical,Mid-Cap,1368340,NYQ
TAL,TAL Education Group,Consumer Defensive,Mid-Cap,3819814,NYQ
OTEX,Open Text Corporation,Technology,Mid-Cap,2482212,NMS
MMYT,MakeMyTrip Limited,Consumer Cyclical,Mid-Cap,1207509,NMS
FTDR,"frontdoor, inc.",Consumer Cyclical,Mid-Cap,616504,NMS
LPX,Louisiana-Pacific Corporation,Industrials,Mid-Cap,1186238,NYQ
MDA,MDA Space Ltd.,Industrials,Mid-Cap,1081150,NYQ
CRSP,CRISPR Therapeutics AG,Healthcare,Mid-Cap,1735888,NGM
ACLS,"Axcelis Technologies, Inc.",Technology,Mid-Cap,695591,NMS
TEO,Telecom Argentina SA,Communication Services,Mid-Cap,516424,NYQ
MTH,Meritage Homes Corporation,Consumer Cyclical,Mid-Cap,937319,NYQ
FRMI,Fermi Inc.,Real Estate,Mid-Cap,18862446,NMS
DOX,Amdocs Limited,Technology,Mid-Cap,1274059,NMS
AMRX,"Amneal Pharmaceuticals, Inc.",Healthcare,Mid-Cap,1856535,NMS
RIG,Transocean Ltd (Switzerland),Energy,Mid-Cap,33639648,NYQ
MANE,"Veradermics, Incorporated",Healthcare,Mid-Cap,656658,NYQ
CLF,Cleveland-Cliffs Inc.,Basic Materials,Mid-Cap,18338519,NYQ
VCTR,"Victory Capital Holdings, Inc. ",Financial Services,Mid-Cap,510248,NMS
OBDC,Blue Owl Capital Corporation,Financial Services,Mid-Cap,3855920,NYQ
ACIW,"ACI Worldwide, Inc.",Technology,Mid-Cap,858356,NMS
XE,"X-Energy, Inc.",Industrials,Mid-Cap,6660104,NMS
LMND,"Lemonade, Inc.",Financial Services,Mid-Cap,1617753,NYQ
BC,Brunswick Corporation,Consumer Cyclical,Mid-Cap,701041,NYQ
GTLB,GitLab Inc.,Technology,Mid-Cap,6336372,NMS
UGP,Ultrapar Participacoes S.A. (Ne,Energy,Mid-Cap,3018504,NYQ
XMTR,"Xometry, Inc.",Industrials,Mid-Cap,876012,NMS
CAI,"Caris Life Sciences, Inc.",Healthcare,Mid-Cap,2703995,NMS
PTRN,Pattern Group Inc. - Series A,Technology,Mid-Cap,1646246,NMS
GNTX,Gentex Corporation,Consumer Cyclical,Mid-Cap,2345075,NMS
TVTX,"Travere Therapeutics, Inc.",Healthcare,Mid-Cap,2555512,NGM
LAUR,"Laureate Education, Inc.",Consumer Defensive,Mid-Cap,1339695,NMS
RITM,Rithm Capital Corp.,Real Estate,Mid-Cap,5445279,NYQ
UEC,Uranium Energy Corp.,Energy,Mid-Cap,10093229,ASE
BGC,"BGC Group, Inc.",Financial Services,Mid-Cap,3446966,NMS
ALH,Alliance Laundry Holdings Inc.,Consumer Cyclical,Mid-Cap,830914,NYQ
PEGA,Pegasystems Inc.,Technology,Mid-Cap,2231435,NMS
ZETA,Zeta Global Holdings Corp.,Technology,Mid-Cap,8934470,NYQ
CAR,"Avis Budget Group, Inc.",Industrials,Mid-Cap,2698853,NMS
RDNT,"RadNet, Inc.",Healthcare,Mid-Cap,891322,NGM
VSNT,"Versant Media Group, Inc.",Communication Services,Mid-Cap,2032866,NMS
TKC,Turkcell Iletisim Hizmetleri AS,Communication Services,Mid-Cap,1513543,NYQ
STEP,StepStone Group Inc.,Financial Services,Mid-Cap,1265009,NMS
ADT,ADT Inc.,Industrials,Mid-Cap,10788061,NYQ
MARA,"MARA Holdings, Inc.",Financial Services,Mid-Cap,43565233,NCM
BTG,B2Gold Corp,Basic Materials,Mid-Cap,26765890,ASE
AUGO,Aura Minerals Inc.,Basic Materials,Mid-Cap,990093,NMS
CELC,Celcuity Inc.,Healthcare,Mid-Cap,1330209,NCM
FFIN,"First Financial Bankshares, Inc",Financial Services,Mid-Cap,869759,NMS
SHC,Sotera Health Company,Healthcare,Mid-Cap,3219654,NMS
TREX,"Trex Company, Inc.",Industrials,Mid-Cap,1966069,NYQ
GLNG,Golar LNG Limited,Energy,Mid-Cap,1401459,NMS
QLYS,"Qualys, Inc.",Technology,Mid-Cap,857500,NMS
CUZ,Cousins Properties Incorporated,Real Estate,Mid-Cap,1963204,NYQ
PRIM,Primoris Services Corporation,Industrials,Mid-Cap,2159379,NYQ
TBBB,BBB Foods Inc.,Consumer Defensive,Mid-Cap,640322,NYQ
CECO,CECO Environmental Corp.,Industrials,Mid-Cap,848119,NMS
VAL,Valaris Limited,Energy,Mid-Cap,953446,NYQ
RDN,Radian Group Inc.,Financial Services,Mid-Cap,1259900,NYQ
TFSL,TFS Financial Corporation,Financial Services,Mid-Cap,874711,NMS
CHH,"Choice Hotels International, In",Consumer Cyclical,Mid-Cap,662761,NYQ
HRB,"H&R Block, Inc.",Consumer Cyclical,Mid-Cap,2459319,NYQ
EQPT,EquipmentShare.com Inc,Industrials,Mid-Cap,2252527,NMS
DLB,Dolby Laboratories,Industrials,Mid-Cap,812474,NYQ
AMTM,"Amentum Holdings, Inc.",Industrials,Mid-Cap,2009967,NYQ
SBRA,"Sabra Health Care REIT, Inc.",Real Estate,Mid-Cap,2726714,NMS
TXG,"10x Genomics, Inc.",Healthcare,Mid-Cap,3061396,NMS
CE,Celanese Corporation,Basic Materials,Mid-Cap,1966848,NYQ
WSC,WillScot Holdings Corporation,Industrials,Mid-Cap,2493733,NCM
SYNA,Synaptics Incorporated,Technology,Mid-Cap,1071816,NMS
WEX,WEX Inc.,Technology,Mid-Cap,607780,NYQ
MC,Moelis & Company,Financial Services,Mid-Cap,1033129,NYQ
HASI,HA Sustainable Infrastructure C,Financial Services,Mid-Cap,1041911,NYQ
BOOT,"Boot Barn Holdings, Inc.",Consumer Cyclical,Mid-Cap,737509,NYQ
ALHC,"Alignment Healthcare, Inc.",Healthcare,Mid-Cap,5748032,NMS
OTF,Blue Owl Technology Finance Cor,Financial Services,Mid-Cap,2190304,NYQ
DNTH,"Dianthus Therapeutics, Inc.",Healthcare,Mid-Cap,898716,NCM
MRP,"Millrose Properties, Inc.",Real Estate,Mid-Cap,1645303,NYQ
VRNS,"Varonis Systems, Inc.",Technology,Mid-Cap,2443512,NMS
GBTG,"Global Business Travel Group, I",Consumer Cyclical,Mid-Cap,4180150,NYQ
KVYO,"Klaviyo, Inc. Series A",Technology,Mid-Cap,6632388,NYQ
USAR,"USA Rare Earth, Inc.",Basic Materials,Mid-Cap,17029369,NGM
FOUR,"Shift4 Payments, Inc.",Technology,Mid-Cap,1716361,NYQ
PIPR,Piper Sandler Companies,Financial Services,Mid-Cap,625132,NYQ
SLGN,Silgan Holdings Inc.,Consumer Cyclical,Mid-Cap,844129,NYQ
DAVE,Dave Inc.,Technology,Mid-Cap,613756,NGM
CNO,"CNO Financial Group, Inc.",Financial Services,Mid-Cap,787111,NYQ
VVV,Valvoline Inc.,Consumer Cyclical,Mid-Cap,2235122,NYQ
SITE,"SiteOne Landscape Supply, Inc.",Industrials,Mid-Cap,869385,NYQ
EBC,"Eastern Bankshares, Inc.",Financial Services,Mid-Cap,3052874,NMS
MTN,"Vail Resorts, Inc.",Consumer Cyclical,Mid-Cap,809735,NYQ
IPGP,IPG Photonics Corporation,Technology,Mid-Cap,535348,NMS
DIOD,Diodes Incorporated,Technology,Mid-Cap,705456,NMS
SLM,SLM Corporation,Financial Services,Mid-Cap,2933861,NMS
KNSA,Kiniksa Pharmaceuticals Interna,Healthcare,Mid-Cap,808027,NMS
MAIN,Main Street Capital Corporation,Financial Services,Mid-Cap,710229,NYQ
RELY,"Remitly Global, Inc.",Technology,Mid-Cap,4799148,NMS
STUB,"StubHub Holdings, Inc.",Communication Services,Mid-Cap,6142027,NYQ
IEP,Icahn Enterprises L.P. - Deposi,Energy,Mid-Cap,916853,NMS
GPGI,"GPGI, Inc.",Industrials,Mid-Cap,2932054,NYQ
GRFS,"Grifols, S.A.",Healthcare,Mid-Cap,677491,NMS
G,Genpact Limited,Technology,Mid-Cap,2959088,NYQ
OGS,"ONE Gas, Inc.",Utilities,Mid-Cap,617440,NYQ
VCYT,"Veracyte, Inc.",Healthcare,Mid-Cap,1158401,NGM
OPEN,Opendoor Technologies Inc,Real Estate,Mid-Cap,42635258,NMS
WING,Wingstop Inc.,Consumer Cyclical,Mid-Cap,1318945,NMS
MGY,Magnolia Oil & Gas Corporation,Energy,Mid-Cap,2605901,NYQ
INDV,"Indivior Pharmaceuticals, Inc.",Healthcare,Mid-Cap,1967287,NMS
CNX,CNX Resources Corporation,Energy,Mid-Cap,1918222,NYQ
BIPC,Brookfield Infrastructure Corpo,Utilities,Mid-Cap,1135743,NYQ
REZI,"Resideo Technologies, Inc.",Industrials,Mid-Cap,1382319,NYQ
NP,Neptune Insurance Holdings Inc.,Financial Services,Mid-Cap,799950,NYQ
NTSK,"Netskope, Inc.",Technology,Mid-Cap,5621259,NMS
KNF,Knife Riv Holding Co.,Basic Materials,Mid-Cap,560127,NYQ
TNL,Travel   Leisure Co.,Consumer Cyclical,Mid-Cap,885827,NYQ
MRX,Marex Group plc,Financial Services,Mid-Cap,1067777,NMS
HRI,Herc Holdings Inc.,Industrials,Mid-Cap,589338,NYQ
ELF,"e.l.f. Beauty, Inc.",Consumer Defensive,Mid-Cap,3560022,NYQ
QS,QuantumScape Corporation,Consumer Cyclical,Mid-Cap,23956316,NMS
TNGX,"Tango Therapeutics, Inc.",Healthcare,Mid-Cap,4187382,NGM
FULT,Fulton Financial Corporation,Financial Services,Mid-Cap,1935512,NMS
SKY,"Champion Homes, Inc.",Consumer Cyclical,Mid-Cap,739341,NYQ
FLY,Firefly Aerospace Inc.,Industrials,Mid-Cap,7831685,NGM
LIF,"Life360, Inc.",Technology,Mid-Cap,845688,NMS
KTB,"Kontoor Brands, Inc.",Consumer Cyclical,Mid-Cap,804272,NYQ
SR,Spire Inc.,Utilities,Mid-Cap,521958,NYQ
ALM,Almonty Industries Inc.,Basic Materials,Mid-Cap,5222880,NCM
KRC,Kilroy Realty Corporation,Real Estate,Mid-Cap,1877630,NYQ
CRC,California Resources Corporatio,Energy,Mid-Cap,828408,NYQ
COLD,"Americold Realty Trust, Inc.",Real Estate,Mid-Cap,4454683,NYQ
RXO,"RXO, Inc.",Industrials,Mid-Cap,2366654,NYQ
OCTV,Octave Intelligence plc,Technology,Mid-Cap,1721806,NMS
OLLI,Ollie's Bargain Outlet Holdings,Consumer Defensive,Mid-Cap,1852570,NGM
ATAT,Atour Lifestyle Holdings Limite,Consumer Cyclical,Mid-Cap,1141270,NMS
BDC,Belden Inc,Technology,Mid-Cap,542519,NYQ
LIVN,LivaNova PLC,Healthcare,Mid-Cap,809400,NMS
BBWI,"Bath & Body Works, Inc.",Consumer Cyclical,Mid-Cap,6121520,NYQ
MUR,Murphy Oil Corporation,Energy,Mid-Cap,1924451,NYQ
FCN,"FTI Consulting, Inc.",Industrials,Mid-Cap,503790,NYQ
SKT,Tanger Inc.,Real Estate,Mid-Cap,972069,NYQ
SRAD,Sportradar Group AG,Technology,Mid-Cap,3626348,NMS
POWI,"Power Integrations, Inc.",Technology,Mid-Cap,1228125,NMS
SAIC,Science Applications Internatio,Technology,Mid-Cap,571030,NMS
EPAM,"EPAM Systems, Inc.",Technology,Mid-Cap,1954738,NYQ
NVST,Envista Holdings Corporation,Healthcare,Mid-Cap,3029791,NYQ
EPR,EPR Properties,Real Estate,Mid-Cap,681648,NYQ
PFSI,"PennyMac Financial Services, In",Financial Services,Mid-Cap,561890,NYQ
KBR,"KBR, Inc.",Industrials,Mid-Cap,1852082,NYQ
NWE,"NorthWestern Energy Group, Inc.",Utilities,Mid-Cap,519259,NMS
MIR,"Mirion Technologies, Inc.",Industrials,Mid-Cap,3978174,NYQ
HLNE,Hamilton Lane Incorporated,Financial Services,Mid-Cap,996730,NMS
LION,Lionsgate Studios Corp,N/A,Mid-Cap,3955188,NYQ
LFST,"LifeStance Health Group, Inc.",Healthcare,Mid-Cap,4527964,NMS
VKTX,"Viking Therapeutics, Inc.",Healthcare,Mid-Cap,2368143,NCM
MDU,"MDU Resources Group, Inc.",Utilities,Mid-Cap,1720345,NYQ
UCB,"United Community Banks, Inc.",Financial Services,Mid-Cap,931208,NYQ
DLO,DLocal Limited,Technology,Mid-Cap,2616209,NMS
ACAD,ACADIA Pharmaceuticals Inc.,Healthcare,Mid-Cap,1703211,NMS
VECO,Veeco Instruments Inc.,Technology,Mid-Cap,1642135,NMS
BMI,"Badger Meter, Inc.",Technology,Mid-Cap,629275,NYQ
CRK,"Comstock Resources, Inc.",Energy,Mid-Cap,2619922,NYQ
TAC,TransAlta Corporation,Utilities,Mid-Cap,1545562,NYQ
BFH,"Bread Financial Holdings, Inc.",Financial Services,Mid-Cap,693411,NYQ
AXTI,AXT Inc,Technology,Mid-Cap,11111824,NMS
MMED,"MiniMed Group, Inc.",Healthcare,Mid-Cap,941966,NMS
OPLN,"OPENLANE, Inc.",Consumer Cyclical,Mid-Cap,989346,NYQ
CDP,COPT Defense Properties,Real Estate,Mid-Cap,1014488,NYQ
CENX,Century Aluminum Company,Basic Materials,Mid-Cap,1969196,NMS
AQN,Algonquin Power & Utilities Cor,Utilities,Mid-Cap,4317924,NYQ
LFTO,"Liftoff Mobile, Inc.",Communication Services,Mid-Cap,1724405,NMS
TDS,"Telephone and Data Systems, Inc",Communication Services,Mid-Cap,1020385,NYQ
EWTX,"Edgewise Therapeutics, Inc.",Healthcare,Mid-Cap,1404309,NMS
FHI,"Federated Hermes, Inc.",Financial Services,Mid-Cap,787740,NYQ
TPC,Tutor Perini Corporation,Industrials,Mid-Cap,547985,NYQ
ONDS,Ondas Inc,Technology,Mid-Cap,68132032,NCM
PLNT,"Planet Fitness, Inc.",Consumer Cyclical,Mid-Cap,2394737,NYQ
TENB,"Tenable Holdings, Inc.",Technology,Mid-Cap,3624738,NMS
BNL,"Broadstone Net Lease, Inc.",Real Estate,Mid-Cap,2659148,NYQ
IRT,"Independence Realty Trust, Inc.",Real Estate,Mid-Cap,2729659,NYQ
MMSI,"Merit Medical Systems, Inc.",Healthcare,Mid-Cap,801170,NMS
BETA,"Beta Technologies, Inc.",Industrials,Mid-Cap,1618316,NYQ
HCC,"Warrior Met Coal, Inc.",Basic Materials,Mid-Cap,880374,NYQ
FBP,First BanCorp. New,Financial Services,Mid-Cap,1523029,NYQ
CSTM,Constellium SE,Basic Materials,Mid-Cap,2212733,NYQ
DNLI,Denali Therapeutics Inc.,Healthcare,Mid-Cap,1795403,NMS
POST,"Post Holdings, Inc.",Consumer Defensive,Mid-Cap,821593,NYQ
NAMS,NewAmsterdam Pharma Company N.V,Healthcare,Mid-Cap,1293346,NGM
WAY,Waystar Holding Corp.,Healthcare,Mid-Cap,2696403,NMS
EXTR,"Extreme Networks, Inc.",Technology,Mid-Cap,2607925,NMS
ANF,Abercrombie & Fitch Company,Consumer Cyclical,Mid-Cap,1344011,NYQ
EXLS,"ExlService Holdings, Inc.",Technology,Mid-Cap,2647229,NMS
IRTC,"iRhythm Holdings, Inc.",Healthcare,Mid-Cap,536322,NMS
CRNX,"Crinetics Pharmaceuticals, Inc.",Healthcare,Mid-Cap,1228538,NMS
CMBT,CMB.TECH NV,Energy,Mid-Cap,1579675,NYQ
CVBF,CVB Financial Corporation,Financial Services,Mid-Cap,1909722,NMS
ATMU,Atmus Filtration Technologies I,Consumer Cyclical,Mid-Cap,1313495,NYQ
MKTX,"MarketAxess Holdings, Inc.",Financial Services,Mid-Cap,646070,NMS
LAZ,"Lazard, Inc.",Financial Services,Mid-Cap,1982735,NYQ
DNP,"DNP Select Income Fund, Inc.",Financial Services,Mid-Cap,669866,NYQ
GEO,Geo Group Inc (The) REIT,Industrials,Mid-Cap,1947850,NYQ
HGV,Hilton Grand Vacations Inc.,Consumer Cyclical,Mid-Cap,1083250,NYQ
RNST,Renasant Corporation,Financial Services,Mid-Cap,720400,NYQ
NVTS,Navitas Semiconductor Corporati,Technology,Mid-Cap,33673532,NGM
VNT,Vontier Corporation,Technology,Mid-Cap,1784396,NYQ
SLG,SL Green Realty Corp,Real Estate,Mid-Cap,1220300,NYQ
MAT,"Mattel, Inc.",Consumer Cyclical,Mid-Cap,4506588,NMS
SMG,Scotts Miracle-Gro Company (The,Basic Materials,Mid-Cap,952677,NYQ
LBRT,Liberty Energy Inc.,Energy,Mid-Cap,3726864,NYQ
CAKE,The Cheesecake Factory Incorpor,Consumer Cyclical,Mid-Cap,1232374,NMS
BBAR,Banco BBVA Argentina S.A.,Financial Services,Mid-Cap,666304,NYQ
DOCS,"Doximity, Inc.",Healthcare,Mid-Cap,4142340,NYQ
CON,Concentra Group Holdings Parent,Healthcare,Mid-Cap,883833,NYQ
COCO,"The Vita Coco Company, Inc.",Consumer Defensive,Mid-Cap,1292527,NMS
MNDY,monday.com Ltd.,Technology,Mid-Cap,1787383,NMS
MWA,MUELLER WATER PRODUCTS,Industrials,Mid-Cap,1293796,NYQ
OII,"Oceaneering International, Inc.",Energy,Mid-Cap,1119553,NYQ
THO,"Thor Industries, Inc.",Consumer Cyclical,Mid-Cap,765532,NYQ
CNR,"Core Natural Resources, Inc.",Energy,Mid-Cap,779203,NYQ
AMBA,"Ambarella, Inc.",Technology,Mid-Cap,1390606,NMS
ICHR,Ichor Holdings,Technology,Mid-Cap,1121225,NMS
APLE,"Apple Hospitality REIT, Inc.",Real Estate,Mid-Cap,3444830,NYQ
OLED,Universal Display Corporation,Technology,Mid-Cap,866583,NMS
RLAY,"Relay Therapeutics, Inc.",Healthcare,Mid-Cap,4270664,NGM
BFAM,Bright Horizons Family Solution,Consumer Cyclical,Mid-Cap,1206466,NYQ
CLBT,Cellebrite DI Ltd.,Technology,Mid-Cap,2195220,NMS
NMRK,"Newmark Group, Inc.",Real Estate,Mid-Cap,1422196,NMS
BILL,"BILL Holdings, Inc.",Technology,Mid-Cap,2527800,NYQ
INSW,"International Seaways, Inc.",Energy,Mid-Cap,589554,NYQ
CPRX,"Catalyst Pharmaceuticals, Inc.",Healthcare,Mid-Cap,2346279,NCM
WSBC,"WesBanco, Inc.",Financial Services,Mid-Cap,1171350,NMS
OUST,"Ouster, Inc.",Technology,Mid-Cap,4484690,NMS
CALM,"Cal-Maine Foods, Inc.",Consumer Defensive,Mid-Cap,776851,NMS
LBTYA,Liberty Global Ltd.,Communication Services,Mid-Cap,1979012,NMS
FIBK,"First Interstate BancSystem, In",Financial Services,Mid-Cap,1202941,NMS
BOX,"Box, Inc.",Technology,Mid-Cap,2360932,NYQ
BULL,Webull Corporation,Technology,Mid-Cap,13835769,NCM
ATRO,Astronics Corporation,Industrials,Mid-Cap,733035,NMS
AAP,Advance Auto Parts Inc.,Consumer Cyclical,Mid-Cap,1827077,NYQ
MIAX,"Miami International Holdings, I",Financial Services,Mid-Cap,1843314,NYQ
LASR,"nLIGHT, Inc.",Technology,Mid-Cap,1259432,NMS
BLSH,Bullish,Technology,Mid-Cap,1520654,NYQ
LRN,"Stride, Inc.",Consumer Defensive,Mid-Cap,804751,NYQ
BKD,Brookdale Senior Living Inc.,Healthcare,Mid-Cap,3899058,NYQ
ACHR,Archer Aviation Inc.,Industrials,Mid-Cap,41514004,NYQ
BTDR,Bitdeer Technologies Group,Technology,Mid-Cap,9252785,NCM
ITRI,"Itron, Inc.",Technology,Mid-Cap,788300,NMS
YETI,"YETI Holdings, Inc.",Consumer Cyclical,Mid-Cap,1499687,NYQ
KBH,KB Home,Consumer Cyclical,Mid-Cap,1256698,NYQ
CNK,Cinemark Holdings Inc Cinemark ,Communication Services,Mid-Cap,2171061,NYQ
NHI,"National Health Investors, Inc.",Real Estate,Mid-Cap,604601,NYQ
GPCR,Structure Therapeutics Inc.,Healthcare,Mid-Cap,851987,NGM
PLUG,"Plug Power, Inc.",Industrials,Mid-Cap,74530541,NCM
PII,Polaris Inc.,Consumer Cyclical,Mid-Cap,1217840,NYQ
HAYW,"Hayward Holdings, Inc.",Industrials,Mid-Cap,2669127,NYQ
FHB,"First Hawaiian, Inc.",Financial Services,Mid-Cap,1731277,NMS
ORLA,Orla Mining Ltd.,Basic Materials,Mid-Cap,3385520,ASE
KYIV,Kyivstar Group Ltd.,Communication Services,Mid-Cap,655217,NMS
BHF,"Brighthouse Financial, Inc.",Financial Services,Mid-Cap,503580,NMS
GNW,Genworth Financial Inc,Financial Services,Mid-Cap,2857648,NYQ
LPL,"LG Display Co, Ltd AMERICAN DEP",Technology,Mid-Cap,2267867,NYQ
FFBC,First Financial Bancorp.,Financial Services,Mid-Cap,946016,NMS
RCUS,"Arcus Biosciences, Inc.",Healthcare,Mid-Cap,1310653,NYQ
MNSO,MINISO Group Holding Limited,Consumer Cyclical,Mid-Cap,564948,NYQ
NSIT,"Insight Enterprises, Inc.",Technology,Mid-Cap,533558,NMS
PENG,"Penguin Solutions, Inc.",Technology,Mid-Cap,2956601,NMS
FG,"F&G Annuities & Life, Inc.",Financial Services,Mid-Cap,787225,NYQ
WRBY,Warby Parker Inc.,Healthcare,Mid-Cap,3185446,NYQ
DYN,"Dyne Therapeutics, Inc.",Healthcare,Mid-Cap,1789120,NMS
UWMC,UWM Holdings Corporation,Financial Services,Mid-Cap,20153967,NYQ
ADPT,Adaptive Biotechnologies Corpor,Healthcare,Mid-Cap,2488277,NMS
UUUU,Energy Fuels Inc,Energy,Mid-Cap,10502311,ASE
OGN,Organon & Co.,Healthcare,Mid-Cap,8407104,NYQ
XNDU,Xanadu Quantum Technologies Lim,Technology,Mid-Cap,5489719,NGM
BKU,"BankUnited, Inc.",Financial Services,Mid-Cap,860779,NYQ
ADEA,Adeia Inc.,Technology,Mid-Cap,2063222,NMS
SMR,NuScale Power Corporation,Industrials,Mid-Cap,35819567,NYQ
WPP,WPP plc,Communication Services,Mid-Cap,516320,NYQ
SUNC,SunocoCorp LLC,Energy,Mid-Cap,516079,NYQ
NEA,Nuveen AMT-Free Quality Municip,Financial Services,Mid-Cap,797941,NYQ
CLSK,"CleanSpark, Inc.",Financial Services,Mid-Cap,21940179,NCM
PVH,PVH Corp.,Consumer Cyclical,Mid-Cap,1217679,NYQ
ZGN,Ermenegildo Zegna N.V.,Consumer Cyclical,Mid-Cap,1057811,NYQ
ELVN,"Enliven Therapeutics, Inc.",Healthcare,Mid-Cap,1378808,NMS
IDYA,"IDEAYA Biosciences, Inc.",Healthcare,Mid-Cap,1384211,NMS
HIW,"Highwoods Properties, Inc.",Real Estate,Mid-Cap,1702091,NYQ
KN,Knowles Corporation,Technology,Mid-Cap,1054859,NYQ
STNG,Scorpio Tankers Inc.,Energy,Mid-Cap,1052370,NYQ
KFY,Korn Ferry,Industrials,Mid-Cap,547803,NYQ
MEOH,Methanex Corporation,Basic Materials,Mid-Cap,1080188,NMS
RNG,"Ringcentral, Inc.",Technology,Mid-Cap,1707183,NYQ
VAC,Marriott Vacations Worldwide Co,Consumer Cyclical,Mid-Cap,504980,NYQ
BEAM,Beam Therapeutics Inc.,Healthcare,Mid-Cap,2186390,NMS
CURB,Curbline Properties Corp.,Real Estate,Mid-Cap,990587,NYQ
UPST,"Upstart Holdings, Inc.",Financial Services,Mid-Cap,4696904,NMS
PPLI,People Incorporated,Communication Services,Mid-Cap,1156533,NMS
SEDG,"SolarEdge Technologies, Inc.",Technology,Mid-Cap,3841256,NMS
HAE,Haemonetics Corporation,Healthcare,Mid-Cap,902390,NYQ
PBLS,"Parabilis Medicines, Inc.",Healthcare,Mid-Cap,1320656,NMS
ALMS,Alumis Inc.,Healthcare,Mid-Cap,1270387,NMS
PRVA,"Privia Health Group, Inc.",Healthcare,Mid-Cap,1043245,NMS
WHD,"Cactus, Inc. Class A Common Sto",Energy,Mid-Cap,814322,NYQ
FLNC,"Fluence Energy, Inc.",Utilities,Mid-Cap,11034233,NMS
CALY,Callaway Golf Company,Consumer Cyclical,Mid-Cap,2769766,NYQ
RHI,Robert Half Inc.,Industrials,Mid-Cap,2465816,NYQ
SFNC,Simmons First National Corporat,Financial Services,Mid-Cap,1305653,NMS
AVNT,Avient Corporation,Basic Materials,Mid-Cap,779095,NYQ
AVA,Avista Corporation,Utilities,Mid-Cap,712579,NYQ
SKE,Skeena Resources Limited,Basic Materials,Mid-Cap,815617,NYQ
GBDC,"Golub Capital BDC, Inc.",Financial Services,Mid-Cap,1515490,NMS
TDW,Tidewater Inc.,Energy,Mid-Cap,793927,NYQ
SBCF,Seacoast Banking Corporation of,Financial Services,Mid-Cap,886301,NMS
OPCH,"Option Care Health, Inc.",Healthcare,Mid-Cap,3295477,NMS
SIG,Signet Jewelers Limited,Consumer Cyclical,Mid-Cap,877632,NYQ
HAFN,Hafnia Limited,Industrials,Mid-Cap,1900638,NYQ
LEU,Centrus Energy Corp.,Energy,Mid-Cap,898027,NYQ
COHU,"Cohu, Inc.",Technology,Mid-Cap,1496251,NMS
ARQT,"Arcutis Biotherapeutics, Inc.",Healthcare,Mid-Cap,1707701,NMS
COLM,Columbia Sportswear Company,Consumer Cyclical,Mid-Cap,557945,NMS
DK,"Delek US Holdings, Inc.",Energy,Mid-Cap,1246798,NYQ
NATL,NCR Atleos Corporation,Technology,Mid-Cap,828325,NYQ
PTEN,"Patterson-UTI Energy, Inc.",Energy,Mid-Cap,9567785,NMS
KEEL,Keel Infrastructure Corp.,Technology,Mid-Cap,45154066,NGM
CWK,Cushman & Wakefield Ltd.,Real Estate,Mid-Cap,1928070,NYQ
TDC,Teradata Corporation,Technology,Mid-Cap,2589887,NYQ
FA,First Advantage Corporation,Industrials,Mid-Cap,1442880,NMS
LUNR,"Intuitive Machines, Inc.",Industrials,Mid-Cap,14988859,NGM
ALGT,Allegiant Travel Company,Industrials,Mid-Cap,629632,NMS
ETOR,eToro Group Ltd.,Financial Services,Mid-Cap,1101706,NMS
ITGR,Integer Holdings Corporation,Healthcare,Mid-Cap,524954,NYQ
PAY,"Paymentus Holdings, Inc.",Technology,Mid-Cap,887311,NYQ
YSS,York Space Systems Inc.,Industrials,Mid-Cap,2341809,NYQ
RARE,Ultragenyx Pharmaceutical Inc.,Healthcare,Mid-Cap,2115966,NMS
CLMT,"Calumet, Inc",Basic Materials,Mid-Cap,944291,NMS
CARG,"CarGurus, Inc.",Consumer Cyclical,Mid-Cap,1349103,NMS
BANC,"Banc of California, Inc.",Financial Services,Mid-Cap,2933164,NYQ
CCC,CCC Intelligent Solutions Holdi,Technology,Mid-Cap,11227601,NMS
PONY,Pony AI Inc.,Technology,Mid-Cap,4382229,NMS
QTWO,"Q2 Holdings, Inc.",Technology,Mid-Cap,865845,NYQ
GPK,Graphic Packaging Holding Compa,Consumer Cyclical,Mid-Cap,6858479,NYQ
RUN,Sunrun Inc.,Technology,Mid-Cap,9537906,NMS
PFS,"Provident Financial Services, I",Financial Services,Mid-Cap,1021787,NYQ
CRGY,Crescent Energy Company,Energy,Mid-Cap,6864141,NYQ
NMIH,NMI Holdings Inc,Financial Services,Mid-Cap,574841,NGM
QURE,uniQure N.V.,Healthcare,Mid-Cap,2201220,NMS
RH,RH,Consumer Cyclical,Mid-Cap,1019154,NYQ
HP,"Helmerich & Payne, Inc.",Energy,Mid-Cap,1205675,NYQ
CGAU,Centerra Gold Inc.,Basic Materials,Mid-Cap,1597782,NYQ
FUL,H. B. Fuller Company,Basic Materials,Mid-Cap,683512,NYQ
NTCT,"NetScout Systems, Inc.",Technology,Mid-Cap,633630,NMS
CXW,"CoreCivic, Inc.",Industrials,Mid-Cap,1144753,NYQ
VERA,"Vera Therapeutics, Inc.",Healthcare,Mid-Cap,1382617,NGM
ASH,Ashland Inc.,Basic Materials,Mid-Cap,1037808,NYQ
AKR,Acadia Realty Trust,Real Estate,Mid-Cap,1406237,NYQ
ZIM,ZIM Integrated Shipping Service,Industrials,Mid-Cap,1238312,NYQ
SHOO,"Steven Madden, Ltd.",Consumer Cyclical,Mid-Cap,1104675,NMS
ARIS,Aris Mining Corporation,Basic Materials,Mid-Cap,1340069,NYQ
CC,Chemours Company (The),Basic Materials,Mid-Cap,2726016,NYQ
UE,Urban Edge Properties,Real Estate,Mid-Cap,939800,NYQ
CXT,"Crane NXT, Co.",Industrials,Mid-Cap,979183,NYQ
FSK,FS KKR Capital Corp.,Financial Services,Mid-Cap,3251569,NYQ
AAUC,Allied Gold Corporation,Basic Materials,Mid-Cap,709530,NYQ
HTGC,"Hercules Capital, Inc.",Financial Services,Mid-Cap,1669741,NYQ
BKV,BKV Corporation,Energy,Mid-Cap,851990,NYQ
VGNT,Versigent PLC,Consumer Cyclical,Mid-Cap,2031382,NYQ
PARR,"Par Pacific Holdings, Inc. Comm",Energy,Mid-Cap,1158348,NYQ
JPC,Nuveen Preferred & Income Oppor,Financial Services,Mid-Cap,909775,NYQ
CWT,California Water Service Group,Utilities,Mid-Cap,587638,NYQ
ASO,"Academy Sports and Outdoors, In",Consumer Cyclical,Mid-Cap,1506553,NMS
HNI,HNI Corporation,Consumer Cyclical,Mid-Cap,743072,NYQ
GRAL,"GRAIL, Inc.",Healthcare,Mid-Cap,739972,NMS
DBRG,"DigitalBridge Group, Inc.",Financial Services,Mid-Cap,3007029,NYQ
EXPO,"Exponent, Inc.",Industrials,Mid-Cap,565919,NMS
FSLY,"Fastly, Inc.",Technology,Mid-Cap,9802175,NMS
NESR,National Energy Services Reunit,Energy,Mid-Cap,2130754,NCM
MGNI,"Magnite, Inc.",Communication Services,Mid-Cap,2812811,NMS
AEO,"American Eagle Outfitters, Inc.",Consumer Cyclical,Mid-Cap,5308990,NYQ
SOUN,"SoundHound AI, Inc.",Technology,Mid-Cap,28019967,NGM
CLDX,"Celldex Therapeutics, Inc.",Healthcare,Mid-Cap,991570,NCM
WAFD,"WaFd, Inc.",Financial Services,Mid-Cap,617498,NMS
CTRI,"Centuri Holdings, Inc.",Utilities,Mid-Cap,1422706,NYQ
EFXT,Enerflex Ltd,Energy,Mid-Cap,562925,NYQ
CVI,CVR Energy Inc.,Energy,Mid-Cap,969883,NYQ
FRSH,Freshworks Inc.,Technology,Mid-Cap,15397446,NMS
PENN,"PENN Entertainment, Inc.",Consumer Cyclical,Mid-Cap,3979517,NMS
BXMT,"Blackstone Mortgage Trust, Inc.",Real Estate,Mid-Cap,1501251,NYQ
HSAI,Hesai Group,Consumer Cyclical,Mid-Cap,1839029,NMS
EEFT,"Euronet Worldwide, Inc.",Technology,Mid-Cap,719032,NMS
IRON,"Disc Medicine, Inc.",Healthcare,Mid-Cap,540762,NGM
OSW,OneSpaWorld Holdings Limited,Consumer Cyclical,Mid-Cap,808803,NCM
ACHC,"Acadia Healthcare Company, Inc.",Healthcare,Mid-Cap,3086746,NMS
PK,Park Hotels & Resorts Inc.,Real Estate,Mid-Cap,5189020,NYQ
WK,Workiva Inc.,Technology,Mid-Cap,1141285,NYQ
NIQ,NIQ Global Intelligence plc,N/A,Mid-Cap,1474932,NYQ
CLOV,"Clover Health Investments, Corp",Healthcare,Mid-Cap,7712127,NMS
MMS,"Maximus, Inc.",Industrials,Mid-Cap,766217,NYQ
NAD,Nuveen Quality Municipal Income,Financial Services,Mid-Cap,633680,NYQ
DAN,Dana Incorporated,Consumer Cyclical,Mid-Cap,1404040,NYQ
INFQ,"Infleqtion, Inc.",Technology,Mid-Cap,16743903,NYQ
SA,"Seabridge Gold, Inc.",Basic Materials,Mid-Cap,894624,NYQ
UAA,"Under Armour, Inc.",Consumer Cyclical,Mid-Cap,8482272,NYQ
PATK,"Patrick Industries, Inc.",Consumer Cyclical,Mid-Cap,630125,NMS
PDFS,"PDF Solutions, Inc.",Technology,Mid-Cap,797550,NMS
CSAN,Cosan S.A.,Energy,Mid-Cap,2133054,NYQ
AMBP,Ardagh Metal Packaging S.A.,Consumer Cyclical,Mid-Cap,1591664,NYQ
SPNT,SiriusPoint Ltd.,Financial Services,Mid-Cap,797900,NYQ
VISN,"Vistance Networks, Inc.",Technology,Mid-Cap,7159438,NMS
BTE,Baytex Energy Corp,Energy,Mid-Cap,20333709,NYQ
GRND,Grindr Inc.,Technology,Mid-Cap,1589824,NYQ
DX,"Dynex Capital, Inc.",Real Estate,Mid-Cap,4986203,NYQ
DNN,Denison Mines Corp,Energy,Mid-Cap,24269659,ASE
SBLK,Star Bulk Carriers Corp.,Industrials,Mid-Cap,1198319,NMS
ARX,Accelerant Holdings,Financial Services,Mid-Cap,1619001,NYQ
UNFI,"United Natural Foods, Inc.",Consumer Defensive,Mid-Cap,668279,NYQ
IHS,IHS Holding Limited,Real Estate,Mid-Cap,1196909,NYQ
FRPT,"Freshpet, Inc.",Consumer Defensive,Mid-Cap,1600806,NGM
SUPN,"Supernus Pharmaceuticals, Inc.",Healthcare,Mid-Cap,715370,NGM
KC,Kingsoft Cloud Holdings Limited,Technology,Mid-Cap,1400012,NMS
MPT,"Medical Properties Trust, Inc.",Real Estate,Mid-Cap,5760209,NYQ
NVG,Nuveen AMT-Free Municipal Credi,Financial Services,Mid-Cap,524053,NYQ
ATEN,"A10 Networks, Inc.",Technology,Mid-Cap,1150980,NYQ
HUBG,"Hub Group, Inc.",Industrials,Mid-Cap,762461,NMS
IVT,InvenTrust Properties Corp.,Real Estate,Mid-Cap,900232,NYQ
UNIT,Uniti Group Inc.,Real Estate,Mid-Cap,2560450,NMS
BTU,Peabody Energy Corporation,Energy,Mid-Cap,3436316,NYQ
KLRA,"Kailera Therapeutics, Inc.",Healthcare,Mid-Cap,970198,NMS
TRN,"Trinity Industries, Inc.",Industrials,Mid-Cap,735722,NYQ
WT,"WisdomTree, Inc.",Financial Services,Mid-Cap,3239187,NYQ
FCPT,"Four Corners Property Trust, In",Real Estate,Mid-Cap,845579,NYQ
TRMD,TORM plc,Energy,Mid-Cap,915593,NMS
ERO,Ero Copper Corp.,Basic Materials,Mid-Cap,1285174,NYQ
STNE,StoneCo Ltd.,Technology,Mid-Cap,5559472,NMS
WTTR,"Select Water Solutions, Inc.",Energy,Mid-Cap,1949038,NYQ
NG,Novagold Resources Inc.,Basic Materials,Mid-Cap,3455727,ASE
AEHR,Aehr Test Systems,Technology,Mid-Cap,2947017,NCM
DHT,"DHT Holdings, Inc.",Energy,Mid-Cap,3443717,NYQ
MBX,"MBX Biosciences, Inc.",Healthcare,Mid-Cap,762961,NMS
HTFL,"Heartflow, Inc.",Healthcare,Mid-Cap,1470193,NMS
KD,"Kyndryl Holdings, Inc.",Technology,Mid-Cap,4366345,NYQ
VC,Visteon Corporation,Consumer Cyclical,Mid-Cap,637859,NMS
WERN,"Werner Enterprises, Inc.",Industrials,Mid-Cap,1085640,NMS
ESTA,Establishment Labs Holdings Inc,Healthcare,Mid-Cap,601343,NCM
PPTA,Perpetua Resources Corp.,Basic Materials,Mid-Cap,1640703,NCM
TARS,"Tarsus Pharmaceuticals, Inc.",Healthcare,Mid-Cap,745335,NMS
ABM,ABM Industries Incorporated,Industrials,Mid-Cap,563072,NYQ
BWIN,"The Baldwin Insurance Group, In",Financial Services,Mid-Cap,1666783,NMS
SLS,"SELLAS Life Sciences Group, Inc",Healthcare,Mid-Cap,8722022,NCM
WHR,Whirlpool Corporation,Consumer Cyclical,Mid-Cap,2839033,NYQ
UTI,Universal Technical Institute I,Consumer Defensive,Mid-Cap,1050027,NYQ
LCID,"Lucid Group, Inc.",Consumer Cyclical,Mid-Cap,17764088,NMS
BBT,Beacon Financial Corporation,Financial Services,Mid-Cap,806158,NYQ
BRZE,"Braze, Inc.",Technology,Mid-Cap,2995825,NMS
PTY,Pimco Corporate & Income Opport,Financial Services,Mid-Cap,1026691,NYQ
TE,T1 Energy Inc.,Industrials,Mid-Cap,32258109,NYQ
KMT,Kennametal Inc.,Industrials,Mid-Cap,1312803,NYQ
TGB,"Taseko Mines, Ltd.",Basic Materials,Mid-Cap,4871117,ASE
PTON,"Peloton Interactive, Inc.",Consumer Cyclical,Mid-Cap,13402341,NMS
BUSE,First Busey Corporation,Financial Services,Mid-Cap,697714,NMS
HOG,"Harley-Davidson, Inc.",Consumer Cyclical,Mid-Cap,3020682,NYQ
HTO,H2O America,Utilities,Mid-Cap,529975,NMS
PAGS,PagSeguro Digital Ltd.,Technology,Mid-Cap,3548975,NYQ
FSM,Fortuna Mining Corp.,Basic Materials,Mid-Cap,5352520,NYQ
CTOS,"Custom Truck One Source, Inc.",Industrials,Mid-Cap,1077182,NYQ
VNET,"VNET Group, Inc.",Technology,Mid-Cap,7687575,NMS
NWL,Newell Brands Inc.,Consumer Defensive,Mid-Cap,9861061,NMS
TRVI,"Trevi Therapeutics, Inc.",Healthcare,Mid-Cap,1824443,NGM
SLBT,SL Science Holding Limited,Healthcare,Mid-Cap,716924,NGM
HIMX,"Himax Technologies, Inc.",Technology,Mid-Cap,4407229,NMS
BCRX,"BioCryst Pharmaceuticals, Inc.",Healthcare,Mid-Cap,4945258,NMS
NRIX,"Nurix Therapeutics, Inc.",Healthcare,Mid-Cap,1990541,NGM
ASTH,Astrana Health Inc.,Healthcare,Mid-Cap,576620,NCM
EXK,Endeavour Silver Corporation,Basic Materials,Mid-Cap,7302738,NYQ
NZF,Nuveen Municipal Credit Income ,Financial Services,Mid-Cap,522996,NYQ
WU,Western Union Company (The),Financial Services,Mid-Cap,8641590,NYQ
DRH,Diamondrock Hospitality Company,Real Estate,Mid-Cap,2024422,NMS
DEI,"Douglas Emmett, Inc.",Real Estate,Mid-Cap,2489138,NYQ
APAM,Artisan Partners Asset Manageme,Financial Services,Mid-Cap,790982,NYQ
IMNM,"Immunome, Inc.",Healthcare,Mid-Cap,1283324,NCM
TMC,TMC the metals company Inc.,Basic Materials,Mid-Cap,5609633,NMS
SHAK,"Shake Shack, Inc.",Consumer Cyclical,Mid-Cap,2201490,NYQ
SDRL,Seadrill Limited,Energy,Mid-Cap,782048,NYQ
AVPT,"AvePoint, Inc.",Technology,Mid-Cap,2152593,NMS
INTR,Inter & Co. Inc.,Financial Services,Mid-Cap,5893125,NMS
NN,NextNav Inc.,Technology,Mid-Cap,2826595,NCM
ALRM,"Alarm.com Holdings, Inc.",Technology,Mid-Cap,543479,NMS
NTLA,"Intellia Therapeutics, Inc.",Healthcare,Mid-Cap,6562808,NGM
PAYO,Payoneer Global Inc.,Technology,Mid-Cap,6833837,NGM
RDW,Redwire Corporation,Industrials,Mid-Cap,40027520,NYQ
PBI,Pitney Bowes Inc.,Industrials,Mid-Cap,3347683,NYQ
RLX,RLX Technology Inc.,Consumer Defensive,Mid-Cap,2423233,NYQ
MLYS,"Mineralys Therapeutics, Inc.",Healthcare,Mid-Cap,1563054,NMS
HAPN,"Happen, Inc.",Financial Services,Mid-Cap,2379658,NMS
BHVN,Biohaven Ltd.,Healthcare,Mid-Cap,2782870,NYQ
CALX,"Calix, Inc",Technology,Mid-Cap,1078772,NYQ
AXGN,"AxoGen, Inc.",Healthcare,Mid-Cap,1211425,NCM
INOD,Innodata Inc.,Technology,Mid-Cap,1954927,NGM
TMDX,"TransMedics Group, Inc.",Healthcare,Mid-Cap,1349029,NGM
DNOW,DNOW Inc.,Industrials,Mid-Cap,3249419,NYQ
KOD,Kodiak Sciences Inc,Healthcare,Mid-Cap,773604,NGM
DRVN,Driven Brands Holdings Inc.,Consumer Cyclical,Mid-Cap,1511424,NMS
GOF,Guggenheim Strategic Opportunit,Financial Services,Mid-Cap,1338108,NYQ
ABCL,AbCellera Biologics Inc.,Healthcare,Mid-Cap,7650172,NMS
WOLF,"Wolfspeed, Inc.",Technology,Mid-Cap,7485722,NYQ
HE,"Hawaiian Electric Industries, I",Utilities,Mid-Cap,1833504,NYQ
PGNY,"Progyny, Inc.",Healthcare,Mid-Cap,1522574,NMS
VCEL,Vericel Corporation,Healthcare,Mid-Cap,640250,NGM
FLYW,Flywire Corporation - Voting,Technology,Mid-Cap,2322988,NMS
SLDE,"Slide Insurance Holdings, Inc.",Financial Services,Mid-Cap,1445914,NMS
PBH,Prestige Consumer Healthcare In,Healthcare,Mid-Cap,705827,NYQ
CHA,Chagee Holdings Limited,Consumer Cyclical,Mid-Cap,665946,NMS
MRVI,"Maravai LifeSciences Holdings, ",Healthcare,Mid-Cap,2738119,NMS
RAMP,"LiveRamp Holdings, Inc.",Technology,Mid-Cap,1549737,NYQ
VVX,"V2X, Inc.",Industrials,Mid-Cap,580087,NYQ
RNW,ReNew Energy Global plc,Utilities,Mid-Cap,1176390,NMS
PIII,P3 Health Partners Inc.,Healthcare,Mid-Cap,1290356,NCM
TALO,"Talos Energy, Inc.",Energy,Mid-Cap,1943911,NYQ
NWBI,"Northwest Bancshares, Inc.",Financial Services,Mid-Cap,1152090,NMS
DHC,Diversified Healthcare Trust,Real Estate,Mid-Cap,1773541,NMS
CLM,Cornerstone Strategic Value Fd,Financial Services,Mid-Cap,1640245,ASE
OLN,Olin Corporation,Basic Materials,Mid-Cap,2607985,NYQ
SVM,Silvercorp Metals Inc.,Basic Materials,Mid-Cap,3837172,ASE
IMAX,Imax Corporation,Communication Services,Mid-Cap,1136311,NYQ
XRAY,DENTSPLY SIRONA Inc.,Healthcare,Mid-Cap,5300527,NMS
DJT,Trump Media & Technology Group ,Communication Services,Mid-Cap,4400732,NGM
PRKS,United Parks & Resorts Inc.,Consumer Cyclical,Mid-Cap,1025109,NYQ
ATHM,Autohome Inc.,Communication Services,Mid-Cap,693317,NYQ
FLOC,Flowco Holdings Inc.,Energy,Mid-Cap,783519,NYQ
AGIO,"Agios Pharmaceuticals, Inc.",Healthcare,Mid-Cap,1134312,NMS
JBLU,JetBlue Airways Corporation,Industrials,Mid-Cap,27199416,NMS
BXDC,Blackstone Digital Infrastructu,Real Estate,Mid-Cap,1568861,NYQ
EZPW,"EZCORP, Inc.",Financial Services,Mid-Cap,881580,NMS
NKTR,Nektar Therapeutics,Healthcare,Mid-Cap,1132948,NCM
SGRY,"Surgery Partners, Inc.",Healthcare,Mid-Cap,1386032,NMS
ZLAB,Zai Lab Limited,Healthcare,Mid-Cap,885258,NGM
FCEL,"FuelCell Energy, Inc.",Industrials,Small-Cap,10805396,NGM
KARD,"Kardigan, Inc.",Healthcare,Mid-Cap,1270710,NGM
ARR,"ARMOUR Residential REIT, Inc.",Real Estate,Mid-Cap,3286117,NYQ
BOBS,"Bob's Discount Furniture, Inc.",Consumer Cyclical,Mid-Cap,1117848,NYQ
MD,"Pediatrix Medical Group, Inc.",Healthcare,Mid-Cap,795777,NYQ
SPSC,"SPS Commerce, Inc.",Technology,Mid-Cap,659993,NMS
WGS,GeneDx Holdings Corp.,Healthcare,Mid-Cap,1327075,NMS
KSS,Kohl's Corporation,Consumer Cyclical,Mid-Cap,5182324,NYQ
QUBT,Quantum Computing Inc.,Technology,Mid-Cap,21264332,NCM
CPRI,Capri Holdings Limited,Consumer Cyclical,Mid-Cap,3022291,NYQ
MNR,Mach Natural Resources LP,Energy,Mid-Cap,753808,NYQ
GENB,"Generate Biomedicines, Inc.",Healthcare,Mid-Cap,735627,NMS
FCF,First,Financial Services,Mid-Cap,734543,NYQ
HYMC,Hycroft Mining Holding Corporat,Basic Materials,Mid-Cap,2316762,NCM
PEB,Pebblebrook Hotel Trust,Real Estate,Mid-Cap,2711858,NYQ
AMBQ,"Ambiq Micro, Inc.",Technology,Small-Cap,684795,NYQ
FUN,Six Flags Entertainment Corpora,Consumer Cyclical,Mid-Cap,2085662,NYQ
TILE,"Interface, Inc.",Consumer Cyclical,Mid-Cap,591740,NMS
PRDO,Perdoceo Education Corporation,Consumer Defensive,Mid-Cap,631043,NMS
HRMY,"Harmony Biosciences Holdings, I",Healthcare,Mid-Cap,842143,NGM
SHO,"Sunstone Hotel Investors, Inc. ",Real Estate,Mid-Cap,2332004,NYQ
OCUL,"Ocular Therapeutix, Inc.",Healthcare,Mid-Cap,3032454,NGM
BRSL,Brightstar Lottery PLC Trading ,Consumer Cyclical,Mid-Cap,1522738,NYQ
BFLY,"Butterfly Network, Inc.",Healthcare,Mid-Cap,7081243,NYQ
NTST,NetSTREIT Corp.,Real Estate,Mid-Cap,1867958,NYQ
AUPH,Aurinia Pharmaceuticals Inc,Healthcare,Mid-Cap,1432569,NGM
BAND,Bandwidth Inc.,Technology,Small-Cap,1226962,NMS
WIX,Wix.com Ltd.,Technology,Mid-Cap,2161185,NMS
BRUN,Boost Run Inc.,Technology,Small-Cap,1530166,NGM
VRDN,"Viridian Therapeutics, Inc.",Healthcare,Mid-Cap,2871306,NCM
STOK,"Stoke Therapeutics, Inc.",Healthcare,Mid-Cap,699420,NMS
MLCO,Melco Resorts & Entertainment L,Consumer Cyclical,Mid-Cap,2093356,NMS
INTA,"Intapp, Inc.",Technology,Mid-Cap,1010511,NMS
GLUE,"Monte Rosa Therapeutics, Inc.",Healthcare,Mid-Cap,1095475,NMS
NEOG,Neogen Corporation,Healthcare,Mid-Cap,2554322,NMS
VERX,"Vertex, Inc.",Technology,Mid-Cap,1547383,NGM
AIP,"Arteris, Inc.",Technology,Small-Cap,1015640,NGM
COTY,Coty Inc.,Consumer Defensive,Mid-Cap,11383929,NYQ
NEXT,NextDecade Corporation,Energy,Mid-Cap,3362620,NCM
ALKT,"Alkami Technology, Inc.",Technology,Mid-Cap,1877703,NMS
VOYG,"Voyager Technologies, Inc.",Industrials,Mid-Cap,2358140,NYQ
HAWK,"HawkEye 360, Inc.",Industrials,Mid-Cap,1557164,NYQ
AMLX,"Amylyx Pharmaceuticals, Inc.",Healthcare,Mid-Cap,1378274,NMS
QFIN,"Qfin Holdings, Inc.",Financial Services,Small-Cap,1449508,NMS
ADMA,ADMA Biologics Inc,Healthcare,Mid-Cap,5226811,NGM
MH,"McGraw Hill, Inc.",Consumer Defensive,Mid-Cap,632066,NYQ
SNDA,"Sonida Senior Living, Inc.",Healthcare,Small-Cap,727754,NYQ
TH,Target Hospitality Corp.,Industrials,Small-Cap,1504424,NCM
AESI,Atlas Energy Solutions Inc.,Energy,Small-Cap,4674545,NYQ
ANAB,"AnaptysBio, Inc.",Healthcare,Small-Cap,674205,NMS
NEO,"NeoGenomics, Inc.",Healthcare,Small-Cap,2575893,NCM
RXRX,"Recursion Pharmaceuticals, Inc.",Healthcare,Mid-Cap,17308875,NMS
XHR,"Xenia Hotels & Resorts, Inc.",Real Estate,Small-Cap,855854,NYQ
VSTS,Vestis Corporation,Industrials,Small-Cap,1535864,NYQ
AVAH,Aveanna Healthcare Holdings Inc,Healthcare,Small-Cap,1758272,NMS
AMSC,American Superconductor Corpora,Industrials,Small-Cap,1301304,NMS
SRPT,"Sarepta Therapeutics, Inc.",Healthcare,Mid-Cap,3193833,NMS
AMPX,"Amprius Technologies, Inc.",Industrials,Small-Cap,8685867,NYQ
NUV,"Nuveen Municipal Value Fund, In",Financial Services,Small-Cap,514540,NYQ
VPG,"Vishay Precision Group, Inc.",Technology,Small-Cap,519095,NYQ
ZD,"Ziff Davis, Inc.",Communication Services,Small-Cap,630169,NMS
TSHA,"Taysha Gene Therapies, Inc.",Healthcare,Small-Cap,3046604,NMS
NOG,"Northern Oil and Gas, Inc.",Energy,Small-Cap,2880488,NYQ
BCAX,Bicara Therapeutics Inc.,Healthcare,Small-Cap,667553,NGM
OMCL,"Omnicell, Inc.",Healthcare,Small-Cap,622879,NMS
NAC,Nuveen California Quality Munic,Financial Services,Small-Cap,559930,NYQ
ZYME,Zymeworks Inc.,Healthcare,Small-Cap,664635,NMS
BW,"Babcock & Wilcox Enterprises, I",Industrials,Small-Cap,3772612,NYQ
PDO,N/A,Financial Services,Small-Cap,639830,NYQ
NUVB,Nuvation Bio Inc.,Healthcare,Small-Cap,5517545,NYQ
GNL,"Global Net Lease, Inc.",Real Estate,Small-Cap,2220283,NYQ
EOSE,"Eos Energy Enterprises, Inc.",Industrials,Small-Cap,27147722,NCM
WRD,WERIDE INC.,Technology,Small-Cap,2704780,NGM
NCNO,"nCino, Inc.",Technology,Small-Cap,3768564,NMS
STGW,Stagwell Inc.,Communication Services,Small-Cap,1515504,NMS
ABSI,Absci Corporation,Healthcare,Small-Cap,5932861,NMS
PGEN,"Precigen, Inc.",Healthcare,Mid-Cap,4374225,NMS
SHAZ,"SharonAI Holdings, Inc.",Technology,Small-Cap,818341,NCM
AEVA,"Aeva Technologies, Inc.",Technology,Small-Cap,2239380,NMS
XXI,"Twenty One Capital, Inc.",Financial Services,Small-Cap,1315685,NYQ
GT,The Goodyear Tire & Rubber Comp,Consumer Cyclical,Small-Cap,9647232,NMS
SNDX,"Syndax Pharmaceuticals, Inc.",Healthcare,Small-Cap,1837743,NMS
HUN,Huntsman Corporation,Basic Materials,Small-Cap,6146208,NYQ
URGN,UroGen Pharma Ltd.,Healthcare,Small-Cap,806159,NGM
SMA,"SmartStop Self Storage REIT, In",Real Estate,Small-Cap,669996,NYQ
LIFE,Ethos Technologies Inc.,Financial Services,Small-Cap,518495,NMS
CBZ,"CBIZ, Inc.",Industrials,Small-Cap,847987,NYQ
TRLV,Trulieve Cannabis Corp. Subordi,Healthcare,Small-Cap,978745,NYQ
WB,Weibo Corporation,Communication Services,Small-Cap,1324382,NMS
NVCR,NovoCure Limited,Healthcare,Small-Cap,1656622,NMS
PRG,"PROG Holdings, Inc.",Industrials,Small-Cap,517972,NYQ
GSHD,"Goosehead Insurance, Inc.",Financial Services,Small-Cap,501754,NMS
USA,Liberty All-Star Equity Fund,Financial Services,Small-Cap,1321188,NYQ
CMPS,COMPASS Pathways Plc - American,Healthcare,Small-Cap,4401629,NMS
EVTC,"Evertec, Inc.",Technology,Small-Cap,607064,NYQ
ATAI,AtaiBeckley Inc.,Healthcare,Small-Cap,7139527,NGM
SIND,Sinda Ltd.,Basic Materials,Small-Cap,698220,NYQ
PLAB,"Photronics, Inc.",Technology,Small-Cap,1467651,NMS
RLJ,RLJ Lodging Trust,Real Estate,Small-Cap,2464700,NYQ
HOPE,"Hope Bancorp, Inc.",Financial Services,Small-Cap,999964,NMS
FLO,"Flowers Foods, Inc.",Consumer Defensive,Small-Cap,7960435,NYQ
BHC,Bausch Health Companies Inc.,Healthcare,Small-Cap,2125191,NYQ
FIVN,"Five9, Inc.",Technology,Small-Cap,3215772,NGM
ULCC,"Frontier Group Holdings, Inc.",Industrials,Small-Cap,5448343,NMS
IOVA,"Iovance Biotherapeutics, Inc.",Healthcare,Small-Cap,15046966,NGM
TIC,"TIC Solutions, Inc.",Industrials,Small-Cap,2335988,NYQ
ZBIO,"Zenas BioPharma, Inc.",Healthcare,Small-Cap,703183,NMS
MQ,"Marqeta, Inc.",Technology,Small-Cap,1077460,NMS
APPN,Appian Corporation,Technology,Small-Cap,1000262,NGM
GAB,"Gabelli Equity Trust, Inc. (The",Financial Services,Small-Cap,1198025,NYQ
PAX,Patria Investments Limited,Financial Services,Small-Cap,920532,NMS
LIND,Lindblad Expeditions Holdings I,Consumer Cyclical,Small-Cap,848841,NCM
TYRA,"Tyra Biosciences, Inc.",Healthcare,Small-Cap,985270,NMS
PRCH,"Porch Group, Inc.",Financial Services,Small-Cap,2052308,NCM
BBAI,"BigBear.ai, Inc.",Technology,Small-Cap,38867698,NYQ
RUM,RUM Group Inc.,Communication Services,Small-Cap,3625362,NGM
COPR,Idaho Copper Corporation,Basic Materials,Micro-Cap,577300,ASE
BL,"BlackLine, Inc.",Technology,Small-Cap,1304696,NMS
MAN,ManpowerGroup,Industrials,Small-Cap,1122454,NYQ
HCSG,"Healthcare Services Group, Inc.",Healthcare,Small-Cap,725738,NMS
DV,"DoubleVerify Holdings, Inc.",Communication Services,Small-Cap,3082941,NYQ
AMC,"AMC Entertainment Holdings, Inc",Communication Services,Small-Cap,38556885,NYQ
COUR,"Coursera, Inc.",Consumer Defensive,Small-Cap,7081250,NYQ
SKYT,"SkyWater Technology, Inc.",Technology,Small-Cap,1082691,NCM
WKC,World Kinect Corporation,Energy,Small-Cap,918772,NYQ
HLIT,Harmonic Inc.,Technology,Small-Cap,2933991,NMS
WEN,Wendy's Company (The),Consumer Cyclical,Small-Cap,17442233,NMS
GENI,Genius Sports Limited,Communication Services,Small-Cap,6221100,NYQ
SHLS,"Shoals Technologies Group, Inc.",Technology,Small-Cap,5840630,NGM
EFC,Ellington Financial Inc.,Real Estate,Small-Cap,1332962,NYQ
BDJ,Blackrock Enhanced Equity Divid,Financial Services,Small-Cap,534429,NYQ
ARCO,Arcos Dorados Holdings Inc.,Consumer Cyclical,Small-Cap,1245850,NYQ
ESRT,"Empire State Realty Trust, Inc.",Real Estate,Small-Cap,2020741,NYQ
ASAN,"Asana, Inc.",Technology,Small-Cap,6820829,NYQ
NSP,"Insperity, Inc.",Industrials,Small-Cap,836187,NYQ
FIGS,"FIGS, Inc.",Consumer Cyclical,Small-Cap,3350356,NYQ
POET,POET Technologies Inc.,Technology,Small-Cap,43094025,NCM
DMRA,"Damora Therapeutics, Inc.",Healthcare,Small-Cap,510190,NCM
RVLV,"Revolve Group, Inc.",Consumer Cyclical,Small-Cap,1141459,NYQ
KMPR,Kemper Corporation,Financial Services,Small-Cap,1121295,NYQ
FTRE,Fortrea Holdings Inc.,Healthcare,Small-Cap,1428785,NMS
BCAT,N/A,Financial Services,Small-Cap,652014,NYQ
RQI,Cohen & Steers Quality Income R,Financial Services,Small-Cap,537670,NYQ
CDNL,Cardinal Infrastructure Group I,Industrials,Small-Cap,600956,NMS
MAZE,"Maze Therapeutics, Inc.",Healthcare,Small-Cap,726164,NGM
PRGS,Progress Software Corporation,Technology,Small-Cap,889595,NMS
TSLX,"Sixth Street Specialty Lending,",Financial Services,Small-Cap,734006,NYQ
TDOC,"Teladoc Health, Inc.",Healthcare,Small-Cap,4752440,NYQ
PUMP,ProPetro Holding Corp.,Energy,Small-Cap,4884246,NYQ
AVBP,"ArriVent BioPharma, Inc.",Healthcare,Small-Cap,548024,NGM
RXT,"Rackspace Technology, Inc.",Technology,Small-Cap,23180359,NMS
INVA,"Innoviva, Inc.",Healthcare,Small-Cap,776890,NMS
VIA,"Via Transportation, Inc.",Technology,Small-Cap,886154,NYQ
PURR,Hyperliquid Strategies Inc,Financial Services,Small-Cap,13004056,NCM
VIR,"Vir Biotechnology, Inc.",Healthcare,Small-Cap,1919300,NMS
XPRO,Expro Group Holdings N.V.,Energy,Small-Cap,1167314,NYQ
TRIN,Trinity Capital Inc.,Financial Services,Small-Cap,1113991,NMS
PCT,"PureCycle Technologies, Inc.",Industrials,Small-Cap,5385250,NCM
RCAT,"Red Cat Holdings, Inc.",Industrials,Small-Cap,13621767,NCM
HROW,"Harrow, Inc.",Healthcare,Small-Cap,797029,NGM
TRIP,"TripAdvisor, Inc.",Consumer Cyclical,Small-Cap,3798332,NMS
USAS,Americas Gold and Silver Corpor,Basic Materials,Small-Cap,4789379,ASE
APPS,"Digital Turbine, Inc.",Technology,Small-Cap,5585429,NCM
MLTX,MoonLake Immunotherapeutics,Healthcare,Small-Cap,1078214,NCM
HLMN,Hillman Solutions Corp.,Industrials,Small-Cap,1543782,NGM
SONO,"Sonos, Inc.",Technology,Small-Cap,1724767,NMS
LILA,Liberty Latin America Ltd.,Communication Services,Small-Cap,726699,NMS
NEXA,Nexa Resources S.A.,Basic Materials,Small-Cap,1281888,NYQ
LEG,"Leggett & Platt, Incorporated",Consumer Cyclical,Small-Cap,3286638,NYQ
LZB,La-Z-Boy Incorporated,Consumer Cyclical,Small-Cap,532567,NYQ
NOMD,Nomad Foods Limited,Consumer Defensive,Small-Cap,1426087,NYQ
KRP,Kimbell Royalty Partners,Energy,Small-Cap,818150,NYQ
BRBR,"BellRing Brands, Inc.",Consumer Defensive,Small-Cap,5401285,NYQ
NVAX,"Novavax, Inc.",Healthcare,Small-Cap,4747725,NMS
PGY,Pagaya Technologies Ltd.,Technology,Small-Cap,3990767,NCM
DXC,DXC Technology Company,Technology,Small-Cap,5377135,NYQ
SVV,"Savers Value Village, Inc.",Consumer Cyclical,Small-Cap,1081793,NYQ
PWP,Perella Weinberg Partners,Financial Services,Small-Cap,1304783,NMS
EYE,"National Vision Holdings, Inc.",Consumer Cyclical,Small-Cap,2213196,NMS
CRI,"Carter's, Inc.",Consumer Cyclical,Small-Cap,1055150,NYQ
TTI,"Tetra Technologies, Inc.",Industrials,Small-Cap,1771904,NYQ
CDNA,"CareDx, Inc.",Healthcare,Small-Cap,821596,NGM
LPG,Dorian LPG Ltd.,Energy,Small-Cap,643354,NYQ
ENR,"Energizer Holdings, Inc.",Industrials,Small-Cap,1114512,NYQ
DFH,"Dream Finders Homes, Inc.",Consumer Cyclical,Small-Cap,732808,NYQ
CSWC,Capital Southwest Corporation,Financial Services,Small-Cap,677779,NMS
IE,Ivanhoe Electric Inc.,Basic Materials,Small-Cap,2161617,ASE
ATRC,"AtriCure, Inc.",Healthcare,Small-Cap,906012,NGM
CNXC,Concentrix Corporation,Technology,Small-Cap,1845390,NMS
WBI,WaterBridge Infrastructure LLC,Energy,Small-Cap,1185058,NYQ
GBX,"Greenbrier Companies, Inc. (The",Industrials,Small-Cap,515412,NYQ
ARLO,"Arlo Technologies, Inc.",Industrials,Small-Cap,1324735,NYQ
OI,"O-I Glass, Inc.",Consumer Cyclical,Small-Cap,2761124,NYQ
REAL,"The RealReal, Inc.",Consumer Cyclical,Small-Cap,3475506,NMS
AI,"C3.ai, Inc.",Technology,Small-Cap,6081767,NYQ
PLTK,Playtika Holding Corp.,Communication Services,Small-Cap,1475345,NMS
ARDT,"Ardent Health, Inc.",Healthcare,Small-Cap,502687,NYQ
MLKN,"MillerKnoll, Inc.",Consumer Cyclical,Small-Cap,878801,NMS
CRML,Critical Metals Corp.,Basic Materials,Small-Cap,11679224,NGM
AHCO,AdaptHealth Corp.,Healthcare,Small-Cap,1458204,NCM
PSNL,"Personalis, Inc.",Healthcare,Small-Cap,2817779,NGM
YELP,Yelp Inc.,Communication Services,Small-Cap,1256404,NYQ
OPFI,OppFi Inc.,Financial Services,Small-Cap,695912,NYQ
CLVT,Clarivate Plc,Technology,Small-Cap,6136253,NYQ
ADNT,Adient plc,Consumer Cyclical,Small-Cap,989914,NYQ
PRGO,Perrigo Company plc,Healthcare,Small-Cap,3233846,NYQ
MRTN,"Marten Transport, Ltd.",Industrials,Small-Cap,919685,NMS
TBLA,Taboola.com Ltd.,Communication Services,Small-Cap,2956201,NMS
LSPD,Lightspeed Commerce Inc. Subord,Technology,Small-Cap,1199027,NYQ
GIII,"G-III Apparel Group, LTD.",Consumer Cyclical,Small-Cap,541377,NMS
TV,Grupo Televisa S.A.B.,Communication Services,Small-Cap,1184782,NYQ
STAA,STAAR Surgical Company,Healthcare,Small-Cap,958954,NGM
WLTH,Wealthfront Corporation,Technology,Small-Cap,1534043,NMS
HYT,Blackrock Corporate High Yield ,Financial Services,Small-Cap,747172,NYQ
HQ,Horizon Quantum Holdings Ltd.,Technology,Small-Cap,639161,NCM
BLFS,"BioLife Solutions, Inc.",Healthcare,Small-Cap,722666,NCM
IART,Integra LifeSciences Holdings C,Healthcare,Small-Cap,1005645,NMS
VET,Vermilion Energy Inc.,Energy,Small-Cap,1555561,NYQ
SGML,Sigma Lithium Corporation,Basic Materials,Small-Cap,3245606,NCM
AMRC,"Ameresco, Inc.",Industrials,Small-Cap,599920,NYQ
ORC,"Orchid Island Capital, Inc.",Real Estate,Small-Cap,5422229,NYQ
ARI,Apollo Commercial Real Estate F,Real Estate,Small-Cap,2217935,NYQ
BLKB,"Blackbaud, Inc.",Technology,Small-Cap,786079,NMS
XERS,"Xeris Biopharma Holdings, Inc.",Healthcare,Small-Cap,1776522,NMS
OLPX,"Olaplex Holdings, Inc.",Consumer Cyclical,Small-Cap,5578398,NMS
AGRO,Adecoagro S.A.,Consumer Defensive,Small-Cap,1107019,NYQ
ATEC,"Alphatec Holdings, Inc.",Healthcare,Small-Cap,3531795,NMS
FMC,FMC Corporation,Basic Materials,Small-Cap,3570130,NYQ
SFL,SFL Corporation Ltd,Industrials,Small-Cap,1467303,NYQ
SBH,"Sally Beauty Holdings, Inc. (Na",Consumer Cyclical,Small-Cap,1517208,NYQ
GLOB,Globant S.A.,Technology,Small-Cap,1890248,NYQ
WYFI,"WhiteFiber, Inc.",Technology,Small-Cap,1847416,NCM
HLF,Herbalife Ltd.,Consumer Defensive,Small-Cap,1521851,NYQ
OMDA,"Omada Health, Inc.",Healthcare,Small-Cap,1057253,NMS
BORR,Borr Drilling Limited,Energy,Small-Cap,8069753,NYQ
CAPR,"Capricor Therapeutics, Inc.",Healthcare,Small-Cap,1161103,NMS
BV,"BrightView Holdings, Inc.",Industrials,Small-Cap,633532,NYQ
LAC,Lithium Americas Corp.,Basic Materials,Small-Cap,11058841,NYQ
LAR,Lithium Argentina AG,Basic Materials,Small-Cap,2675170,NYQ
AVLN,Avalyn Pharma Inc.,Healthcare,Small-Cap,564245,NMS
PRCT,PROCEPT BioRobotics Corporation,Healthcare,Small-Cap,1552961,NGM
YSWY,"Yesway, Inc.",Consumer Defensive,Small-Cap,739646,NMS
JBIO,"Jade Biosciences, Inc.",Healthcare,Small-Cap,992641,NCM
WWW,"Wolverine World Wide, Inc.",Consumer Cyclical,Small-Cap,1098558,NYQ
ECVT,Ecovyst Inc.,Basic Materials,Small-Cap,1987167,NYQ
INSP,"Inspire Medical Systems, Inc.",Healthcare,Small-Cap,1171858,NYQ
DOLE,Dole plc,Consumer Defensive,Small-Cap,1081058,NYQ
AMN,AMN Healthcare Services Inc,Healthcare,Small-Cap,1041269,NYQ
TDAY,"USA TODAY Co., Inc.",Communication Services,Small-Cap,1684838,NYQ
UMH,"UMH Properties, Inc.",Real Estate,Small-Cap,714098,NYQ
TWO,Two Harbors Investment Corp,Real Estate,Small-Cap,2117964,NYQ
MSDL,N/A,Financial Services,Small-Cap,649238,NYQ
CMP,Compass Minerals Intl Inc,Basic Materials,Small-Cap,641561,NYQ
AOSL,Alpha and Omega Semiconductor L,Technology,Small-Cap,1026953,NMS
ENVX,Enovix Corporation,Industrials,Small-Cap,6630820,NMS
MBC,"MasterBrand, Inc.",Consumer Cyclical,Small-Cap,3320990,NYQ
LADR,Ladder Capital Corp,Real Estate,Small-Cap,945059,NYQ
ACVA,ACV Auctions Inc.,Consumer Cyclical,Small-Cap,3277250,NYQ
ARDX,"Ardelyx, Inc.",Healthcare,Small-Cap,3983001,NGM
EPC,Edgewell Personal Care Company,Consumer Defensive,Small-Cap,899717,NYQ
RES,"RPC, Inc.",Energy,Small-Cap,1975132,NYQ
CEVA,"CEVA, Inc.",Technology,Small-Cap,843988,NMS
HLX,"Helix Energy Solutions Group, I",Energy,Small-Cap,1797566,NYQ
MNKD,MannKind Corporation,Healthcare,Small-Cap,5560770,NGM
LWLG,"Lightwave Logic, Inc.",Basic Materials,Small-Cap,8064575,NCM
IAUX,i-80 Gold Corp.,Basic Materials,Small-Cap,12606374,ASE
SMPL,The Simply Good Foods Company,Consumer Defensive,Small-Cap,2897404,NCM
DCH,Dauch Corporation,Consumer Cyclical,Small-Cap,4302677,NYQ
CXM,"Sprinklr, Inc.",Technology,Small-Cap,4272996,NYQ
SVRA,"Savara, Inc.",Healthcare,Small-Cap,1569553,NMS
CRVS,"Corvus Pharmaceuticals, Inc.",Healthcare,Small-Cap,1507001,NGM
QDEL,QuidelOrtho Corporation,Healthcare,Small-Cap,2324046,NMS
LU,Lufax Holding Ltd,Financial Services,Small-Cap,1367391,NYQ
JFR,Nuveen Floating Rate Income Fun,Financial Services,Small-Cap,657895,NYQ
NMZ,Nuveen Municipal High Income Op,Financial Services,Small-Cap,637422,NYQ
GOLD,"Gold.com, Inc.",Financial Services,Small-Cap,520914,NYQ
EVC,Entravision Communications Corp,Communication Services,Small-Cap,2745725,NYQ
CBRL,Cracker Barrel Old Country Stor,Consumer Cyclical,Small-Cap,1286104,NMS
RZLV,Rezolve AI PLC,Technology,Small-Cap,16545159,NGM
SDGR,"Schrodinger, Inc.",Healthcare,Small-Cap,1500585,NMS
CCO,"Clear Channel Outdoor Holdings,",Communication Services,Small-Cap,7013554,NYQ
ALVO,Alvotech,Healthcare,Small-Cap,682193,NGM
NMAX,"Newsmax, Inc.",Communication Services,Small-Cap,1951316,NYQ
AZTA,"Azenta, Inc.",Healthcare,Small-Cap,1108448,NMS
UPBD,"Upbound Group, Inc.",Technology,Small-Cap,909004,NMS
NPKI,NPK International Inc.,Industrials,Small-Cap,976862,NYQ
GCT,GigaCloud Technology Inc,Technology,Small-Cap,770051,NGM
KOS,Kosmos Energy Ltd.,Energy,Small-Cap,15796787,NYQ
ARHS,"Arhaus, Inc.",Consumer Cyclical,Small-Cap,1402233,NMS
SID,Companhia Siderurgica Nacional ,Basic Materials,Small-Cap,4050906,NYQ
MGTX,MeiraGTx Holdings plc,Healthcare,Small-Cap,989314,NMS
PZZA,"Papa John's International, Inc.",Consumer Cyclical,Small-Cap,1056830,NMS
PDM,"Piedmont Realty Trust, Inc.",Real Estate,Small-Cap,1267922,NYQ
NAT,Nordic American Tankers Limited,Energy,Small-Cap,4364595,NYQ
HTLD,"Heartland Express, Inc.",Industrials,Small-Cap,563648,NMS
VYX,NCR Voyix Corporation,Technology,Small-Cap,2469935,NYQ
FINV,FinVolution Group,Financial Services,Small-Cap,987748,NYQ
AVNS,"Avanos Medical, Inc.",Healthcare,Small-Cap,1634874,NYQ
PSEC,Prospect Capital Corporation,Financial Services,Small-Cap,5670451,NMS
CRF,33138,Financial Services,Small-Cap,1138714,ASE
OPK,"Opko Health, Inc.",Healthcare,Small-Cap,2695669,NMS
ENOV,Enovis Corporation,Healthcare,Small-Cap,1095608,NYQ
BLDP,"Ballard Power Systems, Inc.",Industrials,Small-Cap,8604985,NGM
EVLV,"Evolv Technologies Holdings, In",Industrials,Small-Cap,2840108,NCM
DRTS,Alpha Tau Medical Ltd.,Healthcare,Small-Cap,821564,NCM
UAMY,United States Antimony Corporat,Basic Materials,Small-Cap,11019764,NYQ
ABTC,American Bitcoin Corp.,Financial Services,Small-Cap,15485629,NCM
XNCR,"Xencor, Inc.",Healthcare,Small-Cap,822000,NGM
VZLA,Vizsla Silver Corp.,Basic Materials,Small-Cap,6463177,ASE
AORT,"Artivion, Inc.",Healthcare,Small-Cap,760833,NYQ
AMPL,"Amplitude, Inc.",Technology,Small-Cap,2520040,NCM
XIFR,"XPLR Infrastructure, LP",Utilities,Small-Cap,993445,NYQ
OCFC,OceanFirst Financial Corp.,Financial Services,Small-Cap,929916,NMS
ORIC,"Oric Pharmaceuticals, Inc.",Healthcare,Small-Cap,1640508,NMS
LZ,"LegalZoom.com, Inc.",Industrials,Small-Cap,2810266,NMS
WVE,Wave Life Sciences Ltd.,Healthcare,Small-Cap,3798869,NGM
ASM,Avino Silver & Gold Mines Ltd.,Basic Materials,Small-Cap,4401670,ASE
ABR,Arbor Realty Trust,Real Estate,Small-Cap,4183445,NYQ
ABX,"Abacus Global Management, Inc.",Financial Services,Small-Cap,584719,NYQ
CIM,Chimera Investment Corporation,Real Estate,Small-Cap,699400,NYQ
UPWK,Upwork Inc.,Communication Services,Small-Cap,4066812,NMS
LMRI,"Lumexa Imaging Holdings, Inc.",Healthcare,Small-Cap,894441,NMS
NHP,"National Healthcare Properties,",Real Estate,Small-Cap,1127934,NGM
GPRE,"Green Plains, Inc.",Basic Materials,Small-Cap,1492335,NMS
UMAC,"Unusual Machines, Inc.",Technology,Small-Cap,6103616,ASE
TUYA,Tuya Inc.,Technology,Small-Cap,1033527,NYQ
ARRY,"Array Technologies, Inc.",Technology,Small-Cap,5716100,NGM
AVEX,AEVEX Corp.,Industrials,Small-Cap,3048560,NYQ
EYPT,"EyePoint, Inc.",Healthcare,Small-Cap,1071769,NGM
SBET,"SharpLink, Inc.",Financial Services,Small-Cap,8710583,NCM
ADTN,"ADTRAN Holdings, Inc.",Technology,Small-Cap,2669227,NMS
AVO,"Mission Produce, Inc.",Consumer Defensive,Small-Cap,1384169,NMS
GSBD,"Goldman Sachs BDC, Inc.",Financial Services,Small-Cap,1196258,NYQ
SVC,Service Properties Trust - Shar,Real Estate,Small-Cap,10982533,NMS
NNE,Nano Nuclear Energy Inc.,Industrials,Small-Cap,2790043,NCM
SG,"Sweetgreen, Inc.",Consumer Cyclical,Small-Cap,5290767,NYQ
TNDM,"Tandem Diabetes Care, Inc.",Healthcare,Small-Cap,2381419,NGM
MUX,McEwen Inc.,Basic Materials,Small-Cap,1196364,NYQ
CFFN,"Capitol Federal Financial, Inc.",Financial Services,Small-Cap,831206,NMS
OCSL,Oaktree Specialty Lending Corpo,Financial Services,Small-Cap,851119,NMS
CRON,Cronos Group Inc. Common Share,Healthcare,Small-Cap,1534075,NGM
KDK,"Kodiak AI, Inc.",Technology,Small-Cap,1163462,NGM
BKSY,BlackSky Technology Inc.,Industrials,Small-Cap,2301219,NYQ
CGEM,"Cullinan Therapeutics, Inc.",Healthcare,Small-Cap,1082501,NMS
CSIQ,Canadian Solar Inc.,Technology,Small-Cap,2997982,NMS
VLRS,Controladora Vuela Compania de ,Industrials,Small-Cap,600570,NYQ
OLMA,"Olema Pharmaceuticals, Inc.",Healthcare,Small-Cap,1382682,NMS
BTX,BlackRock Technology and Privat,Financial Services,Small-Cap,774412,NYQ
CERT,"Certara, Inc.",Healthcare,Small-Cap,4035096,NMS
LXRX,"Lexicon Pharmaceuticals, Inc.",Healthcare,Small-Cap,3156208,NCM
GDRX,"GoodRx Holdings, Inc.",Healthcare,Small-Cap,1537032,NMS
TROX,Tronox Holdings plc,Basic Materials,Small-Cap,2951824,NYQ
IQ,"iQIYI, Inc.",Communication Services,Small-Cap,7609954,NMS
ALOY,REalloys Inc.,Basic Materials,Small-Cap,2398259,NCM
NAK,"Northern Dynasty Minerals, Ltd.",Basic Materials,Small-Cap,8308364,ASE
CRSR,"Corsair Gaming, Inc.",Technology,Small-Cap,2438653,NMS
FSCO,N/A,Financial Services,Small-Cap,1073817,NYQ
SLDB,Solid Biosciences Inc.,Healthcare,Small-Cap,1633143,NMS
GILT,Gilat Satellite Networks Ltd.,Technology,Small-Cap,892500,NMS
LPTH,"LightPath Technologies, Inc.",Technology,Small-Cap,3700364,NCM
VOR,Vor Biopharma Inc.,Healthcare,Small-Cap,1191308,NMS
ACDC,ProFrac Holding Corp.,Energy,Small-Cap,1381746,NMS
SANA,"Sana Biotechnology, Inc.",Healthcare,Small-Cap,3952391,NMS
GO,Grocery Outlet Holding Corp.,Consumer Defensive,Small-Cap,3103564,NMS
WSR,Whitestone REIT,Real Estate,Small-Cap,653496,NYQ
PCRX,"Pacira BioSciences, Inc.",Healthcare,Small-Cap,522420,NMS
PMT,PennyMac Mortgage Investment Tr,Real Estate,Small-Cap,1277906,NYQ
ASST,"Strive, Inc.",Financial Services,Small-Cap,4538791,NGM
MFA,"MFA Financial, Inc.",Real Estate,Small-Cap,1520141,NYQ
AVR,Anteris Technologies Global Cor,Healthcare,Small-Cap,1127062,NGM
BLZE,"Backblaze, Inc.",Technology,Small-Cap,3053927,NGM
GRPN,"Groupon, Inc.",Communication Services,Small-Cap,2045298,NMS
INDI,"indie Semiconductor, Inc.",Technology,Small-Cap,5794793,NCM
KURA,"Kura Oncology, Inc.",Healthcare,Small-Cap,1700877,NMS
DEC,Diversified Energy Company,Energy,Small-Cap,942498,NYQ
CCXI,Churchill Capital Corp XI,Financial Services,Small-Cap,999137,NGM
BAK,Braskem SA,Basic Materials,Small-Cap,2569922,NYQ
REPL,"Replimune Group, Inc.",Healthcare,Small-Cap,7927875,NMS
ABUS,Arbutus Biopharma Corporation,Healthcare,Small-Cap,1997937,NMS
RVI,Robinhood Ventures Fund I,Financial Services,Small-Cap,761767,NYQ
AGNT,"AGNT, Inc.",Real Estate,Small-Cap,1239443,NGM
CRCT,"Cricut, Inc.",Technology,Small-Cap,522775,NMS
GOOS,Canada Goose Holdings Inc. Subo,Consumer Cyclical,Small-Cap,559377,NYQ
HIVE,HIVE Digital Technologies Ltd,Financial Services,Small-Cap,28323359,NCM
JBGS,JBG SMITH Properties,Real Estate,Small-Cap,574845,NYQ
DSGN,"Design Therapeutics, Inc.",Healthcare,Small-Cap,915145,NMS
BUR,Burford Capital Limited,Financial Services,Small-Cap,2895990,NYQ
AVTX,"Avalo Therapeutics, Inc.",Healthcare,Small-Cap,1949148,NCM
MITK,"Mitek Systems, Inc.",Technology,Small-Cap,1173011,NCM
KODK,Eastman Kodak Company,Industrials,Small-Cap,1230358,NYQ
ANNX,"Annexon, Inc.",Healthcare,Small-Cap,2938741,NMS
ARKO,ARKO Corp.,Consumer Cyclical,Small-Cap,964609,NCM
RERE,ATRenew Inc.,Consumer Cyclical,Small-Cap,1039701,NYQ
BBDC,"Barings BDC, Inc.",Financial Services,Small-Cap,735538,NYQ
JMIA,Jumia Technologies AG,Consumer Cyclical,Small-Cap,2422440,NYQ
JANX,"Janux Therapeutics, Inc.",Healthcare,Small-Cap,1110235,NGM
AMPH,"Amphastar Pharmaceuticals, Inc.",Healthcare,Small-Cap,617980,NMS
TDUP,ThredUp Inc.,Consumer Cyclical,Small-Cap,2374114,NMS
NXDR,"Nextdoor Holdings, Inc.",Communication Services,Small-Cap,2887575,NYQ
IMSR,Terrestrial Energy Inc.,Utilities,Small-Cap,2927653,NMS
MOMO,Hello Group Inc.,Communication Services,Small-Cap,719074,NMS
QNST,"QuinStreet, Inc.",Communication Services,Small-Cap,795504,NMS
TBPH,"Theravance Biopharma, Inc.",Healthcare,Small-Cap,518019,NGM
WGO,"Winnebago Industries, Inc.",Consumer Cyclical,Small-Cap,750546,NYQ
EVER,"EverQuote, Inc.",Communication Services,Small-Cap,888046,NGM
EVEX,"Eve Holding, Inc.",Industrials,Small-Cap,1234553,NYQ
SUPV,Grupo Supervielle S.A.,Financial Services,Small-Cap,804366,NYQ
HPP,"Hudson Pacific Properties, Inc.",Real Estate,Small-Cap,1234303,NYQ
IVA,Inventiva S.A. - American Depos,Healthcare,Small-Cap,692369,NGM
TALK,"Talkspace, Inc.",Healthcare,Small-Cap,1921732,NCM
CODI,D/B/A Compass Diversified Holdi,Industrials,Small-Cap,1023038,NYQ
TK,Teekay Corporation Ltd.,Energy,Small-Cap,588767,NYQ
PHK,Pimco High Income Fund Pimco Hi,Financial Services,Small-Cap,667667,NYQ
DQ,DAQO New Energy Corp.,Technology,Small-Cap,934725,NYQ
OXLC,Oxford Lane Capital Corp.,Financial Services,Small-Cap,1043032,NGM
LCLN,"Lincoln International, Inc.",Financial Services,Small-Cap,754293,NYQ
JKS,JinkoSolar Holding Company Limi,Technology,Small-Cap,818741,NYQ
PSIX,"Power Solutions International, ",Industrials,Small-Cap,729201,NCM
INMD,InMode Ltd.,Healthcare,Small-Cap,833200,NMS
HPK,"HighPeak Energy, Inc.",Energy,Small-Cap,828174,NGM
PHAT,"Phathom Pharmaceuticals, Inc.",Healthcare,Small-Cap,1194366,NMS
METC,"Ramaco Resources, Inc.",Basic Materials,Small-Cap,1547048,NMS
SABR,Sabre Corporation,Technology,Small-Cap,5875669,NMS
ADAM,"Adamas Trust, Inc.",Real Estate,Small-Cap,829054,NMS
GTM,ZoomInfo Technologies Inc.,Technology,Small-Cap,12525946,NMS
BOT,"RoboStrategy, Inc.",Financial Services,Small-Cap,875875,NGM
MFIC,MidCap Financial Investment Cor,Financial Services,Small-Cap,714151,NMS
TIGR,UP Fintech Holding Limited,Financial Services,Small-Cap,4572391,NMS
HYLN,Hyliion Holdings Corp.,Consumer Cyclical,Small-Cap,4312791,ASE
FWRG,"First Watch Restaurant Group, I",Consumer Cyclical,Small-Cap,1362474,NMS
SATL,Satellogic Inc.,Industrials,Small-Cap,10029906,NCM
NAVI,Navient Corporation,Financial Services,Small-Cap,1145961,NMS
LDI,"loanDepot, Inc.",Financial Services,Small-Cap,1917872,NYQ
OCS,Oculis Holding AG,Healthcare,Small-Cap,706959,NGM
ZVRA,"Zevra Therapeutics, Inc.",Healthcare,Small-Cap,1573372,NMS
GERN,Geron Corporation,Healthcare,Small-Cap,15302838,NMS
ESPR,"Esperion Therapeutics, Inc.",Healthcare,Small-Cap,13223406,NGM
MNTN,"MNTN, Inc.",Technology,Small-Cap,1035701,NYQ
CYRX,"CryoPort, Inc.",Industrials,Small-Cap,777887,NCM
NRGV,"Energy Vault Holdings, Inc.",Utilities,Small-Cap,5318840,NYQ
GMRS,GMR Solutions Inc.,Healthcare,Small-Cap,1389174,NYQ
HNRG,Hallador Energy Company,Utilities,Small-Cap,932851,NCM
SPRY,"ARS Pharmaceuticals, Inc.",Healthcare,Small-Cap,1800262,NGM
ASPI,ASP Isotopes Inc.,Basic Materials,Small-Cap,5042895,NCM
ODD,ODDITY Tech Ltd.,Consumer Defensive,Small-Cap,1699041,NGM
CTMX,"CytomX Therapeutics, Inc.",Healthcare,Small-Cap,4456911,NMS
KOPN,Kopin Corporation,Technology,Small-Cap,8847874,NCM
WOOF,Petco Health and Wellness Compa,Consumer Cyclical,Small-Cap,1960070,NMS
IVR,INVESCO MORTGAGE CAPITAL INC,Real Estate,Small-Cap,2434837,NYQ
PD,"PagerDuty, Inc.",Technology,Small-Cap,2326295,NYQ
LXU,"LSB Industries, Inc.",Basic Materials,Small-Cap,1096524,NYQ
CLYM,"Climb Bio, Inc.",Healthcare,Small-Cap,1107130,NGM
SWIM,"Latham Group, Inc.",Industrials,Small-Cap,747274,NMS
BZH,"Beazer Homes USA, Inc.",Consumer Cyclical,Small-Cap,598595,NYQ
CGBD,"Carlyle Secured Lending, Inc.",Financial Services,Small-Cap,629654,NMS
ODV,Osisko Development Corp.,Basic Materials,Small-Cap,3163156,NYQ
BLMN,"Bloomin' Brands, Inc.",Consumer Cyclical,Small-Cap,2490553,NMS
DXYZ,Destiny Tech100 Inc.,Financial Services,Small-Cap,4365529,NYQ
PAR,PAR Technology Corporation,Technology,Small-Cap,1487312,NYQ
ACRS,"Aclaris Therapeutics, Inc.",Healthcare,Small-Cap,1550367,NMS
GGN,"GAMCO Global Gold, Natural Reso",Financial Services,Small-Cap,530545,ASE
BTQ,BTQ Technologies Corp.,Technology,Small-Cap,3835174,NGM
MAMA,"Mama's Creations, Inc.",Consumer Defensive,Small-Cap,547485,NCM
TRON,Tron Inc.,Consumer Cyclical,Small-Cap,903545,NCM
ONT,"Onterris, Inc.",Industrials,Small-Cap,622282,NYQ
PFLT,PennantPark Floating Rate Capit,Financial Services,Small-Cap,1074991,NYQ
SIBN,"SI-BONE, Inc.",Healthcare,Small-Cap,696120,NGM
EROC,"ERock, Inc.",Industrials,Small-Cap,3689243,NYQ
NEWP,New Pacific Metals Corp.,Basic Materials,Small-Cap,1038264,ASE
JBI,"Janus International Group, Inc.",Industrials,Small-Cap,1807116,NYQ
BBNX,"Beta Bionics, Inc.",Healthcare,Small-Cap,986153,NGM
NABL,"N-able, Inc.",Technology,Small-Cap,1808338,NYQ
SSYS,"Stratasys, Ltd.",Technology,Small-Cap,970919,NMS
WEST,Westrock Coffee Company,Consumer Defensive,Small-Cap,777796,NGM
ALLO,"Allogene Therapeutics, Inc.",Healthcare,Small-Cap,11330820,NMS
PRAA,"PRA Group, Inc.",Financial Services,Small-Cap,643651,NMS
UTZ,Utz Brands Inc,Consumer Defensive,Small-Cap,1919738,NYQ
INN,"Summit Hotel Properties, Inc.",Real Estate,Small-Cap,1452200,NYQ
CADL,"Candel Therapeutics, Inc.",Healthcare,Small-Cap,2088254,NGM
RSKD,Riskified Ltd.,Technology,Small-Cap,1019853,NYQ
EFOR,"Everforth, Inc.",Technology,Small-Cap,1328837,NYQ
JQC,Nuveen Credit Strategies Income,Financial Services,Small-Cap,641932,NYQ
FOXF,Fox Factory Holding Corp.,Consumer Cyclical,Small-Cap,561274,NMS
BRSP,"BrightSpire Capital, Inc.",Real Estate,Small-Cap,1231069,NYQ
CCOI,"Cogent Communications Holdings,",Communication Services,Small-Cap,1312961,NMS
VTEX,VTEX,Technology,Small-Cap,1521635,NYQ
SPIR,"Spire Global, Inc.",Industrials,Small-Cap,1977012,NYQ
AURA,"Aura Biosciences, Inc.",Healthcare,Small-Cap,614569,NGM
PRME,"Prime Medicine, Inc.",Healthcare,Small-Cap,2689206,NGM
NB,NioCorp Developments Ltd.,Basic Materials,Small-Cap,4114127,NGM
IMMX,"Immix Biopharma, Inc.",Healthcare,Small-Cap,1389059,NCM
HTZ,"Hertz Global Holdings, Inc",Industrials,Small-Cap,16004837,NMS
MAX,"MediaAlpha, Inc.",Communication Services,Small-Cap,630193,NYQ
LAES,SEALSQ Corp,Technology,Small-Cap,17397120,NMS
IGR,CBRE Clarion Global Real Estate,Financial Services,Small-Cap,559222,NYQ
HELE,Helen of Troy Limited,Consumer Defensive,Small-Cap,649803,NMS
OMER,Omeros Corporation,Healthcare,Small-Cap,1749474,NGM
AHRT,"AH Realty Trust, Inc.",Real Estate,Small-Cap,895770,NYQ
SOC,Sable Offshore Corp.,Energy,Small-Cap,7004548,NYQ
NMFC,New Mountain Finance Corporatio,Financial Services,Small-Cap,663820,NMS
IRWD,"Ironwood Pharmaceuticals, Inc.",Healthcare,Small-Cap,2300156,NMS
RGNX,REGENXBIO Inc.,Healthcare,Small-Cap,1757619,NMS
BVS,Bioventus Inc.,Healthcare,Small-Cap,601630,NMS
DNA,"Ginkgo Bioworks Holdings, Inc.",Healthcare,Small-Cap,1255909,NYQ
SWBI,"Smith & Wesson Brands, Inc.",Industrials,Small-Cap,703153,NMS
RLMD,"Relmada Therapeutics, Inc.",Healthcare,Small-Cap,1573224,NCM
SLI,Standard Lithium Ltd.,Basic Materials,Small-Cap,1798230,ASE
ANGX,"Angel Studios, Inc.",Communication Services,Small-Cap,1536835,NYQ
CRMD,CorMedix Inc.,Healthcare,Small-Cap,1313795,NGM
ALIT,"Alight, Inc.",Technology,Small-Cap,1353062,NYQ
FDMT,"4D Molecular Therapeutics, Inc.",Healthcare,Small-Cap,864790,NMS
PHR,"Phreesia, Inc.",Healthcare,Small-Cap,1562101,NYQ
CGNT,Cognyte Software Ltd.,Technology,Small-Cap,743920,NMS
SXC,"SunCoke Energy, Inc.",Basic Materials,Small-Cap,1512450,NYQ
IHRT,"iHeartMedia, Inc.",Communication Services,Small-Cap,1298961,NMS
VTS,"Vitesse Energy, Inc.",Energy,Small-Cap,552783,NYQ
TRTX,"TPG RE Finance Trust, Inc.",Real Estate,Small-Cap,618206,NYQ
ACHV,"Achieve Life Sciences, Inc.",Healthcare,Small-Cap,1953062,NCM
QNC,Quantum eMotion Corp.,Technology,Small-Cap,1626317,ASE
MEI,"Methode Electronics, Inc.",Technology,Small-Cap,927061,NYQ
NVRI,Enviri Corporation,Industrials,Small-Cap,1187508,NYQ
CNNE,"Cannae Holdings, Inc.",Consumer Cyclical,Small-Cap,507487,NYQ
EVH,"Evolent Health, Inc",Healthcare,Small-Cap,2728393,NYQ
SB,"Safe Bulkers, Inc",Industrials,Small-Cap,647493,NYQ
PUBM,"PubMatic, Inc.",Technology,Small-Cap,679633,NGM
DNUT,"Krispy Kreme, Inc.",Consumer Defensive,Small-Cap,2509414,NMS
VRRM,Verra Mobility Corporation,Technology,Small-Cap,6161024,NCM
GROY,Gold Royalty Corp.,Basic Materials,Small-Cap,1929254,ASE
WHK,WhiteHawk Minerals Corp,Energy,Small-Cap,670457,NYQ
FISN,"Deep Fission, Inc.",Industrials,Small-Cap,883950,NGM
CARS,Cars.com Inc.,Communication Services,Small-Cap,886530,NYQ
STTK,"Shattuck Labs, Inc.",Healthcare,Small-Cap,1000543,NMS
BTBT,"Bit Digital, Inc.",Financial Services,Small-Cap,25283114,NCM
FBRT,"Franklin BSP Realty Trust, Inc.",Real Estate,Small-Cap,980130,NYQ
ALT,"Altimmune, Inc.",Healthcare,Small-Cap,4236106,NGM
NRDS,"NerdWallet, Inc.",Communication Services,Small-Cap,863730,NGM
GSM,Ferroglobe PLC,Basic Materials,Small-Cap,1374814,NCM
SCZM,Santacruz Silver Mining Ltd.,Basic Materials,Small-Cap,501479,NCM
NFGC,New Found Gold Corp,Basic Materials,Small-Cap,1653559,ASE
ILPT,Industrial Logistics Properties,Real Estate,Small-Cap,522943,NMS
RPD,"Rapid7, Inc.",Technology,Small-Cap,2171158,NGM
BTGO,"BitGo Holdings, Inc.",Financial Services,Small-Cap,1344096,NYQ
CERS,Cerus Corporation,Healthcare,Small-Cap,2567558,NGM
AIIO,Robo.ai Inc.,Consumer Cyclical,Small-Cap,13375014,NCM
EVGO,EVgo Inc.,Consumer Cyclical,Small-Cap,4069703,NMS
CTKB,"Cytek Biosciences, Inc.",Healthcare,Small-Cap,1326153,NMS
PACK,Ranpak Holdings Corp,Consumer Cyclical,Small-Cap,618232,NYQ
TMQ,Trilogy Metals Inc.,Basic Materials,Small-Cap,2458704,ASE
GPRK,Geopark Ltd,Energy,Small-Cap,726101,NYQ
RWT,"Redwood Trust, Inc.",Real Estate,Small-Cap,1471924,NYQ
SLDP,"Solid Power, Inc.",Consumer Cyclical,Small-Cap,6680085,NMS
XMAX,"XMAX, Inc.",Consumer Cyclical,Small-Cap,1413993,NCM
ASC,Ardmore Shipping Corporation,Industrials,Small-Cap,682574,NYQ
MDXG,"MiMedx Group, Inc",Healthcare,Small-Cap,1570972,NCM
GEMI,"Gemini Space Station, Inc.",Financial Services,Small-Cap,2146024,NMS
AIOT,"PowerFleet, Inc.",Technology,Small-Cap,1672917,NGM
SMWB,Similarweb Ltd.,Technology,Small-Cap,818317,NYQ
ELMT,The Elmet Group Co.,Industrials,Small-Cap,931297,NCM
GRNT,"Granite Ridge Resources, Inc.",Energy,Small-Cap,986983,NYQ
RMAX,"RE/MAX Holdings, Inc.",Real Estate,Small-Cap,728787,NYQ
PROK,ProKidney Corp.,Healthcare,Small-Cap,1129796,NCM
KLC,"KinderCare Learning Companies, ",Consumer Defensive,Small-Cap,1005198,NYQ
DC,Dakota Gold Corp.,Basic Materials,Small-Cap,1436301,ASE
MYGN,"Myriad Genetics, Inc.",Healthcare,Small-Cap,1632937,NMS
BETR,Better Home & Finance Holding C,Financial Services,Small-Cap,523812,NGM
CLPT,ClearPoint Neuro Inc.,Healthcare,Small-Cap,718522,NCM
BDN,Brandywine Realty Trust,Real Estate,Small-Cap,1921390,NYQ
GRRR,Gorilla Technology Group Inc.,Technology,Small-Cap,1307325,NCM
HUYA,HUYA Inc.,Communication Services,Small-Cap,1000493,NYQ
ETD,Ethan Allen Interiors Inc.,Consumer Cyclical,Small-Cap,569061,NYQ
SERV,Serve Robotics Inc.,Industrials,Small-Cap,4710958,NCM
TOI,"The Oncology Institute, Inc.",Healthcare,Small-Cap,1724817,NCM
THM,"International Tower Hill Mines,",Basic Materials,Small-Cap,1119100,ASE
OSPN,OneSpan Inc.,Technology,Small-Cap,511414,NCM
MRLN,"Merlin, Inc.",Industrials,Small-Cap,2583554,NGM
PACB,Pacific Biosciences of Californ,Healthcare,Small-Cap,6283056,NMS
WNC,Wabash National Corporation,Industrials,Small-Cap,841477,NYQ
URG,Ur Energy Inc,Energy,Small-Cap,11467235,ASE
TLRY,"Tilray Brands, Inc.",Healthcare,Small-Cap,4866432,NMS
SFIX,"Stitch Fix, Inc.",Consumer Cyclical,Small-Cap,2071879,NMS
FIP,FTAI Infrastructure Inc.,Industrials,Small-Cap,1029927,NMS
AQST,"Aquestive Therapeutics, Inc.",Healthcare,Small-Cap,1740337,NGM
ARVN,"Arvinas, Inc.",Healthcare,Small-Cap,846814,NMS
CLB,Core Laboratories Inc.,Energy,Small-Cap,712911,NYQ
OBE,Obsidian Energy Ltd.,Energy,Small-Cap,1005846,ASE
EGY,"VAALCO Energy, Inc.",Energy,Small-Cap,1457906,NYQ
VITL,"Vital Farms, Inc.",Consumer Defensive,Small-Cap,3218324,NGM
NUAI,"New Era Energy & Digital, Inc.",Technology,Small-Cap,7825637,NGM
MRAM,"Everspin Technologies, Inc.",Technology,Small-Cap,3523403,NGM
GDYN,"Grid Dynamics Holdings, Inc.",Technology,Small-Cap,2316570,NCM
RYAM,Rayonier Advanced Materials Inc,Basic Materials,Small-Cap,1090150,NYQ
CRNC,Cerence Inc.,Technology,Small-Cap,998820,NMS
EROK,"EagleRock Land, LLC",Energy,Small-Cap,521117,NYQ
MNRO,"Monro, Inc.",Consumer Cyclical,Small-Cap,1094570,NMS
KYTX,"Kyverna Therapeutics, Inc.",Healthcare,Small-Cap,1099030,NMS
WEAV,"Weave Communications, Inc.",Healthcare,Small-Cap,1238651,NYQ
EH,EHang Holdings Limited,Industrials,Small-Cap,948558,NGM
ECC,Eagle Point Credit Company Inc.,Financial Services,Small-Cap,1052664,NYQ
NMG,Nouveau Monde Graphite Inc.,Basic Materials,Small-Cap,1184395,NYQ
EDIT,"Editas Medicine, Inc.",Healthcare,Small-Cap,2389967,NMS
WRN,Western Copper and Gold Corpora,Basic Materials,Small-Cap,2087340,ASE
PRTA,Prothena Corporation plc,Healthcare,Small-Cap,526917,NMS
OCGN,"Ocugen, Inc.",Healthcare,Small-Cap,7854879,NCM
GAU,Galiano Gold Inc.,Basic Materials,Small-Cap,3065901,ASE
OVID,Ovid Therapeutics Inc.,Healthcare,Small-Cap,2860470,NCM
CYH,"Community Health Systems, Inc.",Healthcare,Small-Cap,1670606,NYQ
ARQQ,Arqit Quantum Inc.,Technology,Small-Cap,852480,NCM
TWI,"Titan International, Inc. (DE)",Industrials,Small-Cap,632617,NYQ
BMBL,Bumble Inc.,Communication Services,Small-Cap,3547509,NMS
OPTX,"Syntec Optics Holdings, Inc.",Technology,Small-Cap,1279979,NCM
CTGO,Contango Silver & Gold Inc.,Basic Materials,Small-Cap,542140,ASE
ASPN,"Aspen Aerogels, Inc.",Industrials,Small-Cap,1685356,NYQ
YEXT,"Yext, Inc.",Technology,Small-Cap,1633261,NYQ
ECX,ECARX Holdings Inc.,Consumer Cyclical,Small-Cap,1774356,NGM
CABA,"Cabaletta Bio, Inc.",Healthcare,Small-Cap,4456345,NMS
DDD,3D Systems Corporation,Technology,Small-Cap,4532145,NYQ
SPT,"Sprout Social, Inc",Technology,Small-Cap,1518216,NCM
VELO,"Velo3D, Inc.",Technology,Small-Cap,3812858,NCM
PAYS,"Paysign, Inc.",Technology,Small-Cap,765698,NCM
CCCC,"C4 Therapeutics, Inc.",Healthcare,Small-Cap,3291500,NMS
CWH,"Camping World Holdings, Inc.",Consumer Cyclical,Small-Cap,2851532,NYQ
RZLT,"Rezolute, Inc.",Healthcare,Small-Cap,1852508,NCM
OIS,"Oil States International, Inc.",Energy,Small-Cap,842767,NYQ
ZURA,Zura Bio Limited,Healthcare,Small-Cap,1028012,NCM
ARTV,"Artiva Biotherapeutics, Inc.",Healthcare,Small-Cap,589891,NGM
GOGO,Gogo Inc.,Communication Services,Small-Cap,1878300,NMS
BBBY,"Bed Bath & Beyond, Inc.",N/A,Small-Cap,3498458,NYQ
ALTO,"Alto Ingredients, Inc.",Basic Materials,Small-Cap,2250324,NCM
EVMN,"Evommune, Inc.",Healthcare,Small-Cap,642193,NYQ
SGMT,Sagimet Biosciences Inc. - Seri,Healthcare,Small-Cap,1806154,NGM
TASK,"TaskUs, Inc.",Technology,Small-Cap,622474,NMS
RR,Richtech Robotics Inc.,Industrials,Small-Cap,11460061,NCM
DGXX,Digi Power X Inc.,Utilities,Small-Cap,10769335,NCM
VVR,Invesco Senior Income Trust  (D,Financial Services,Small-Cap,837898,NYQ
ERII,"Energy Recovery, Inc.",Industrials,Small-Cap,1126767,NMS
WTI,"W&T Offshore, Inc.",Energy,Small-Cap,6646880,NYQ
KREF,KKR Real Estate Finance Trust I,Real Estate,Small-Cap,1205217,NYQ
SRTA,"Strata Critical Medical, Inc.",Healthcare,Small-Cap,1069801,NCM
ITRG,Integra Resources Corp.,Basic Materials,Small-Cap,2984054,ASE
CLNE,Clean Energy Fuels Corp.,Energy,Small-Cap,1416909,NMS
SWMR,"Swarmer, Inc",Technology,Small-Cap,791793,NCM
FWRD,Forward Air Corporation,Industrials,Small-Cap,1368219,NMS
OSS,"One Stop Systems, Inc.",Technology,Small-Cap,1691990,NCM
EOLS,"Evolus, Inc. Common Stock",Healthcare,Small-Cap,821529,NGM
BLND,"Blend Labs, Inc.",Technology,Small-Cap,3529461,NYQ
IMXI,"International Money Express, In",Technology,Small-Cap,557656,NCM
CGC,Canopy Growth Corporation,Healthcare,Small-Cap,9830609,NMS
IPSC,"Century Therapeutics, Inc.",Healthcare,Small-Cap,1295012,NCM
QMCO,Quantum Corporation,Technology,Small-Cap,992140,NGM
SVCO,"Silvaco Group, Inc.",Technology,Small-Cap,518774,NMS
EBS,Emergent BioSolutions Inc.,Healthcare,Small-Cap,806025,NYQ
AIV,Apartment Investment and Manage,Real Estate,Small-Cap,1472050,NYQ
PANL,Pangaea Logistics Solutions Ltd,Industrials,Small-Cap,589390,NCM
CCRN,"Cross Country Healthcare, Inc.",Healthcare,Small-Cap,692074,NMS
REAX,"The Real Brokerage, Inc.",Real Estate,Small-Cap,3674687,NCM
BCAR,D. Boral ARC Acquisition I Corp,Financial Services,Small-Cap,605296,NGM
OPTU,"Optimum Communications, Inc.",Communication Services,Small-Cap,9921024,NYQ
INV,"Innventure, Inc.",Financial Services,Small-Cap,2319346,NGM
AUTL,Autolus Therapeutics plc,Healthcare,Small-Cap,1393004,NMS
HNST,"The Honest Company, Inc.",Consumer Defensive,Small-Cap,1627833,NMS
CAL,"Caleres, Inc.",Consumer Cyclical,Small-Cap,662245,NYQ
RBBN,Ribbon Communications Inc.,Technology,Small-Cap,1012335,NMS
SHOE,"Shoe Station Group, Inc.",Consumer Cyclical,Small-Cap,506719,NMS
GTN,"Gray Media, Inc.",Communication Services,Small-Cap,1362869,NYQ
UROY,Uranium Royalty Corp.,Energy,Small-Cap,2524296,NCM
ASTL,Algoma Steel Group Inc.,Basic Materials,Small-Cap,1120814,NGM
XRX,Xerox Holdings Corporation,Industrials,Small-Cap,6645811,NMS
CNCK,Coincheck Group N.V.,Financial Services,Small-Cap,1069270,NGM
PLAY,"Dave & Buster's Entertainment, ",Communication Services,Small-Cap,1819145,NMS
MVST,"Microvast Holdings, Inc.",Consumer Cyclical,Small-Cap,4553735,NCM
SHMD,SCHMID Group N.V.,Industrials,Small-Cap,1057982,NGM
UPB,"Upstream Bio, Inc.",Healthcare,Small-Cap,603759,NMS
CATX,"Perspective Therapeutics, Inc.",Healthcare,Small-Cap,1630582,ASE
FVRR,Fiverr International Ltd.,Communication Services,Small-Cap,882219,NYQ
INDP,"Indaptus Therapeutics, Inc.",Healthcare,Small-Cap,1019600,NCM
CMPX,"Compass Therapeutics, Inc.",Healthcare,Small-Cap,8046848,NCM
HELP,Cybin Inc.,Healthcare,Small-Cap,1191638,NGM
BYND,"Beyond Meat, Inc.",Consumer Defensive,Small-Cap,57758929,NMS
XFOR,"X4 Pharmaceuticals, Inc.",Healthcare,Small-Cap,600319,NCM
RCKT,"Rocket Pharmaceuticals, Inc.",Healthcare,Small-Cap,2561972,NGM
BKKT,"Bakkt, Inc.",Technology,Small-Cap,1719388,NYQ
ALMU,"Aeluma, Inc.",Technology,Small-Cap,1697072,NCM
ABAT,American Battery Technology Com,Industrials,Small-Cap,6271974,NCM
AIRJ,AirJoule Technologies Corporati,Industrials,Small-Cap,1196851,NCM
LAND,Gladstone Land Corporation,Real Estate,Small-Cap,617074,NGM
RPAY,Repay Holdings Corporation,Technology,Small-Cap,1390841,NCM
LPRO,Open Lending Corporation,Financial Services,Small-Cap,2379440,NGM
TLS,Telos Corporation,Technology,Small-Cap,763512,NGM
VNDA,Vanda Pharmaceuticals Inc.,Healthcare,Small-Cap,1046025,NGM
SSTK,"Shutterstock, Inc.",Communication Services,Small-Cap,518377,NYQ
DUOT,"Duos Technologies Group, Inc.",Technology,Small-Cap,683348,NCM
PTLO,Portillo's Inc.,Consumer Cyclical,Small-Cap,1746529,NMS
VSTM,"Verastem, Inc.",Healthcare,Small-Cap,2452379,NCM
OEC,Orion S.A.,Basic Materials,Small-Cap,544698,NYQ
SPCE,"Virgin Galactic Holdings, Inc.",Industrials,Small-Cap,31754290,NYQ
SNDL,SNDL Inc.,Consumer Defensive,Small-Cap,2350298,NCM
CEPT,"Cantor Equity Partners II, Inc.",Financial Services,Small-Cap,766704,NGM
RILY,"BRC Group Holdings, Inc.",Financial Services,Small-Cap,1004101,NGM
SES,SES AI Corporation,Consumer Cyclical,Small-Cap,10073675,NYQ
GEVO,"Gevo, Inc.",Basic Materials,Small-Cap,3698729,NCM
TENX,"Tenax Therapeutics, Inc.",Healthcare,Small-Cap,869114,NCM
FATE,"Fate Therapeutics, Inc.",Healthcare,Small-Cap,3806290,NGM
ENHA,Enhanced Group Inc.,Consumer Defensive,Small-Cap,1490878,NYQ
ABEO,Abeona Therapeutics Inc.,Healthcare,Small-Cap,1158451,NCM
LXEO,"Lexeo Therapeutics, Inc.",Healthcare,Small-Cap,895969,NGM
CDZI,"Cadiz, Inc.",Utilities,Small-Cap,847606,NGM
FWDI,"Forward Industries, Inc.",Consumer Cyclical,Small-Cap,1185424,NCM
DVLT,Datavault AI Inc.,Technology,Small-Cap,42554391,NCM
IRD,"Opus Genetics, Inc.",Healthcare,Small-Cap,979393,NCM
IFRX,InflaRx N.V.,Healthcare,Small-Cap,2021164,NMS
PALI,"Palisade Bio, Inc.",Healthcare,Small-Cap,3816358,NCM
LZM,Lifezone Metals Limited,Basic Materials,Small-Cap,777109,NYQ
XPOF,"Xponential Fitness, Inc.",Consumer Cyclical,Small-Cap,581512,NYQ
CMTG,"Claros Mortgage Trust, Inc.",Real Estate,Small-Cap,551459,NYQ
LAB,Standard BioTools Inc.,Healthcare,Small-Cap,3843629,NMS
LRMR,"Larimar Therapeutics, Inc.",Healthcare,Small-Cap,2082140,NGM
LX,LexinFintech Holdings Ltd.,Financial Services,Small-Cap,1644329,NMS
JACK,Jack In The Box Inc.,Consumer Cyclical,Small-Cap,951398,NMS
BGS,"B&G Foods, Inc.",Consumer Defensive,Small-Cap,2016954,NYQ
TSSI,"TSS, Inc.",Technology,Small-Cap,1531090,NCM
IMRX,Immuneering Corporation,Healthcare,Small-Cap,1507324,NGM
LCTX,"Lineage Cell Therapeutics, Inc.",Healthcare,Small-Cap,1543983,ASE
CION,CION Investment Corporation,Financial Services,Small-Cap,576964,NYQ
AKBA,"Akebia Therapeutics, Inc.",Healthcare,Small-Cap,4762379,NCM
HRZN,Horizon Technology Finance Corp,Financial Services,Small-Cap,898351,NMS
GETY,"Getty Images Holdings, Inc.",Communication Services,Small-Cap,6620046,NYQ
CAES,"Cantor Equity Partners VII, Inc",Financial Services,Small-Cap,760172,NGM
ATOM,Atomera Incorporated,Technology,Small-Cap,2173777,NCM
FNKO,"Funko, Inc.",Consumer Cyclical,Small-Cap,714337,NMS
ZIP,"ZipRecruiter, Inc.",Communication Services,Small-Cap,819641,NYQ
QUIK,QuickLogic Corporation,Technology,Small-Cap,574167,NCM
ORGO,Organogenesis Holdings Inc.,Healthcare,Small-Cap,1558372,NCM
NNDM,Nano Dimension Ltd.,Technology,Small-Cap,3867117,NCM
AIRS,"AirSculpt Technologies, Inc.",Healthcare,Small-Cap,1083101,NGM
ZNTL,"Zentalis Pharmaceuticals, Inc.",Healthcare,Small-Cap,2254435,NGM
LODE,Comstock Inc.,Basic Materials,Small-Cap,1525512,ASE
ELDN,"Eledon Pharmaceuticals, Inc.",Healthcare,Small-Cap,1527035,NCM
NMRA,"Neumora Therapeutics, Inc.",Healthcare,Small-Cap,2285156,NMS
OSUR,"OraSure Technologies, Inc.",Healthcare,Small-Cap,640282,NMS
SABS,"SAB Biotherapeutics, Inc.",Healthcare,Small-Cap,850835,NCM
FUBO,fuboTV Inc.,Communication Services,Small-Cap,1739011,NYQ
HLLY,Holley Inc.,Consumer Cyclical,Small-Cap,819309,NYQ
RC,Ready Capital Corporation,Real Estate,Small-Cap,1632248,NYQ
TTGT,"TechTarget, Inc.",Technology,Small-Cap,534090,NMS
DBI,Designer Brands Inc.,Consumer Cyclical,Small-Cap,689822,NYQ
TOYO,"TOYO Co., Ltd",Technology,Small-Cap,608937,NCM
MGNX,"MacroGenics, Inc.",Healthcare,Small-Cap,1173104,NMS
LTBR,Lightbridge Corporation,Industrials,Small-Cap,929461,NCM
TCPC,BlackRock TCP Capital Corp.,Financial Services,Small-Cap,847291,NMS
OSG,"Octave Specialty Group, Inc.",Financial Services,Small-Cap,683785,NYQ
PDYN,Palladyne AI Corp.,Technology,Small-Cap,1856464,NGM
SSP,E.W. Scripps Company (The),Communication Services,Small-Cap,713185,NMS
GALT,Galectin Therapeutics Inc.,Healthcare,Small-Cap,586112,NCM
ALXO,ALX Oncology Holdings Inc.,Healthcare,Small-Cap,1425706,NMS
SENS,"Senseonics Holdings, Inc.",Healthcare,Small-Cap,859688,NMS
GSIT,"GSI Technology, Inc.",Technology,Small-Cap,1726667,NMS
REI,"Ring Energy, Inc.",Energy,Small-Cap,5618364,ASE
ORBS,Eightco Holdings Inc.,Consumer Cyclical,Small-Cap,20873704,NCM
TMCI,"Treace Medical Concepts, Inc.",Healthcare,Small-Cap,925259,NMS
TRX,TRX Gold Corporation,Basic Materials,Small-Cap,2916848,ASE
VGZ,Vista Gold Corp,Basic Materials,Small-Cap,1904650,ASE
ACH,"Accendra Health, Inc.",Healthcare,Small-Cap,816132,NYQ
OPRT,Oportun Financial Corporation,Financial Services,Small-Cap,503904,NMS
UIS,Unisys Corporation New,Technology,Small-Cap,916808,NYQ
POWW,Outdoor Holding Company,Industrials,Small-Cap,659777,NCM
SIGA,SIGA Technologies Inc.,Healthcare,Small-Cap,561256,NGM
SIDU,"Sidus Space, Inc.",Industrials,Micro-Cap,25328262,NCM
NAGE,"Niagen Bioscience, Inc.",Healthcare,Small-Cap,828664,NCM
EU,enCore Energy Corp.,Energy,Small-Cap,3035709,NCM
LTRX,"Lantronix, Inc.",Technology,Micro-Cap,1195825,NCM
CXDO,"Crexendo, Inc.",Communication Services,Micro-Cap,563811,NCM
EGHT,8x8 Inc,Technology,Small-Cap,1783062,NMS
DSX,Diana Shipping inc.,Industrials,Small-Cap,811259,NYQ
IKT,"Inhibikase Therapeutics, Inc.",Healthcare,Small-Cap,847470,NCM
NUS,"Nu Skin Enterprises, Inc.",Consumer Defensive,Micro-Cap,660016,NYQ
CMRC,"Commerce.com, Inc. - Series 1",Technology,Small-Cap,750377,NGM
GCTS,"GCT Semiconductor Holding, Inc.",Technology,Micro-Cap,6144856,NYQ
IVVD,"Invivyd, Inc.",Healthcare,Small-Cap,4376343,NGM
FOSL,"Fossil Group, Inc.",Consumer Cyclical,Micro-Cap,873717,NMS
DHY,146692,Financial Services,Micro-Cap,828488,ASE
FJET,"Starfighters Space, Inc.",Industrials,Micro-Cap,2186906,ASE
AIRO,"AIRO Group Holdings, Inc.",Industrials,Micro-Cap,566658,NGM
FULC,"Fulcrum Therapeutics, Inc.",Healthcare,Small-Cap,2265020,NGM
VFF,"Village Farms International, In",Consumer Defensive,Micro-Cap,1175516,NCM
PRQR,ProQR Therapeutics N.V.,Healthcare,Micro-Cap,918506,NCM
VLN,Valens Semiconductor Ltd.,Technology,Micro-Cap,3323851,NYQ
AVXL,Anavex Life Sciences Corp.,Healthcare,Small-Cap,1208774,NMS
ANGI,Angi Inc.,Communication Services,Micro-Cap,1244106,NMS
FLWS,"1-800-FLOWERS.COM, Inc.",Consumer Cyclical,Micro-Cap,833804,NMS
RWAY,Runway Growth Finance Corp.,Financial Services,Micro-Cap,689929,NMS
EVTL,Vertical Aerospace Ltd.,Industrials,Micro-Cap,3237004,NYQ
SITC,SITE Centers Corp.,Real Estate,Micro-Cap,728978,NYQ
NAUT,"Nautilus Biotechnology, Inc.",Healthcare,Micro-Cap,568448,NCM
CRNT,Ceragon Networks Ltd.,Technology,Micro-Cap,648914,NMS
VUZI,Vuzix Corporation,Technology,Micro-Cap,1849209,NCM
NBP,NovaBridge Biosciences,Healthcare,Micro-Cap,879446,NGM
CNDT,Conduent Incorporated,Technology,Micro-Cap,1342106,NMS
IMMR,Immersion Corporation,Technology,Micro-Cap,612248,NMS
PNNT,PennantPark Investment Corporat,Financial Services,Micro-Cap,802630,NYQ
STEX,Streamex Corp.,Financial Services,Micro-Cap,1604891,NCM
CNTN,"Canton Strategic Holdings, Inc.",Healthcare,Micro-Cap,890746,NCM
TARA,"Protara Therapeutics, Inc.",Healthcare,Micro-Cap,730870,NGM
SMRT,"SmartRent, Inc.",Technology,Micro-Cap,1628143,NYQ
TII,Titan Mining Corporation,Basic Materials,Micro-Cap,990482,ASE
CHRS,"Coherus Oncology, Inc.",Healthcare,Micro-Cap,1120724,NGM
WALD,Waldencast plc,Consumer Defensive,Micro-Cap,1382396,NCM
MWC,"Micware Co., Ltd.",Consumer Cyclical,Micro-Cap,1441326,NGM
ALEC,"Alector, Inc.",Healthcare,Micro-Cap,702093,NMS
NGEN,NervGen Pharma Corp.,Healthcare,Micro-Cap,791953,NCM
LFMD,"LifeMD, Inc.",Healthcare,Micro-Cap,1106453,NGM
OTLK,"Outlook Therapeutics, Inc.",Healthcare,Micro-Cap,18981196,NCM
VYGR,"Voyager Therapeutics, Inc.",Healthcare,Micro-Cap,581250,NMS
CDXS,"Codexis, Inc.",Healthcare,Micro-Cap,1135298,NMS
CAN,Canaan Inc.,Technology,Micro-Cap,10044245,NGM
AREC,American Resources Corporation,Basic Materials,Micro-Cap,3195650,NCM
RXST,"RxSight, Inc.",Healthcare,Micro-Cap,981751,NGM
QTTB,Q32 Bio Inc.,Healthcare,Micro-Cap,746600,NCM
NNBR,"NN, Inc.",Industrials,Small-Cap,3009272,NMS
IMPP,Imperial Petroleum Inc.,Energy,Micro-Cap,530850,NCM
CAST,"FreeCast, Inc.",Communication Services,Micro-Cap,9409374,NGM
HITI,High Tide Inc.,Healthcare,Micro-Cap,608800,NCM
QTRX,Quanterix Corporation,Healthcare,Micro-Cap,1238572,NGM
NKTX,"Nkarta, Inc.",Healthcare,Micro-Cap,783885,NMS
CGEN,Compugen Ltd.,Healthcare,Micro-Cap,502746,NCM
QSI,Quantum-Si Incorporated,Healthcare,Micro-Cap,6301853,NGM
LUCD,Lucid Diagnostics Inc.,Healthcare,Micro-Cap,1177895,NCM
EMBC,Embecta Corp.,Healthcare,Micro-Cap,2380553,NMS
GORO,Gold Resource Corporation,Basic Materials,Micro-Cap,2130633,ASE
SLNH,"Soluna Holdings, Inc.",Financial Services,Micro-Cap,22181125,NCM
DEFT,"Defi Technologies, Inc.",Financial Services,Micro-Cap,5041117,NCM
DPRO,Draganfly Inc.,Technology,Micro-Cap,1775814,NCM
EQ,"Equillium, Inc.",Healthcare,Micro-Cap,716420,NCM
FLYX,"flyExclusive, Inc.",Industrials,Micro-Cap,572601,ASE
BZAI,"Blaize Holdings, Inc.",Technology,Micro-Cap,8957211,NGM
GLDG,GoldMining Inc.,Basic Materials,Micro-Cap,1827561,ASE
PLX,"Protalix BioTherapeutics, Inc. ",Healthcare,Micro-Cap,731551,ASE
NRDY,Nerdy Inc.,Technology,Micro-Cap,664769,NYQ
THRY,"Thryv Holdings, Inc.",Technology,Micro-Cap,834451,NCM
BRCB,"Black Rock Coffee Bar, Inc.",Consumer Cyclical,Micro-Cap,610124,NGM
LENZ,"LENZ Therapeutics, Inc.",Healthcare,Micro-Cap,785341,NMS
HUMA,"Humacyte, Inc.",Healthcare,Micro-Cap,9991527,NMS
AMPG,"Amplitech Group, Inc.",Technology,Micro-Cap,4038501,NCM
ZONE,CleanCore Solutions Inc.,Industrials,Micro-Cap,2500791,ASE
PYXS,"Pyxis Oncology, Inc.",Healthcare,Micro-Cap,769529,NMS
KULR,"KULR Technology Group, Inc.",Technology,Micro-Cap,2324438,ASE
INHD,Inno Holdings Inc.,Basic Materials,Micro-Cap,5610256,NCM
PLG,Platinum Group Metals Ltd.,Basic Materials,Micro-Cap,1377440,ASE
ACB,Aurora Cannabis Inc.,Healthcare,Micro-Cap,1136240,NCM
CRBU,"Caribou Biosciences, Inc.",Healthcare,Micro-Cap,1909446,NMS
CURV,Torrid Holdings Inc.,Consumer Cyclical,Micro-Cap,529070,NYQ
SY,So-Young International Inc. - A,Healthcare,Micro-Cap,619877,NCM
TYGO,"Tigo Energy, Inc.",Technology,Micro-Cap,946498,NCM
EXFY,"Expensify, Inc.",Technology,Micro-Cap,1220459,NMS
INVZ,Innoviz Technologies Ltd.,Consumer Cyclical,Micro-Cap,3157901,NCM
NRXP,"NRX Pharmaceuticals, Inc.",Healthcare,Micro-Cap,1285332,NCM
CVGI,"Commercial Vehicle Group, Inc.",Consumer Cyclical,Micro-Cap,588641,NMS
MX,Magnachip Semiconductor Corpora,Technology,Micro-Cap,2710154,NYQ
MIST,Milestone Pharmaceuticals Inc.,Healthcare,Micro-Cap,1765388,NMS
AMPY,Amplify Energy Corp.,Energy,Micro-Cap,811472,NYQ
TNYA,"Tenaya Therapeutics, Inc.",Healthcare,Micro-Cap,3621317,NMS
BHR,Braemar Hotels & Resorts Inc.,Real Estate,Micro-Cap,541995,NYQ
SAFX,"XCF Global, Inc.",Utilities,Micro-Cap,11879225,NCM
OCC,Optical Cable Corporation,Technology,Micro-Cap,751559,NGM
SLQT,"SelectQuote, Inc.",Financial Services,Micro-Cap,2103633,NYQ
HURA,"TuHURA Biosciences, Inc.",Healthcare,Micro-Cap,903103,NCM
AIB,AIB Data Centers Inc.,Technology,Micro-Cap,2474350,ASE
BYRN,"Byrna Technologies, Inc.",Industrials,Micro-Cap,591109,NCM
DOMO,"Domo, Inc.",Technology,Micro-Cap,1656946,NGM
CHPT,"ChargePoint Holdings, Inc.",Consumer Cyclical,Micro-Cap,666766,NYQ
FIRY,Firy Inc.,Communication Services,Micro-Cap,1301564,NYQ
HCAT,"Health Catalyst, Inc",Healthcare,Micro-Cap,1508843,NMS
NEOV,NeoVolta Inc.,Industrials,Micro-Cap,2225716,NCM
SKYX,SKYX Platforms Corp.,Industrials,Micro-Cap,1743103,NCM
YOOV,Concorde International Group Lt,Industrials,Micro-Cap,2485988,NCM
NPWR,NET Power Inc.,Industrials,Micro-Cap,797730,NYQ
ADCT,ADC Therapeutics SA,Healthcare,Micro-Cap,1844070,NYQ
ALDX,"Aldeyra Therapeutics, Inc.",Healthcare,Micro-Cap,1402450,NCM
UNCY,"Unicycive Therapeutics, Inc.",Healthcare,Micro-Cap,1343317,NCM
PLBY,"Playboy, Inc.",Consumer Cyclical,Micro-Cap,979074,NGM
SMJF,SMJ International Holdings Inc.,Consumer Cyclical,Micro-Cap,699237,ASE
OGI,Organigram Global Inc.,Healthcare,Micro-Cap,714316,NMS
MVIS,"Microvision, Inc.",Technology,Micro-Cap,8458830,NGM
PNBK,Patriot National Bancorp Inc.,Financial Services,Micro-Cap,504895,NGM
AGEN,Agenus Inc.,Healthcare,Micro-Cap,945903,NCM
GRO,Brazil Potash Corp.,Basic Materials,Micro-Cap,568061,ASE
ELME,Elme Communities,Real Estate,Micro-Cap,1470093,NYQ
CIK,106937,Financial Services,Micro-Cap,659054,ASE
BRR,"ProCap Financial, Inc.",Financial Services,Micro-Cap,1166274,NGM
VERI,"Veritone, Inc.",Technology,Micro-Cap,2840412,NGM
HYPR,"Hyperfine, Inc.",Healthcare,Micro-Cap,924801,NGM
MXCT,"MaxCyte, Inc.",Healthcare,Micro-Cap,1141330,NMS
JELD,"JELD-WEN Holding, Inc.",Industrials,Micro-Cap,2052600,NYQ
ZVIA,Zevia PBC,Consumer Defensive,Micro-Cap,1045366,NYQ
USBC,"USBC, Inc.",Technology,Micro-Cap,1942446,ASE
SPRO,"Spero Therapeutics, Inc.",Healthcare,Micro-Cap,1000198,NMS
MBOT,Microbot Medical Inc.,Healthcare,Micro-Cap,1510146,NCM
BZFD,"BuzzFeed, Inc.",Communication Services,Micro-Cap,3556059,NCM
TC,Token Cat Limited,Communication Services,Micro-Cap,1207366,NCM
ZENA,"ZenaTech, Inc.",Technology,Micro-Cap,3149382,NCM
GPRO,"GoPro, Inc.",Technology,Micro-Cap,8740856,NMS
VENU,Venu Holding Corporation,Consumer Cyclical,Micro-Cap,533796,ASE
BRCC,BRC Inc.,Consumer Defensive,Micro-Cap,1205762,NYQ
PEPG,PepGen Inc.,Healthcare,Micro-Cap,862530,NMS
GUTS,"Fractyl Health, Inc.",Healthcare,Micro-Cap,1852672,NGM
OXSQ,Oxford Square Capital Corp.,Financial Services,Micro-Cap,2069624,NMS
HOVR,New Horizon Aircraft Ltd.,Industrials,Micro-Cap,2227377,NCM
CHGG,"Chegg, Inc.",Consumer Defensive,Micro-Cap,2039472,NYQ
MNTS,Momentus Inc.,Industrials,Micro-Cap,6362229,NCM
CUE,"Cue Biopharma, Inc.",Healthcare,Micro-Cap,765320,NCM
RDZN,"Roadzen, Inc.",Technology,Micro-Cap,686856,NGM
ENGN,enGene Therapeutics Inc.,Healthcare,Micro-Cap,1740379,NCM
BNAI,Brand Engagement Network Inc.,Technology,Micro-Cap,660667,NCM
ANNA,"AleAnna, Inc.",Energy,Micro-Cap,825138,NCM
SRFM,Surf Air Mobility Inc.,Industrials,Micro-Cap,7138137,NYQ
AMTX,"Aemetis, Inc",Basic Materials,Micro-Cap,1535427,NGM
TRT,Trio-Tech International,Technology,Micro-Cap,1494135,ASE
ATLX,Atlas Lithium Corporation,Basic Materials,Micro-Cap,747245,NCM
NFE,New Fortress Energy Inc.,Energy,Micro-Cap,6332022,NMS
BAER,Bridger Aerospace Group Holding,Industrials,Micro-Cap,654880,NGM
RYDE,Ryde Group Ltd.,Technology,Micro-Cap,663824,ASE
BWEN,"Broadwind, Inc.",Industrials,Micro-Cap,865882,NCM
VWAV,"VisionWave Holdings, Inc.",Industrials,Micro-Cap,805651,NGM
ONCY,Oncolytics Biotech Inc.,Healthcare,Micro-Cap,1314387,NCM
CPIX,Cumberland Pharmaceuticals Inc.,Healthcare,Micro-Cap,983938,NMS
CPSH,CPS Technologies Corp.,Technology,Micro-Cap,1862412,NCM
ARBE,Arbe Robotics Ltd.,Technology,Micro-Cap,2535791,NCM
BDTX,"Black Diamond Therapeutics, Inc",Healthcare,Micro-Cap,1703601,NMS
RANI,"Rani Therapeutics Holdings, Inc",Healthcare,Micro-Cap,882000,NGM
TTEC,"TTEC Holdings, Inc.",Technology,Micro-Cap,604841,NMS
ATRA,"Atara Biotherapeutics, Inc.",Healthcare,Micro-Cap,1424190,NMS
NAMM,Namib Minerals,Basic Materials,Micro-Cap,1213632,NGM
PZG,Paramount Gold Nevada Corp.,Basic Materials,Micro-Cap,645887,ASE
CGTX,"Cognition Therapeutics, Inc.",Healthcare,Micro-Cap,1427830,NCM
SPWR,SunPower Inc.,Technology,Micro-Cap,2924158,NGM
REKR,"Rekor Systems, Inc.",Technology,Micro-Cap,3200864,NCM
ELTX,"Elicio Therapeutics, Inc.",Healthcare,Micro-Cap,1498419,NCM
BMEA,"Biomea Fusion, Inc.",Healthcare,Micro-Cap,1419046,NMS
INO,"Inovio Pharmaceuticals, Inc.",Healthcare,Micro-Cap,2610027,NCM
CCLD,"CareCloud, Inc.",Healthcare,Micro-Cap,511470,NGM
DFDV,DeFi Development Corp.,Financial Services,Micro-Cap,961166,NCM
NNOX,NANO-X IMAGING LTD,Healthcare,Micro-Cap,2429532,NGM
STIM,"Neuronetics, Inc.",Healthcare,Micro-Cap,2186677,NGM
WSHP,WeShop Holdings Limited,Communication Services,Micro-Cap,1034596,NCM
SKIN,SkinHealth Systems Inc.,Consumer Defensive,Micro-Cap,1196122,NCM
BLNK,Blink Charging Co.,Industrials,Micro-Cap,2393195,NCM
GRWG,GrowGeneration Corp.,Consumer Cyclical,Micro-Cap,506270,NCM
GLND,Greenland Energy Company,Energy,Micro-Cap,1646522,NGM
LESL,"Leslie's, Inc.",Consumer Cyclical,Micro-Cap,1092967,NMS
CRDF,"Cardiff Oncology, Inc.",Healthcare,Micro-Cap,1222400,NCM
CANG,Cango Inc.,Financial Services,Micro-Cap,1606203,NYQ
IPWR,Ideal Power Inc.,Technology,Micro-Cap,745606,NCM
MAIA,"MAIA Biotechnology, Inc.",Healthcare,Micro-Cap,748188,ASE
IBIO,"iBio, Inc.",Healthcare,Micro-Cap,931983,NCM
PUSA,Aureus Greenway Holdings Inc.,Consumer Cyclical,Micro-Cap,1503648,NCM
FFAI,Faraday Future Intelligent Elec,Consumer Cyclical,Micro-Cap,31084711,NCM
FATN,"FatPipe, Inc.",Technology,Micro-Cap,1170095,NCM
SDA,SunCar Technology Group Inc.,Consumer Cyclical,Micro-Cap,953711,NCM
GANX,"Gain Therapeutics, Inc.",Healthcare,Micro-Cap,847462,NGM
AISP,"Airship AI Holdings, Inc",Technology,Micro-Cap,652935,NGM
IDN,"Intellicheck, Inc.",Technology,Micro-Cap,508422,NGM
AIFC,AI Financial Corporation,Technology,Micro-Cap,2221767,NCM
RNTX,"Rein Therapeutics, Inc.",Healthcare,Micro-Cap,789385,NCM
ENTX,Entera Bio Ltd.,Healthcare,Micro-Cap,1026458,NCM
VIVO,VivoPower PLC,Technology,Micro-Cap,1645745,NCM
GOSS,"Gossamer Bio, Inc.",Healthcare,Micro-Cap,12103556,NMS
ANVS,"Annovis Bio, Inc.",Healthcare,Micro-Cap,1231350,NYQ
FRMM,"Forum Markets, Incorporated",Technology,Micro-Cap,1236862,NCM
OSTX,OS Therapies Incorporated,Healthcare,Micro-Cap,782737,ASE
HRTX,"Heron Therapeutics, Inc.",Healthcare,Micro-Cap,3218991,NCM
AGPU,Axe Compute Inc.,Technology,Micro-Cap,1917527,NCM
CING,Cingulate Inc.,Healthcare,Micro-Cap,560167,NCM
STAK,STAK Inc.,Energy,Micro-Cap,2566180,NCM
QTEX,QTREX Quantum Ltd.,Technology,Micro-Cap,29237246,NCM
LGCL,Lucas GC Limited,Technology,Micro-Cap,2382861,NCM
YRD,Yiren Digital Ltd.,Financial Services,Micro-Cap,1023670,NYQ
SRXH,"SRX Health Solutions, Inc.",Consumer Defensive,Micro-Cap,49425793,ASE
STI,"Solidion Technology, Inc.",Industrials,Micro-Cap,2875243,NCM
KNDI,"Kandi Technologies Group, Inc.",Consumer Cyclical,Micro-Cap,759479,NMS
LGO,Largo Inc.,Basic Materials,Micro-Cap,1704267,NMS
EDSA,"Edesa Biotech, Inc.",Healthcare,Micro-Cap,523783,NCM
ACRV,"Acrivon Therapeutics, Inc.",Healthcare,Micro-Cap,568940,NGM
ATLN,Atlantic International Corp.,Industrials,Micro-Cap,10451536,NGM
SDOT,Sadot Group Inc.,Consumer Defensive,Micro-Cap,3031662,NCM
GAMB,Gambling.com Group Limited,Consumer Cyclical,Micro-Cap,906030,NGM
TCRX,"TScan Therapeutics, Inc.",Healthcare,Micro-Cap,889558,NGM
PROP,Prairie Operating Co.,Energy,Micro-Cap,4038530,NCM
OPTT,"Ocean Power Technologies, Inc.",Industrials,Micro-Cap,3956175,ASE
CYPH,Cypherpunk Technologies Inc.,Financial Services,Micro-Cap,4835843,NCM
CTM,"Castellum, Inc.",Technology,Micro-Cap,4448504,ASE
ODYS,Odysight.ai Inc.,Technology,Micro-Cap,705190,NCM
UPXI,"Upexi, Inc.",Communication Services,Micro-Cap,2887382,NCM
PLCE,"Children's Place, Inc. (The)",Consumer Cyclical,Micro-Cap,554735,NMS
MYPS,"PLAYSTUDIOS, Inc.",Communication Services,Micro-Cap,903688,NCM
APWC,Asia Pacific Wire & Cable Corpo,Industrials,Micro-Cap,807893,NCM
ROLR,"High Roller Technologies, Inc.",Consumer Cyclical,Micro-Cap,2246179,ASE
LIDR,"AEye, Inc.",Technology,Micro-Cap,3044346,NCM
LFS,"LEIFRAS Co., Ltd.",Communication Services,Micro-Cap,2098240,NCM
XTIA,"XTI Aerospace, Inc.",Industrials,Micro-Cap,1709825,NCM
AHMA,Ambitions Enterprise Management,Consumer Cyclical,Micro-Cap,5882309,NCM
IMMP,Immutep Limited,Healthcare,Micro-Cap,13583006,NGM
CMTL,Comtech Telecommunications Corp,Technology,Micro-Cap,542850,NMS
WWR,"Westwater Resources, Inc.",Basic Materials,Micro-Cap,936103,ASE
ELBM,Electra Battery Materials Corpo,Basic Materials,Micro-Cap,926580,NCM
JRSH,"Jerash Holdings (US), Inc.",Consumer Cyclical,Micro-Cap,802832,NCM
GCL,GCL Global Holdings Ltd,Communication Services,Micro-Cap,2775487,NMS
NXXT,"NextNRG, Inc.",Utilities,Micro-Cap,17697672,NCM
ATYR,"aTyr Pharma, Inc.",Healthcare,Micro-Cap,2581762,NCM
LASE,Laser Photonics Corporation,Industrials,Micro-Cap,14511591,NCM
MDAI,"Spectral AI, Inc.",Healthcare,Micro-Cap,645375,NCM
BTCS,BTCS Inc.,Financial Services,Micro-Cap,954030,NCM
BSIN,Big Sky Industrial Inc.,Energy,Micro-Cap,5493783,NCM
VIDA,VIDA Global Inc.,Technology,Nano-Cap,2403587,ASE
CNTX,Context Therapeutics Inc.,Healthcare,Micro-Cap,1877246,NCM
BOLD,"Boundless Bio, Inc.",Healthcare,Micro-Cap,1346217,NMS
GMHS,Gamehaus Holdings Inc.,Communication Services,Micro-Cap,1044885,NCM
PCLA,PicoCELA Inc.,Communication Services,Micro-Cap,1587206,NCM
FSP,Franklin Street Properties Corp,Real Estate,Micro-Cap,641561,ASE
NPT,Texxon Holding Limited,Consumer Cyclical,Micro-Cap,2855293,NCM
PN,PN Smart Energy Limited,Technology,Micro-Cap,1666381,NCM
DCGO,DocGo Inc.,Healthcare,Micro-Cap,969287,NCM
GPUS,"Hyperscale Data, Inc.",Industrials,Nano-Cap,107934885,ASE
UAVS,"AgEagle Aerial Systems, Inc.",Technology,Nano-Cap,2601643,ASE
HAIN,"The Hain Celestial Group, Inc.",Consumer Defensive,Nano-Cap,1187291,NMS
MREO,Mereo BioPharma Group plc,Healthcare,Micro-Cap,3430537,NCM
SPWH,"Sportsman's Warehouse Holdings,",Consumer Cyclical,Micro-Cap,754482,NMS
VERU,Veru Inc.,Healthcare,Nano-Cap,1911482,NCM
USDE,StablecoinX Inc.,Financial Services,Micro-Cap,12991600,NCM
PDSB,PDS Biotechnology Corporation,Healthcare,Nano-Cap,1030729,NCM
OMEX,"Odyssey Marine Exploration, Inc",Basic Materials,Nano-Cap,5690279,NCM
NIXX,"Nixxy, Inc.",Industrials,Nano-Cap,3431659,NCM
ILLR,Triller Group Inc.,Technology,Nano-Cap,5719369,NCM
HYPD,"Hyperion DeFi, Inc.",Healthcare,Nano-Cap,587554,NCM
BBGI,"Beasley Broadcast Group, Inc.",Communication Services,Nano-Cap,1277201,NCM
ASTI,"Ascent Solar Technologies, Inc",Technology,Nano-Cap,1904988,NCM
MERC,Mercer International Inc.,Basic Materials,Micro-Cap,572693,NMS
INMB,INmune Bio Inc.,Healthcare,Nano-Cap,637653,NCM
LHAI,Linkhome Holdings Inc.,Real Estate,Nano-Cap,5997651,NCM
BGDE,"Big Digital Energy, Inc.",Financial Services,Nano-Cap,602529,NCM
YOUL,Youlife Group Inc.,Consumer Defensive,Nano-Cap,978141,NCM
INDO,Indonesia Energy Corporation Li,Energy,Nano-Cap,714540,ASE
PETS,"PetMed Express, Inc.",Healthcare,Nano-Cap,653685,NMS
BTAI,"BioXcel Therapeutics, Inc.",Healthcare,Nano-Cap,750661,NCM
HLP,Hongli Group Inc.,Basic Materials,Micro-Cap,1717456,NCM
TOON,"Kartoon Studios, Inc.",Communication Services,Nano-Cap,1126664,ASE
GNTA,Genenta Science S.p.A.,Healthcare,Nano-Cap,1471093,NCM
BEAT,"Heartbeam, Inc.",Healthcare,Nano-Cap,952724,NCM
XOS,"Xos, Inc.",Industrials,Nano-Cap,2830285,NCM
WPRT,Westport Fuel Systems Inc,Consumer Cyclical,Nano-Cap,1033127,NMS
MYO,Myomo Inc.,Healthcare,Nano-Cap,774598,ASE
MAMO,Massimo Group,Consumer Cyclical,Nano-Cap,1350961,NCM
ONMD,OneMedNet Corp,Healthcare,Nano-Cap,551817,NCM
RYET,Ruanyun Edai Technology Inc.,Consumer Defensive,Nano-Cap,1016924,NCM
GAME,"GameSquare Holdings, Inc.",Communication Services,Nano-Cap,8268535,NCM
FTHM,Fathom Holdings Inc.,Real Estate,Nano-Cap,1807951,NCM
DGNX,Diginex Limited,Industrials,Nano-Cap,2139998,NCM
HTCO,High-Trend International Group,Industrials,Nano-Cap,1129366,NCM
SPPL,SIMPPLE LTD.,Industrials,Nano-Cap,1442333,NCM
GRCE,"Grace Therapeutics, Inc.",Healthcare,Nano-Cap,706277,NCM
HOLO,MicroCloud Hologram Inc.,Technology,Nano-Cap,642870,NCM
GRML,Greenland Mines Ltd,Basic Materials,Nano-Cap,3540035,NCM
KSCP,"Knightscope, Inc.",Industrials,Nano-Cap,541743,NCM
RYOJ,"rYojbaba Co., Ltd.",Industrials,Nano-Cap,1155766,NCM
BIRD,"Smartbird, Inc.",Consumer Cyclical,Nano-Cap,7427632,NMS
QUCY,Quantum Cyber N.V.,Healthcare,Nano-Cap,19613896,NCM
CRVO,CervoMed Inc.,Healthcare,Nano-Cap,5479485,NCM
BLNE,"Beeline Holdings, Inc.",Financial Services,Nano-Cap,702829,NCM
NTIP,"Network-1 Technologies, Inc.",Industrials,Nano-Cap,520277,ASE
PBK,PowerBank Corporation,Utilities,Nano-Cap,3438843,NGM
MOBX,"Mobix Labs, Inc.",Technology,Nano-Cap,4418172,NCM
RGNT,Regentis Biomaterials Ltd.,Healthcare,Nano-Cap,5360969,ASE
PLSM,Pulsenmore Ltd.,Healthcare,Nano-Cap,999038,NCM
DARE,"Dare Bioscience, Inc.",Healthcare,Nano-Cap,634409,NCM
NNVC,"NanoViricides, Inc.",Healthcare,Nano-Cap,908129,ASE
MLSS,"Milestone Scientific, Inc.",Healthcare,Nano-Cap,2139708,ASE
ARAY,Accuray Incorporated,Healthcare,Nano-Cap,3457020,NMS
FUSE,Fusemachines Inc.,Technology,Nano-Cap,2451709,NGM
UCAR,U Power Limited,Consumer Cyclical,Nano-Cap,9965275,NCM
GNS,Genius Group Limited,Consumer Defensive,Nano-Cap,10642004,ASE
ATCH,"AtlasClear Holdings, Inc.",Financial Services,Nano-Cap,2921001,ASE
SLGB,Smart Logistics Global Limited,Industrials,Nano-Cap,1992753,NCM
SCAG,Scage Future,Industrials,Nano-Cap,4559522,NGM
RITR,Reitar Logtech Holdings Limited,Industrials,Nano-Cap,676845,NCM
LOCL,Local Bounti Corporation,Consumer Defensive,Nano-Cap,1433504,NYQ
AMSS,AMASS Brands Inc.,Consumer Defensive,Nano-Cap,859406,NGM
BEEM,Beam Global,Technology,Nano-Cap,1580919,NCM
BESS,Bimergen Energy Corporation,Utilities,Nano-Cap,567201,ASE
SDEV,Stablecoin Development Corporat,Financial Services,Nano-Cap,773148,ASE
IGC,"IGC Pharma, Inc.",Healthcare,Nano-Cap,1269306,ASE
WIMI,WiMi Hologram Cloud Inc.,Communication Services,Nano-Cap,528364,NGM
BATL,Battalion Oil Corporation,Energy,Nano-Cap,11990324,ASE
NCI,Neo-Concept International Group,Consumer Cyclical,Nano-Cap,522904,NCM
GWH,"ESS Tech, Inc.",Industrials,Nano-Cap,799698,NYQ
SNAL,"Snail, Inc.",Communication Services,Nano-Cap,22385775,NCM
PAPL,Pineapple Financial Inc.,Financial Services,Nano-Cap,3645659,ASE
HPAI,Helport AI Limited,Technology,Nano-Cap,1020579,NCM
MDXH,MDxHealth SA,Healthcare,Nano-Cap,798461,NCM
SST,"System1, Inc.",Industrials,Nano-Cap,1344369,NYQ
FLD,"Fold Holdings, Inc.",Financial Services,Nano-Cap,2280674,NCM
PMEC,Primech Holdings Ltd.,Industrials,Nano-Cap,757214,NCM
OPAD,Offerpad Solutions Inc.,Real Estate,Nano-Cap,508074,NYQ
FNGR,"FingerMotion, Inc.",Communication Services,Nano-Cap,706096,NCM
FOXX,Foxx Development Holdings Inc.,Technology,Nano-Cap,1584062,NCM
YXT,YXT.COM GROUP HOLDING LIMITED -,Technology,Nano-Cap,3278162,NGM
CRMT,"America's Car-Mart, Inc.",Consumer Cyclical,Nano-Cap,1530070,NMS
EVTV,"Envirotech Vehicles, Inc.",Consumer Cyclical,Nano-Cap,550025,NCM
BURU,"Nuburu, Inc.",Industrials,Nano-Cap,33284750,ASE
EONR,EON Resources Inc.,Energy,Nano-Cap,2863188,ASE
CLRB,"Cellectar Biosciences, Inc.",Healthcare,Nano-Cap,1053391,NCM
MDCX,Medicus Pharma Ltd.,Healthcare,Nano-Cap,4096693,NCM
ASTC,Astrotech Corporation,Technology,Nano-Cap,4296856,NCM
MWYN,"Marwynn Holdings, Inc.",Consumer Cyclical,Nano-Cap,1235385,NCM
UZX,Linkage Global Inc,Consumer Cyclical,Nano-Cap,6794133,NCM
SAGT,SAGTEC GLOBAL LIMITED,Technology,Nano-Cap,3539408,NCM
MPU,Mega Matrix Inc.,Communication Services,Nano-Cap,3136408,ASE
ARAI,Arrive AI Inc.,Technology,Nano-Cap,9887745,NGM
RKTO,Rocket One Inc.,Technology,Nano-Cap,9708332,NCM
QH,Quhuo Limited - American Deposi,Technology,Nano-Cap,800335,NCM
SMXT,Solarmax Technology Inc.,Technology,Nano-Cap,973896,NCM
AIFF,"Firefly Neuroscience, Inc.",Technology,Nano-Cap,545533,NCM
VNTG,Vantage Corp,Industrials,Nano-Cap,714120,ASE
EFOI,"Energy Focus, Inc.",Consumer Cyclical,Nano-Cap,2900366,NCM
LICN,Lichen International Limited,Industrials,Nano-Cap,670609,NCM
KMRK,K-Tech Solutions Company Limite,Consumer Cyclical,Nano-Cap,828750,NCM
TOMZ,"TOMI Environmental Solutions, I",Industrials,Nano-Cap,671693,NCM
PSIG,PS International Group Ltd.,Industrials,Nano-Cap,1496967,NCM
LGPS,LogProstyle Inc.,Industrials,Nano-Cap,1020579,ASE
ONEG,OneConstruction Group Limited,Industrials,Nano-Cap,1348082,NCM
TMDE,TMD Energy Limited,Energy,Nano-Cap,1474079,ASE
KTTA,Pasithea Therapeutics Corp.,Healthcare,Nano-Cap,864304,NCM
CXAI,CXApp Inc.,Technology,Nano-Cap,23733203,NCM
MRNO,Murano Global Investments PLC,Real Estate,Nano-Cap,6384379,NCM
TURB,"Turbo Energy, S.A.",Technology,Nano-Cap,900953,NCM
AEHL,Antelope Enterprise Holdings Li,Industrials,Nano-Cap,9302033,NCM
RECT,Rectitude Holdings Ltd,Consumer Cyclical,Nano-Cap,2175600,NCM
MYND,"Mynd.ai, Inc.",Consumer Defensive,Nano-Cap,585450,ASE
DBGI,"Digital Brands Group, Inc.",Consumer Cyclical,Nano-Cap,5169914,NCM
ICCM,IceCure Medical Ltd.,Healthcare,Nano-Cap,3276439,NCM
BCDA,"BioCardia, Inc.",Healthcare,Nano-Cap,3049846,NCM
GTBP,"GT Biopharma, Inc.",Healthcare,Nano-Cap,1451503,NCM
PMI,"Picard Medical, Inc.",Healthcare,Nano-Cap,29334632,ASE
YAAS,Youxin Technology Ltd,Technology,Nano-Cap,3102637,NCM
FABC,"Fabric.AI, Inc.",Consumer Cyclical,Nano-Cap,2358545,NCM
AKTX,Akari Therapeutics Plc,Healthcare,Nano-Cap,800640,NCM
EPSM,Epsium Enterprise Limited,Consumer Defensive,Nano-Cap,1257477,NCM
HOWL,"Werewolf Therapeutics, Inc.",Healthcare,Nano-Cap,612375,NMS
OBAI,"Our Bond, Inc.",Technology,Nano-Cap,11746332,NGM
MSW,Ming Shing Group Holdings Limit,Industrials,Nano-Cap,1178398,NCM
INTZ,Intrusion Inc.,Technology,Nano-Cap,1922001,NCM
CTXR,"Citius Pharmaceuticals, Inc.",Healthcare,Nano-Cap,630633,NCM
ANY,Sphere 3D Corp.,Financial Services,Nano-Cap,3069416,NCM
CRIS,"Curis, Inc.",Healthcare,Nano-Cap,3271827,NCM
CALC,"CalciMedica, Inc.",Healthcare,Nano-Cap,1262906,NCM
CUPR,Cuprina Holdings (Cayman) Limit,Healthcare,Nano-Cap,3350830,NCM
CHAI,"Core AI Holdings, Inc.",Communication Services,Nano-Cap,4382133,NCM
ZDAI,"DirectBooking Technology Co., L",Industrials,Nano-Cap,523891,NCM
RCT,RedCloud Holdings plc,Technology,Nano-Cap,9189038,NCM
THH,TryHard Holdings Limited,Industrials,Nano-Cap,899885,NCM
VCIG,VCI Global Limited,Industrials,Nano-Cap,2727543,NCM
DFNS,T3 Defense Inc.,Industrials,Nano-Cap,10313764,NGM
HCAI,Huachen AI Parking Management T,Industrials,Nano-Cap,1500612,NCM
AIFA,"All In FutureTech Alliance, Inc",Technology,Nano-Cap,2164358,NCM
MBRX,"Moleculin Biotech, Inc.",Healthcare,Nano-Cap,500803,NCM
MMA,MIXED MARTIAL ARTS GROUP LIMITE,Consumer Cyclical,Nano-Cap,1003103,ASE
SKYQ,Sky Quarry Inc.,Energy,Nano-Cap,10975798,NCM
TGHL,The GrowHub Limited,Technology,Nano-Cap,2788532,NCM
SEGG,Sports Entertainment Gaming Glo,Consumer Cyclical,Nano-Cap,3068866,NGM
LNAI,Lunai Bioworks Inc.,Healthcare,Nano-Cap,1562170,NCM
CCHH,CCH Holdings Ltd,Consumer Cyclical,Nano-Cap,2978479,NCM
CHOW,ChowChow Cloud International Ho,Technology,Nano-Cap,5975830,ASE
ATER,"Aterian, Inc.",Consumer Cyclical,Nano-Cap,4607148,NCM
WKSP,"Worksport, Ltd.",Consumer Cyclical,Nano-Cap,5748974,NCM
TPET,Trio Petroleum Corp.,Energy,Nano-Cap,4887627,ASE
DSY,Big Tree Cloud Holdings Limited,Consumer Defensive,Nano-Cap,2791487,NCM
CISO,"CISO Global, Inc.",Technology,Nano-Cap,766680,NCM
CLWT,Euro Tech Holdings Company Limi,Industrials,Nano-Cap,1727198,NCM
BFRG,"Bullfrog AI Holdings, Inc.",Healthcare,Nano-Cap,946324,NCM
VEEA,Veea Inc.,Technology,Nano-Cap,1194745,NCM
PRZO,ParaZero Technologies Ltd.,Industrials,Nano-Cap,2696464,NCM
MYSE,"Myseum.AI, Inc.",Technology,Nano-Cap,5108137,NCM
PRSO,Peraso Inc.,Technology,Nano-Cap,1465562,NCM
JSPR,"Jasper Therapeutics, Inc.",Healthcare,Nano-Cap,534109,NCM
COSM,Cosmos Health Inc.,Healthcare,Nano-Cap,6666580,NCM
GFAI,"Guardforce AI Co., Limited",Industrials,Nano-Cap,1148948,NCM
TRAW,"Traws Pharma, Inc.",Healthcare,Nano-Cap,2363529,NCM
BGL,Blue Gold Limited,Basic Materials,Nano-Cap,828759,NGM
SKK,SKK Holdings Limited,Industrials,Nano-Cap,792440,NCM
GXAI,Gaxos.ai Inc.,Communication Services,Nano-Cap,2489743,NCM
PBM,Psyence Biomedical Ltd.,Healthcare,Nano-Cap,2621846,NCM
VSA,VisionSys AI Inc.,Consumer Defensive,Nano-Cap,830899,NCM
NVNI,Nvni Group Limited,Technology,Nano-Cap,788704,NCM
TOVX,"Theriva Biologics, Inc.",Healthcare,Nano-Cap,20741808,ASE
CODX,"Co-Diagnostics, Inc.",Healthcare,Nano-Cap,5778838,NCM
LZMH,LZ Technology Holdings Limited,Technology,Nano-Cap,647892,NCM
YMAT,"J-Star Holding Co., Ltd.",Basic Materials,Nano-Cap,13156338,NCM
HWH,HWH International Inc.,Consumer Cyclical,Nano-Cap,645880,NCM
OSRH,"OSR Health, Inc.",Healthcare,Nano-Cap,6376403,NCM
MTEK,Maris-Tech Ltd.,Technology,Nano-Cap,532100,NCM
SURG,"SurgePays, Inc.",Communication Services,Nano-Cap,4372177,NCM
JUNS,"Jupiter Neurosciences, Inc.",Healthcare,Nano-Cap,7093880,NCM
MTEN,Mingteng International Corporat,Industrials,Nano-Cap,3039969,NCM
BANL,CBL International Limited,Energy,Nano-Cap,750114,NCM
KWM,"K Wave Media, Ltd.",Communication Services,Nano-Cap,1332654,NGM
VTGN,"VistaGen Therapeutics, Inc.",Healthcare,Nano-Cap,1967438,NCM
CPOP,"Pop Culture Group Co., Ltd",Communication Services,Nano-Cap,12828332,NCM
DKI,DarkIris Inc.,Communication Services,Nano-Cap,5139367,NCM
SUNE,"SUNation Energy, Inc.",Technology,Nano-Cap,5985812,NCM
BRTX,"BioRestorative Therapies, Inc.",Healthcare,Nano-Cap,10613725,NCM
CSAI,"Cloudastructure, Inc.",Technology,Nano-Cap,524182,NCM
SMX,SMX (Security Matters) Public L,Industrials,Nano-Cap,1061559,NCM
HSCS,HeartSciences Inc.,Healthcare,Nano-Cap,2294664,NCM
CGTL,Creative Global Technology Hold,Consumer Cyclical,Nano-Cap,6912409,NCM
CANF,Can-Fite Biopharma Ltd,Healthcare,Nano-Cap,1852319,ASE
RIME,"Algorhythm Holdings, Inc.",Technology,Nano-Cap,599045,NCM
GDC,GD Culture Group Limited,Communication Services,Nano-Cap,722976,NCM
UBXG,U-BX Technology Ltd.,Communication Services,Nano-Cap,1021672,NCM
BTCT,BTC Digital Ltd.,Technology,Nano-Cap,1531346,NCM
LOBO,LOBO TECHNOLOGIES LTD.,Consumer Cyclical,Nano-Cap,5308295,NCM
CLRO,"ClearOne, Inc.",Technology,Nano-Cap,1416875,NCM
GLE,Global Engine Group Holding Lim,Technology,Nano-Cap,7220241,NCM
GITS,Global Interactive Technologies,Communication Services,Nano-Cap,706664,NCM
AGRZ,Agroz Inc.,Consumer Defensive,Nano-Cap,709248,NCM
NXL,"Nexalin Technology, Inc.",Healthcare,Nano-Cap,859527,NCM
AIM,AIM ImmunoTech Inc.,Healthcare,Nano-Cap,27800687,ASE
GP,GreenPower Motor Company Inc.,Industrials,Nano-Cap,543179,NCM
TDIC,Dreamland Limited,Communication Services,Nano-Cap,1251772,NCM
AMST,Amesite Inc.,Technology,Nano-Cap,3354050,NCM
ERNA,Ernexa Therapeutics Inc.,Healthcare,Nano-Cap,1650671,NCM
GLXG,Galaxy Payroll Group Limited,Industrials,Nano-Cap,3135485,NCM
WGRX,"Wellgistics Health, Inc.",Healthcare,Nano-Cap,745013,NCM
ITOC,iTonic Holdings Ltd,Healthcare,Nano-Cap,1646424,NCM
MTVA,MetaVia Inc.,Healthcare,Nano-Cap,3768695,NCM
ASBP,"Aspire Biopharma Holdings, Inc.",Healthcare,Nano-Cap,13341012,NCM
AIDX,"20/20 Biolabs, Inc.",Healthcare,Nano-Cap,778793,NCM
MSGY,Masonglory Limited,Industrials,Nano-Cap,887290,NCM
RMSG,Real Messenger Corporation,Technology,Nano-Cap,14487724,NCM
HCWB,HCW Biologics Inc.,Healthcare,Nano-Cap,2146510,NCM
MGRX,"Mangoceuticals, Inc.",Healthcare,Nano-Cap,1251277,NCM
IQST,iQSTEL Inc.,Communication Services,Nano-Cap,2746562,NCM
AUUD,Auddia Inc.,Technology,Nano-Cap,5078624,NCM
TRIB,Trinity Biotech plc,Healthcare,Nano-Cap,1282838,NMS
AKAN,Akanda Corp.,Healthcare,Nano-Cap,2422077,NCM
DLXY,Delixy Holdings Limited,Energy,Nano-Cap,1862433,NCM
GCDT,Green Circle Decarbonize Techno,Industrials,Nano-Cap,1775424,ASE
YCBD,"cbdMD, Inc.",Healthcare,Nano-Cap,1349569,ASE
GELS,Gelteq Limited,Healthcare,Nano-Cap,3701448,NCM
VVOS,"Vivos Therapeutics, Inc.",Healthcare,Nano-Cap,1729979,NCM
SOAR,"Volato Group, Inc.",Industrials,Nano-Cap,25035767,ASE
JYD,Jayud Global Logistics Limited,Industrials,Nano-Cap,597869,NCM
CNSP,"CNS Pharmaceuticals, Inc.",Healthcare,Nano-Cap,1431516,NCM
BTBD,"BT Brands, Inc.",Consumer Cyclical,Nano-Cap,803964,NCM
NTCL,NETCLASS TECHNOLOGY INC,Technology,Nano-Cap,6167933,NCM
AZI,Autozi Internet Technology (Glo,Consumer Cyclical,Nano-Cap,6165948,NCM
HXHX,Haoxin Holdings Limited,Industrials,Nano-Cap,1919841,NCM
GOVX,"GeoVax Labs, Inc.",Healthcare,Nano-Cap,5128354,NCM
MASK,3 E Network Technology Group Lt,Technology,Nano-Cap,6016519,NCM
NXTS,Nexentis Technologies Inc.,Basic Materials,Nano-Cap,1296685,NCM
EDHL,Everbright Digital Holding Limi,Communication Services,Nano-Cap,2445787,NCM
IOTR,iOThree Limited,Communication Services,Nano-Cap,846243,NCM
MIMI,Mint Incorporation Limited,Industrials,Nano-Cap,1544256,NCM
BQ,Boqii Holding Limited,Consumer Cyclical,Nano-Cap,1144669,ASE
PMNT,Perfect Moment Ltd.,Consumer Cyclical,Nano-Cap,9893677,ASE
ALP,Alpha Compute Corp,Financial Services,Nano-Cap,21747777,NCM
ENVB,"Enveric Biosciences, Inc.",Healthcare,Nano-Cap,3922666,NCM
CREG,Smart Powerr Corp.,Utilities,Nano-Cap,2900506,NCM
DSS,"DSS, Inc.",Consumer Cyclical,Nano-Cap,1476504,ASE
BGMS,"Bio Green Med Solution, Inc.",Healthcare,Nano-Cap,2355569,NCM
SPHL,SPRINGVIEW HOLDINGS LTD,Consumer Cyclical,Nano-Cap,732211,NCM
XTLB,XTL Biopharmaceuticals Ltd.,Healthcare,Nano-Cap,1981030,NCM
CYCU,"Cycurion, Inc.",Technology,Nano-Cap,1911941,NGM
SNGX,"Soligenix, Inc.",Healthcare,Nano-Cap,7552808,NCM
FRSX,Foresight Autonomous Holdings L,Consumer Cyclical,Nano-Cap,1013033,NCM
EHGO,Eshallgo Inc.,Industrials,Nano-Cap,5607983,NCM
GNPX,"Genprex, Inc.",Healthcare,Nano-Cap,647238,NCM
ELAB,PMGC Holdings Inc.,Healthcare,Nano-Cap,4375704,NCM
LIMN,"Liminatus Pharma, Inc.",Healthcare,Nano-Cap,20347785,NGM
AMZE,"Amaze Holdings, Inc.",Technology,Nano-Cap,9710516,ASE
JEM,707 Cayman Holdings Limited,Consumer Cyclical,Nano-Cap,4346823,NCM
CIIT,"Tianci International, Inc.",Industrials,Nano-Cap,7804674,NCM
CWD,CaliberCos Inc.,Financial Services,Nano-Cap,5581253,NCM
VSEE,"VSee Health, Inc.",Healthcare,Nano-Cap,2030672,NCM
ADTX,"Aditxt, Inc.",Healthcare,Nano-Cap,404677903,NCM
NIVF,NewGenIvf Group Limited,Healthcare,Nano-Cap,5866722,NCM
VSME,VS Media Holdings Limited,Communication Services,Nano-Cap,7104053,NCM
CYAB,"Cyabra, Inc.",Technology,Nano-Cap,600191,NGM
EVGN,Evogene Ltd.,Healthcare,Nano-Cap,1095614,NCM
CTNT,Cheetah Net Supply Chain Servic,Industrials,Nano-Cap,2072258,NCM
OLOX,Olenox Industries Inc.,Industrials,Nano-Cap,573359,NCM
INM,InMed Pharmaceuticals Inc.,Healthcare,Nano-Cap,1654733,NCM
POAS,Phaos Technology Holdings (Caym,Healthcare,Nano-Cap,1377993,ASE
NCT,Intercont (Cayman) Limited,Industrials,Nano-Cap,855859,NCM
WOK,WORK Medical Technology Group L,Healthcare,Nano-Cap,804957,NCM
FMFC,Kandal M Venture Limited,Consumer Cyclical,Nano-Cap,2426887,NCM
RENX,RenX Enterprises Corp.,Real Estate,Nano-Cap,582753,NCM
OFAL,OFA Group,Industrials,Nano-Cap,828235,NCM
SMTK,"SmartKem, Inc.",Technology,Nano-Cap,10448169,NCM
HCWC,Healthy Choice Wellness Corp.,Consumer Defensive,Nano-Cap,2507412,ASE
SLE,"Super League Enterprise, Inc.",Communication Services,Nano-Cap,786906,NCM
GLMD,Galmed Pharmaceuticals Ltd.,Healthcare,Nano-Cap,3474990,NCM
HUBC,Hub Cyber Security Ltd.,Technology,Nano-Cap,4534985,NCM
CRE,Cre8 Enterprise Limited,Industrials,Nano-Cap,962170,NCM
WNW,Meiwu Technology Company Limite,Consumer Cyclical,Nano-Cap,1935217,NCM
CLIK,CLICK HOLDINGS LIMITED,Consumer Cyclical,Nano-Cap,3054695,NCM
MGN,Megan Holdings Limited,Industrials,Nano-Cap,20033482,NCM
TWAV,"TaoWeave, Inc.",Financial Services,Nano-Cap,1218083,NCM
WBUY,WEBUY GLOBAL LTD.,Consumer Cyclical,Nano-Cap,1342072,NCM
ENSC,"Ensysce Biosciences, Inc.",Healthcare,Nano-Cap,2234700,NCM
SBFM,Sunshine Biopharma Inc.,Healthcare,Nano-Cap,1624076,NCM
SUGP,SU Group Holdings Limited,Industrials,Nano-Cap,6084811,NCM
RBNE,Robin Energy Ltd.,Energy,Nano-Cap,743559,NCM
NWGL,CL Workshop Group Limited,Basic Materials,Nano-Cap,2156980,NCM
CELZ,Creative Medical Technology Hol,Healthcare,Nano-Cap,3260203,NCM
DXST,Decent Holding Inc.,Industrials,Nano-Cap,1757495,NCM
GMM,Global Mofy AI Limited,Technology,Nano-Cap,1434861,NCM
TOPS,"TOP Ships, Inc.",Energy,Nano-Cap,879680,ASE
YMT,Yimutian Inc.,Technology,Nano-Cap,630261,NGM
NEXR,Nexera Technologies Ltd,Consumer Cyclical,Nano-Cap,10024632,NCM
YYGH,YY Group Holding Limited,Industrials,Nano-Cap,1060081,NCM
NCPL,Netcapital Inc.,Financial Services,Nano-Cap,3706841,NCM
PRFX,PRF Technologies Ltd.,Healthcare,Nano-Cap,3004256,NCM
IVDA,"Iveda Solutions, Inc.",Industrials,Nano-Cap,6948853,NCM
ONCO,"Onconetix, Inc.",Healthcare,Nano-Cap,1314931,NCM
IZM,ICZOOM Group Inc.,Technology,Nano-Cap,1145569,NCM
ISPC,iSpecimen Inc.,Healthcare,Nano-Cap,860130,NCM
BYAH,Park Ha Biological Technology C,Consumer Defensive,Nano-Cap,3172241,NCM
CNEY,CN Energy Group Inc.,Basic Materials,Nano-Cap,1196669,NCM
TNON,"Tenon Medical, Inc.",Healthcare,Nano-Cap,6925632,NCM
ARTL,"Artelo Biosciences, Inc.",Healthcare,Nano-Cap,1729670,NCM
PHGE,BiomX Inc.,Industrials,Nano-Cap,6463904,ASE
WLDS,Wearable Devices Ltd.,Technology,Nano-Cap,1019202,NCM
GSUN,Golden Sun Technology Group Lim,Consumer Defensive,Nano-Cap,2686003,NCM
UPC,Universe Pharmaceuticals Inc,Healthcare,Nano-Cap,1410522,NCM
PMAX,Powell Max Limited,Financial Services,Nano-Cap,1607200,NCM
XRTX,XORTX Therapeutics Inc.,Healthcare,Nano-Cap,1255217,NCM
ALBT,Avalon GloboCare Corp.,Real Estate,Nano-Cap,1234951,NCM
OCG,Oriental Culture Holding LTD,Consumer Cyclical,Nano-Cap,1052639,NCM
ABTS,Abits Group Inc,Financial Services,Nano-Cap,2552237,NCM
GBR,"New Concept Energy, Inc",Real Estate,Nano-Cap,525587,ASE
WCT,Wellchange Holdings Company Lim,Technology,Nano-Cap,3073322,NCM
FEED,"ENvue Medical, Inc.",Healthcare,Nano-Cap,879030,NCM
CAPS,Capstone Holding Corp.,Basic Materials,Nano-Cap,4184096,NCM
CMND,Clearmind Medicine Inc.,Healthcare,Nano-Cap,2206190,NCM
SQFT,"Presidio Property Trust, Inc.",Real Estate,Nano-Cap,827224,NCM
PPCB,"Propanc Biopharma, Inc.",Healthcare,Nano-Cap,3863609,NCM
IVF,"INVO Fertility, Inc.",Healthcare,Nano-Cap,2366501,NCM
ITP,"IT Tech Packaging, Inc.",Basic Materials,Nano-Cap,1770522,ASE
VIVK,"Vivakor, Inc.",Energy,Nano-Cap,2814737,NCM
SNYR,Synergy CHC Corp.,Healthcare,Nano-Cap,3823064,NCM
CETX,Cemtrex Inc.,Technology,Nano-Cap,757969,NCM
CLDI,"Calidi Biotherapeutics, Inc.",Healthcare,Nano-Cap,6030004,ASE
ELPW,Elong Power Holding Limited,Industrials,Nano-Cap,6891632,NCM
EZGO,EZGO Technologies Ltd.,Consumer Cyclical,Nano-Cap,1260734,NCM
ATPC,Agape ATP Corporation,Consumer Defensive,Nano-Cap,3315308,NCM
SPRC,SciSparc Ltd.,Healthcare,Nano-Cap,1088901,NCM
CCTG,CCSC Technology International H,Industrials,Nano-Cap,5402624,NCM
LGHL,Lion Group Holding Ltd.,Financial Services,Nano-Cap,1161324,NCM
RAYA,Erayak Power Solution Group Inc,Industrials,Nano-Cap,787433,NCM
DXF,Dunxin Financial Holdings Limit,Financial Services,Nano-Cap,8563632,ASE
FCUV,Focus Universal Inc.,Technology,Nano-Cap,2101651,NCM
SLXN,Silexion Therapeutics Corp,Healthcare,Nano-Cap,638996,NCM
BNBX,BNB Plus Corp.,Financial Services,Nano-Cap,957022,NCM
AZTR,Azitra Inc,Healthcare,Nano-Cap,11428875,ASE
LMFA,"LM Funding America, Inc.",Financial Services,Nano-Cap,1726046,NCM
CDT,CDT Equity Inc.,Healthcare,Nano-Cap,7014019,NCM
LNKS,Linkers Industries Limited,Industrials,Nano-Cap,2829225,NCM
CISS,C3is Inc.,Industrials,Nano-Cap,692376,NCM
ONFO,Onfolio Holdings Inc.,Communication Services,Nano-Cap,5021861,NCM
SBEV,"Splash Beverage Group, Inc. (NV",Consumer Defensive,Nano-Cap,18616512,ASE
CHSN,Chanson International Holding,Consumer Cyclical,Nano-Cap,925453,NCM
VTAK,"Catheter Precision, Inc.",Healthcare,Nano-Cap,3103495,ASE
HAO,Haoxi Health Technology Limited,Communication Services,Nano-Cap,779768,NCM
BIYA,Baiya International Group Inc.,Technology,Nano-Cap,16429616,NCM
DAIC,"CID HoldCo, Inc.",Technology,Nano-Cap,836571,NGM
VRAX,Virax Biolabs Group Limited,Healthcare,Nano-Cap,1131152,NCM
GCTK,"GlucoTrack, Inc.",Healthcare,Nano-Cap,4446856,NCM
SOBR,"SOBR Safe, Inc.",Technology,Nano-Cap,6925140,NCM
BTOG,Bit Origin Limited,Financial Services,Nano-Cap,1394462,NCM
NCRA,"Nocera, Inc.",Consumer Defensive,Nano-Cap,14219925,NCM
HKIT,Hitek Global Inc.,Technology,Nano-Cap,17064239,NCM
SHPH,Shuttle Pharmaceuticals Holding,Healthcare,Nano-Cap,848958,NCM
TNMG,TNL Mediagene,Communication Services,Nano-Cap,5557504,NCM
NVVE,Nuvve Holding Corp.,Consumer Cyclical,Nano-Cap,579496,NCM
LRHC,La Rosa Holdings Corp.,Real Estate,Nano-Cap,794507,NCM
AIXI,XIAO-I Corporation,Technology,Nano-Cap,2945291,NGM
FGL,Founder Group Limited,Industrials,Nano-Cap,1038751,NCM
AEMD,"Aethlon Medical, Inc.",Healthcare,Nano-Cap,622903,NCM
BNRG,Brenmiller Energy Ltd,Utilities,Nano-Cap,1152287,NCM
SHFS,"SHF Holdings, Inc.",Financial Services,Nano-Cap,3260887,NCM
EDBL,Edible Garden AG Incorporated,Consumer Defensive,Nano-Cap,10804943,NCM
FCHL,Fitness Champs Holdings Limited,Consumer Defensive,Nano-Cap,1760924,NCM
RKDA,"Arcadia Biosciences, Inc.",Consumer Defensive,Nano-Cap,3080095,NCM
JZXN,"Jiuzi Holdings, Inc.",Consumer Cyclical,Nano-Cap,3036072,NCM
SCNI,Scinai Immunotherapeutics Ltd.,Healthcare,Nano-Cap,3551570,NCM
IMCC,IM Cannabis Corp.,Healthcare,Nano-Cap,4218570,NCM
GIPR,Generation Income Properties In,Real Estate,Nano-Cap,10191608,NCM
RDGT,"Ridgetech, Inc.",Healthcare,Nano-Cap,2572452,NCM
ZCMD,Zhongchao Inc.,Healthcare,Nano-Cap,1047197,NCM
BJDX,"Bluejay Diagnostics, Inc.",Healthcare,Nano-Cap,1390850,NCM
ZNB,Zeta Network Group,Communication Services,Nano-Cap,806250,NCM
YHC,LQR House Inc.,Consumer Defensive,Nano-Cap,12070117,NCM
GV,Visionary Holdings Inc.,Consumer Defensive,Nano-Cap,2843180,NCM
KUST,"Kustom Entertainment, Inc.",Communication Services,Nano-Cap,2928680,NCM
PFSA,"Profusa, Inc.",Healthcare,Nano-Cap,7224998,NCM
KIDZ,KIDZ AI Inc.,Consumer Defensive,Nano-Cap,1175284,NCM
WHLR,Wheeler Real Estate Investment ,Real Estate,Nano-Cap,1025758,NCM
INLF,INLIF LIMITED,Industrials,Nano-Cap,87844540,NCM
MEHA,"Functional Brands, Inc.",Consumer Defensive,Nano-Cap,44142556,NCM
JZ,Jianzhi Education Technology Gr,Technology,Nano-Cap,3911183,NCM
FRTT,Fort Technology Inc.,Consumer Cyclical,Nano-Cap,4685755,NCM
MSBT,Common,N/A,Nano-Cap,684247,PCX
AADX,"Applied Aerospace & Defense, In",Industrials,Nano-Cap,2623504,NYQ
SECZ,N/A,Technology,Nano-Cap,844900,NYQ
BHYP,BITWISE HYPERLIQUID ETF,N/A,Nano-Cap,610233,PCX
PSUS,N/A,Financial Services,Nano-Cap,950182,NYQ
ETHA,iShares Ethereum Trust ETF,N/A,Nano-Cap,28733788,NGM
ETHE,Grayscale Ethereum Staking ETF ,N/A,Nano-Cap,2496696,PCX
BITB,Bitwise Bitcoin ETF,N/A,Nano-Cap,1743470,PCX
OUNZ,VanEck Merk Gold ETF,N/A,Nano-Cap,744169,PCX
BPRE,N/A,Financial Services,Nano-Cap,640043,NYQ
GLDM,SPDR Gold MiniShares Trust,N/A,Nano-Cap,4163724,PCX
BTC,Grayscale Bitcoin Mini Trust (B,N/A,Nano-Cap,2108948,PCX
XRP,Bitwise XRP ETF,N/A,Nano-Cap,624546,PCX
IBIT,iShares Bitcoin Trust ETF,N/A,Nano-Cap,45352017,NGM
GSOL,Grayscale Solana Staking ETF,N/A,Nano-Cap,3035787,PCX
IAUM,iShares Gold Trust Micro Shares,N/A,Nano-Cap,2475088,PCX
ETH,Grayscale Ethereum Staking Mini,N/A,Nano-Cap,3000898,PCX
ETHW,Bitwise Ethereum ETF,N/A,Nano-Cap,850087,PCX
AIBZ,Bitzero Holdings Inc.,Technology,Small-Cap,647941,NCM
BSOL,Bitwise Solana Staking ETF,N/A,Nano-Cap,2441772,PCX
DIA,State Street SPDR Dow Jones Ind,N/A,Nano-Cap,4765750,PCX
SPY,State Street SPDR S&P 500 ETF T,N/A,Nano-Cap,54757069,PCX
QQQ,"Invesco QQQ Trust, Series 1",N/A,Nano-Cap,44618479,NGM
ACCO,Acco Brands Corporation,Industrials,Nano-Cap,1005929,NYQ
WDS,Woodside Energy Group Limited,Energy,Nano-Cap,982135,NYQ
SIVR,abrdn Physical Silver Shares ET,N/A,Nano-Cap,1697974,PCX
IAU,iShares Gold Trust Shares,N/A,Nano-Cap,6061841,PCX
PALL,abrdn Physical Palladium Shares,N/A,Nano-Cap,930666,PCX
BNO,"United States Brent Oil Fund, L",N/A,Nano-Cap,3930046,PCX
DBA,Invesco DB Agriculture Fund,N/A,Nano-Cap,1490140,PCX
DBO,Invesco DB Oil Fund,N/A,Nano-Cap,869259,PCX
DBC,Invesco DB Commodity Index Trac,N/A,Nano-Cap,1335516,PCX
PPLT,abrdn Physical Platinum Shares ,N/A,Nano-Cap,2644301,PCX
GBTC,Grayscale Bitcoin Trust (BTC),N/A,Nano-Cap,2135877,PCX
GSG,iShares GSCI Commodity-Indexed ,N/A,Nano-Cap,1126843,PCX
TSM,Taiwan Semiconductor Manufactur,Technology,Mega-Cap,13855519,NYQ
MDY,State Street SPDR S&P MIDCAP 40,N/A,Nano-Cap,716396,PCX
SGOL,abrdn Physical Gold Shares ETF,N/A,Nano-Cap,2782488,PCX
UNG,United States Natural Gas Fund ,N/A,Nano-Cap,8064090,PCX
SLV,iShares Silver Trust,N/A,Nano-Cap,23099962,PCX
SPCX,Space Exploration Technologies ,Industrials,Mega-Cap,169195300,NMS
GLD,SPDR Gold Shares,N/A,Nano-Cap,7137190,PCX
USO,United States Oil Fund,N/A,Nano-Cap,11883267,PCX
GOOG,Alphabet Inc.,Communication Services,Mega-Cap,21435466,NMS
PBR-A,Petroleo Brasileiro S.A. Petrob,Energy,Large-Cap,9359853,NYQ
SATS,EchoStar Corporation,Communication Services,Large-Cap,8540557,NGM
BIP,Brookfield Infrastructure Partn,Utilities,Large-Cap,817980,NYQ
FWONK,Liberty Media Corporation - Ser,Communication Services,Large-Cap,2040125,NMS
FOX,Fox Corporation,Communication Services,Large-Cap,1653414,NMS
Z,"Zillow Group, Inc.",Communication Services,Mid-Cap,4178101,NMS
NWS,News Corporation,Communication Services,Large-Cap,1525222,NMS
FNGD,MicroSectors FANG  Index -3X In,N/A,Nano-Cap,561991,PCX
LBRDK,Liberty Broadband Corporation,Communication Services,Nano-Cap,2052816,NMS
BF-B,Brown Forman Inc,Consumer Defensive,Large-Cap,3914340,NYQ
BLD,TopBuild Corp.,Industrials,Mid-Cap,913307,NYQ
JHG,Janus Henderson Group plc,Financial Services,Mid-Cap,2651513,NYQ
CWAN,"Clearwater Analytics Holdings, ",Technology,Mid-Cap,4375501,NYQ
CNTA,Centessa Pharmaceuticals plc,Healthcare,Mid-Cap,1895826,NGM
LBTYK,Liberty Global Ltd.,Communication Services,Mid-Cap,1345167,NMS
IAC,IAC Inc.,Communication Services,Mid-Cap,1179516,NGM
UA,"Under Armour, Inc.",Consumer Cyclical,Mid-Cap,3229556,NYQ
LC,LendingClub Corporation,Financial Services,Mid-Cap,2233677,NYQ
SEM,Select Medical Holdings Corpora,Healthcare,Mid-Cap,2284389,NYQ
SILA,"Sila Realty Trust, Inc.",Real Estate,Small-Cap,955418,NYQ
LILAK,Liberty Latin America Ltd.,Communication Services,Small-Cap,1482893,NMS
PRA,ProAssurance Corporation,Financial Services,Small-Cap,979179,NYQ
OABI,"OmniAb, Inc.",Healthcare,Small-Cap,734475,NGM
SKLZ,Skillz Inc.,Communication Services,Micro-Cap,1297476,NYQ
STRC,Strategy Inc - Variable Rate Se,Technology,Nano-Cap,4047829,NMS
DEVS,DevvStream Corp.,Industrials,Nano-Cap,21193694,NGM
ORGN,"Origin Materials, Inc.",Basic Materials,Nano-Cap,553409,NCM
SNBR,Sleep Number Corporation,Consumer Cyclical,Nano-Cap,26021477,NGM
EVGOW,EVgo Inc. Warrants,,Nano-Cap,517867,NMS
GOOGM,Alphabet Inc. - Depositary Shar,N/A,Nano-Cap,10308680,NMS
GOOGN,Alphabet Inc. - Depositary Shar,N/A,Nano-Cap,8498095,NMS
WLCOU,Wilco 63 Corporation,Financial Services,Nano-Cap,1293630,NGM
GLIBK,Liberty Capital Corporation - S,Communication Services,Small-Cap,839300,NMS
CANE,Teucrium Sugar Fund ETV,N/A,Nano-Cap,557898,PCX
WEAT,Teucrium Wheat Fund ETV,N/A,Nano-Cap,788795,PCX
CORN,Teucrium Corn Fund ETV,N/A,Nano-Cap,652417,PCX
CPER,United States Copper Index Fund,N/A,Nano-Cap,713204,PCX
AGQ,ProShares Ultra Silver,N/A,Nano-Cap,3267727,PCX
BOIL,ProShares Ultra Bloomberg Natur,N/A,Nano-Cap,4191428,PCX
GLL,ProShares UltraShort Gold,N/A,Nano-Cap,3277367,PCX
ZSL,ProShares UltraShort Silver,N/A,Nano-Cap,5819898,PCX
UGL,ProShares Ultra Gold,N/A,Nano-Cap,2334737,PCX
SCO,ProShares UltraShort Bloomberg ,N/A,Nano-Cap,12255706,PCX
UCO,ProShares Ultra Bloomberg Crude,N/A,Nano-Cap,4675840,PCX
KOLD,ProShares UltraShort Bloomberg ,N/A,Nano-Cap,3404235,PCX
SMCIP,"Super Micro Computer, Inc. - De",Technology,Nano-Cap,5492020,NMS
ORCL-PD,Oracle Corporation Depositary S,Technology,Nano-Cap,1276620,NYQ
BA-PA,Boeing Company (The) Depositary,N/A,Nano-Cap,1359145,NYQ
HONIV,Honeywell International Inc.,,Nano-Cap,787800,NMS
FNGU,MicroSectors FANG+ 3X Leveraged,N/A,Nano-Cap,6448629,PCX
GDXD,MicroSectors Gold Miners -3X In,N/A,Nano-Cap,909520,PCX
BULZ,MicroSectors FANG & Innovation ,N/A,Nano-Cap,1439633,PCX
SHNY,MicroSectors Gold 3X Leveraged ,N/A,Nano-Cap,640629,PCX
GDXU,MicroSectors Gold Miners 3X Lev,N/A,Nano-Cap,1336959,PCX
CGCFU,Cartesian Growth Corporation IV Unit,Financial Services,Nano-Cap,2279216,NGM
HONAV,Honeywell Aerospace Inc.,Industrials,Large-Cap,2286564,NMS
GHXIU,"Gores Holdings XI, Inc. Units",Financial Services,Nano-Cap,1436562,NGM
FWACU,Futurewave Acquisition Corporation Units,Financial Services,Nano-Cap,827533,NCM
IPVVU,InterPrivate Investment Partner,Financial Services,Nano-Cap,656150,NGM
MIACU,Meridian3 Industrials Acquisition Corp Units,Financial Services,Nano-Cap,7198600,NGM
ALPXU,Alpex Acquisition Corporation,Financial Services,Nano-Cap,811483,NGM
FTRA-UN,FutureCorp Space Acquisition 1,Financial Services,Nano-Cap,576961,NYQ
YICCU,Yorkville International Capital,Financial Services,Nano-Cap,729125,NGM
TVIVU,Texas Ventures Acquisition IV C,Financial Services,Nano-Cap,645280,NGM
SHOTU,RMG ML Sports Holdings Unit,Financial Services,Nano-Cap,517475,NGM
VII-UN,N/A,Financial Services,Nano-Cap,4486303,NYQ
