ticker,name,sector,cap_tier,avg_volume,exchange
NVDA,NVIDIA Corporation,Technology,Mega-Cap,175832187,NMS
GOOGL,Alphabet Inc.,Communication Services,Mega-Cap,32977985,NMS
AAPL,Apple Inc.,Technology,Mega-Cap,45077117,NMS
MSFT,Microsoft Corporation,Technology,Mega-Cap,36482890,NMS
AMZN,"Amazon.com, Inc.",Consumer Cyclical,Mega-Cap,53241991,NMS
AVGO,Broadcom Inc.,Technology,Mega-Cap,25465745,NMS
META,"Meta Platforms, Inc.",Communication Services,Mega-Cap,15272064,NMS
TSLA,"Tesla, Inc.",Consumer Cyclical,Mega-Cap,62939924,NMS
WMT,Walmart Inc.,Consumer Defensive,Mega-Cap,21769212,NMS
BRK-B,Berkshire Hathaway Inc. New,Financial Services,Mega-Cap,4809496,NYQ
JPM,JP Morgan Chase & Co.,Financial Services,Mega-Cap,10002493,NYQ
LLY,Eli Lilly and Company,Healthcare,Mega-Cap,3254359,NYQ
SPY,State Street SPDR S&P 500 ETF T,N/A,Nano-Cap,81435230,PCX
XOM,Exxon Mobil Corporation,Energy,Mega-Cap,22414116,NYQ
V,Visa Inc.,Financial Services,Mega-Cap,7609638,NYQ
JNJ,Johnson & Johnson,Healthcare,Mega-Cap,8256543,NYQ
ASML,ASML Holding N.V. - New York Re,Technology,Mega-Cap,1684396,NMS
MU,"Micron Technology, Inc.",Technology,Mega-Cap,41386891,NMS
ORCL,Oracle Corporation,Technology,Mega-Cap,29858850,NYQ
AMD,"Advanced Micro Devices, Inc.",Technology,Mega-Cap,38896464,NMS
COST,Costco Wholesale Corporation,Consumer Defensive,Mega-Cap,1910820,NMS
MA,Mastercard Incorporated,Financial Services,Mega-Cap,3627346,NYQ
NFLX,"Netflix, Inc.",Communication Services,Mega-Cap,46177911,NMS
CAT,"Caterpillar, Inc.",Industrials,Mega-Cap,2785241,NYQ
CVX,Chevron Corporation,Energy,Mega-Cap,12465308,NYQ
BAC,Bank of America Corporation,Financial Services,Mega-Cap,40430391,NYQ
ABBV,AbbVie Inc.,Healthcare,Mega-Cap,7223098,NYQ
CSCO,"Cisco Systems, Inc.",Technology,Mega-Cap,23577908,NMS
PG,Procter & Gamble Company (The),Consumer Defensive,Mega-Cap,10589724,NYQ
HD,"Home Depot, Inc. (The)",Consumer Cyclical,Mega-Cap,3989687,NYQ
PLTR,Palantir Technologies Inc.,Technology,Mega-Cap,52527420,NMS
INTC,Intel Corporation,Technology,Mega-Cap,104491266,NMS
KO,Coca-Cola Company (The),Consumer Defensive,Mega-Cap,17005938,NYQ
LRCX,Lam Research Corporation,Technology,Mega-Cap,10308650,NMS
BABA,Alibaba Group Holding Limited,Consumer Cyclical,Mega-Cap,10440377,NYQ
UNH,UnitedHealth Group Incorporated,Healthcare,Mega-Cap,8998862,NYQ
AMAT,"Applied Materials, Inc.",Technology,Mega-Cap,7042840,NMS
HSBC,"HSBC Holdings, plc.",Financial Services,Mega-Cap,2301148,NYQ
GEV,GE Vernova Inc.,Industrials,Mega-Cap,2658843,NYQ
MS,Morgan Stanley,Financial Services,Mega-Cap,7146098,NYQ
AZN,AstraZeneca PLC,Healthcare,Mega-Cap,2164891,NYQ
GE,GE Aerospace,Industrials,Mega-Cap,5948143,NYQ
NVS,Novartis AG,Healthcare,Mega-Cap,2254982,NYQ
MRK,"Merck & Company, Inc.",Healthcare,Mega-Cap,10988720,NYQ
GS,"Goldman Sachs Group, Inc. (The)",Financial Services,Mega-Cap,2314220,NYQ
PM,Philip Morris International Inc,Consumer Defensive,Mega-Cap,5171367,NYQ
TXN,Texas Instruments Incorporated,Technology,Mega-Cap,7549808,NMS
QQQ,"Invesco QQQ Trust, Series 1",N/A,Nano-Cap,62172229,NGM
SHEL,Shell PLC,Energy,Mega-Cap,7536755,NYQ
WFC,Wells Fargo & Company,Financial Services,Mega-Cap,17196927,NYQ
RY,Royal Bank Of Canada,Financial Services,Mega-Cap,1558325,NYQ
RTX,RTX Corporation,Industrials,Mega-Cap,5921356,NYQ
KLAC,KLA Corporation,Technology,Mega-Cap,1017211,NMS
LIN,Linde plc,Basic Materials,Mega-Cap,2577716,NMS
C,"Citigroup, Inc.",Financial Services,Mega-Cap,14158324,NYQ
AXP,American Express Company,Financial Services,Mega-Cap,3701370,NYQ
ANET,"Arista Networks, Inc.",Technology,Mega-Cap,7586304,NYQ
IBM,International Business Machines,Technology,Mega-Cap,6452948,NYQ
ARM,Arm Holdings plc,Technology,Mega-Cap,7565201,NMS
MCD,McDonald's Corporation,Consumer Cyclical,Mega-Cap,3347498,NYQ
TMUS,"T-Mobile US, Inc.",Communication Services,Mega-Cap,6437854,NMS
PEP,"Pepsico, Inc.",Consumer Defensive,Mega-Cap,7204630,NMS
BHP,BHP Group Limited,Basic Materials,Mega-Cap,3688891,NYQ
NEE,"NextEra Energy, Inc.",Utilities,Mega-Cap,9623356,NYQ
VZ,Verizon Communications Inc.,Communication Services,Mega-Cap,29687593,NYQ
ADI,"Analog Devices, Inc.",Technology,Large-Cap,3971380,NMS
MUFG,"Mitsubishi UFJ Financial Group,",Financial Services,Large-Cap,3769225,NYQ
TTE,TotalEnergies SE,Energy,Mega-Cap,2131779,NYQ
SAP,SAP  SE,Technology,Mega-Cap,3432048,NYQ
AMGN,Amgen Inc.,Healthcare,Large-Cap,2727145,NMS
T,AT&T Inc.,Communication Services,Large-Cap,41979404,NYQ
APH,Amphenol Corporation,Technology,Large-Cap,9156487,NYQ
BA,Boeing Company (The),Industrials,Large-Cap,6607287,NYQ
DIS,Walt Disney Company (The),Communication Services,Large-Cap,10985400,NYQ
TD,Toronto Dominion Bank (The),Financial Services,Large-Cap,2636259,NYQ
TJX,"TJX Companies, Inc. (The)",Consumer Cyclical,Large-Cap,4709350,NYQ
TMO,Thermo Fisher Scientific Inc,Healthcare,Large-Cap,2181467,NYQ
SAN,"Banco Santander, S.A. Sponsored",Financial Services,Large-Cap,15331833,NYQ
NVO,Novo Nordisk A/S,Healthcare,Large-Cap,22222343,NYQ
ISRG,"Intuitive Surgical, Inc.",Healthcare,Large-Cap,1982274,NMS
GILD,"Gilead Sciences, Inc.",Healthcare,Large-Cap,6491622,NMS
ETN,"Eaton Corporation, PLC",Industrials,Large-Cap,2672000,NYQ
BLK,"BlackRock, Inc.",Financial Services,Large-Cap,853314,NYQ
SHOP,Shopify Inc.,Technology,Large-Cap,11384154,NMS
UNP,Union Pacific Corporation,Industrials,Large-Cap,3332895,NYQ
RIO,Rio Tinto Plc,Basic Materials,Large-Cap,3223314,NYQ
ABT,Abbott Laboratories,Healthcare,Large-Cap,11624969,NYQ
DE,Deere & Company,Industrials,Large-Cap,1534987,NYQ
SCHW,Charles Schwab Corporation (The,Financial Services,Large-Cap,11507762,NYQ
UBER,"Uber Technologies, Inc.",Technology,Large-Cap,18683270,NYQ
APP,Applovin Corporation,Communication Services,Large-Cap,5592100,NMS
PFE,"Pfizer, Inc.",Healthcare,Large-Cap,40925530,NYQ
COP,ConocoPhillips,Energy,Large-Cap,9758537,NYQ
SCCO,Southern Copper Corporation,Basic Materials,Large-Cap,1806913,NYQ
WELL,Welltower Inc.,Real Estate,Large-Cap,3104975,NYQ
GLW,Corning Incorporated,Technology,Large-Cap,12384032,NYQ
MRVL,"Marvell Technology, Inc.",Technology,Large-Cap,22836745,NMS
QCOM,QUALCOMM Incorporated,Technology,Large-Cap,13784030,NMS
CRM,"Salesforce, Inc.",Technology,Large-Cap,14149764,NYQ
PANW,"Palo Alto Networks, Inc.",Technology,Large-Cap,10792451,NMS
BUD,Anheuser-Busch Inbev SA Sponsor,Consumer Defensive,Large-Cap,2243822,NYQ
PDD,PDD Holdings Inc.,Consumer Cyclical,Large-Cap,7088948,NMS
LOW,"Lowe's Companies, Inc.",Consumer Cyclical,Large-Cap,2698432,NYQ
DELL,Dell Technologies Inc.,Technology,Large-Cap,8465369,NYQ
WDC,Western Digital Corporation,Technology,Large-Cap,8966598,NMS
SNDK,Sandisk Corporation,Technology,Large-Cap,18741248,NMS
BKNG,Booking Holdings Inc. Common St,Consumer Cyclical,Large-Cap,10793600,NMS
PBR,Petroleo Brasileiro S.A. Petrob,Energy,Large-Cap,29321438,NYQ
HON,Honeywell International Inc.,Industrials,Large-Cap,3944611,NMS
PLD,"Prologis, Inc.",Real Estate,Large-Cap,3493609,NYQ
STX,Seagate Technology Holdings PLC,Technology,Large-Cap,3905704,NMS
SPGI,S&P Global Inc.,Financial Services,Large-Cap,2693906,NYQ
HDB,HDFC Bank Limited,Financial Services,Large-Cap,9360190,NYQ
CB,Chubb Limited,Financial Services,Large-Cap,1769164,NYQ
SMFG,Sumitomo Mitsui Financial Group,Financial Services,Large-Cap,2343035,NYQ
UBS,UBS Group AG Registered,Financial Services,Large-Cap,2864377,NYQ
DHR,Danaher Corporation,Healthcare,Large-Cap,4378540,NYQ
SYK,Stryker Corporation,Healthcare,Large-Cap,2081048,NYQ
UL,Unilever PLC,Consumer Defensive,Large-Cap,4568200,NYQ
BTI,British American Tobacco  Indus,Consumer Defensive,Large-Cap,4900819,NYQ
VRT,"Vertiv Holdings, LLC",Industrials,Large-Cap,7987461,NYQ
PH,Parker-Hannifin Corporation,Industrials,Large-Cap,731267,NYQ
LMT,Lockheed Martin Corporation,Industrials,Large-Cap,1619277,NYQ
COF,Capital One Financial Corporati,Financial Services,Large-Cap,5014420,NYQ
SONY,Sony Group Corporation,Technology,Large-Cap,5782175,NYQ
BBVA,Banco Bilbao Vizcaya Argentaria,Financial Services,Large-Cap,2239545,NYQ
BMY,Bristol-Myers Squibb Company,Healthcare,Large-Cap,12490785,NYQ
PGR,Progressive Corporation (The),Financial Services,Large-Cap,3042645,NYQ
NEM,Newmont Corporation,Basic Materials,Large-Cap,10017511,NYQ
BP,BP p.l.c.,Energy,Large-Cap,14490229,NYQ
CMCSA,Comcast Corporation,Communication Services,Large-Cap,31837101,NMS
ENB,Enbridge Inc,Energy,Large-Cap,5069911,NYQ
SNY,Sanofi,Healthcare,Large-Cap,3893317,NMS
SBUX,Starbucks Corporation,Consumer Cyclical,Large-Cap,7903041,NMS
CRWD,"CrowdStrike Holdings, Inc.",Technology,Large-Cap,4117032,NMS
MO,"Altria Group, Inc.",Consumer Defensive,Large-Cap,9586216,NYQ
GLD,SPDR Gold Shares,N/A,Nano-Cap,13077493,PCX
GSK,GSK plc,Healthcare,Large-Cap,5282609,NYQ
VRTX,Vertex Pharmaceuticals Incorpor,Healthcare,Large-Cap,1358606,NMS
EQIX,"Equinix, Inc.",Real Estate,Large-Cap,649435,NMS
ACN,Accenture plc,Technology,Large-Cap,6899435,NYQ
TT,Trane Technologies plc,Industrials,Large-Cap,1340545,NYQ
MDT,Medtronic plc.,Healthcare,Large-Cap,8760316,NYQ
BMO,Bank Of Montreal,Financial Services,Large-Cap,813085,NYQ
INTU,Intuit Inc.,Technology,Large-Cap,4074432,NMS
SPOT,Spotify Technology S.A.,Communication Services,Large-Cap,2743962,NYQ
CEG,Constellation Energy Corporatio,Utilities,Large-Cap,3375754,NMS
HCA,"HCA Healthcare, Inc.",Healthcare,Large-Cap,1108641,NYQ
SO,Southern Company (The),Utilities,Large-Cap,5776211,NYQ
CME,CME Group Inc.,Financial Services,Large-Cap,2398672,NMS
MCK,McKesson Corporation,Healthcare,Large-Cap,821061,NYQ
BN,Brookfield Corporation,Financial Services,Large-Cap,6264927,NYQ
CVS,CVS Health Corporation,Healthcare,Large-Cap,7961148,NYQ
IBN,ICICI Bank Limited,Financial Services,Large-Cap,6384690,NYQ
CM,Canadian Imperial Bank of Comme,Financial Services,Large-Cap,1415424,NYQ
DUK,Duke Energy Corporation (Holdin,Utilities,Large-Cap,4236451,NYQ
AEM,Agnico Eagle Mines Limited,Basic Materials,Large-Cap,2644319,NYQ
MFG,"Mizuho Financial Group, Inc. Sp",Financial Services,Large-Cap,4992127,NYQ
HWM,Howmet Aerospace Inc.,Industrials,Large-Cap,2465729,NYQ
BSX,Boston Scientific Corporation,Healthcare,Large-Cap,17785872,NYQ
MAR,Marriott International,Consumer Cyclical,Large-Cap,1632025,NMS
ITUB,Itau Unibanco Banco Holding SA,Financial Services,Large-Cap,25800729,NYQ
ADBE,Adobe Inc.,Technology,Large-Cap,5987011,NMS
EQNR,Equinor ASA,Energy,Large-Cap,7657664,NYQ
PWR,"Quanta Services, Inc.",Industrials,Large-Cap,1124690,NYQ
CNQ,Canadian Natural Resources Limi,Energy,Large-Cap,11776730,NYQ
BX,Blackstone Inc.,Financial Services,Large-Cap,9211753,NYQ
KKR,KKR & Co. Inc.,Financial Services,Large-Cap,7841127,NYQ
WM,"Waste Management, Inc.",Industrials,Large-Cap,2191080,NYQ
FDX,FedEx Corporation,Industrials,Large-Cap,1863724,NYQ
BK,The Bank of New York Mellon Cor,Financial Services,Large-Cap,3811217,NYQ
BNS,Bank Nova Scotia Halifax Pfd 3,Financial Services,Large-Cap,2421125,NYQ
MELI,"MercadoLibre, Inc.",Consumer Cyclical,Large-Cap,528501,NMS
UPS,"United Parcel Service, Inc.",Industrials,Large-Cap,6286843,NYQ
CMI,Cummins Inc.,Industrials,Large-Cap,929446,NYQ
PNC,"PNC Financial Services Group, I",Financial Services,Large-Cap,2532743,NYQ
ICE,Intercontinental Exchange Inc.,Financial Services,Large-Cap,3834403,NYQ
FCX,"Freeport-McMoRan, Inc.",Basic Materials,Large-Cap,18097453,NYQ
USB,U.S. Bancorp,Financial Services,Large-Cap,10340164,NYQ
NOW,"ServiceNow, Inc.",Technology,Large-Cap,22900324,NYQ
WMB,"Williams Companies, Inc. (The)",Energy,Large-Cap,6892414,NYQ
SNPS,"Synopsys, Inc.",Technology,Large-Cap,2168814,NMS
CDNS,"Cadence Design Systems, Inc.",Technology,Large-Cap,2736374,NMS
JCI,Johnson Controls International ,Industrials,Large-Cap,4191198,NYQ
NGG,"National Grid Transco, PLC Nati",Utilities,Large-Cap,1174546,NYQ
GD,General Dynamics Corporation,Industrials,Large-Cap,1393764,NYQ
CSX,CSX Corporation,Industrials,Large-Cap,13024753,NMS
IAU,iShares Gold Trust Shares,N/A,Nano-Cap,11982117,PCX
ABNB,"Airbnb, Inc.",Consumer Cyclical,Large-Cap,4346587,NMS
MRSH,Marsh,Financial Services,Large-Cap,3183516,NYQ
SHW,Sherwin-Williams Company (The),Basic Materials,Large-Cap,1752680,NYQ
NOC,Northrop Grumman Corporation,Industrials,Large-Cap,859109,NYQ
AMT,American Tower Corporation (REI,Real Estate,Large-Cap,3224841,NYQ
SLB,SLB Limited,Energy,Large-Cap,18274890,NYQ
EPD,Enterprise Products Partners L.,Energy,Large-Cap,4909298,NYQ
REGN,"Regeneron Pharmaceuticals, Inc.",Healthcare,Large-Cap,695517,NMS
MCO,Moody's Corporation,Financial Services,Large-Cap,1468729,NYQ
E,ENI S.p.A.,Energy,Large-Cap,562508,NYQ
EMR,Emerson Electric Company,Industrials,Large-Cap,3352312,NYQ
ADP,"Automatic Data Processing, Inc.",Technology,Large-Cap,3813222,NMS
ING,"ING Group, N.V.",Financial Services,Large-Cap,3210516,NYQ
ITW,Illinois Tool Works Inc.,Industrials,Large-Cap,1452000,NYQ
AMX,"America Movil, S.A.B. de C.V.",Communication Services,Large-Cap,2147300,NYQ
LYG,Lloyds Banking Group Plc,Financial Services,Large-Cap,23402241,NYQ
CRH,CRH PLC,Basic Materials,Large-Cap,5223946,NYQ
BAM,Brookfield Asset Management Inc,Financial Services,Large-Cap,4025308,NYQ
MPWR,"Monolithic Power Systems, Inc.",Technology,Large-Cap,606885,NMS
ORLY,"O'Reilly Automotive, Inc.",Consumer Cyclical,Large-Cap,5887985,NMS
BCS,Barclays PLC,Financial Services,Large-Cap,8460287,NYQ
SPG,"Simon Property Group, Inc.",Real Estate,Large-Cap,1625367,NYQ
CP,Canadian Pacific Kansas City Li,Industrials,Large-Cap,2891904,NYQ
DASH,"DoorDash, Inc.",Consumer Cyclical,Large-Cap,5047585,NMS
SU,Suncor Energy  Inc.,Energy,Large-Cap,5183230,NYQ
ECL,Ecolab Inc.,Basic Materials,Large-Cap,1495108,NYQ
HLT,Hilton Worldwide Holdings Inc.,Consumer Cyclical,Large-Cap,1907664,NYQ
ELV,"Elevance Health, Inc.",Healthcare,Large-Cap,1932316,NYQ
MNST,Monster Beverage Corporation,Consumer Defensive,Large-Cap,5847024,NMS
MMM,3M Company,Industrials,Large-Cap,4002025,NYQ
HOOD,"Robinhood Markets, Inc.",Financial Services,Large-Cap,33939630,NMS
VALE,VALE S.A.,Basic Materials,Large-Cap,32036417,NYQ
MDLZ,"Mondelez International, Inc.",Consumer Defensive,Large-Cap,10142427,NMS
CI,The Cigna Group,Healthcare,Large-Cap,1749217,NYQ
MSI,"Motorola Solutions, Inc.",Technology,Large-Cap,1058806,NYQ
AEP,American Electric Power Company,Utilities,Large-Cap,3357740,NMS
ROST,"Ross Stores, Inc.",Consumer Cyclical,Large-Cap,2506806,NMS
CIEN,Ciena Corporation,Technology,Large-Cap,3481966,NYQ
NSC,Norfolk Southern Corporation,Industrials,Large-Cap,1361582,NYQ
NET,"Cloudflare, Inc.",Technology,Large-Cap,4687654,NYQ
APO,"Apollo Global Management, Inc. ",Financial Services,Large-Cap,5712079,NYQ
EOG,"EOG Resources, Inc.",Energy,Large-Cap,5183406,NYQ
CTAS,Cintas Corporation,Industrials,Large-Cap,2265740,NMS
GM,General Motors Company,Consumer Cyclical,Large-Cap,7576872,NYQ
KMI,"Kinder Morgan, Inc.",Energy,Large-Cap,13536503,NYQ
RCL,Royal Caribbean Cruises Ltd.,Consumer Cyclical,Large-Cap,2542938,NYQ
NU,Nu Holdings Ltd.,Financial Services,Large-Cap,52293022,NYQ
VLO,Valero Energy Corporation,Energy,Large-Cap,3652345,NYQ
NTES,"NetEase, Inc.",Communication Services,Large-Cap,835661,NMS
DLR,"Digital Realty Trust, Inc.",Real Estate,Large-Cap,2108819,NYQ
CNI,Canadian National Railway Compa,Industrials,Large-Cap,1783490,NYQ
AON,Aon plc,Financial Services,Large-Cap,1507701,NYQ
APD,"Air Products and Chemicals, Inc",Basic Materials,Large-Cap,1356800,NYQ
B,Barrick Mining Corporation,Basic Materials,Large-Cap,14254504,NYQ
BE,Bloom Energy Corporation,Industrials,Large-Cap,10967677,NYQ
WBD,"Warner Bros. Discovery, Inc. - ",Communication Services,Large-Cap,24734308,NMS
CL,Colgate-Palmolive Company,Consumer Defensive,Large-Cap,6341761,NYQ
PCAR,PACCAR Inc.,Industrials,Large-Cap,3096682,NMS
NKE,"Nike, Inc.",Consumer Cyclical,Large-Cap,20312193,NYQ
RSG,"Republic Services, Inc.",Industrials,Large-Cap,1486443,NYQ
ET,Energy Transfer LP,Energy,Large-Cap,16171361,NYQ
TRV,"The Travelers Companies, Inc.",Financial Services,Large-Cap,1539946,NYQ
ASX,"ASE Technology Holding Co., Ltd",Technology,Large-Cap,7833851,NYQ
MPC,Marathon Petroleum Corporation,Energy,Large-Cap,2594817,NYQ
MFC,Manulife Financial Corporation,Financial Services,Large-Cap,2523512,NYQ
RELX,RELX PLC PLC,Industrials,Large-Cap,4143340,NYQ
WPM,Wheaton Precious Metals Corp,Basic Materials,Large-Cap,2444429,NYQ
TFC,Truist Financial Corporation,Financial Services,Large-Cap,9504480,NYQ
PSX,Phillips 66,Energy,Large-Cap,3227670,NYQ
TEL,TE Connectivity plc,Technology,Large-Cap,2420250,NYQ
BKR,Baker Hughes Company,Energy,Large-Cap,9587654,NMS
TRP,TC Energy Corporation,Energy,Large-Cap,2633817,NYQ
RACE,Ferrari N.V.,Consumer Cyclical,Large-Cap,702266,NYQ
COHR,Coherent Corp.,Technology,Large-Cap,7531945,NYQ
IMO,Imperial Oil Limited,Energy,Large-Cap,737254,ASE
CRWV,"CoreWeave, Inc.",Technology,Large-Cap,27051345,NMS
TER,"Teradyne, Inc.",Technology,Large-Cap,3717338,NMS
NWG,NatWest Group plc,Financial Services,Large-Cap,4204648,NYQ
URI,"United Rentals, Inc.",Industrials,Large-Cap,640916,NYQ
LHX,"L3Harris Technologies, Inc.",Industrials,Large-Cap,1391458,NYQ
SRE,DBA Sempra,Utilities,Large-Cap,3607179,NYQ
FTNT,"Fortinet, Inc.",Technology,Large-Cap,6512108,NMS
NXPI,NXP Semiconductors N.V.,Technology,Large-Cap,3180772,NMS
COR,"Cencora, Inc.",Healthcare,Large-Cap,1401585,NYQ
LITE,Lumentum Holdings Inc.,Technology,Large-Cap,6361437,NMS
DB,Deutsche Bank AG,Financial Services,Large-Cap,3561295,NYQ
MSTR,Strategy Inc,Technology,Large-Cap,21577396,NMS
O,Realty Income Corporation,Real Estate,Large-Cap,6174017,NYQ
KEYS,Keysight Technologies Inc.,Technology,Large-Cap,1495424,NYQ
AFL,AFLAC Incorporated,Financial Services,Large-Cap,2373379,NYQ
TGT,Target Corporation,Consumer Defensive,Large-Cap,5934248,NYQ
NOK,Nokia Corporation Sponsored,Technology,Large-Cap,67949633,NYQ
CVNA,Carvana Co.,Consumer Cyclical,Large-Cap,3495496,NYQ
OXY,Occidental Petroleum Corporatio,Energy,Large-Cap,16907951,NYQ
MPLX,MPLX LP,Energy,Large-Cap,1962137,NYQ
AJG,Arthur J. Gallagher & Co.,Financial Services,Large-Cap,2359462,NYQ
ALL,Allstate Corporation (The),Financial Services,Large-Cap,1515109,NYQ
FANG,"Diamondback Energy, Inc.",Energy,Large-Cap,3208388,NMS
D,"Dominion Energy, Inc.",Utilities,Large-Cap,5063319,NYQ
OKE,"ONEOK, Inc.",Energy,Large-Cap,5024812,NYQ
PSA,Public Storage,Real Estate,Large-Cap,1224535,NYQ
LNG,"Cheniere Energy, Inc.",Energy,Large-Cap,3007193,NYQ
CCJ,Cameco Corporation,Energy,Large-Cap,3627427,NYQ
AME,"AMETEK, Inc.",Industrials,Large-Cap,1366937,NYQ
CTVA,"Corteva, Inc.",Basic Materials,Large-Cap,4042869,NYQ
VST,Vistra Corp.,Utilities,Large-Cap,4698196,NYQ
FERG,Ferguson Enterprises Inc.,Industrials,Large-Cap,1426974,NYQ
TAK,Takeda Pharmaceutical Company L,Healthcare,Large-Cap,2810741,NYQ
INFY,Infosys Limited,Technology,Large-Cap,18745454,NYQ
COIN,"Coinbase Global, Inc.",Financial Services,Large-Cap,12675340,NMS
FAST,Fastenal Company,Industrials,Large-Cap,8081691,NMS
ETR,Entergy Corporation,Utilities,Large-Cap,2923580,NYQ
TRGP,"Targa Resources, Inc.",Energy,Large-Cap,1474988,NYQ
CARR,Carrier Global Corporation,Industrials,Large-Cap,7227287,NYQ
SE,Sea Limited,Consumer Cyclical,Large-Cap,5433214,NYQ
EA,Electronic Arts Inc.,Communication Services,Large-Cap,2448795,NMS
SNOW,Snowflake Inc.,Technology,Large-Cap,7193167,NYQ
GRMN,Garmin Ltd.,Technology,Large-Cap,937474,NYQ
FER,Ferrovial SE,Industrials,Large-Cap,1289095,NMS
F,Ford Motor Company,Consumer Cyclical,Large-Cap,56855301,NYQ
CVE,Cenovus Energy Inc,Energy,Large-Cap,13895725,NYQ
XEL,Xcel Energy Inc.,Utilities,Large-Cap,4726833,NMS
MET,"MetLife, Inc.",Financial Services,Large-Cap,3939225,NYQ
NDAQ,"Nasdaq, Inc.",Financial Services,Large-Cap,4357890,NMS
MCHP,Microchip Technology Incorporat,Technology,Large-Cap,9415754,NMS
ZTS,Zoetis Inc.,Healthcare,Large-Cap,4034420,NYQ
RKLB,Rocket Lab Corporation,Industrials,Large-Cap,21307680,NCM
ADSK,"Autodesk, Inc.",Technology,Large-Cap,2199016,NMS
AU,AngloGold Ashanti PLC,Basic Materials,Large-Cap,2937904,NYQ
NUE,Nucor Corporation,Basic Materials,Large-Cap,1628756,NYQ
CAH,"Cardinal Health, Inc.",Healthcare,Large-Cap,1764830,NYQ
EXC,Exelon Corporation,Utilities,Large-Cap,9004785,NMS
FNV,Franco-Nevada Corporation,Basic Materials,Large-Cap,829514,NYQ
DHI,"D.R. Horton, Inc.",Consumer Cyclical,Large-Cap,2773191,NYQ
ODFL,"Old Dominion Freight Line, Inc.",Industrials,Large-Cap,2387951,NMS
EBAY,eBay Inc.,Consumer Cyclical,Large-Cap,5667109,NMS
FITB,Fifth Third Bancorp,Financial Services,Large-Cap,9911814,NMS
EW,Edwards Lifesciences Corporatio,Healthcare,Large-Cap,5226067,NYQ
ROK,"Rockwell Automation, Inc.",Industrials,Large-Cap,1006014,NYQ
WAB,Westinghouse Air Brake Technolo,Industrials,Large-Cap,1005188,NYQ
ABEV,Ambev S.A.,Consumer Defensive,Large-Cap,24693045,NYQ
MT,Arcelor Mittal NY Registry Shar,Basic Materials,Large-Cap,1906727,NYQ
DDOG,"Datadog, Inc.",Technology,Large-Cap,5459070,NMS
CLS,"Celestica, Inc.",Technology,Large-Cap,2316629,NYQ
DAL,"Delta Air Lines, Inc.",Industrials,Large-Cap,11792767,NYQ
PYPL,"PayPal Holdings, Inc.",Financial Services,Large-Cap,23003656,NMS
IDXX,"IDEXX Laboratories, Inc.",Healthcare,Large-Cap,536666,NMS
BSBR,Banco Santander Brasil SA,Financial Services,Large-Cap,998741,NYQ
YUM,"Yum! Brands, Inc.",Consumer Cyclical,Large-Cap,1825353,NYQ
STM,STMicroelectronics N.V.,Technology,Large-Cap,9857520,NYQ
CMG,"Chipotle Mexican Grill, Inc.",Consumer Cyclical,Large-Cap,17209570,NYQ
DEO,Diageo plc,Consumer Defensive,Large-Cap,1901472,NYQ
BDX,"Becton, Dickinson and Company",Healthcare,Large-Cap,2946278,NYQ
KR,Kroger Company (The),Consumer Defensive,Large-Cap,6409791,NYQ
CBRE,CBRE Group Inc,Real Estate,Large-Cap,2490711,NYQ
MSCI,MSCI Inc.,Financial Services,Large-Cap,667133,NYQ
CCEP,Coca-Cola Europacific Partners ,Consumer Defensive,Large-Cap,1929888,NMS
WCN,"Waste Connections, Inc.",Industrials,Large-Cap,1594590,NYQ
RKT,"Rocket Companies, Inc.",Financial Services,Large-Cap,27367950,NYQ
XYZ,"Block, Inc.",Technology,Large-Cap,8117369,NYQ
HLN,Haleon plc,Healthcare,Large-Cap,8235062,NYQ
STT,State Street Corporation,Financial Services,Large-Cap,2136751,NYQ
GBTC,Grayscale Bitcoin Trust (BTC),N/A,Nano-Cap,3959350,PCX
BBD,Banco Bradesco Sa,Financial Services,Large-Cap,40611240,NYQ
ALNY,"Alnylam Pharmaceuticals, Inc.",Healthcare,Large-Cap,1263779,NMS
AMP,"Ameriprise Financial, Inc.",Financial Services,Large-Cap,732504,NYQ
BIDU,"Baidu, Inc.",Communication Services,Large-Cap,2176525,NMS
JD,"JD.com, Inc.",Consumer Cyclical,Large-Cap,10042603,NMS
AIG,"American International Group, I",Financial Services,Large-Cap,4261362,NYQ
ED,"Consolidated Edison, Inc.",Utilities,Large-Cap,2161519,NYQ
DIA,State Street SPDR Dow Jones Ind,N/A,Nano-Cap,6525716,PCX
PEG,Public Service Enterprise Group,Utilities,Large-Cap,2671361,NYQ
TRI,Thomson Reuters Corp,Industrials,Large-Cap,2917687,NMS
NBIS,Nebius Group N.V.,Communication Services,Large-Cap,16072738,NMS
RBLX,Roblox Corporation,Communication Services,Large-Cap,10434033,NYQ
VTR,"Ventas, Inc.",Real Estate,Large-Cap,3564772,NYQ
GFI,Gold Fields Limited,Basic Materials,Large-Cap,3341146,NYQ
SLF,Sun Life Financial Inc.,Financial Services,Large-Cap,750408,NYQ
HSY,The Hershey Company,Consumer Defensive,Large-Cap,2071469,NYQ
TTWO,"Take-Two Interactive Software, ",Communication Services,Large-Cap,2187017,NMS
KDP,Keurig Dr Pepper Inc.,Consumer Defensive,Large-Cap,11256953,NMS
KGC,Kinross Gold Corporation,Basic Materials,Large-Cap,10719862,NYQ
ON,ON Semiconductor Corporation,Technology,Large-Cap,9136106,NMS
HIG,"The Hartford Insurance Group, I",Financial Services,Large-Cap,1575341,NYQ
CCI,Crown Castle Inc.,Real Estate,Large-Cap,3448148,NYQ
VMC,Vulcan Materials Company (Holdi,Basic Materials,Large-Cap,1314729,NYQ
PUK,Prudential Public Limited Compa,Financial Services,Large-Cap,948267,NYQ
ALC,Alcon Inc.,Healthcare,Large-Cap,1671970,NYQ
ERIC,Ericsson,Technology,Large-Cap,9544383,NMS
SYM,Symbotic Inc.,Industrials,Large-Cap,1583993,NGM
WEC,"WEC Energy Group, Inc.",Utilities,Large-Cap,2104569,NYQ
CPNG,"Coupang, Inc.",Consumer Cyclical,Large-Cap,22838440,NYQ
MDLN,Medline Inc.,Healthcare,Large-Cap,5861879,NMS
HEI,Heico Corporation,Industrials,Large-Cap,649469,NYQ
ROP,"Roper Technologies, Inc.",Technology,Large-Cap,1552200,NMS
MLM,"Martin Marietta Materials, Inc.",Basic Materials,Large-Cap,544019,NYQ
HPE,Hewlett Packard Enterprise Comp,Technology,Large-Cap,17826525,NYQ
PCG,Pacific Gas & Electric Co.,Utilities,Large-Cap,22877027,NYQ
QSR,Restaurant Brands International,Consumer Cyclical,Large-Cap,3519369,NYQ
CCL,Carnival Corporation,Consumer Cyclical,Large-Cap,26100479,NYQ
CUK,Carnival Plc,Consumer Cyclical,Large-Cap,3056733,NYQ
EQT,EQT Corporation,Energy,Large-Cap,8803895,NYQ
MDY,State Street SPDR S&P MIDCAP 40,N/A,Nano-Cap,1158700,PCX
TEVA,Teva Pharmaceutical Industries ,Healthcare,Large-Cap,7420193,NYQ
SYY,Sysco Corporation,Consumer Defensive,Large-Cap,4859620,NYQ
VOD,Vodafone Group Plc,Communication Services,Large-Cap,4406219,NMS
VIK,Viking Holdings Ltd,Consumer Cyclical,Large-Cap,2782435,NYQ
LYV,"Live Nation Entertainment, Inc.",Communication Services,Large-Cap,3050817,NYQ
JBL,Jabil Inc.,Technology,Large-Cap,1161016,NYQ
SATS,EchoStar Corporation,Communication Services,Large-Cap,6033700,NMS
ACGL,Arch Capital Group Ltd.,Financial Services,Large-Cap,1944137,NMS
NTR,Nutrien Ltd.,Basic Materials,Large-Cap,3679203,NYQ
TCOM,Trip.com Group Limited,Consumer Cyclical,Large-Cap,3241317,NMS
IRM,Iron Mountain Incorporated (Del,Real Estate,Large-Cap,1770540,NYQ
LVS,Las Vegas Sands Corp.,Consumer Cyclical,Large-Cap,4374445,NYQ
HBAN,Huntington Bancshares Incorpora,Financial Services,Large-Cap,27916961,NMS
CRDO,Credo Technology Group Holding ,Technology,Large-Cap,7553579,NMS
IBKR,"Interactive Brokers Group, Inc.",Financial Services,Large-Cap,4854183,NMS
GFS,GlobalFoundries Inc.,Technology,Large-Cap,3955959,NMS
ADM,Archer-Daniels-Midland Company,Consumer Defensive,Large-Cap,3887848,NYQ
KVUE,Kenvue Inc.,Consumer Defensive,Large-Cap,30807935,NYQ
IR,Ingersoll Rand Inc.,Industrials,Large-Cap,4030177,NYQ
ALAB,"Astera Labs, Inc.",Technology,Large-Cap,5476722,NMS
HAL,Halliburton Company,Energy,Large-Cap,15164872,NYQ
FISV,"Fiserv, Inc.",N/A,Large-Cap,7208095,NMS
PRU,"Prudential Financial, Inc.",Financial Services,Large-Cap,2502116,NYQ
NRG,"NRG Energy, Inc.",Utilities,Large-Cap,2764906,NYQ
CPRT,"Copart, Inc.",Industrials,Large-Cap,9332737,NMS
MTB,M&T Bank Corporation,Financial Services,Large-Cap,1207972,NYQ
STLD,"Steel Dynamics, Inc.",Basic Materials,Large-Cap,1259917,NMS
PAYX,"Paychex, Inc.",Technology,Large-Cap,4145598,NMS
KMB,Kimberly-Clark Corporation,Consumer Defensive,Large-Cap,5116690,NMS
VG,"Venture Global, Inc.",Energy,Large-Cap,24783454,NYQ
A,"Agilent Technologies, Inc.",Healthcare,Large-Cap,2233406,NYQ
RMD,ResMed Inc.,Healthcare,Large-Cap,1109729,NYQ
FLEX,Flex Ltd.,Technology,Large-Cap,3813961,NMS
GEHC,GE HealthCare Technologies Inc.,Healthcare,Large-Cap,4024619,NMS
HMC,"Honda Motor Company, Ltd.",Consumer Cyclical,Large-Cap,1661829,NYQ
TS,Tenaris S.A.,Energy,Large-Cap,1945564,NYQ
SUNB,"Sunbelt Rentals Holdings, Inc.",Industrials,Large-Cap,4160348,NYQ
AXON,"Axon Enterprise, Inc.",Industrials,Large-Cap,1124733,NMS
AMRZ,Amrize Ltd,Basic Materials,Large-Cap,3319211,NYQ
ATO,Atmos Energy Corporation,Utilities,Large-Cap,1092124,NYQ
INSM,Insmed Incorporated,Healthcare,Large-Cap,2264035,NMS
AEE,Ameren Corporation,Utilities,Large-Cap,1782379,NYQ
DOV,Dover Corporation,Industrials,Large-Cap,1221677,NYQ
EXPE,"Expedia Group, Inc.",Consumer Cyclical,Large-Cap,2643800,NMS
DTE,DTE Energy Company,Utilities,Large-Cap,1311261,NYQ
OTIS,Otis Worldwide Corporation,Industrials,Large-Cap,3887625,NYQ
CHTR,"Charter Communications, Inc.",Communication Services,Large-Cap,2258262,NMS
NTRS,Northern Trust Corporation,Financial Services,Large-Cap,1153867,NMS
WAT,Waters Corporation,Healthcare,Large-Cap,1226995,NYQ
VICI,VICI Properties Inc.,Real Estate,Large-Cap,9021787,NYQ
TPL,Texas Pacific Land Corporation,Energy,Large-Cap,553337,NYQ
RJF,"Raymond James Financial, Inc.",Financial Services,Large-Cap,1492254,NYQ
UMC,United Microelectronics Corpora,Technology,Large-Cap,9657016,NYQ
MTZ,"MasTec, Inc.",Industrials,Large-Cap,952620,NYQ
EXR,Extra Space Storage Inc,Real Estate,Large-Cap,1315169,NYQ
TPR,"Tapestry, Inc.",Consumer Cyclical,Large-Cap,2121246,NYQ
DVN,Devon Energy Corporation,Energy,Large-Cap,14722041,NYQ
TECK,Teck Resources Ltd,Basic Materials,Large-Cap,4095553,NYQ
RYAAY,Ryanair Holdings plc,Industrials,Large-Cap,1517862,NMS
EC,Ecopetrol S.A.,Energy,Large-Cap,3298506,NYQ
HUBB,Hubbell Inc,Industrials,Large-Cap,567083,NYQ
UAL,"United Airlines Holdings, Inc.",Industrials,Large-Cap,7857946,NMS
XYL,Xylem Inc.,Industrials,Large-Cap,2254866,NYQ
WDAY,"Workday, Inc.",Technology,Large-Cap,5637374,NMS
RPRX,Royalty Pharma plc,Healthcare,Large-Cap,3412975,NMS
Q,"Qnity Electronics, Inc.",Technology,Large-Cap,2201396,NYQ
CASY,"Caseys General Stores, Inc.",Consumer Cyclical,Large-Cap,583241,NMS
RDDT,"Reddit, Inc.",Communication Services,Large-Cap,5443612,NYQ
PPL,PPL Corporation,Utilities,Large-Cap,9309220,NYQ
FTI,TechnipFMC plc,Energy,Large-Cap,4140890,NYQ
FTS,Fortis Inc.,Utilities,Large-Cap,825140,NYQ
FE,FirstEnergy Corp.,Utilities,Large-Cap,4843554,NYQ
NTRA,"Natera, Inc.",Healthcare,Large-Cap,1259569,NMS
RVMD,"Revolution Medicines, Inc.",Healthcare,Large-Cap,2859298,NMS
AXIA,AXIA Energia,Utilities,Large-Cap,2645683,NYQ
CNP,"CenterPoint Energy, Inc (Holdin",Utilities,Large-Cap,5360733,NYQ
CFG,"Citizens Financial Group, Inc.",Financial Services,Large-Cap,5093369,NYQ
STZ,"Constellation Brands, Inc.",Consumer Defensive,Large-Cap,2108822,NYQ
DOW,Dow Inc.,Basic Materials,Large-Cap,14929788,NYQ
EL,"Estee Lauder Companies, Inc. (T",Consumer Defensive,Large-Cap,4894500,NYQ
BIIB,Biogen Inc.,Healthcare,Large-Cap,1258782,NMS
WTW,Willis Towers Watson Public Lim,Financial Services,Large-Cap,835562,NMS
ROL,"Rollins, Inc.",Consumer Cyclical,Large-Cap,3273493,NYQ
FOXA,Fox Corporation,Communication Services,Large-Cap,4041914,NMS
EIX,Edison International,Utilities,Large-Cap,3338540,NYQ
IQV,"IQVIA Holdings, Inc.",Healthcare,Large-Cap,2147317,NYQ
DG,Dollar General Corporation,Consumer Defensive,Large-Cap,3112474,NYQ
BNTX,BioNTech SE,Healthcare,Large-Cap,1100772,NMS
SYF,Synchrony Financial,Financial Services,Large-Cap,4259169,NYQ
ZM,"Zoom Communications, Inc.",Technology,Large-Cap,4455098,NMS
AWK,"American Water Works Company, I",Utilities,Large-Cap,1953485,NYQ
XPO,"XPO, Inc.",Industrials,Large-Cap,1785479,NYQ
CTSH,Cognizant Technology Solutions ,Technology,Large-Cap,7117240,NMS
PHG,Koninklijke Philips N.V. NY Reg,Healthcare,Large-Cap,1123058,NYQ
CINF,Cincinnati Financial Corporatio,Financial Services,Large-Cap,801854,NMS
KHC,The Kraft Heinz Company,Consumer Defensive,Large-Cap,15599791,NMS
ES,Eversource Energy (D/B/A),Utilities,Large-Cap,2549551,NYQ
ARES,Ares Management Corporation,Financial Services,Large-Cap,4244062,NYQ
HUM,Humana Inc.,Healthcare,Large-Cap,1993748,NYQ
LPLA,LPL Financial Holdings Inc.,Financial Services,Large-Cap,1037906,NMS
VEEV,Veeva Systems Inc.,Healthcare,Large-Cap,2271454,NYQ
WRB,W.R. Berkley Corporation,Financial Services,Large-Cap,2176701,NYQ
CTRA,Coterra Energy Inc.,Energy,Large-Cap,10265096,NYQ
VIV,Telefonica Brasil S.A.,Communication Services,Large-Cap,991485,NYQ
VRSN,"VeriSign, Inc.",Technology,Large-Cap,889314,NMS
PBA,Pembina Pipeline Corp.,Energy,Large-Cap,1486008,NYQ
UTHR,United Therapeutics Corporation,Healthcare,Large-Cap,524093,NMS
PHM,"PulteGroup, Inc.",Consumer Cyclical,Large-Cap,1901030,NYQ
SBS,Companhia de saneamento Basico ,Utilities,Large-Cap,1430774,NYQ
TW,Tradeweb Markets Inc.,Financial Services,Large-Cap,1544464,NMS
CRCL,"Circle Internet Group, Inc.",Financial Services,Large-Cap,16177538,NYQ
FN,Fabrinet,Technology,Large-Cap,719035,NYQ
ULTA,"Ulta Beauty, Inc.",Consumer Cyclical,Large-Cap,695111,NMS
PPG,"PPG Industries, Inc.",Basic Materials,Large-Cap,2207612,NYQ
BG,Bunge Limited,Consumer Defensive,Large-Cap,1754696,NYQ
SQM,Sociedad Quimica y Minera S.A.,Basic Materials,Large-Cap,1381104,NYQ
RF,Regions Financial Corporation,Financial Services,Large-Cap,13273553,NYQ
DXCM,"DexCom, Inc.",Healthcare,Large-Cap,4474693,NMS
FTAI,FTAI Aviation Ltd.,Industrials,Large-Cap,1628229,NMS
AVB,"AvalonBay Communities, Inc.",Real Estate,Large-Cap,1063933,NYQ
STLA,Stellantis N.V.,Consumer Cyclical,Large-Cap,21462483,NYQ
JBHT,"J.B. Hunt Transport Services, I",Industrials,Large-Cap,1010080,NMS
TSEM,Tower Semiconductor Ltd.,Technology,Large-Cap,2961203,NMS
KEY,KeyCorp,Financial Services,Large-Cap,15658745,NYQ
NMR,Nomura Holdings Inc,Financial Services,Large-Cap,2033072,NYQ
OMC,Omnicom Group Inc.,Communication Services,Large-Cap,5338683,NYQ
FIS,Fidelity National Information S,Technology,Large-Cap,5988100,NYQ
CMS,CMS Energy Corporation,Utilities,Large-Cap,3081804,NYQ
EQR,Equity Residential,Real Estate,Large-Cap,2723138,NYQ
SOFI,"SoFi Technologies, Inc.",Financial Services,Large-Cap,67155362,NMS
SLV,iShares Silver Trust,N/A,Nano-Cap,55483409,PCX
SBAC,SBA Communications Corporation,Real Estate,Large-Cap,1246337,NMS
PAAS,Pan American Silver Corp.,Basic Materials,Large-Cap,7198183,NYQ
VRSK,"Verisk Analytics, Inc.",Industrials,Large-Cap,2284680,NMS
LEN,Lennar Corporation,Consumer Cyclical,Large-Cap,2975733,NYQ
DRI,"Darden Restaurants, Inc.",Consumer Cyclical,Large-Cap,1385350,NYQ
EXE,Expand Energy Corporation,Energy,Large-Cap,3971117,NMS
L,Loews Corporation,Financial Services,Large-Cap,688972,NYQ
P,"Everpure, Inc.",Technology,Large-Cap,3116496,NYQ
NI,NiSource Inc,Utilities,Large-Cap,4338220,NYQ
NVT,nVent Electric plc,Industrials,Large-Cap,2409506,NYQ
ASTS,"AST SpaceMobile, Inc.",Technology,Large-Cap,14609709,NMS
BRO,"Brown & Brown, Inc.",Financial Services,Large-Cap,3377803,NYQ
TSN,"Tyson Foods, Inc.",Consumer Defensive,Large-Cap,2889269,NYQ
WSM,"Williams-Sonoma, Inc.",Consumer Cyclical,Large-Cap,1188964,NYQ
LYB,LyondellBasell Industries NV,Basic Materials,Large-Cap,8218370,NYQ
ENTG,"Entegris, Inc.",Technology,Large-Cap,2799958,NMS
AER,AerCap Holdings N.V.,Industrials,Large-Cap,1426812,NYQ
ALB,Albemarle Corporation,Basic Materials,Large-Cap,2256314,NYQ
RL,Ralph Lauren Corporation,Consumer Cyclical,Large-Cap,650554,NYQ
BCE,"BCE, Inc.",Communication Services,Large-Cap,3527929,NYQ
CHD,"Church & Dwight Company, Inc.",Consumer Defensive,Large-Cap,2071338,NYQ
WST,"West Pharmaceutical Services, I",Healthcare,Large-Cap,978695,NYQ
DGX,Quest Diagnostics Incorporated,Healthcare,Large-Cap,1016104,NYQ
WIT,Wipro Limited,Technology,Large-Cap,13646154,NYQ
STE,STERIS plc (Ireland),Healthcare,Large-Cap,870354,NYQ
WWD,"Woodward, Inc.",Industrials,Large-Cap,746012,NMS
LH,Labcorp Holdings Inc.,Healthcare,Large-Cap,654704,NYQ
VLTO,Veralto Corp,Industrials,Large-Cap,2188827,NYQ
CHRW,"C.H. Robinson Worldwide, Inc.",Industrials,Large-Cap,2231974,NMS
TROW,"T. Rowe Price Group, Inc.",Financial Services,Large-Cap,2497240,NMS
FUTU,Futu Holdings Limited,Financial Services,Large-Cap,1519100,NGM
NTAP,"NetApp, Inc.",Technology,Large-Cap,2296362,NMS
TWLO,Twilio Inc.,Technology,Large-Cap,2444800,NYQ
ZS,"Zscaler, Inc.",Technology,Large-Cap,3045401,NMS
MTSI,MACOM Technology Solutions Hold,Technology,Large-Cap,1211687,NMS
RGLD,"Royal Gold, Inc.",Basic Materials,Large-Cap,1038100,NMS
SW,Smurfit WestRock plc,Consumer Cyclical,Large-Cap,6330382,NYQ
CRS,Carpenter Technology Corporatio,Industrials,Large-Cap,773032,NYQ
EFX,"Equifax, Inc.",Industrials,Large-Cap,1877179,NYQ
FSLR,"First Solar, Inc.",Technology,Large-Cap,2242620,NMS
APG,APi Group Corporation,Industrials,Large-Cap,3013643,NYQ
RIVN,"Rivian Automotive, Inc.",Consumer Cyclical,Large-Cap,28792303,NMS
PFG,Principal Financial Group Inc,Financial Services,Large-Cap,1675061,NMS
MRNA,"Moderna, Inc.",Healthcare,Large-Cap,8114548,NMS
ATI,ATI Inc.,Industrials,Large-Cap,2181598,NYQ
AS,"Amer Sports, Inc.",Consumer Cyclical,Large-Cap,4834241,NYQ
AFRM,"Affirm Holdings, Inc.",Financial Services,Large-Cap,6343708,NMS
MDB,"MongoDB, Inc.",Technology,Large-Cap,1947046,NGM
CPAY,"Corpay, Inc.",Technology,Large-Cap,687374,NYQ
BURL,"Burlington Stores, Inc.",Consumer Cyclical,Large-Cap,772640,NYQ
BWXT,"BWX Technologies, Inc.",Industrials,Large-Cap,995600,NYQ
USFD,US Foods Holding Corp.,Consumer Defensive,Large-Cap,2654843,NYQ
CNC,Centene Corporation,Healthcare,Large-Cap,6750053,NYQ
DKS,Dick's Sporting Goods Inc,Consumer Cyclical,Large-Cap,1177387,NYQ
RCI,"Rogers Communication, Inc.",Communication Services,Large-Cap,1318225,NYQ
DLTR,"Dollar Tree, Inc.",Consumer Defensive,Large-Cap,3171537,NMS
ROIV,Roivant Sciences Ltd.,Healthcare,Large-Cap,6135593,NMS
TSCO,Tractor Supply Company,Consumer Cyclical,Large-Cap,7091872,NMS
EXPD,Expeditors International of Was,Industrials,Large-Cap,1437730,NYQ
KEP,Korea Electric Power Corporatio,Utilities,Large-Cap,705880,NYQ
RBA,"RB Global, Inc.",Industrials,Large-Cap,1388474,NYQ
ITT,ITT Inc.,Industrials,Large-Cap,1001700,NYQ
CDE,"Coeur Mining, Inc.",Basic Materials,Large-Cap,26209108,NYQ
ZTO,ZTO Express (Cayman) Inc.,Industrials,Large-Cap,1926412,NYQ
TU,Telus Corporation,Communication Services,Large-Cap,6047945,NYQ
CF,"CF Industries Holdings, Inc.",Basic Materials,Large-Cap,4572570,NYQ
PKG,Packaging Corporation of Americ,Consumer Cyclical,Large-Cap,1036122,NYQ
LI,Li Auto Inc.,Consumer Cyclical,Large-Cap,3254337,NMS
ILMN,"Illumina, Inc.",Healthcare,Large-Cap,1834903,NMS
INCY,Incyte Corporation,Healthcare,Large-Cap,1686637,NMS
DD,"DuPont de Nemours, Inc.",Basic Materials,Large-Cap,4092645,NYQ
GIS,"General Mills, Inc.",Consumer Defensive,Large-Cap,8962137,NYQ
MKSI,MKS Inc.,Technology,Large-Cap,1376088,NMS
EVRG,"Evergy, Inc.",Utilities,Large-Cap,2003488,NMS
FTV,Fortive Corporation,Technology,Large-Cap,3807420,NYQ
LNT,Alliant Energy Corporation,Utilities,Large-Cap,2479458,NMS
GPN,Global Payments Inc.,Industrials,Large-Cap,3657993,NYQ
LDOS,"Leidos Holdings, Inc.",Technology,Large-Cap,1095890,NYQ
LUV,Southwest Airlines Company,Industrials,Large-Cap,9309188,NYQ
HPQ,HP Inc.,Technology,Large-Cap,19501196,NYQ
NXT,Nextpower Inc.,Technology,Large-Cap,1860537,NMS
FLUT,Flutter Entertainment plc,Consumer Cyclical,Large-Cap,3985056,NYQ
AGI,Alamos Gold Inc.,Basic Materials,Large-Cap,3986959,NYQ
PR,Permian Resources Corporation,Energy,Large-Cap,13335103,NYQ
YPF,YPF Sociedad Anonima,Energy,Large-Cap,2271159,NYQ
AMCR,Amcor plc,Consumer Cyclical,Large-Cap,5912583,NYQ
CX,"Cemex, S.A.B. de C.V. Sponsored",Basic Materials,Large-Cap,6850011,NYQ
BR,"Broadridge Financial Solutions,",Technology,Large-Cap,1620862,NYQ
IFF,International Flavors & Fragran,Basic Materials,Large-Cap,1740067,NYQ
JBS,JBS N.V.,Consumer Defensive,Large-Cap,4542506,NYQ
WY,Weyerhaeuser Company,Real Estate,Large-Cap,5612416,NYQ
ULS,UL Solutions Inc.,Industrials,Large-Cap,842929,NYQ
AMKR,"Amkor Technology, Inc.",Technology,Large-Cap,4464206,NMS
SNX,TD SYNNEX Corporation,Technology,Large-Cap,765162,NYQ
VNOM,"Viper Energy, Inc.",Energy,Large-Cap,3138919,NMS
ZBH,"Zimmer Biomet Holdings, Inc.",Healthcare,Large-Cap,2342556,NYQ
TEAM,Atlassian Corporation,Technology,Large-Cap,7349093,NMS
IP,International Paper Company,Consumer Cyclical,Large-Cap,7203303,NYQ
CG,The Carlyle Group Inc.,Financial Services,Large-Cap,3488935,NMS
BEKE,KE Holdings Inc,Real Estate,Large-Cap,4340372,NYQ
CDW,CDW Corporation,Technology,Large-Cap,1692064,NMS
SMMT,Summit Therapeutics Inc.,Healthcare,Large-Cap,2955487,NGM
IREN,IREN LIMITED,Financial Services,Large-Cap,35920711,NMS
AA,Alcoa Corporation,Basic Materials,Large-Cap,6329883,NYQ
MGA,"Magna International, Inc.",Consumer Cyclical,Large-Cap,2025909,NYQ
VTRS,Viatris Inc.,Healthcare,Large-Cap,10626575,NMS
MAIR,Madison Air Solutions Corporati,Industrials,Large-Cap,8242563,NYQ
PHYS,"""Sprott Physical Gold Trust""",N/A,Large-Cap,6222158,ASE
TLK,"PT Telekomunikasi Indonesia, Tb",Communication Services,Large-Cap,796488,NYQ
EWBC,"East West Bancorp, Inc.",Financial Services,Large-Cap,1092035,NMS
IOT,Samsara Inc.,Technology,Large-Cap,8098819,NYQ
FFIV,"F5, Inc.",Technology,Large-Cap,747983,NMS
ROKU,"Roku, Inc.",Communication Services,Large-Cap,3364475,NMS
SSNC,"SS&C Technologies Holdings, Inc",Technology,Large-Cap,2850270,NMS
RTO,Rentokil Initial plc,Industrials,Large-Cap,1505325,NYQ
YUMC,"Yum China Holdings, Inc.",Consumer Cyclical,Large-Cap,1741675,NYQ
BALL,Ball Corporation,Consumer Cyclical,Large-Cap,2366917,NYQ
WES,"Western Midstream Partners, LP",Energy,Large-Cap,1524843,NYQ
TPG,TPG Inc.,Financial Services,Large-Cap,4081979,NMS
SGI,Somnigroup International Inc.,Consumer Cyclical,Large-Cap,2649067,NYQ
LULU,lululemon athletica inc.,Consumer Cyclical,Large-Cap,2696258,NMS
BIP,Brookfield Infrastructure Partn,Utilities,Large-Cap,995796,NYQ
SUI,"Sun Communities, Inc.",Real Estate,Large-Cap,865798,NYQ
GMAB,Genmab A/S,Healthcare,Large-Cap,1633198,NMS
CLH,"Clean Harbors, Inc.",Industrials,Large-Cap,518332,NYQ
THC,Tenet Healthcare Corporation,Healthcare,Large-Cap,1228769,NYQ
ESS,"Essex Property Trust, Inc.",Real Estate,Large-Cap,516572,NYQ
TOST,"Toast, Inc.",Technology,Large-Cap,11587882,NYQ
NLY,Annaly Capital Management Inc.,Real Estate,Large-Cap,7505582,NYQ
INVH,Invitation Homes Inc.,Real Estate,Large-Cap,6573283,NYQ
GRAB,Grab Holdings Limited,Technology,Large-Cap,48494656,NMS
SN,"SharkNinja, Inc.",Consumer Cyclical,Large-Cap,1781800,NYQ
KSPI,Joint Stock Company Kaspi.kz - ,Technology,Large-Cap,580058,NMS
WPC,W. P. Carey Inc. REIT,Real Estate,Large-Cap,1359500,NYQ
PTC,PTC Inc.,Technology,Large-Cap,1215729,NMS
LSCC,Lattice Semiconductor Corporati,Technology,Large-Cap,1959675,NMS
KIM,Kimco Realty Corporation (HC),Real Estate,Large-Cap,5631677,NYQ
SMCI,"Super Micro Computer, Inc.",Technology,Large-Cap,36716595,NMS
USO,United States Oil Fund,N/A,Nano-Cap,34524951,PCX
OVV,Ovintiv Inc. (DE),Energy,Large-Cap,4846177,NYQ
HTHT,H World Group Limited,Consumer Cyclical,Large-Cap,1900980,NMS
QXO,"QXO, Inc.",Industrials,Large-Cap,10093851,NYQ
IONQ,"IonQ, Inc.",Technology,Large-Cap,25439940,NYQ
CSGP,"CoStar Group, Inc.",Real Estate,Large-Cap,6752637,NMS
TLN,Talen Energy Corporation,Utilities,Large-Cap,765350,NMS
NIO,NIO Inc.,Consumer Cyclical,Large-Cap,42915919,NYQ
TXT,Textron Inc.,Industrials,Large-Cap,1576619,NYQ
GIB,CGI Inc.,Technology,Large-Cap,527341,NYQ
JLL,Jones Lang LaSalle Incorporated,Real Estate,Large-Cap,558524,NYQ
TRMB,Trimble Inc.,Technology,Large-Cap,1939883,NMS
PSLV,"""Sprott Physical Silver Trust""",N/A,Large-Cap,15343740,ASE
WCC,"WESCO International, Inc.",Industrials,Large-Cap,651180,NYQ
IEX,IDEX Corporation,Industrials,Large-Cap,879741,NYQ
DECK,Deckers Outdoor Corporation,Consumer Cyclical,Large-Cap,2119682,NYQ
GPC,Genuine Parts Company,Consumer Cyclical,Large-Cap,1929046,NYQ
ARXS,"Arxis, Inc.",Industrials,Large-Cap,3524045,NMS
MAS,Masco Corporation,Industrials,Large-Cap,3033516,NYQ
STRL,"Sterling Infrastructure, Inc.",Industrials,Large-Cap,500254,NMS
XPEV,XPeng Inc.,Consumer Cyclical,Large-Cap,6520146,NYQ
PAA,"Plains All American Pipeline, L",Energy,Large-Cap,3471646,NMS
WMG,Warner Music Group Corp.,Communication Services,Large-Cap,2464535,NMS
APTV,Aptiv PLC,Consumer Cyclical,Large-Cap,2483727,NYQ
REG,Regency Centers Corporation,Real Estate,Large-Cap,1402241,NMS
MLI,"Mueller Industries, Inc.",Industrials,Large-Cap,850366,NYQ
J,Jacobs Solutions Inc.,Industrials,Large-Cap,955243,NYQ
RMBS,"Rambus, Inc.",Technology,Large-Cap,2575833,NMS
PNFP,"Pinnacle Financial Partners, In",Financial Services,Large-Cap,1541048,NYQ
PNR,Pentair plc.,Industrials,Large-Cap,1866174,NYQ
LTM,LATAM Airlines Group S.A.,Industrials,Large-Cap,1465112,NYQ
MAA,Mid-America Apartment Communiti,Real Estate,Large-Cap,1001282,NYQ
TME,Tencent Music Entertainment Gro,Communication Services,Large-Cap,9468748,NYQ
GFL,GFL Environmental Inc. Subordin,Industrials,Large-Cap,2057998,NYQ
SKM,"SK Telecom Co., Ltd.",Communication Services,Large-Cap,1888429,NYQ
HII,"Huntington Ingalls Industries, ",Industrials,Large-Cap,511245,NYQ
ONTO,Onto Innovation Inc.,Technology,Large-Cap,905324,NYQ
TKO,"TKO Group Holdings, Inc.",Communication Services,Large-Cap,1235040,NYQ
HST,"Host Hotels & Resorts, Inc.",Real Estate,Large-Cap,8862716,NMS
AEIS,"Advanced Energy Industries, Inc",Industrials,Large-Cap,652951,NMS
TYL,"Tyler Technologies, Inc.",Technology,Large-Cap,687166,NYQ
NWSA,News Corporation,Communication Services,Large-Cap,4524709,NMS
WLK,Westlake Corporation,Basic Materials,Large-Cap,1268203,NYQ
RRX,Regal Rexnord Corporation,Industrials,Large-Cap,1225180,NYQ
OHI,"Omega Healthcare Investors, Inc",Real Estate,Large-Cap,2113603,NYQ
PFGC,Performance Food Group Company,Consumer Defensive,Large-Cap,2155935,NYQ
AKAM,"Akamai Technologies, Inc.",Technology,Large-Cap,4870751,NMS
TOL,"Toll Brothers, Inc.",Consumer Cyclical,Large-Cap,1241100,NYQ
TIGO,Millicom International Cellular,Communication Services,Large-Cap,1408191,NMS
TRU,TransUnion,Financial Services,Large-Cap,2809451,NYQ
FNF,"Fidelity National Financial, In",Financial Services,Large-Cap,1961362,NYQ
BEN,"Franklin Resources, Inc.",Financial Services,Large-Cap,5495724,NYQ
MKC,"McCormick & Company, Incorporat",Consumer Defensive,Large-Cap,4154164,NYQ
CHKP,Check Point Software Technologi,Technology,Large-Cap,1395451,NMS
ASND,Ascendis Pharma A/S,Healthcare,Large-Cap,717385,NMS
LOGI,Logitech International S.A. - R,Technology,Large-Cap,1004941,NMS
BBIO,"BridgeBio Pharma, Inc.",Healthcare,Large-Cap,2702572,NMS
TTMI,"TTM Technologies, Inc.",Technology,Large-Cap,2078948,NMS
ALLY,Ally Financial Inc.,Financial Services,Large-Cap,3739543,NYQ
EVR,Evercore Inc.,Financial Services,Large-Cap,670600,NYQ
PAYP,PayPay Corporation - American D,Technology,Large-Cap,2643331,NMS
APA,APA Corporation,Energy,Large-Cap,8527083,NMS
HAS,"Hasbro, Inc.",Consumer Cyclical,Large-Cap,1941114,NMS
ALGN,"Align Technology, Inc.",Healthcare,Large-Cap,1316387,NMS
DTM,"DT Midstream, Inc.",Energy,Large-Cap,871208,NYQ
SNN,"Smith & Nephew SNATS, Inc.",Healthcare,Large-Cap,912966,NYQ
GGG,Graco Inc.,Industrials,Large-Cap,1130001,NYQ
RPM,RPM International Inc.,Basic Materials,Large-Cap,1027593,NYQ
LAMR,Lamar Advertising Company,Real Estate,Large-Cap,568670,NMS
OKTA,"Okta, Inc.",Technology,Large-Cap,3769735,NMS
ARCC,Ares Capital Corporation,Financial Services,Large-Cap,8121764,NMS
LGN,Legence Corp.,Industrials,Large-Cap,1485840,NMS
PODD,Insulet Corporation,Healthcare,Large-Cap,1067983,NMS
OKLO,Oklo Inc.,Utilities,Large-Cap,10582629,NYQ
PL,Planet Labs PBC,Industrials,Large-Cap,13072880,NYQ
MOD,Modine Manufacturing Company,Consumer Cyclical,Large-Cap,1160437,NYQ
GLPI,"Gaming and Leisure Properties, ",Real Estate,Large-Cap,2337319,NMS
FIVE,"Five Below, Inc.",Consumer Cyclical,Large-Cap,1110577,NMS
UDR,"UDR, Inc.",Real Estate,Large-Cap,3792077,NYQ
NBIX,"Neurocrine Biosciences, Inc.",Healthcare,Large-Cap,1161059,NMS
PEN,"Penumbra, Inc.",Healthcare,Large-Cap,660101,NYQ
BLD,TopBuild Corp.,Industrials,Large-Cap,551930,NYQ
NYT,New York Times Company (The),Communication Services,Large-Cap,2530475,NYQ
CNH,CNH Industrial N.V.,Industrials,Large-Cap,16271895,NYQ
BBY,"Best Buy Co., Inc.",Consumer Cyclical,Large-Cap,4499932,NYQ
AVY,Avery Dennison Corporation,Consumer Cyclical,Large-Cap,668474,NYQ
SOLS,Solstice Advanced Materials Inc,Basic Materials,Large-Cap,2890400,NMS
GNRC,Generac Holdlings Inc.,Industrials,Large-Cap,1108435,NYQ
GMED,"Globus Medical, Inc.",Healthcare,Large-Cap,1090580,NYQ
JHX,James Hardie Industries plc.,Basic Materials,Large-Cap,6912495,NYQ
ALLE,Allegion plc,Industrials,Large-Cap,960722,NYQ
PINS,"Pinterest, Inc.",Communication Services,Large-Cap,19061790,NYQ
COO,"The Cooper Companies, Inc.",Healthcare,Large-Cap,2041769,NMS
BJ,"BJ's Wholesale Club Holdings, I",Consumer Defensive,Large-Cap,1925569,NYQ
UNM,Unum Group,Financial Services,Large-Cap,1726030,NYQ
PSKY,Paramount Skydance Corporation,Communication Services,Large-Cap,13106358,NMS
DPZ,Domino's Pizza Inc,Consumer Cyclical,Large-Cap,1047867,NMS
PNW,Pinnacle West Capital Corporati,Utilities,Large-Cap,1228996,NYQ
AGNC,AGNC Investment Corp.,Real Estate,Large-Cap,20010024,NMS
FMS,Fresenius Medical Care AG,Healthcare,Large-Cap,575185,NYQ
HL,Hecla Mining Company,Basic Materials,Large-Cap,18048830,NYQ
JAZZ,Jazz Pharmaceuticals plc,Healthcare,Large-Cap,938296,NMS
ELS,"Equity Lifestyle Properties, In",Real Estate,Large-Cap,1827537,NYQ
KTOS,Kratos Defense & Security Solut,Industrials,Large-Cap,4170170,NMS
IONS,"Ionis Pharmaceuticals, Inc.",Healthcare,Large-Cap,2133159,NMS
ARMK,Aramark,Industrials,Large-Cap,2996956,NYQ
CRBG,Corebridge Financial Inc.,Financial Services,Large-Cap,4965512,NYQ
GL,Globe Life Inc.,Financial Services,Large-Cap,507619,NYQ
SCI,Service Corporation Internation,Consumer Cyclical,Large-Cap,1233483,NYQ
AEG,Aegon Ltd. New York Registry Sh,Financial Services,Large-Cap,6261895,NYQ
ONON,On Holding AG,Consumer Cyclical,Large-Cap,6286887,NYQ
HRL,Hormel Foods Corporation,Consumer Defensive,Large-Cap,4761772,NYQ
SOLV,Solventum Corporation,Healthcare,Large-Cap,1279322,NYQ
WMS,"Advanced Drainage Systems, Inc.",Industrials,Large-Cap,907532,NYQ
SF,Stifel Financial Corporation,Financial Services,Large-Cap,1576557,NYQ
BMNR,"BitMine Immersion Technologies,",Financial Services,Large-Cap,44558101,NYQ
CLX,Clorox Company (The),Consumer Defensive,Large-Cap,2318325,NYQ
AR,Antero Resources Corporation,Energy,Large-Cap,5955979,NYQ
SWK,"Stanley Black & Decker, Inc.",Industrials,Large-Cap,2141303,NYQ
VICR,Vicor Corporation,Technology,Large-Cap,871441,NMS
SAIA,"Saia, Inc.",Industrials,Large-Cap,575256,NMS
EQH,"Equitable Holdings, Inc.",Financial Services,Large-Cap,3844395,NYQ
EXEL,"Exelixis, Inc.",Healthcare,Large-Cap,2738441,NMS
BWA,BorgWarner Inc.,Consumer Cyclical,Large-Cap,2945217,NYQ
FORM,"FormFactor, Inc.",Technology,Large-Cap,1634598,NMS
WBS,Webster Financial Corporation,Financial Services,Large-Cap,4818091,NYQ
SUZ,Suzano S.A.,Basic Materials,Large-Cap,3755132,NYQ
CCK,"Crown Holdings, Inc.",Consumer Cyclical,Large-Cap,1173762,NYQ
GH,"Guardant Health, Inc.",Healthcare,Large-Cap,2086796,NMS
SFD,"Smithfield Foods, Inc.",Consumer Defensive,Large-Cap,1547062,NMS
WTRG,"Essential Utilities, Inc.",Utilities,Large-Cap,2631796,NYQ
DOC,"Healthpeak Properties, Inc.",Real Estate,Large-Cap,8755572,NYQ
GEN,Gen Digital Inc.,Technology,Large-Cap,7218516,NMS
RDY,Dr. Reddy's Laboratories Ltd,Healthcare,Large-Cap,2312154,NYQ
HUBS,"HubSpot, Inc.",Technology,Large-Cap,1781012,NYQ
GDDY,GoDaddy Inc.,Technology,Large-Cap,2368953,NYQ
IVZ,Invesco Ltd,Financial Services,Large-Cap,5908840,NYQ
ALSN,"Allison Transmission Holdings, ",Consumer Cyclical,Large-Cap,869338,NYQ
MP,MP Materials Corp.,Basic Materials,Large-Cap,5765603,NYQ
EMBJ,Embraer S.A.,Industrials,Large-Cap,1427664,NYQ
GME,GameStop Corporation,Consumer Cyclical,Large-Cap,6610887,NYQ
ELAN,Elanco Animal Health Incorporat,Healthcare,Large-Cap,4933690,NYQ
ZBRA,Zebra Technologies Corporation,Technology,Large-Cap,821522,NMS
GWRE,"Guidewire Software, Inc.",Technology,Large-Cap,1655125,NYQ
AMH,American Homes 4 Rent,Real Estate,Large-Cap,3773335,NYQ
SEIC,SEI Investments Company,Financial Services,Large-Cap,956890,NMS
EQX,Equinox Gold Corp.,Basic Materials,Large-Cap,9963958,ASE
GIL,"Gildan Activewear, Inc.",Consumer Cyclical,Large-Cap,1391290,NYQ
UHS,"Universal Health Services, Inc.",Healthcare,Large-Cap,777551,NYQ
HLI,"Houlihan Lokey, Inc.",Financial Services,Large-Cap,592614,NYQ
DRS,"Leonardo DRS, Inc.",Industrials,Large-Cap,1172398,NMS
WYNN,"Wynn Resorts, Limited",Consumer Cyclical,Large-Cap,1734714,NMS
AFG,"American Financial Group, Inc.",Financial Services,Large-Cap,648051,NYQ
DKNG,DraftKings Inc.,Consumer Cyclical,Large-Cap,14830358,NMS
JKHY,"Jack Henry & Associates, Inc.",Technology,Large-Cap,1040140,NMS
CAVA,"CAVA Group, Inc.",Consumer Cyclical,Large-Cap,3303124,NYQ
TTD,"The Trade Desk, Inc.",Communication Services,Large-Cap,19815474,NGM
DINO,HF Sinclair Corporation,Energy,Large-Cap,2885953,NYQ
CPT,Camden Property Trust,Real Estate,Large-Cap,1182319,NYQ
ZG,"Zillow Group, Inc.",Communication Services,Large-Cap,1211909,NMS
CHWY,"Chewy, Inc.",Consumer Cyclical,Large-Cap,8313062,NYQ
KNX,Knight-Swift Transportation Hol,Industrials,Large-Cap,3110908,NYQ
AAOI,"Applied Optoelectronics, Inc.",Technology,Large-Cap,10656222,NGM
U,Unity Software Inc.,Technology,Large-Cap,18202500,NYQ
TXRH,"Texas Roadhouse, Inc.",Consumer Cyclical,Large-Cap,1035217,NMS
RBRK,"Rubrik, Inc.",Technology,Large-Cap,3971259,NYQ
FLS,Flowserve Corporation,Industrials,Mid-Cap,2026545,NYQ
KT,KT Corporation,Communication Services,Large-Cap,1671959,NYQ
GSAT,"Globalstar, Inc.",Communication Services,Large-Cap,1231250,NMS
HMY,Harmony Gold Mining Company Lim,Basic Materials,Mid-Cap,5412825,NYQ
CR,Crane Company,Industrials,Mid-Cap,501466,NYQ
BMRN,BioMarin Pharmaceutical Inc.,Healthcare,Large-Cap,1984543,NMS
NTNX,"Nutanix, Inc.",Technology,Large-Cap,4528298,NMS
ACM,AECOM,Industrials,Large-Cap,1429719,NYQ
BEP,Brookfield Renewable Partners L,Utilities,Large-Cap,792132,NYQ
DVA,DaVita Inc.,Healthcare,Large-Cap,995461,NYQ
ARWR,"Arrowhead Pharmaceuticals, Inc.",Healthcare,Large-Cap,2627072,NMS
DT,"Dynatrace, Inc.",Technology,Large-Cap,7545970,NYQ
AES,The AES Corporation,Utilities,Large-Cap,13294188,NYQ
VFS,VinFast Auto Ltd.,Consumer Cyclical,Mid-Cap,707011,NMS
APLD,Applied Digital Corporation,Technology,Mid-Cap,22047379,NMS
SJM,The J.M. Smucker Company,Consumer Defensive,Large-Cap,2191229,NYQ
AVAV,"AeroVironment, Inc.",Industrials,Mid-Cap,1622482,NMS
DCI,"Donaldson Company, Inc.",Industrials,Mid-Cap,732932,NYQ
XP,XP Inc.,Financial Services,Mid-Cap,5944038,NMS
KRMN,Karman Holdings Inc.,Industrials,Mid-Cap,2091522,NYQ
EHC,Encompass Health Corporation,Healthcare,Large-Cap,1148917,NYQ
AM,Antero Midstream Corporation,Energy,Large-Cap,2954579,NYQ
CART,Maplebear Inc.,Consumer Cyclical,Mid-Cap,4420304,NMS
OC,Owens Corning Inc,Industrials,Mid-Cap,1409029,NYQ
W,Wayfair Inc.,Consumer Cyclical,Mid-Cap,4076932,NYQ
RRC,Range Resources Corporation,Energy,Large-Cap,3664443,NYQ
IT,"Gartner, Inc.",Technology,Mid-Cap,1711340,NYQ
WULF,TeraWulf Inc.,Financial Services,Large-Cap,34054687,NCM
DOCN,"DigitalOcean Holdings, Inc.",Technology,Large-Cap,4313820,NYQ
MGM,MGM Resorts International,Consumer Cyclical,Mid-Cap,4948116,NYQ
GTLS,"Chart Industries, Inc.",Industrials,Mid-Cap,1649277,NYQ
IAG,Iamgold Corporation,Basic Materials,Mid-Cap,8034501,NYQ
AG,First Majestic Silver Corp.,Basic Materials,Mid-Cap,20174548,NYQ
BSY,"Bentley Systems, Incorporated",Technology,Large-Cap,3106924,NMS
SSB,SouthState Bank Corporation,Financial Services,Mid-Cap,914909,NYQ
SANM,Sanmina Corporation,Technology,Large-Cap,808091,NMS
OGE,OGE Energy Corp,Utilities,Mid-Cap,1692738,NYQ
SMTC,Semtech Corporation,Technology,Large-Cap,2278983,NMS
XNDU,Xanadu Quantum Technologies Lim,Technology,Large-Cap,2800685,NGM
RVTY,"Revvity, Inc.",Healthcare,Mid-Cap,1187751,NYQ
ORI,Old Republic International Corp,Financial Services,Mid-Cap,1823017,NYQ
AHR,"American Healthcare REIT, Inc.",Real Estate,Mid-Cap,2493306,NYQ
BLDR,"Builders FirstSource, Inc.",Industrials,Mid-Cap,2415537,NYQ
BPOP,"Popular, Inc.",Financial Services,Mid-Cap,557462,NMS
DAR,Darling Ingredients Inc.,Consumer Defensive,Large-Cap,3072675,NYQ
FRT,Federal Realty Investment Trust,Real Estate,Large-Cap,860862,NYQ
OSK,Oshkosh Corporation (Holding Co,Industrials,Mid-Cap,703998,NYQ
CNM,"Core & Main, Inc.",Industrials,Mid-Cap,2550359,NYQ
HBM,Hudbay Minerals Inc.,Basic Materials,Mid-Cap,5873658,NYQ
BAH,Booz Allen Hamilton Holding Cor,Industrials,Mid-Cap,2015419,NYQ
ARW,"Arrow Electronics, Inc.",Technology,Mid-Cap,621850,NYQ
BAX,Baxter International Inc.,Healthcare,Mid-Cap,9723209,NYQ
AUR,"Aurora Innovation, Inc.",Consumer Cyclical,Large-Cap,19116777,NMS
SIRI,SiriusXM Holdings Inc.,Communication Services,Mid-Cap,5390246,NMS
UMBF,UMB Financial Corporation,Financial Services,Mid-Cap,618738,NMS
SNAP,Snap Inc.,Communication Services,Large-Cap,56176414,NYQ
TTC,Toro Company (The),Industrials,Mid-Cap,839082,NYQ
BRX,Brixmor Property Group Inc.,Real Estate,Mid-Cap,2858466,NYQ
AXSM,"Axsome Therapeutics, Inc.",Healthcare,Large-Cap,638872,NGM
CEF,"""Sprott Physical Gold and Silve",N/A,Mid-Cap,1040498,ASE
MASI,Masimo Corporation,Healthcare,Mid-Cap,1627920,NMS
PRIM,Primoris Services Corporation,Industrials,Mid-Cap,790662,NYQ
RYAN,"Ryan Specialty Holdings, Inc.",Financial Services,Mid-Cap,2292075,NYQ
JEF,Jefferies Financial Group Inc.,Financial Services,Large-Cap,3145891,NYQ
ADC,Agree Realty Corporation,Real Estate,Mid-Cap,1249525,NYQ
LUMN,"Lumen Technologies, Inc.",Communication Services,Mid-Cap,13711632,NYQ
ONB,Old National Bancorp,Financial Services,Mid-Cap,3274122,NMS
SWKS,"Skyworks Solutions, Inc.",Technology,Large-Cap,3371232,NMS
ESI,Element Solutions Inc.,Basic Materials,Large-Cap,3199709,NYQ
BILI,Bilibili Inc.,Communication Services,Mid-Cap,2305585,NMS
TEM,"Tempus AI, Inc.",Healthcare,Mid-Cap,5381817,NMS
ZION,Zions Bancorporation N.A.,Financial Services,Mid-Cap,1801482,NMS
GAP,"Gap, Inc. (The)",Consumer Cyclical,Mid-Cap,7618537,NYQ
POWL,"Powell Industries, Inc.",Industrials,Large-Cap,742380,NMS
SBSW,D/B/A Sibanye-Stillwater Limite,Basic Materials,Mid-Cap,6304287,NYQ
BTSG,"BrightSpring Health Services, I",Healthcare,Large-Cap,2611645,NMS
CFR,"Cullen/Frost Bankers, Inc.",Financial Services,Mid-Cap,539806,NYQ
MOH,Molina Healthcare Inc,Healthcare,Large-Cap,1903380,NYQ
CUBE,CubeSmart,Real Estate,Mid-Cap,2414343,NYQ
FIG,"Figma, Inc.",Technology,Mid-Cap,16852322,NYQ
CGNX,Cognex Corporation,Technology,Mid-Cap,2205329,NMS
BXP,"BXP, Inc.",Real Estate,Large-Cap,2662183,NYQ
AOS,A.O. Smith Corporation,Industrials,Mid-Cap,1488480,NYQ
ABVX,Abivax SA,Healthcare,Mid-Cap,927566,NGM
HSIC,"Henry Schein, Inc.",Healthcare,Mid-Cap,1305491,NMS
YMM,Full Truck Alliance Co. Ltd.,Technology,Mid-Cap,6555777,NYQ
ZWS,Zurn Elkay Water Solutions Corp,Industrials,Mid-Cap,1132796,NYQ
PCVX,"Vaxcyte, Inc.",Healthcare,Mid-Cap,1351617,NMS
CRUS,"Cirrus Logic, Inc.",Technology,Mid-Cap,683833,NMS
PSO,"Pearson, Plc",Communication Services,Mid-Cap,1200200,NYQ
DOCU,"DocuSign, Inc.",Technology,Mid-Cap,4872804,NMS
HUT,Hut 8 Corp.,Financial Services,Mid-Cap,4738967,NMS
WAL,Western Alliance Bancorporation,Financial Services,Mid-Cap,1421293,NYQ
CELH,"Celsius Holdings, Inc.",Consumer Defensive,Mid-Cap,6411100,NCM
GDS,GDS Holdings Limited,Technology,Mid-Cap,1864133,NGM
CHYM,"Chime Financial, Inc.",Technology,Mid-Cap,4243080,NMS
ALV,"Autoliv, Inc.",Consumer Cyclical,Mid-Cap,829758,NYQ
AGCO,AGCO Corporation,Industrials,Mid-Cap,769327,NYQ
LEVI,Levi Strauss & Co,Consumer Cyclical,Mid-Cap,2862375,NYQ
REXR,"Rexford Industrial Realty, Inc.",Real Estate,Mid-Cap,2798719,NYQ
COLB,"Columbia Banking System, Inc.",Financial Services,Mid-Cap,2911964,NMS
EDU,New Oriental Education & Techno,Consumer Defensive,Mid-Cap,901132,NYQ
ACI,"Albertsons Companies, Inc.",Consumer Defensive,Mid-Cap,6539066,NYQ
VSAT,"ViaSat, Inc.",Technology,Mid-Cap,1686154,NMS
NUVL,"Nuvalent, Inc.",Healthcare,Mid-Cap,561627,NMS
CTRE,"CareTrust REIT, Inc.",Real Estate,Mid-Cap,2775712,NYQ
NFG,National Fuel Gas Company,Energy,Mid-Cap,771711,NYQ
GGB,Gerdau S.A.,Basic Materials,Mid-Cap,21286587,NYQ
IBRX,"ImmunityBio, Inc.",Healthcare,Mid-Cap,26386358,NMS
FPS,"Forgent Power Solutions, Inc.",Industrials,Large-Cap,4477349,NYQ
NNN,"NNN REIT, Inc.",Real Estate,Mid-Cap,1569135,NYQ
NXE,Nexgen Energy Ltd.,Energy,Mid-Cap,7973503,NYQ
POOL,Pool Corporation,Industrials,Mid-Cap,819288,NMS
NCLH,Norwegian Cruise Line Holdings ,Consumer Cyclical,Mid-Cap,22405301,NYQ
JOBY,"Joby Aviation, Inc.",Industrials,Mid-Cap,25032601,NYQ
EGO,Eldorado Gold Corporation,Basic Materials,Mid-Cap,3163629,NYQ
FR,"First Industrial Realty Trust, ",Real Estate,Mid-Cap,1067306,NYQ
FDS,FactSet Research Systems Inc.,Financial Services,Mid-Cap,1101103,NYQ
PCOR,"Procore Technologies, Inc.",Technology,Mid-Cap,2626267,NYQ
CRL,Charles River Laboratories Inte,Healthcare,Mid-Cap,1015187,NYQ
ICLR,ICON plc,Healthcare,Mid-Cap,1980008,NMS
SNEX,StoneX Group Inc.,Financial Services,Mid-Cap,762220,NMS
EMN,Eastman Chemical Company,Basic Materials,Mid-Cap,1614890,NYQ
SSL,Sasol Ltd.,Basic Materials,Mid-Cap,2807462,NYQ
MANH,"Manhattan Associates, Inc.",Technology,Mid-Cap,823967,NMS
CAE,CAE Inc.,Industrials,Mid-Cap,848519,NYQ
TTEK,"Tetra Tech, Inc.",Industrials,Mid-Cap,3096496,NMS
TECH,Bio-Techne Corp,Healthcare,Mid-Cap,2322019,NMS
CYTK,"Cytokinetics, Incorporated",Healthcare,Mid-Cap,1878529,NMS
BVN,Buenaventura Mining Company Inc,Basic Materials,Mid-Cap,1631375,NYQ
SARO,"StandardAero, Inc.",Industrials,Mid-Cap,4005040,NYQ
KEX,Kirby Corporation,Industrials,Mid-Cap,710450,NYQ
LINE,"Lineage, Inc.",Real Estate,Mid-Cap,1212456,NMS
TAP,Molson Coors Beverage Company,Consumer Defensive,Mid-Cap,3155901,NYQ
ARE,Alexandria Real Estate Equities,Real Estate,Mid-Cap,2428182,NYQ
ALGM,"Allegro MicroSystems, Inc.",Technology,Mid-Cap,2177911,NMS
MICC,The Magnum Ice Cream Company N.,Consumer Defensive,Mid-Cap,1605146,NYQ
AAON,"AAON, Inc.",Industrials,Mid-Cap,876443,NMS
CAR,"Avis Budget Group, Inc.",Industrials,Mid-Cap,2719033,NMS
ATR,"AptarGroup, Inc.",Healthcare,Mid-Cap,531912,NYQ
PPC,Pilgrim's Pride Corporation,Consumer Defensive,Mid-Cap,1053935,NMS
LKQ,LKQ Corporation,Consumer Cyclical,Mid-Cap,2518924,NMS
UGI,UGI Corporation,Utilities,Mid-Cap,1637798,NYQ
JXN,Jackson Financial Inc.,Financial Services,Mid-Cap,622101,NYQ
JHG,Janus Henderson Group plc,Financial Services,Mid-Cap,3123801,NYQ
HALO,"Halozyme Therapeutics, Inc.",Healthcare,Mid-Cap,1717562,NMS
QRVO,"Qorvo, Inc.",Technology,Mid-Cap,1221337,NMS
VFC,V.F. Corporation,Consumer Cyclical,Mid-Cap,6462480,NYQ
QGEN,Qiagen N.V.,Healthcare,Mid-Cap,2079901,NYQ
NE,Noble Corporation plc A,Energy,Mid-Cap,2033037,NYQ
CHRD,Chord Energy Corporation,Energy,Mid-Cap,1062680,NMS
FRO,Frontline Plc,Energy,Mid-Cap,3930364,NYQ
MOS,Mosaic Company (The),Basic Materials,Mid-Cap,9375304,NYQ
AAL,"American Airlines Group, Inc.",Industrials,Mid-Cap,65150070,NMS
AWI,Armstrong World Industries Inc,Industrials,Mid-Cap,541879,NYQ
STAG,"Stag Industrial, Inc.",Real Estate,Mid-Cap,1344758,NYQ
VLY,Valley National Bancorp,Financial Services,Mid-Cap,7993762,NMS
MWH,"SOLV Energy, Inc.",Utilities,Mid-Cap,902327,NMS
PDI,PIMCO Dynamic Income Fund,Financial Services,Mid-Cap,2864508,NYQ
CIFR,Cipher Digital Inc.,Technology,Mid-Cap,27104151,NMS
MTDR,Matador Resources Company,Energy,Mid-Cap,1935869,NYQ
TKR,Timken Company (The),Industrials,Mid-Cap,810279,NYQ
CMC,Commercial Metals Company,Industrials,Mid-Cap,1180487,NYQ
CBSH,"Commerce Bancshares, Inc.",Financial Services,Mid-Cap,1329819,NMS
OR,OR Royalties Inc.,Basic Materials,Mid-Cap,1218579,NYQ
AXS,Axis Capital Holdings Limited,Financial Services,Mid-Cap,599558,NYQ
BIRK,Birkenstock Holding plc,Consumer Cyclical,Mid-Cap,2302585,NYQ
CIG,Comp En De Mn Cemig,Utilities,Mid-Cap,6645182,NYQ
WFRD,Weatherford International plc,Energy,Mid-Cap,1404858,NMS
BEPC,Brookfield Renewable Corporatio,Utilities,Mid-Cap,1327566,NYQ
AUGO,Aura Minerals Inc.,Basic Materials,Mid-Cap,975567,NMS
GGAL,Grupo Financiero Galicia S.A.,Financial Services,Mid-Cap,1226954,NCM
PRMB,Primo Brands Corporation,Consumer Defensive,Mid-Cap,4980485,NYQ
VIST,Vista Energy S.A.B. de C.V.,Energy,Mid-Cap,1755635,NYQ
UEC,Uranium Energy Corp.,Energy,Mid-Cap,9451237,ASE
MBLY,Mobileye Global Inc.,Consumer Cyclical,Mid-Cap,6404500,NMS
VOYA,"Voya Financial, Inc.",Financial Services,Mid-Cap,1208533,NYQ
CE,Celanese Corporation,Basic Materials,Mid-Cap,2621491,NYQ
NOV,NOV Inc.,Energy,Mid-Cap,5115564,NYQ
CWAN,"Clearwater Analytics Holdings, ",Technology,Mid-Cap,6811595,NYQ
QBTS,D-Wave Quantum Inc.,Technology,Mid-Cap,26826541,NYQ
TEX,Terex Corporation,Industrials,Mid-Cap,1862230,NYQ
INGR,Ingredion Incorporated,Consumer Defensive,Mid-Cap,661262,NYQ
KYMR,"Kymera Therapeutics, Inc.",Healthcare,Mid-Cap,695283,NGM
SLAB,"Silicon Laboratories, Inc.",Technology,Mid-Cap,777798,NMS
GKOS,Glaukos Corporation,Healthcare,Mid-Cap,745088,NYQ
PB,"Prosperity Bancshares, Inc.",Financial Services,Mid-Cap,1205135,NYQ
INGM,Ingram Micro Holding Corporatio,Technology,Mid-Cap,1163541,NYQ
TRNO,Terreno Realty Corporation,Real Estate,Mid-Cap,646604,NYQ
FAF,First American Corporation (New,Financial Services,Mid-Cap,1048695,NYQ
SM,SM Energy Company,Energy,Mid-Cap,6807535,NYQ
TFPM,Triple Flag Precious Metals Cor,Basic Materials,Mid-Cap,618188,NYQ
ERAS,"Erasca, Inc.",Healthcare,Mid-Cap,6587851,NMS
ORA,"Ormat Technologies, Inc.",Utilities,Mid-Cap,872519,NYQ
FIGR,"Figure Technology Solutions, In",Financial Services,Mid-Cap,5378393,NMS
LNC,Lincoln National Corporation,Financial Services,Mid-Cap,2311738,NYQ
DOX,Amdocs Limited,Technology,Mid-Cap,1337537,NMS
ECG,"Everus Construction Group, Inc.",Industrials,Mid-Cap,604746,NYQ
OMF,"OneMain Holdings, Inc.",Financial Services,Mid-Cap,1567424,NYQ
BROS,Dutch Bros Inc.,Consumer Cyclical,Mid-Cap,4785782,NYQ
HXL,Hexcel Corporation,Industrials,Mid-Cap,1278101,NYQ
RIOT,"Riot Platforms, Inc.",Financial Services,Mid-Cap,18475296,NCM
STWD,"STARWOOD PROPERTY TRUST, INC. S",Real Estate,Mid-Cap,3190808,NYQ
CAG,"ConAgra Brands, Inc.",Consumer Defensive,Mid-Cap,14944811,NYQ
ROAD,"Construction Partners, Inc.",Industrials,Mid-Cap,557787,NMS
STEP,StepStone Group Inc.,Financial Services,Mid-Cap,1366825,NMS
SFM,"Sprouts Farmers Market, Inc.",Consumer Defensive,Mid-Cap,2653091,NMS
VIPS,Vipshop Holdings Limited,Consumer Cyclical,Mid-Cap,2032851,NYQ
MORN,"Morningstar, Inc.",Financial Services,Mid-Cap,611391,NMS
CHDN,"Churchill Downs, Incorporated",Consumer Cyclical,Mid-Cap,1025485,NMS
JBTM,JBT Marel Corporation,Industrials,Mid-Cap,576238,NYQ
FLR,Fluor Corporation,Industrials,Mid-Cap,2630291,NYQ
PAYC,"Paycom Software, Inc.",Technology,Mid-Cap,1851554,NYQ
MIDD,The Middleby Corporation,Industrials,Mid-Cap,558012,NMS
ACLX,"Arcellx, Inc.",Healthcare,Mid-Cap,2447768,NMS
BYD,Boyd Gaming Corporation,Consumer Cyclical,Mid-Cap,988900,NYQ
ICL,ICL Group Ltd.,Basic Materials,Mid-Cap,1685369,NYQ
RIG,Transocean Ltd (Switzerland),Energy,Mid-Cap,45716153,NYQ
SOBO,South Bow Corporation,Energy,Mid-Cap,1008961,NYQ
EPRT,Essential Properties Realty Tru,Real Estate,Mid-Cap,2271417,NYQ
TAL,TAL Education Group,Consumer Defensive,Mid-Cap,3747737,NYQ
BTG,B2Gold Corp,Basic Materials,Mid-Cap,34600661,ASE
MHK,"Mohawk Industries, Inc.",Consumer Cyclical,Mid-Cap,1006329,NYQ
URBN,"Urban Outfitters, Inc.",Consumer Cyclical,Mid-Cap,1547720,NMS
APGE,"Apogee Therapeutics, Inc.",Healthcare,Mid-Cap,938970,NGM
HQY,"HealthEquity, Inc.",Healthcare,Mid-Cap,987245,NMS
CORZ,"Core Scientific, Inc.",Technology,Mid-Cap,12513288,NMS
LEA,Lear Corporation,Consumer Cyclical,Mid-Cap,588154,NYQ
SWX,"Southwest Gas Holdings, Inc.",Utilities,Mid-Cap,646024,NYQ
PTGX,"Protagonist Therapeutics, Inc.",Healthcare,Mid-Cap,759817,NGM
SAIL,"SailPoint, Inc.",Technology,Mid-Cap,3191638,NMS
AMTM,"Amentum Holdings, Inc.",Industrials,Mid-Cap,2035600,NYQ
EQPT,EquipmentShare.com Inc,Industrials,Mid-Cap,1398693,NMS
GXO,"GXO Logistics, Inc.",Industrials,Mid-Cap,1314332,NYQ
JAN,"Janus Living, Inc.",Real Estate,Mid-Cap,1714282,NYQ
WH,"Wyndham Hotels & Resorts, Inc.",Consumer Cyclical,Mid-Cap,1359854,NYQ
GTES,Gates Industrial Corporation pl,Industrials,Mid-Cap,2528291,NYQ
RYN,Rayonier Inc. REIT,Real Estate,Mid-Cap,2963432,NYQ
SEI,"Solaris Energy Infrastructure, ",Energy,Mid-Cap,2821061,NYQ
HR,Healthcare Realty Trust Incorpo,Real Estate,Mid-Cap,3592243,NYQ
RGEN,Repligen Corporation,Healthcare,Mid-Cap,931846,NMS
TXNM,"TXNM Energy, Inc.",Utilities,Mid-Cap,1271725,NYQ
HIMS,"Hims & Hers Health, Inc.",Healthcare,Mid-Cap,39527711,NYQ
SITE,"SiteOne Landscape Supply, Inc.",Industrials,Mid-Cap,704683,NYQ
GBCI,"Glacier Bancorp, Inc.",Financial Services,Mid-Cap,1016314,NYQ
NSA,National Storage Affiliates Tru,Real Estate,Mid-Cap,1868248,NYQ
AVT,"Avnet, Inc.",Technology,Mid-Cap,1136954,NMS
EPAM,"EPAM Systems, Inc.",Technology,Mid-Cap,1423740,NYQ
OWL,Blue Owl Capital Inc.,Financial Services,Large-Cap,35010625,NYQ
RHP,"Ryman Hospitality Properties, I",Real Estate,Mid-Cap,535525,NYQ
BLSH,Bullish,Technology,Mid-Cap,1652446,NYQ
FNB,F.N.B. Corporation,Financial Services,Mid-Cap,7776777,NYQ
AROC,"Archrock, Inc.",Energy,Mid-Cap,1666566,NYQ
AXTA,Axalta Coating Systems Ltd.,Basic Materials,Mid-Cap,2830490,NYQ
ESAB,ESAB Corporation,Industrials,Mid-Cap,648616,NYQ
EAT,"Brinker International, Inc.",Consumer Cyclical,Mid-Cap,1264817,NYQ
PIPR,Piper Sandler Companies,Financial Services,Mid-Cap,753983,NYQ
VAL,Valaris Limited,Energy,Mid-Cap,1577762,NYQ
CPB,The Campbell's Company,Consumer Defensive,Mid-Cap,8757669,NMS
ENIC,Enel Chile S.A.,Utilities,Mid-Cap,696337,NYQ
MTG,MGIC Investment Corporation,Financial Services,Mid-Cap,2115970,NYQ
SGHC,Super Group (SGHC) Limited,Consumer Cyclical,Mid-Cap,3052808,NYQ
DSGX,The Descartes Systems Group Inc,Technology,Mid-Cap,713209,NMS
BZ,KANZHUN LIMITED - American Depo,Communication Services,Mid-Cap,4196675,NMS
ALM,Almonty Industries Inc.,Basic Materials,Mid-Cap,5523245,NCM
TMHC,Taylor Morrison Home Corporatio,Consumer Cyclical,Mid-Cap,1293687,NYQ
UGP,Ultrapar Participacoes S.A. (Ne,Energy,Mid-Cap,2763014,NYQ
FLY,Firefly Aerospace Inc.,Industrials,Mid-Cap,5193246,NGM
CBC,"Central Bancompany, Inc.",Financial Services,Mid-Cap,587403,NMS
REZI,"Resideo Technologies, Inc.",Industrials,Mid-Cap,1272430,NYQ
UBSI,"United Bankshares, Inc.",Financial Services,Mid-Cap,940251,NMS
SSRM,SSR Mining Inc.,Basic Materials,Mid-Cap,4110798,NMS
LSTR,"Landstar System, Inc.",Industrials,Mid-Cap,548661,NMS
ST,Sensata Technologies Holding pl,Technology,Mid-Cap,2152033,NYQ
CNTA,Centessa Pharmaceuticals plc,Healthcare,Mid-Cap,2647601,NMS
TERN,"Terns Pharmaceuticals, Inc.",Healthcare,Mid-Cap,5705172,NMS
ESNT,Essent Group Ltd.,Financial Services,Mid-Cap,712956,NYQ
LW,"Lamb Weston Holdings, Inc.",Consumer Defensive,Mid-Cap,2961800,NYQ
LTH,"Life Time Group Holdings, Inc.",Consumer Cyclical,Mid-Cap,2839953,NYQ
TFX,Teleflex Incorporated,Healthcare,Mid-Cap,940624,NYQ
ETSY,"Etsy, Inc.",Consumer Cyclical,Mid-Cap,3662412,NYQ
DLB,Dolby Laboratories,Industrials,Mid-Cap,684656,NYQ
NICE,NICE Ltd,Technology,Mid-Cap,751095,NMS
SYRE,"Spyre Therapeutics, Inc.",Healthcare,Mid-Cap,1012624,NMS
FLG,"Flagstar Bank, N.A.",Financial Services,Mid-Cap,5350340,NYQ
PEGA,Pegasystems Inc.,Technology,Mid-Cap,2572364,NMS
POR,Portland General Electric Co,Utilities,Mid-Cap,1425275,NYQ
CENX,Century Aluminum Company,Basic Materials,Mid-Cap,2253517,NMS
CGON,"CG Oncology, Inc.",Healthcare,Mid-Cap,1191706,NMS
TGTX,"TG Therapeutics, Inc.",Healthcare,Mid-Cap,1886425,NCM
IMVT,"Immunovant, Inc.",Healthcare,Mid-Cap,1434280,NMS
COGT,"Cogent Biosciences, Inc.",Healthcare,Mid-Cap,1987195,NMS
G,Genpact Limited,Technology,Mid-Cap,2646732,NYQ
VSNT,"Versant Media Group, Inc.",Communication Services,Mid-Cap,2577277,NMS
ADT,ADT Inc.,Industrials,Mid-Cap,11702053,NYQ
RYTM,"Rhythm Pharmaceuticals, Inc.",Healthcare,Mid-Cap,828514,NGM
MKTX,"MarketAxess Holdings, Inc.",Financial Services,Mid-Cap,519719,NMS
COMP,"Compass, Inc.",Real Estate,Mid-Cap,16515429,NYQ
TTAN,"ServiceTitan, Inc.",Technology,Mid-Cap,1433491,NMS
CRC,California Resources Corporatio,Energy,Mid-Cap,947538,NYQ
ABCB,Ameris Bancorp,Financial Services,Mid-Cap,581398,NYQ
MAC,Macerich Company (The),Real Estate,Mid-Cap,2257222,NYQ
KGS,"Kodiak Gas Services, Inc.",Energy,Mid-Cap,1451369,NYQ
KVYO,"Klaviyo, Inc. Series A",Technology,Mid-Cap,4631424,NYQ
RRR,"Red Rock Resorts, Inc.",Consumer Cyclical,Mid-Cap,933796,NMS
DBX,"Dropbox, Inc.",Technology,Mid-Cap,3997396,NMS
NJR,NewJersey Resources Corporation,Utilities,Mid-Cap,557308,NYQ
PTCT,"PTC Therapeutics, Inc.",Healthcare,Mid-Cap,1154088,NMS
CZR,"Caesars Entertainment, Inc.",Consumer Cyclical,Mid-Cap,5849458,NMS
BKH,Black Hills Corporation,Utilities,Mid-Cap,1005790,NYQ
OTEX,Open Text Corporation,Technology,Mid-Cap,2166316,NMS
MUR,Murphy Oil Corporation,Energy,Mid-Cap,2414440,NYQ
MGY,Magnolia Oil & Gas Corporation,Energy,Mid-Cap,2928246,NYQ
ALKS,Alkermes plc,Healthcare,Mid-Cap,2239183,NMS
RITM,Rithm Capital Corp.,Real Estate,Mid-Cap,11022177,NYQ
OBDC,Blue Owl Capital Corporation,Financial Services,Mid-Cap,6591369,NYQ
RGTI,"Rigetti Computing, Inc.",Technology,Mid-Cap,28923991,NCM
HWC,Hancock Whitney Corporation,Financial Services,Mid-Cap,856967,NMS
CAI,"Caris Life Sciences, Inc.",Healthcare,Mid-Cap,2302246,NMS
MIRM,"Mirum Pharmaceuticals, Inc.",Healthcare,Mid-Cap,800891,NGM
PSN,Parsons Corporation,Technology,Mid-Cap,1330117,NYQ
PLNT,"Planet Fitness, Inc.",Consumer Cyclical,Mid-Cap,1697358,NYQ
CHH,"Choice Hotels International, In",Consumer Cyclical,Mid-Cap,632617,NYQ
TKC,Turkcell Iletisim Hizmetleri AS,Communication Services,Mid-Cap,1200129,NYQ
LOAR,Loar Holdings Inc.,Industrials,Mid-Cap,1095006,NYQ
PACS,"PACS Group, Inc.",Healthcare,Mid-Cap,878804,NYQ
FND,"Floor & Decor Holdings, Inc.",Consumer Cyclical,Mid-Cap,2694448,NYQ
BRKR,Bruker Corporation,Healthcare,Mid-Cap,2189866,NMS
BXSL,Blackstone Secured Lending Fund,Financial Services,Mid-Cap,2833843,NYQ
CELC,Celcuity Inc.,Healthcare,Mid-Cap,723419,NCM
MSM,"MSC Industrial Direct Company, ",Industrials,Mid-Cap,664741,NYQ
CNX,CNX Resources Corporation,Energy,Mid-Cap,2298137,NYQ
ATAT,Atour Lifestyle Holdings Limite,Consumer Cyclical,Mid-Cap,1216977,NMS
KMX,CarMax Inc,Consumer Cyclical,Mid-Cap,3428851,NYQ
SRRK,Scholar Rock Holding Corporatio,Healthcare,Mid-Cap,1433650,NMS
VNO,Vornado Realty Trust,Real Estate,Mid-Cap,2245685,NYQ
PCTY,Paylocity Holding Corporation,Technology,Mid-Cap,917196,NMS
UUUU,Energy Fuels Inc,Energy,Mid-Cap,10797874,ASE
GRFS,"Grifols, S.A.",Healthcare,Mid-Cap,745717,NMS
RSI,"Rush Street Interactive, Inc.",Consumer Cyclical,Mid-Cap,1960350,NYQ
HOMB,"Home BancShares, Inc.",Financial Services,Mid-Cap,1492937,NYQ
PECO,"Phillips Edison & Company, Inc.",Real Estate,Mid-Cap,908072,NMS
AUB,Atlantic Union Bankshares Corpo,Financial Services,Mid-Cap,1054217,NYQ
LNTH,"Lantheus Holdings, Inc.",Healthcare,Mid-Cap,927430,NGM
BGC,"BGC Group, Inc.",Financial Services,Mid-Cap,2687782,NMS
OLLI,Ollie's Bargain Outlet Holdings,Consumer Defensive,Mid-Cap,1310846,NGM
GLNG,Golar LNG Limited,Energy,Mid-Cap,2060461,NMS
LYFT,"Lyft, Inc.",Technology,Mid-Cap,17597103,NMS
OZK,Bank OZK,Financial Services,Mid-Cap,1268230,NMS
HASI,HA Sustainable Infrastructure C,Financial Services,Mid-Cap,991111,NYQ
YOU,"Clear Secure, Inc.",Technology,Mid-Cap,1817246,NYQ
CWST,"Casella Waste Systems, Inc.",Industrials,Mid-Cap,860614,NMS
GVA,Granite Construction Incorporat,Industrials,Mid-Cap,623751,NYQ
FROG,JFrog Ltd.,Technology,Mid-Cap,3498691,NMS
M,Macy's Inc,Consumer Cyclical,Mid-Cap,7119390,NYQ
CRSP,CRISPR Therapeutics AG,Healthcare,Mid-Cap,1904717,NGM
WEX,WEX Inc.,Technology,Mid-Cap,555895,NYQ
XENE,Xenon Pharmaceuticals Inc.,Healthcare,Mid-Cap,1368729,NGM
PATH,"UiPath, Inc.",Technology,Mid-Cap,31834143,NYQ
KRG,Kite Realty Group Trust,Real Estate,Mid-Cap,1883883,NYQ
SNDR,"Schneider National, Inc.",Industrials,Mid-Cap,1045437,NYQ
ASB,Associated Banc-Corp,Financial Services,Mid-Cap,2421429,NYQ
OUT,OUTFRONT Media Inc.,Real Estate,Mid-Cap,1436793,NYQ
IPGP,IPG Photonics Corporation,Technology,Mid-Cap,554056,NMS
LBRT,Liberty Energy Inc.,Energy,Mid-Cap,4768645,NYQ
CROX,"Crocs, Inc.",Consumer Cyclical,Mid-Cap,1390737,NMS
APLS,"Apellis Pharmaceuticals, Inc.",Healthcare,Mid-Cap,4866437,NMS
AVTR,"Avantor, Inc.",Healthcare,Mid-Cap,10684116,NYQ
LPX,Louisiana-Pacific Corporation,Industrials,Mid-Cap,1120674,NYQ
VNT,Vontier Corporation,Technology,Mid-Cap,1140961,NYQ
BC,Brunswick Corporation,Consumer Cyclical,Mid-Cap,943701,NYQ
CLF,Cleveland-Cliffs Inc.,Basic Materials,Mid-Cap,19356588,NYQ
GLBE,Global-E Online Ltd.,Consumer Cyclical,Mid-Cap,1594479,NMS
KLAR,Klarna Group plc,Technology,Mid-Cap,6622758,NYQ
OTF,Blue Owl Technology Finance Cor,Financial Services,Mid-Cap,2400662,NYQ
TDS,"Telephone and Data Systems, Inc",Communication Services,Mid-Cap,867548,NYQ
VSEC,VSE Corporation,Industrials,Mid-Cap,759274,NMS
IEP,Icahn Enterprises L.P. - Deposi,Energy,Mid-Cap,916685,NMS
WING,Wingstop Inc.,Consumer Cyclical,Mid-Cap,1247277,NMS
RAL,Ralliant Corporation,Technology,Mid-Cap,1754667,NYQ
ONDS,Ondas Inc,Technology,Mid-Cap,77855261,NCM
SIGI,"Selective Insurance Group, Inc.",Financial Services,Mid-Cap,591500,NMS
MRP,"Millrose Properties, Inc.",Real Estate,Mid-Cap,1374403,NYQ
CRK,"Comstock Resources, Inc.",Energy,Mid-Cap,2264224,NYQ
LMND,"Lemonade, Inc.",Financial Services,Mid-Cap,2387533,NYQ
RLI,RLI Corp.,Financial Services,Mid-Cap,725408,NYQ
PRM,"Perimeter Solutions, SA",Basic Materials,Mid-Cap,1089743,NYQ
GLXY,Galaxy Digital Inc.,Financial Services,Large-Cap,6220593,NMS
USAR,"USA Rare Earth, Inc.",Basic Materials,Mid-Cap,16413469,NGM
SBRA,"Sabra Health Care REIT, Inc.",Real Estate,Mid-Cap,2601332,NMS
POST,"Post Holdings, Inc.",Consumer Defensive,Mid-Cap,813975,NYQ
KNF,Knife Riv Holding Co.,Basic Materials,Mid-Cap,638329,NYQ
KC,Kingsoft Cloud Holdings Limited,Technology,Mid-Cap,1474511,NMS
OPEN,Opendoor Technologies Inc,Real Estate,Mid-Cap,41797227,NMS
ATMU,Atmus Filtration Technologies I,Consumer Cyclical,Mid-Cap,1197893,NYQ
GNTX,Gentex Corporation,Consumer Cyclical,Mid-Cap,2192448,NMS
FBIN,"Fortune Brands Innovations, Inc",Industrials,Mid-Cap,3042358,NYQ
BOOT,"Boot Barn Holdings, Inc.",Consumer Cyclical,Mid-Cap,656190,NYQ
BIPC,Brookfield Infrastructure Corpo,Utilities,Mid-Cap,1028633,NYQ
MC,Moelis & Company,Financial Services,Mid-Cap,1388632,NYQ
RDN,Radian Group Inc.,Financial Services,Mid-Cap,1372556,NYQ
HESM,Hess Midstream LP,Energy,Mid-Cap,1652712,NYQ
OSCR,"Oscar Health, Inc.",Healthcare,Mid-Cap,7333877,NYQ
MIR,"Mirion Technologies, Inc.",Industrials,Mid-Cap,3823803,NYQ
DNTH,"Dianthus Therapeutics, Inc.",Healthcare,Mid-Cap,967895,NCM
MAIN,Main Street Capital Corporation,Financial Services,Mid-Cap,789553,NYQ
ORLA,Orla Mining Ltd.,Basic Materials,Mid-Cap,2369925,ASE
AQN,Algonquin Power & Utilities Cor,Utilities,Mid-Cap,4576530,NYQ
SON,Sonoco Products Company,Consumer Cyclical,Mid-Cap,1196124,NYQ
CORT,Corcept Therapeutics Incorporat,Healthcare,Mid-Cap,1649083,NCM
ALH,Alliance Laundry Holdings Inc.,Consumer Cyclical,Mid-Cap,896138,NYQ
SIMO,Silicon Motion Technology Corpo,Technology,Mid-Cap,698682,NMS
PBF,PBF Energy Inc.,Energy,Mid-Cap,3671632,NYQ
CWEN,"Clearway Energy, Inc.",Utilities,Mid-Cap,910908,NYQ
EXLS,"ExlService Holdings, Inc.",Technology,Mid-Cap,2479200,NMS
WAY,Waystar Holding Corp.,Healthcare,Mid-Cap,2808164,NMS
ENPH,"Enphase Energy, Inc.",Technology,Mid-Cap,7054183,NGM
GPGI,"GPGI, Inc.",Industrials,Mid-Cap,4131182,NYQ
S,"SentinelOne, Inc.",Technology,Mid-Cap,8296143,NYQ
MRCY,Mercury Systems Inc,Industrials,Mid-Cap,603117,NMS
ESTC,Elastic N.V.,Technology,Mid-Cap,2236720,NYQ
DUOL,"Duolingo, Inc.",Technology,Mid-Cap,2579419,NMS
HCC,"Warrior Met Coal, Inc.",Basic Materials,Mid-Cap,913651,NYQ
MTH,Meritage Homes Corporation,Consumer Cyclical,Mid-Cap,997212,NYQ
MEOH,Methanex Corporation,Basic Materials,Mid-Cap,1503503,NMS
VCTR,"Victory Capital Holdings, Inc. ",Financial Services,Mid-Cap,673616,NMS
PFSI,"PennyMac Financial Services, In",Financial Services,Mid-Cap,800985,NYQ
FFIN,"First Financial Bankshares, Inc",Financial Services,Mid-Cap,772229,NMS
ALK,"Alaska Air Group, Inc.",Industrials,Mid-Cap,4453590,NYQ
SLM,SLM Corporation,Financial Services,Mid-Cap,4176053,NMS
DIOD,Diodes Incorporated,Technology,Mid-Cap,533769,NMS
EBC,"Eastern Bankshares, Inc.",Financial Services,Mid-Cap,2240511,NMS
OLED,Universal Display Corporation,Technology,Mid-Cap,825445,NMS
PAGP,"Plains GP Holdings, L.P.",Energy,Mid-Cap,2029379,NMS
TPC,Tutor Perini Corporation,Industrials,Mid-Cap,600195,NYQ
BCO,Brinks Company (The),Industrials,Mid-Cap,502112,NYQ
YSS,York Space Systems Inc.,Industrials,Mid-Cap,1972420,NYQ
MNSO,MINISO Group Holding Limited,Consumer Cyclical,Mid-Cap,539982,NYQ
FOLD,"Amicus Therapeutics, Inc.",Healthcare,Mid-Cap,4122442,NGM
SPHR,Sphere Entertainment Co.,Communication Services,Mid-Cap,829041,NYQ
QS,QuantumScape Corporation,Consumer Cyclical,Mid-Cap,16225790,NMS
SKY,"Champion Homes, Inc.",Consumer Cyclical,Mid-Cap,643064,NYQ
HLNE,Hamilton Lane Incorporated,Financial Services,Mid-Cap,856356,NMS
MDA,MDA Space Ltd.,Industrials,Mid-Cap,828651,NYQ
PONY,Pony AI Inc.,Technology,Mid-Cap,4268261,NMS
MDU,"MDU Resources Group, Inc.",Utilities,Mid-Cap,1780727,NYQ
MARA,"MARA Holdings, Inc.",Financial Services,Mid-Cap,48960072,NCM
KBR,"KBR, Inc.",Industrials,Mid-Cap,1440351,NYQ
OPCH,"Option Care Health, Inc.",Healthcare,Mid-Cap,2055703,NMS
LAUR,"Laureate Education, Inc.",Consumer Defensive,Mid-Cap,1785138,NMS
MAT,"Mattel, Inc.",Consumer Cyclical,Mid-Cap,5850408,NMS
LEGN,Legend Biotech Corporation,Healthcare,Mid-Cap,2009462,NMS
STVN,Stevanato Group S.p.A.,Healthcare,Mid-Cap,666340,NYQ
PLUG,"Plug Power, Inc.",Industrials,Mid-Cap,82424925,NCM
CNR,"Core Natural Resources, Inc.",Energy,Mid-Cap,978270,NYQ
KLIC,"Kulicke and Soffa Industries, I",Technology,Mid-Cap,707898,NMS
RDNT,"RadNet, Inc.",Healthcare,Mid-Cap,843956,NGM
LAZ,"Lazard, Inc.",Financial Services,Mid-Cap,1396461,NYQ
NVST,Envista Holdings Corporation,Healthcare,Mid-Cap,2814587,NYQ
NWE,"NorthWestern Energy Group, Inc.",Utilities,Mid-Cap,548258,NMS
MTN,"Vail Resorts, Inc.",Consumer Cyclical,Mid-Cap,904269,NYQ
TREX,"Trex Company, Inc.",Industrials,Mid-Cap,1856583,NYQ
REYN,Reynolds Consumer Products Inc.,Consumer Cyclical,Mid-Cap,1107266,NMS
TBBB,BBB Foods Inc.,Consumer Defensive,Mid-Cap,562961,NYQ
MWA,MUELLER WATER PRODUCTS,Industrials,Mid-Cap,1210858,NYQ
LUNR,"Intuitive Machines, Inc.",Industrials,Mid-Cap,12790925,NGM
SHC,Sotera Health Company,Healthcare,Mid-Cap,2706511,NMS
PVH,PVH Corp.,Consumer Cyclical,Mid-Cap,1096027,NYQ
DOCS,"Doximity, Inc.",Healthcare,Mid-Cap,3641077,NYQ
MMYT,MakeMyTrip Limited,Consumer Cyclical,Mid-Cap,1859266,NMS
IRDM,Iridium Communications Inc,Communication Services,Mid-Cap,2423261,NMS
BFAM,Bright Horizons Family Solution,Consumer Cyclical,Mid-Cap,952101,NYQ
EPR,EPR Properties,Real Estate,Mid-Cap,863630,NYQ
LEU,Centrus Energy Corp.,Energy,Mid-Cap,936125,NYQ
RELY,"Remitly Global, Inc.",Technology,Mid-Cap,3853409,NMS
ACHR,Archer Aviation Inc.,Industrials,Mid-Cap,29041587,NYQ
VISN,"Vistance Networks, Inc.",Technology,Mid-Cap,5490848,NMS
SAIC,Science Applications Internatio,Technology,Mid-Cap,668893,NMS
ACLS,"Axcelis Technologies, Inc.",Technology,Mid-Cap,856001,NMS
FHI,"Federated Hermes, Inc.",Financial Services,Mid-Cap,792906,NYQ
LPL,"LG Display Co, Ltd AMERICAN DEP",Technology,Mid-Cap,1726262,NYQ
FTDR,"frontdoor, inc.",Consumer Cyclical,Mid-Cap,681491,NMS
NVTS,Navitas Semiconductor Corporati,Technology,Mid-Cap,24564029,NGM
ACIW,"ACI Worldwide, Inc.",Technology,Mid-Cap,857090,NMS
FULT,Fulton Financial Corporation,Financial Services,Mid-Cap,2115574,NMS
TDW,Tidewater Inc.,Energy,Mid-Cap,857585,NYQ
HAFN,Hafnia Limited,Industrials,Mid-Cap,1912174,NYQ
ALHC,"Alignment Healthcare, Inc.",Healthcare,Mid-Cap,3128364,NMS
SKT,Tanger Inc.,Real Estate,Mid-Cap,915122,NYQ
PTEN,"Patterson-UTI Energy, Inc.",Energy,Mid-Cap,11117327,NMS
MIAX,"Miami International Holdings, I",Financial Services,Mid-Cap,1395404,NYQ
KTB,"Kontoor Brands, Inc.",Consumer Cyclical,Mid-Cap,802832,NYQ
DAN,Dana Incorporated,Consumer Cyclical,Mid-Cap,1336035,NYQ
ZETA,Zeta Global Holdings Corp.,Technology,Mid-Cap,8020533,NYQ
VSCO,Victorias Secret & Co.,Consumer Cyclical,Mid-Cap,2257075,NYQ
SLGN,Silgan Holdings Inc.,Consumer Cyclical,Mid-Cap,945545,NYQ
WIX,Wix.com Ltd.,Technology,Mid-Cap,2817498,NMS
LRN,"Stride, Inc.",Consumer Defensive,Mid-Cap,899800,NYQ
VIRT,"Virtu Financial, Inc.",Financial Services,Large-Cap,1240303,NYQ
SHAK,"Shake Shack, Inc.",Consumer Cyclical,Mid-Cap,1292753,NYQ
CRGY,Crescent Energy Company,Energy,Mid-Cap,8148700,NYQ
THO,"Thor Industries, Inc.",Consumer Cyclical,Mid-Cap,746756,NYQ
LASR,"nLIGHT, Inc.",Technology,Mid-Cap,1792682,NMS
TFSL,TFS Financial Corporation,Financial Services,Mid-Cap,768882,NMS
AXTI,AXT Inc,Technology,Mid-Cap,11199900,NMS
CSTM,Constellium SE,Basic Materials,Mid-Cap,2463864,NYQ
SMR,NuScale Power Corporation,Industrials,Mid-Cap,27398416,NYQ
VVV,Valvoline Inc.,Consumer Cyclical,Mid-Cap,1967077,NYQ
CNO,"CNO Financial Group, Inc.",Financial Services,Mid-Cap,678693,NYQ
BBWI,"Bath & Body Works, Inc.",Consumer Cyclical,Mid-Cap,5768558,NYQ
MMSI,"Merit Medical Systems, Inc.",Healthcare,Mid-Cap,740869,NMS
CUZ,Cousins Properties Incorporated,Real Estate,Mid-Cap,2385558,NYQ
WSC,WillScot Holdings Corporation,Industrials,Mid-Cap,2208938,NCM
TNL,Travel   Leisure Co.,Consumer Cyclical,Mid-Cap,769477,NYQ
DNP,"DNP Select Income Fund, Inc.",Financial Services,Mid-Cap,712224,NYQ
LBTYA,Liberty Global Ltd.,Communication Services,Mid-Cap,2826598,NMS
HRI,Herc Holdings Inc.,Industrials,Mid-Cap,663269,NYQ
POWI,"Power Integrations, Inc.",Technology,Mid-Cap,979180,NMS
INDV,"Indivior Pharmaceuticals, Inc.",Healthcare,Mid-Cap,2447014,NMS
CRNX,"Crinetics Pharmaceuticals, Inc.",Healthcare,Mid-Cap,1114140,NMS
AMRX,"Amneal Pharmaceuticals, Inc.",Healthcare,Mid-Cap,1971698,NMS
UCB,"United Community Banks, Inc.",Financial Services,Mid-Cap,888733,NYQ
AAUC,Allied Gold Corporation,Basic Materials,Mid-Cap,713520,NYQ
ANF,Abercrombie & Fitch Company,Consumer Cyclical,Mid-Cap,1339732,NYQ
TPH,"Tri Pointe Homes, Inc.",Consumer Cyclical,Mid-Cap,3068317,NYQ
IRTC,"iRhythm Holdings, Inc.",Healthcare,Mid-Cap,591690,NMS
CVLT,"Commvault Systems, Inc.",Technology,Mid-Cap,1114443,NMS
CSAN,Cosan S.A.,Energy,Mid-Cap,2104950,NYQ
HRB,"H&R Block, Inc.",Consumer Cyclical,Mid-Cap,2585667,NYQ
DLO,DLocal Limited,Technology,Mid-Cap,1549920,NMS
ITRI,"Itron, Inc.",Technology,Mid-Cap,1131422,NMS
NTSK,"Netskope, Inc.",Technology,Mid-Cap,4194272,NMS
TMDX,"TransMedics Group, Inc.",Healthcare,Mid-Cap,910485,NGM
ELF,"e.l.f. Beauty, Inc.",Consumer Defensive,Mid-Cap,2412682,NYQ
STNG,Scorpio Tankers Inc.,Energy,Mid-Cap,1215562,NYQ
NAVN,"Navan, Inc.",Technology,Mid-Cap,2586698,NMS
SKE,Skeena Resources Limited,Basic Materials,Mid-Cap,873511,NYQ
ARIS,Aris Mining Corporation,Basic Materials,Mid-Cap,1851801,NYQ
NG,Novagold Resources Inc.,Basic Materials,Mid-Cap,3903088,ASE
IRT,"Independence Realty Trust, Inc.",Real Estate,Mid-Cap,2805354,NYQ
GTX,Garrett Motion Inc.,Consumer Cyclical,Mid-Cap,2355259,NMS
WHD,"Cactus, Inc. Class A Common Sto",Energy,Mid-Cap,1054658,NYQ
BNL,"Broadstone Net Lease, Inc.",Real Estate,Mid-Cap,2625612,NYQ
WPP,WPP plc,Communication Services,Mid-Cap,675503,NYQ
MMED,"MiniMed Group, Inc.",Healthcare,Mid-Cap,1184179,NMS
HP,"Helmerich & Payne, Inc.",Energy,Mid-Cap,1526256,NYQ
SRAD,Sportradar Group AG,Technology,Mid-Cap,3376317,NMS
BFH,"Bread Financial Holdings, Inc.",Financial Services,Mid-Cap,741408,NYQ
FOUR,"Shift4 Payments, Inc.",Technology,Mid-Cap,2368869,NYQ
VKTX,"Viking Therapeutics, Inc.",Healthcare,Mid-Cap,2659472,NCM
INSW,"International Seaways, Inc.",Energy,Mid-Cap,575498,NYQ
OII,"Oceaneering International, Inc.",Energy,Mid-Cap,1328304,NYQ
FSLY,"Fastly, Inc.",Technology,Mid-Cap,14613419,NMS
FBP,First BanCorp. New,Financial Services,Mid-Cap,1448756,NYQ
TVTX,"Travere Therapeutics, Inc.",Healthcare,Mid-Cap,1827919,NGM
RNST,Renasant Corporation,Financial Services,Mid-Cap,736190,NYQ
ACAD,ACADIA Pharmaceuticals Inc.,Healthcare,Mid-Cap,1821261,NMS
MRX,Marex Group plc,Financial Services,Mid-Cap,1025688,NMS
HGV,Hilton Grand Vacations Inc.,Consumer Cyclical,Mid-Cap,836538,NYQ
CMBT,CMB.TECH NV,Energy,Mid-Cap,1803838,NYQ
CGAU,Centerra Gold Inc.,Basic Materials,Mid-Cap,2050482,NYQ
SMG,Scotts Miracle-Gro Company (The,Basic Materials,Mid-Cap,930343,NYQ
TNGX,"Tango Therapeutics, Inc.",Healthcare,Mid-Cap,3355314,NGM
FRMI,Fermi Inc.,Real Estate,Mid-Cap,12320485,NMS
VSH,"Vishay Intertechnology, Inc.",Technology,Mid-Cap,2413037,NYQ
FG,"F&G Annuities & Life, Inc.",Financial Services,Mid-Cap,612680,NYQ
CDP,COPT Defense Properties,Real Estate,Mid-Cap,1128006,NYQ
PPTA,Perpetua Resources Corp.,Basic Materials,Mid-Cap,1592161,NCM
BULL,Webull Corporation,Technology,Mid-Cap,12543853,NCM
HPP,"Hudson Pacific Properties, Inc.",Real Estate,Small-Cap,1405711,NYQ
KRC,Kilroy Realty Corporation,Real Estate,Mid-Cap,2313261,NYQ
SIG,Signet Jewelers Limited,Consumer Cyclical,Mid-Cap,943519,NYQ
PI,"Impinj, Inc.",Technology,Mid-Cap,673891,NMS
ASO,"Academy Sports and Outdoors, In",Consumer Cyclical,Mid-Cap,1470879,NMS
CC,Chemours Company (The),Basic Materials,Mid-Cap,3384964,NYQ
DAVE,Dave Inc.,Technology,Mid-Cap,588630,NGM
BILL,"BILL Holdings, Inc.",Technology,Mid-Cap,2515098,NYQ
STNE,StoneCo Ltd.,Technology,Mid-Cap,5484667,NMS
NAMS,NewAmsterdam Pharma Company N.V,Healthcare,Mid-Cap,855588,NGM
CALM,"Cal-Maine Foods, Inc.",Consumer Defensive,Mid-Cap,934438,NMS
TWST,Twist Bioscience Corporation,Healthcare,Mid-Cap,1308737,NMS
BMI,"Badger Meter, Inc.",Technology,Mid-Cap,551596,NYQ
TAC,TransAlta Corporation,Utilities,Mid-Cap,1441550,NYQ
MMS,"Maximus, Inc.",Industrials,Mid-Cap,762480,NYQ
CARG,"CarGurus, Inc.",Consumer Cyclical,Mid-Cap,1308901,NMS
BHF,"Brighthouse Financial, Inc.",Financial Services,Mid-Cap,679279,NMS
LIVN,LivaNova PLC,Healthcare,Mid-Cap,840506,NMS
UCTT,"Ultra Clean Holdings, Inc.",Technology,Mid-Cap,1374690,NMS
DNN,Denison Mines Corp,Energy,Mid-Cap,38515159,ASE
ACMR,"ACM Research, Inc.",Technology,Mid-Cap,1301470,NGM
LIF,"Life360, Inc.",Technology,Mid-Cap,1325198,NMS
INTR,Inter & Co. Inc.,Financial Services,Mid-Cap,3261790,NMS
COLD,"Americold Realty Trust, Inc.",Real Estate,Mid-Cap,4496506,NYQ
GTLB,GitLab Inc.,Technology,Mid-Cap,6474537,NMS
KBH,KB Home,Consumer Cyclical,Mid-Cap,1152520,NYQ
BETA,"Beta Technologies, Inc.",Industrials,Mid-Cap,1552874,NYQ
AAP,Advance Auto Parts Inc.,Consumer Cyclical,Mid-Cap,1682482,NYQ
WHR,Whirlpool Corporation,Consumer Cyclical,Mid-Cap,2729495,NYQ
CTRI,"Centuri Holdings, Inc.",Utilities,Mid-Cap,1360364,NYQ
HYMC,Hycroft Mining Holding Corporat,Basic Materials,Mid-Cap,3586872,NCM
GBDC,"Golub Capital BDC, Inc.",Financial Services,Mid-Cap,2775964,NMS
FUL,H. B. Fuller Company,Basic Materials,Mid-Cap,569580,NYQ
GNW,Genworth Financial Inc,Financial Services,Mid-Cap,3336179,NYQ
NEA,Nuveen AMT-Free Quality Municip,Financial Services,Mid-Cap,892866,NYQ
BKU,"BankUnited, Inc.",Financial Services,Mid-Cap,906446,NYQ
AVA,Avista Corporation,Utilities,Mid-Cap,629609,NYQ
HNGE,"Hinge Health, Inc.",Healthcare,Mid-Cap,1194908,NYQ
ORKA,"Oruka Therapeutics, Inc.",Healthcare,Mid-Cap,1077120,NGM
BTE,Baytex Energy Corp,Energy,Mid-Cap,22609890,NYQ
FIBK,"First Interstate BancSystem, In",Financial Services,Mid-Cap,1210232,NMS
KFY,Korn Ferry,Industrials,Mid-Cap,581511,NYQ
PAY,"Paymentus Holdings, Inc.",Technology,Mid-Cap,642340,NYQ
AVNT,Avient Corporation,Basic Materials,Mid-Cap,736848,NYQ
CPRX,"Catalyst Pharmaceuticals, Inc.",Healthcare,Mid-Cap,1459851,NCM
BXMT,"Blackstone Mortgage Trust, Inc.",Real Estate,Mid-Cap,1519737,NYQ
PII,Polaris Inc.,Consumer Cyclical,Mid-Cap,1317469,NYQ
OPLN,"OPENLANE, Inc.",Consumer Cyclical,Mid-Cap,884108,NYQ
EWTX,"Edgewise Therapeutics, Inc.",Healthcare,Mid-Cap,910608,NMS
NATL,NCR Atleos Corporation,Technology,Mid-Cap,1105587,NYQ
CWK,Cushman & Wakefield Ltd.,Real Estate,Mid-Cap,2096782,NYQ
HAYW,"Hayward Holdings, Inc.",Industrials,Mid-Cap,2258690,NYQ
CNK,Cinemark Holdings Inc Cinemark ,Communication Services,Mid-Cap,2309248,NYQ
PS,N/A,Financial Services,Large-Cap,2350100,NYQ
BTU,Peabody Energy Corporation,Energy,Mid-Cap,3363217,NYQ
SOUN,"SoundHound AI, Inc.",Technology,Mid-Cap,26422672,NGM
GPCR,Structure Therapeutics Inc.,Healthcare,Mid-Cap,972280,NGM
DBC,Invesco DB Commodity Index Trac,N/A,Nano-Cap,1524606,PCX
MNDY,monday.com Ltd.,Technology,Mid-Cap,2393482,NMS
ADEA,Adeia Inc.,Technology,Mid-Cap,1027744,NMS
FHB,"First Hawaiian, Inc.",Financial Services,Mid-Cap,1610190,NMS
SYNA,Synaptics Incorporated,Technology,Mid-Cap,760830,NMS
NIQ,NIQ Global Intelligence plc,N/A,Mid-Cap,1460700,NYQ
RNG,"Ringcentral, Inc.",Technology,Mid-Cap,2533819,NYQ
KNTK,Kinetik Holdings Inc.,Energy,Mid-Cap,1343538,NYQ
ALMS,Alumis Inc.,Healthcare,Mid-Cap,1426935,NMS
LQDA,Liquidia Corporation,Healthcare,Mid-Cap,1430982,NCM
HSAI,Hesai Group,Consumer Cyclical,Mid-Cap,1965012,NMS
LION,Lionsgate Studios Corp,N/A,Mid-Cap,2927019,NYQ
KNSA,Kiniksa Pharmaceuticals Interna,Healthcare,Mid-Cap,698472,NMS
IAC,IAC Inc.,Communication Services,Mid-Cap,1136524,NMS
WSBC,"WesBanco, Inc.",Financial Services,Mid-Cap,592438,NMS
COLM,Columbia Sportswear Company,Consumer Cyclical,Mid-Cap,730040,NMS
BOX,"Box, Inc.",Technology,Mid-Cap,2593495,NYQ
HG,"Hamilton Insurance Group, Ltd.",Financial Services,Mid-Cap,556809,NYQ
KLRA,"Kailera Therapeutics, Inc.",Healthcare,Mid-Cap,1907140,NMS
SA,"Seabridge Gold, Inc.",Basic Materials,Mid-Cap,1021093,NYQ
BKD,Brookdale Senior Living Inc.,Healthcare,Mid-Cap,4326191,NYQ
ARX,Accelerant Holdings,Financial Services,Mid-Cap,1248277,NYQ
EXPO,"Exponent, Inc.",Industrials,Mid-Cap,513769,NMS
FRPT,"Freshpet, Inc.",Consumer Defensive,Mid-Cap,1520472,NGM
ZGN,Ermenegildo Zegna N.V.,Consumer Cyclical,Mid-Cap,741858,NYQ
MPT,"Medical Properties Trust, Inc.",Real Estate,Mid-Cap,6226480,NYQ
CLBT,Cellebrite DI Ltd.,Technology,Mid-Cap,1916277,NMS
RXO,"RXO, Inc.",Industrials,Mid-Cap,2332643,NYQ
RCUS,"Arcus Biosciences, Inc.",Healthcare,Mid-Cap,1230837,NYQ
PARR,"Par Pacific Holdings, Inc. Comm",Energy,Mid-Cap,1406708,NYQ
TRMD,TORM plc,Energy,Mid-Cap,821782,NMS
ZIM,ZIM Integrated Shipping Service,Industrials,Mid-Cap,2822074,NYQ
UPST,"Upstart Holdings, Inc.",Financial Services,Mid-Cap,5306640,NMS
BKV,BKV Corporation,Energy,Mid-Cap,984106,NYQ
CVI,CVR Energy Inc.,Energy,Mid-Cap,1345688,NYQ
SBCF,Seacoast Banking Corporation of,Financial Services,Mid-Cap,798556,NMS
FFBC,First Financial Bancorp.,Financial Services,Mid-Cap,865782,NMS
CLSK,"CleanSpark, Inc.",Financial Services,Mid-Cap,21882017,NCM
DYN,"Dyne Therapeutics, Inc.",Healthcare,Mid-Cap,2096506,NMS
SFNC,Simmons First National Corporat,Financial Services,Mid-Cap,1291701,NMS
BB,BlackBerry Limited,Technology,Mid-Cap,10767117,NYQ
APLE,"Apple Hospitality REIT, Inc.",Real Estate,Mid-Cap,3119856,NYQ
DNLI,Denali Therapeutics Inc.,Healthcare,Mid-Cap,1697408,NMS
BEAM,Beam Therapeutics Inc.,Healthcare,Mid-Cap,1997066,NMS
CAKE,The Cheesecake Factory Incorpor,Consumer Cyclical,Mid-Cap,1351967,NMS
FSM,Fortuna Mining Corp.,Basic Materials,Mid-Cap,7326253,NYQ
MXL,"MaxLinear, Inc",Technology,Mid-Cap,2586767,NMS
RUN,Sunrun Inc.,Technology,Mid-Cap,9869551,NMS
EFXT,Enerflex Ltd,Energy,Mid-Cap,645343,NYQ
VECO,Veeco Instruments Inc.,Technology,Mid-Cap,1207025,NMS
INFQ,"Infleqtion, Inc.",Technology,Mid-Cap,5920611,NYQ
KD,"Kyndryl Holdings, Inc.",Technology,Mid-Cap,5724101,NYQ
YETI,"YETI Holdings, Inc.",Consumer Cyclical,Mid-Cap,1442088,NYQ
UE,Urban Edge Properties,Real Estate,Mid-Cap,995840,NYQ
QLYS,"Qualys, Inc.",Technology,Mid-Cap,851117,NMS
AEO,"American Eagle Outfitters, Inc.",Consumer Cyclical,Mid-Cap,5438070,NYQ
KMT,Kennametal Inc.,Industrials,Mid-Cap,1518098,NYQ
SLG,SL Green Realty Corp,Real Estate,Mid-Cap,1429014,NYQ
CURB,Curbline Properties Corp.,Real Estate,Mid-Cap,873358,NYQ
GBTG,"Global Business Travel Group, I",Consumer Cyclical,Mid-Cap,1594967,NYQ
OLN,Olin Corporation,Basic Materials,Mid-Cap,2932595,NYQ
VC,Visteon Corporation,Consumer Cyclical,Mid-Cap,659095,NMS
SDRL,Seadrill Limited,Energy,Mid-Cap,875641,NYQ
LXP,LXP Industrial Trust,Real Estate,Mid-Cap,631543,NYQ
PLAB,"Photronics, Inc.",Technology,Mid-Cap,1010669,NMS
AMPX,"Amprius Technologies, Inc.",Industrials,Mid-Cap,8811587,NYQ
WK,Workiva Inc.,Technology,Mid-Cap,1030619,NYQ
FSK,FS KKR Capital Corp.,Financial Services,Mid-Cap,4207672,NYQ
BBAR,Banco BBVA Argentina S.A.,Financial Services,Mid-Cap,675458,NYQ
QTWO,"Q2 Holdings, Inc.",Technology,Mid-Cap,1070180,NYQ
PFS,"Provident Financial Services, I",Financial Services,Mid-Cap,947930,NYQ
CON,Concentra Group Holdings Parent,Healthcare,Mid-Cap,818180,NYQ
AEHR,Aehr Test Systems,Technology,Mid-Cap,2659654,NCM
NMRK,"Newmark Group, Inc.",Real Estate,Mid-Cap,1731554,NMS
PRVA,"Privia Health Group, Inc.",Healthcare,Mid-Cap,856779,NMS
BTDR,Bitdeer Technologies Group,Technology,Mid-Cap,8155690,NCM
JPC,Nuveen Preferred & Income Oppor,Financial Services,Mid-Cap,1125795,NYQ
ETOR,eToro Group Ltd.,Financial Services,Mid-Cap,1353682,NMS
EEFT,"Euronet Worldwide, Inc.",Technology,Mid-Cap,753972,NMS
WU,Western Union Company (The),Financial Services,Mid-Cap,9492745,NYQ
TMC,TMC the metals company Inc.,Basic Materials,Mid-Cap,5564888,NMS
ITGR,Integer Holdings Corporation,Healthcare,Mid-Cap,806972,NYQ
BANC,"Banc of California, Inc.",Financial Services,Mid-Cap,3181011,NYQ
SUPN,"Supernus Pharmaceuticals, Inc.",Healthcare,Mid-Cap,689661,NGM
UNFI,"United Natural Foods, Inc.",Consumer Defensive,Mid-Cap,726158,NYQ
DHT,"DHT Holdings, Inc.",Energy,Mid-Cap,4739856,NYQ
SEDG,"SolarEdge Technologies, Inc.",Technology,Mid-Cap,3702519,NMS
CLMT,"Calumet, Inc",Basic Materials,Mid-Cap,1379917,NMS
ARQT,"Arcutis Biotherapeutics, Inc.",Healthcare,Mid-Cap,1287204,NMS
UNIT,Uniti Group Inc.,Real Estate,Mid-Cap,2298462,NMS
PAGS,PagSeguro Digital Ltd.,Technology,Mid-Cap,3952704,NYQ
DBRG,"DigitalBridge Group, Inc.",Financial Services,Mid-Cap,3341185,NYQ
NOG,"Northern Oil and Gas, Inc.",Energy,Mid-Cap,2606096,NYQ
ERO,Ero Copper Corp.,Basic Materials,Mid-Cap,1339924,NYQ
HTGC,"Hercules Capital, Inc.",Financial Services,Mid-Cap,2914830,NYQ
DX,"Dynex Capital, Inc.",Real Estate,Mid-Cap,6165291,NYQ
EXG,Eaton Vance Tax-Managed Global ,Financial Services,Mid-Cap,533504,NYQ
VRNS,"Varonis Systems, Inc.",Technology,Mid-Cap,3252303,NMS
RLX,RLX Technology Inc.,Consumer Defensive,Mid-Cap,2271322,NYQ
CCC,CCC Intelligent Solutions Holdi,Technology,Mid-Cap,14039588,NMS
KOD,Kodiak Sciences Inc,Healthcare,Mid-Cap,1068419,NGM
EXK,Endeavour Silver Corporation,Basic Materials,Mid-Cap,10342859,NYQ
GPK,Graphic Packaging Holding Compa,Consumer Cyclical,Mid-Cap,7650061,NYQ
RHI,Robert Half Inc.,Industrials,Mid-Cap,3506417,NYQ
SHOO,"Steven Madden, Ltd.",Consumer Cyclical,Mid-Cap,1465201,NMS
HAE,Haemonetics Corporation,Healthcare,Mid-Cap,810312,NYQ
FCPT,"Four Corners Property Trust, In",Real Estate,Mid-Cap,779695,NYQ
IHS,IHS Holding Limited,Real Estate,Mid-Cap,1909114,NYQ
CALX,"Calix, Inc",Technology,Mid-Cap,1115256,NYQ
CALY,Callaway Golf Company,Consumer Cyclical,Mid-Cap,2787464,NYQ
VERA,"Vera Therapeutics, Inc.",Healthcare,Mid-Cap,1179741,NGM
SBLK,Star Bulk Carriers Corp.,Industrials,Mid-Cap,1467790,NMS
WRBY,Warby Parker Inc.,Healthcare,Mid-Cap,2832995,NYQ
CVBF,CVB Financial Corporation,Financial Services,Mid-Cap,1706906,NMS
NAD,Nuveen Quality Municipal Income,Financial Services,Mid-Cap,755195,NYQ
TXG,"10x Genomics, Inc.",Healthcare,Mid-Cap,2549832,NMS
AKR,Acadia Realty Trust,Real Estate,Mid-Cap,1164253,NYQ
SPNT,SiriusPoint Ltd.,Financial Services,Mid-Cap,685606,NYQ
SLNO,"Soleno Therapeutics, Inc.",Healthcare,Mid-Cap,3367430,NCM
UAA,"Under Armour, Inc.",Consumer Cyclical,Mid-Cap,9610569,NYQ
NKTR,Nektar Therapeutics,Healthcare,Mid-Cap,1271896,NCM
COCO,"The Vita Coco Company, Inc.",Consumer Defensive,Mid-Cap,1464601,NMS
XXI,"Twenty One Capital, Inc.",Financial Services,Mid-Cap,1491588,NYQ
APAM,Artisan Partners Asset Manageme,Financial Services,Mid-Cap,781553,NYQ
NVG,Nuveen AMT-Free Municipal Credi,Financial Services,Mid-Cap,659487,NYQ
RLAY,"Relay Therapeutics, Inc.",Healthcare,Mid-Cap,2952388,NGM
IDYA,"IDEAYA Biosciences, Inc.",Healthcare,Mid-Cap,1183595,NMS
SEZL,Sezzle Inc.,Financial Services,Mid-Cap,765040,NCM
WAFD,"WaFd, Inc.",Financial Services,Mid-Cap,699419,NMS
FIGS,"FIGS, Inc.",Consumer Cyclical,Mid-Cap,3589575,NYQ
SVM,Silvercorp Metals Inc.,Basic Materials,Mid-Cap,5076679,ASE
HTFL,"Heartflow, Inc.",Healthcare,Mid-Cap,1624417,NMS
HNI,HNI Corporation,Consumer Cyclical,Mid-Cap,745940,NYQ
LFST,"LifeStance Health Group, Inc.",Healthcare,Mid-Cap,2968725,NMS
KN,Knowles Corporation,Technology,Mid-Cap,719487,NYQ
BBT,Beacon Financial Corporation,Financial Services,Mid-Cap,837025,NYQ
AMBA,"Ambarella, Inc.",Technology,Mid-Cap,833067,NMS
HUBG,"Hub Group, Inc.",Industrials,Mid-Cap,960593,NMS
KYIV,Kyivstar Group Ltd.,Communication Services,Mid-Cap,752732,NMS
HE,"Hawaiian Electric Industries, I",Utilities,Mid-Cap,2295814,NYQ
PTRN,Pattern Group Inc. - Series A,Technology,Mid-Cap,883583,NMS
VCYT,"Veracyte, Inc.",Healthcare,Mid-Cap,897645,NGM
CLDX,"Celldex Therapeutics, Inc.",Healthcare,Mid-Cap,1045711,NCM
ELVN,"Enliven Therapeutics, Inc.",Healthcare,Mid-Cap,1115716,NMS
TGB,"Taseko Mines, Ltd.",Basic Materials,Mid-Cap,5655667,ASE
HOG,"Harley-Davidson, Inc.",Consumer Cyclical,Mid-Cap,3730891,NYQ
CXT,"Crane NXT, Co.",Industrials,Mid-Cap,771175,NYQ
HIW,"Highwoods Properties, Inc.",Real Estate,Mid-Cap,1452098,NYQ
IRON,"Disc Medicine, Inc.",Healthcare,Mid-Cap,649740,NGM
IMNM,"Immunome, Inc.",Healthcare,Mid-Cap,1211108,NCM
RH,RH,Consumer Cyclical,Mid-Cap,1286383,NYQ
ATRO,Astronics Corporation,Industrials,Mid-Cap,578472,NMS
ASH,Ashland Inc.,Basic Materials,Mid-Cap,733459,NYQ
TARS,"Tarsus Pharmaceuticals, Inc.",Healthcare,Mid-Cap,576485,NMS
SMA,"SmartStop Self Storage REIT, In",Real Estate,Small-Cap,907029,NYQ
MANE,"Veradermics, Incorporated",Healthcare,Mid-Cap,533443,NYQ
WRD,WERIDE INC.,Technology,Mid-Cap,4338243,NGM
TALO,"Talos Energy, Inc.",Energy,Mid-Cap,2417082,NYQ
HTO,H2O America,Utilities,Mid-Cap,591843,NMS
PTY,Pimco Corporate & Income Opport,Financial Services,Mid-Cap,1308327,NYQ
TNK,Teekay Tankers Ltd.,Energy,Mid-Cap,553106,NYQ
BRZE,"Braze, Inc.",Technology,Mid-Cap,3319953,NMS
TBBK,"The Bancorp, Inc.",Financial Services,Mid-Cap,549048,NMS
ADMA,ADMA Biologics Inc,Healthcare,Mid-Cap,5954814,NGM
DJT,Trump Media & Technology Group ,Communication Services,Mid-Cap,3580717,NGM
TRN,"Trinity Industries, Inc.",Industrials,Mid-Cap,686240,NYQ
MH,"McGraw Hill, Inc.",Consumer Defensive,Mid-Cap,516977,NYQ
VNET,"VNET Group, Inc.",Technology,Mid-Cap,6533574,NMS
FLOC,Flowco Holdings Inc.,Energy,Mid-Cap,652758,NYQ
ACHC,"Acadia Healthcare Company, Inc.",Healthcare,Mid-Cap,3569759,NMS
STUB,"StubHub Holdings, Inc.",Communication Services,Mid-Cap,4308198,NYQ
FLNC,"Fluence Energy, Inc.",Utilities,Mid-Cap,5098232,NMS
CPRI,Capri Holdings Limited,Consumer Cyclical,Mid-Cap,3140417,NYQ
ZLAB,Zai Lab Limited,Healthcare,Mid-Cap,755535,NGM
GEO,Geo Group Inc (The) REIT,Industrials,Mid-Cap,2395448,NYQ
TDC,Teradata Corporation,Technology,Mid-Cap,2104177,NYQ
BWIN,"The Baldwin Insurance Group, In",Financial Services,Mid-Cap,1769762,NMS
VAC,Marriott Vacations Worldwide Co,Consumer Cyclical,Mid-Cap,595493,NYQ
NZF,Nuveen Municipal Credit Income ,Financial Services,Mid-Cap,558375,NYQ
NN,NextNav Inc.,Technology,Mid-Cap,1961874,NCM
VGNT,Versigent PLC,Consumer Cyclical,Mid-Cap,3677600,NYQ
XMTR,"Xometry, Inc.",Industrials,Mid-Cap,1027145,NMS
GRND,Grindr Inc.,Technology,Mid-Cap,1448330,NYQ
WT,"WisdomTree, Inc.",Financial Services,Mid-Cap,3336500,NYQ
RARE,Ultragenyx Pharmaceutical Inc.,Healthcare,Mid-Cap,2071208,NMS
DK,"Delek US Holdings, Inc.",Energy,Mid-Cap,1543243,NYQ
OSW,OneSpaWorld Holdings Limited,Consumer Cyclical,Mid-Cap,1289182,NCM
NESR,National Energy Services Reunit,Energy,Mid-Cap,2118977,NCM
AMBP,Ardagh Metal Packaging S.A.,Consumer Cyclical,Mid-Cap,1586379,NYQ
XRAY,DENTSPLY SIRONA Inc.,Healthcare,Mid-Cap,4489716,NMS
GOF,Guggenheim Strategic Opportunit,Financial Services,Mid-Cap,1479912,NYQ
ICHR,Ichor Holdings,Technology,Mid-Cap,912256,NMS
ABM,ABM Industries Incorporated,Industrials,Mid-Cap,554127,NYQ
HUN,Huntsman Corporation,Basic Materials,Mid-Cap,6778024,NYQ
BRSL,Brightstar Lottery PLC Trading ,Consumer Cyclical,Mid-Cap,1369883,NYQ
NTCT,"NetScout Systems, Inc.",Technology,Mid-Cap,605991,NMS
EOSE,"Eos Energy Enterprises, Inc.",Industrials,Mid-Cap,24633653,NCM
MLYS,"Mineralys Therapeutics, Inc.",Healthcare,Mid-Cap,1231691,NMS
CECO,CECO Environmental Corp.,Industrials,Mid-Cap,648516,NMS
TENB,"Tenable Holdings, Inc.",Technology,Mid-Cap,3381661,NMS
DFTX,"Definium Therapeutics, Inc.",Healthcare,Mid-Cap,1752674,NMS
DNOW,DNOW Inc.,Industrials,Mid-Cap,3358908,NYQ
PENN,"PENN Entertainment, Inc.",Consumer Cyclical,Mid-Cap,4587370,NMS
FRSH,Freshworks Inc.,Technology,Mid-Cap,7865343,NMS
MCW,"Mister Car Wash, Inc.",Consumer Cyclical,Mid-Cap,3015685,NMS
MLCO,Melco Resorts & Entertainment L,Consumer Cyclical,Mid-Cap,1962225,NMS
PBI,Pitney Bowes Inc.,Industrials,Mid-Cap,3062469,NYQ
LCID,"Lucid Group, Inc.",Consumer Cyclical,Mid-Cap,11206809,NMS
VRRM,Verra Mobility Corporation,Technology,Mid-Cap,1722645,NCM
EXTR,"Extreme Networks, Inc.",Technology,Mid-Cap,2053295,NMS
SLDE,"Slide Insurance Holdings, Inc.",Financial Services,Mid-Cap,1956506,NMS
BUSE,First Busey Corporation,Financial Services,Mid-Cap,622837,NMS
SGML,Sigma Lithium Corporation,Basic Materials,Mid-Cap,3884685,NCM
OGN,Organon & Co.,Healthcare,Mid-Cap,8740325,NYQ
PK,Park Hotels & Resorts Inc.,Real Estate,Mid-Cap,3935798,NYQ
CLM,Cornerstone Strategic Value Fd,Financial Services,Mid-Cap,2361332,ASE
BCRX,"BioCryst Pharmaceuticals, Inc.",Healthcare,Mid-Cap,5179667,NMS
MNR,Mach Natural Resources LP,Energy,Mid-Cap,682572,NYQ
TYRA,"Tyra Biosciences, Inc.",Healthcare,Mid-Cap,1094753,NMS
AERO,"Grupo Aeromexico, S.A.B. de C.V",Industrials,Mid-Cap,541896,NYQ
AMSC,American Superconductor Corpora,Industrials,Mid-Cap,1269950,NMS
COHU,"Cohu, Inc.",Technology,Mid-Cap,953316,NMS
ARR,"ARMOUR Residential REIT, Inc.",Real Estate,Mid-Cap,3253841,NYQ
IE,Ivanhoe Electric Inc.,Basic Materials,Mid-Cap,2120190,ASE
SRPT,"Sarepta Therapeutics, Inc.",Healthcare,Mid-Cap,2782003,NMS
FA,First Advantage Corporation,Industrials,Mid-Cap,1306358,NMS
BW,"Babcock & Wilcox Enterprises, I",Industrials,Small-Cap,4013262,NYQ
WLY,"John Wiley & Sons, Inc.",Communication Services,Mid-Cap,525290,NYQ
ADPT,Adaptive Biotechnologies Corpor,Healthcare,Mid-Cap,1932956,NMS
ATHM,Autohome Inc.,Communication Services,Mid-Cap,772043,NYQ
PTON,"Peloton Interactive, Inc.",Consumer Cyclical,Mid-Cap,14465738,NMS
PRDO,Perdoceo Education Corporation,Consumer Defensive,Mid-Cap,639343,NMS
SOC,Sable Offshore Corp.,Energy,Mid-Cap,5764898,NYQ
AUPH,Aurinia Pharmaceuticals Inc,Healthcare,Small-Cap,1067356,NGM
OCUL,"Ocular Therapeutix, Inc.",Healthcare,Mid-Cap,5611579,NGM
GRAL,"GRAIL, Inc.",Healthcare,Mid-Cap,1244288,NMS
DRH,Diamondrock Hospitality Company,Real Estate,Mid-Cap,2307824,NMS
BHC,Bausch Health Companies Inc.,Healthcare,Mid-Cap,1940251,NYQ
AVPT,"AvePoint, Inc.",Technology,Mid-Cap,1816337,NMS
STOK,"Stoke Therapeutics, Inc.",Healthcare,Small-Cap,736238,NMS
PUMP,ProPetro Holding Corp.,Energy,Mid-Cap,2989437,NYQ
COTY,Coty Inc.,Consumer Defensive,Mid-Cap,8785306,NYQ
PAX,Patria Investments Limited,Financial Services,Mid-Cap,982658,NMS
WB,Weibo Corporation,Communication Services,Mid-Cap,1123251,NMS
LWLG,"Lightwave Logic, Inc.",Basic Materials,Mid-Cap,5753498,NCM
GSG,iShares GSCI Commodity-Indexed ,N/A,Nano-Cap,1505327,PCX
WTTR,"Select Water Solutions, Inc.",Energy,Mid-Cap,1859001,NYQ
ZYME,Zymeworks Inc.,Healthcare,Small-Cap,641195,NMS
SEM,Select Medical Holdings Corpora,Healthcare,Mid-Cap,2198972,NYQ
DRVN,Driven Brands Holdings Inc.,Consumer Cyclical,Mid-Cap,2041335,NMS
NEOG,Neogen Corporation,Healthcare,Mid-Cap,2810490,NMS
WERN,"Werner Enterprises, Inc.",Industrials,Mid-Cap,1181212,NMS
QUBT,Quantum Computing Inc.,Technology,Mid-Cap,12558969,NCM
CHA,Chagee Holdings Limited,Consumer Cyclical,Mid-Cap,522724,NMS
GNL,"Global Net Lease, Inc.",Real Estate,Mid-Cap,1854414,NYQ
NTST,NetSTREIT Corp.,Real Estate,Small-Cap,1500669,NYQ
DXC,DXC Technology Company,Technology,Mid-Cap,2909356,NYQ
GT,The Goodyear Tire & Rubber Comp,Consumer Cyclical,Mid-Cap,8273890,NMS
GTY,Getty Realty Corporation,Real Estate,Mid-Cap,544987,NYQ
AESI,Atlas Energy Solutions Inc.,Energy,Mid-Cap,4181287,NYQ
TRVI,"Trevi Therapeutics, Inc.",Healthcare,Small-Cap,1487982,NGM
UTI,Universal Technical Institute I,Consumer Defensive,Mid-Cap,729140,NYQ
LC,LendingClub Corporation,Financial Services,Small-Cap,2254404,NYQ
RDW,Redwire Corporation,Industrials,Small-Cap,20434880,NYQ
SPSC,"SPS Commerce, Inc.",Technology,Mid-Cap,803161,NMS
VVX,"V2X, Inc.",Industrials,Mid-Cap,504158,NYQ
CTOS,"Custom Truck One Source, Inc.",Industrials,Mid-Cap,943909,NYQ
CXW,"CoreCivic, Inc.",Industrials,Mid-Cap,1134011,NYQ
ECO,Okeanis Eco Tankers Corp.,Industrials,Mid-Cap,501890,NYQ
IMAX,Imax Corporation,Communication Services,Mid-Cap,1059487,NYQ
NEXT,NextDecade Corporation,Energy,Mid-Cap,4608606,NCM
NWBI,"Northwest Bancshares, Inc.",Financial Services,Mid-Cap,1328580,NMS
NEXA,Nexa Resources S.A.,Basic Materials,Mid-Cap,990587,NYQ
EZPW,"EZCORP, Inc.",Financial Services,Small-Cap,923819,NMS
CAPR,"Capricor Therapeutics, Inc.",Healthcare,Small-Cap,1240783,NMS
KEEL,Keel Infrastructure Corp.,Technology,Small-Cap,33094270,NGM
JBLU,JetBlue Airways Corporation,Industrials,Small-Cap,25750511,NMS
ARCO,Arcos Dorados Holdings Inc.,Consumer Cyclical,Small-Cap,1337696,NYQ
NCNO,"nCino, Inc.",Technology,Mid-Cap,2928191,NMS
XPRO,Expro Group Holdings N.V.,Energy,Mid-Cap,1154803,NYQ
PWP,Perella Weinberg Partners,Financial Services,Small-Cap,904182,NMS
WGS,GeneDx Holdings Corp.,Healthcare,Small-Cap,731337,NMS
USAS,Americas Gold and Silver Corpor,Basic Materials,Small-Cap,6366037,ASE
AXGN,"AxoGen, Inc.",Healthcare,Mid-Cap,1061695,NCM
FCF,First,Financial Services,Small-Cap,934438,NYQ
TIC,"TIC Solutions, Inc.",Industrials,Mid-Cap,2937075,NYQ
EYE,"National Vision Holdings, Inc.",Consumer Cyclical,Small-Cap,1365967,NMS
NBHC,National Bank Holdings Corporat,Financial Services,Small-Cap,555158,NYQ
KMPR,Kemper Corporation,Financial Services,Mid-Cap,1010764,NYQ
STEL,"Stellar Bancorp, Inc.",Financial Services,Small-Cap,504322,NYQ
VET,Vermilion Energy Inc.,Energy,Mid-Cap,2389869,NYQ
HIMX,"Himax Technologies, Inc.",Technology,Mid-Cap,2959875,NMS
ATEN,"A10 Networks, Inc.",Technology,Small-Cap,1088587,NYQ
BRBR,"BellRing Brands, Inc.",Consumer Defensive,Mid-Cap,3727230,NYQ
PDO,N/A,Financial Services,Small-Cap,767162,NYQ
AMLX,"Amylyx Pharmaceuticals, Inc.",Healthcare,Small-Cap,1016825,NMS
SGRY,"Surgery Partners, Inc.",Healthcare,Small-Cap,1555825,NMS
MD,"Pediatrix Medical Group, Inc.",Healthcare,Small-Cap,841720,NYQ
RVLV,"Revolve Group, Inc.",Consumer Cyclical,Small-Cap,1077766,NYQ
RNW,ReNew Energy Global plc,Utilities,Small-Cap,755180,NMS
AGRO,Adecoagro S.A.,Consumer Defensive,Mid-Cap,1468908,NYQ
FUN,Six Flags Entertainment Corpora,Consumer Cyclical,Small-Cap,1864616,NYQ
NTLA,"Intellia Therapeutics, Inc.",Healthcare,Small-Cap,4826209,NGM
INVX,"Innovex International, Inc.",Energy,Small-Cap,579696,NYQ
GLOB,Globant S.A.,Technology,Small-Cap,1486741,NYQ
VERX,"Vertex, Inc.",Technology,Mid-Cap,2084633,NGM
FLO,"Flowers Foods, Inc.",Consumer Defensive,Small-Cap,5262172,NYQ
HTZ,"Hertz Global Holdings, Inc",Industrials,Small-Cap,10078591,NMS
GSHD,"Goosehead Insurance, Inc.",Financial Services,Small-Cap,547641,NMS
HRMY,"Harmony Biosciences Holdings, I",Healthcare,Small-Cap,951180,NGM
SNDX,"Syndax Pharmaceuticals, Inc.",Healthcare,Small-Cap,1424785,NMS
RXRX,"Recursion Pharmaceuticals, Inc.",Healthcare,Small-Cap,15686037,NMS
TSHA,"Taysha Gene Therapies, Inc.",Healthcare,Small-Cap,2769020,NMS
ASTH,Astrana Health Inc.,Healthcare,Small-Cap,504001,NCM
NAC,Nuveen California Quality Munic,Financial Services,Small-Cap,582519,NYQ
MQ,"Marqeta, Inc.",Technology,Small-Cap,3743896,NMS
SHO,"Sunstone Hotel Investors, Inc. ",Real Estate,Small-Cap,1876854,NYQ
SEMR,"SEMrush Holdings, Inc.",Technology,Small-Cap,1509511,NYQ
FMC,FMC Corporation,Basic Materials,Small-Cap,4005224,NYQ
PSIX,"Power Solutions International, ",Industrials,Small-Cap,623917,NCM
TNET,"TriNet Group, Inc.",Industrials,Mid-Cap,573987,NYQ
MGNI,"Magnite, Inc.",Communication Services,Small-Cap,2258879,NMS
GTM,ZoomInfo Technologies Inc.,Technology,Mid-Cap,10855924,NMS
POET,POET Technologies Inc.,Technology,Small-Cap,19084532,NCM
RAMP,"LiveRamp Holdings, Inc.",Technology,Small-Cap,798246,NYQ
VOYG,"Voyager Technologies, Inc.",Industrials,Small-Cap,1423035,NYQ
ZD,"Ziff Davis, Inc.",Communication Services,Small-Cap,1055303,NMS
THR,"Thermon Group Holdings, Inc.",Industrials,Small-Cap,591656,NYQ
VRE,"Veris Residential, Inc.",Real Estate,Small-Cap,1743187,NYQ
BBAI,"BigBear.ai, Inc.",Technology,Small-Cap,38762577,NYQ
DEI,"Douglas Emmett, Inc.",Real Estate,Mid-Cap,2591238,NYQ
TSLX,"Sixth Street Specialty Lending,",Financial Services,Small-Cap,1101527,NYQ
HLMN,Hillman Solutions Corp.,Industrials,Small-Cap,1709430,NGM
NWL,Newell Brands Inc.,Consumer Defensive,Small-Cap,5721159,NMS
NUVB,Nuvation Bio Inc.,Healthcare,Small-Cap,4372933,NYQ
VCEL,Vericel Corporation,Healthcare,Small-Cap,598709,NGM
BL,"BlackLine, Inc.",Technology,Mid-Cap,1273201,NMS
INTA,"Intapp, Inc.",Technology,Small-Cap,1366482,NMS
SONO,"Sonos, Inc.",Technology,Small-Cap,1656959,NMS
GCT,GigaCloud Technology Inc,Technology,Small-Cap,665345,NGM
INVA,"Innoviva, Inc.",Healthcare,Small-Cap,755932,NMS
ATAI,AtaiBeckley Inc.,Healthcare,Small-Cap,5713180,NGM
GAB,"Gabelli Equity Trust, Inc. (The",Financial Services,Small-Cap,1256513,NYQ
USA,Liberty All-Star Equity Fund,Financial Services,Small-Cap,1172366,NYQ
AHCO,AdaptHealth Corp.,Healthcare,Small-Cap,1407045,NCM
DHC,Diversified Healthcare Trust,Real Estate,Small-Cap,1940616,NMS
SID,Companhia Siderurgica Nacional ,Basic Materials,Small-Cap,5434088,NYQ
NRIX,"Nurix Therapeutics, Inc.",Healthcare,Small-Cap,1072472,NGM
ALKT,"Alkami Technology, Inc.",Technology,Small-Cap,2003275,NMS
BORR,Borr Drilling Limited,Energy,Small-Cap,8134967,NYQ
RES,"RPC, Inc.",Energy,Small-Cap,2573374,NYQ
KOS,Kosmos Energy Ltd.,Energy,Small-Cap,26302940,NYQ
PRKS,United Parks & Resorts Inc.,Consumer Cyclical,Small-Cap,1131469,NYQ
PAYO,Payoneer Global Inc.,Technology,Small-Cap,3880391,NGM
ADNT,Adient plc,Consumer Cyclical,Small-Cap,928685,NYQ
KSS,Kohl's Corporation,Consumer Cyclical,Small-Cap,4836098,NYQ
DV,"DoubleVerify Holdings, Inc.",Communication Services,Small-Cap,2850435,NYQ
FLNG,FLEX LNG Ltd.,Energy,Small-Cap,621985,NYQ
SILA,"Sila Realty Trust, Inc.",Real Estate,Small-Cap,626004,NYQ
HLF,Herbalife Ltd.,Consumer Defensive,Small-Cap,1478677,NYQ
VIR,"Vir Biotechnology, Inc.",Healthcare,Small-Cap,3480990,NMS
PICS,PicS N.V.,Technology,Small-Cap,667975,NMS
BLKB,"Blackbaud, Inc.",Technology,Small-Cap,601472,NMS
OUST,"Ouster, Inc.",Technology,Small-Cap,1938488,NMS
OMCL,"Omnicell, Inc.",Healthcare,Small-Cap,707185,NMS
STGW,Stagwell Inc.,Communication Services,Small-Cap,1704559,NMS
GENB,"Generate Biomedicines, Inc.",Healthcare,Small-Cap,623006,NMS
LAC,Lithium Americas Corp.,Basic Materials,Small-Cap,9319875,NYQ
ALMR,"Alamar Biosciences, Inc.",Healthcare,Small-Cap,876490,NMS
TV,Grupo Televisa S.A.B.,Communication Services,Mid-Cap,1431504,NYQ
OI,"O-I Glass, Inc.",Consumer Cyclical,Small-Cap,2347283,NYQ
CNXC,Concentrix Corporation,Technology,Small-Cap,1602719,NMS
TILE,"Interface, Inc.",Consumer Cyclical,Small-Cap,575306,NMS
EFC,Ellington Financial Inc.,Real Estate,Small-Cap,1832061,NYQ
SKYT,"SkyWater Technology, Inc.",Technology,Small-Cap,1234156,NCM
INSP,"Inspire Medical Systems, Inc.",Healthcare,Small-Cap,1144264,NYQ
CBZ,"CBIZ, Inc.",Industrials,Small-Cap,1329393,NYQ
AVEX,AEVEX Corp.,Industrials,Small-Cap,5705050,NYQ
GLUE,"Monte Rosa Therapeutics, Inc.",Healthcare,Small-Cap,1070014,NMS
LU,Lufax Holding Ltd,Financial Services,Small-Cap,1629141,NYQ
FLYW,Flywire Corporation - Voting,Technology,Small-Cap,1797330,NMS
PRGO,Perrigo Company plc,Healthcare,Small-Cap,3243904,NYQ
CLVT,Clarivate Plc,Technology,Small-Cap,7411083,NYQ
NVRI,Enviri Corporation,Industrials,Small-Cap,1288527,NYQ
HOPE,"Hope Bancorp, Inc.",Financial Services,Small-Cap,946408,NMS
NSSC,"NAPCO Security Technologies, In",Industrials,Small-Cap,630912,NMS
APPN,Appian Corporation,Technology,Small-Cap,1004774,NGM
MBX,"MBX Biosciences, Inc.",Healthcare,Small-Cap,545187,NMS
WLTH,Wealthfront Corporation,Technology,Small-Cap,1435425,NMS
YELP,Yelp Inc.,Communication Services,Small-Cap,1437435,NYQ
BHVN,Biohaven Ltd.,Healthcare,Small-Cap,2204025,NYQ
KDK,"Kodiak AI, Inc.",Technology,Small-Cap,503258,NGM
LPG,Dorian LPG Ltd.,Energy,Small-Cap,545875,NYQ
DQ,DAQO New Energy Corp.,Technology,Small-Cap,708487,NYQ
PEB,Pebblebrook Hotel Trust,Real Estate,Small-Cap,2500943,NYQ
QFIN,"Qfin Holdings, Inc.",Financial Services,Small-Cap,1526677,NMS
BCAT,N/A,Financial Services,Small-Cap,725566,NYQ
LEG,"Leggett & Platt, Incorporated",Consumer Cyclical,Small-Cap,2412729,NYQ
ATEC,"Alphatec Holdings, Inc.",Healthcare,Small-Cap,2598574,NMS
ARI,Apollo Commercial Real Estate F,Real Estate,Small-Cap,1410959,NYQ
ECVT,Ecovyst Inc.,Basic Materials,Small-Cap,2089253,NYQ
RCAT,"Red Cat Holdings, Inc.",Industrials,Small-Cap,14810733,NCM
ARLO,"Arlo Technologies, Inc.",Industrials,Small-Cap,1421974,NYQ
KW,Kennedy-Wilson Holdings Inc.,Real Estate,Small-Cap,1407264,NYQ
AGIO,"Agios Pharmaceuticals, Inc.",Healthcare,Small-Cap,1057503,NMS
TROX,Tronox Holdings plc,Basic Materials,Small-Cap,3735400,NYQ
TE,T1 Energy Inc.,Industrials,Small-Cap,16792479,NYQ
BCAX,Bicara Therapeutics Inc.,Healthcare,Small-Cap,549200,NGM
BOBS,"Bob's Discount Furniture, Inc.",Consumer Cyclical,Small-Cap,1430910,NYQ
REAL,"The RealReal, Inc.",Consumer Cyclical,Small-Cap,3372343,NMS
ABR,Arbor Realty Trust,Real Estate,Small-Cap,3681508,NYQ
OPRA,Opera Limited,Communication Services,Small-Cap,665993,NMS
HCSG,"Healthcare Services Group, Inc.",Healthcare,Small-Cap,802458,NMS
XHR,"Xenia Hotels & Resorts, Inc.",Real Estate,Small-Cap,686838,NYQ
ANAB,"AnaptysBio, Inc.",Healthcare,Small-Cap,857806,NMS
LAR,Lithium Argentina AG,Basic Materials,Small-Cap,3141416,NYQ
VRDN,"Viridian Therapeutics, Inc.",Healthcare,Small-Cap,2139496,NCM
SBET,"SharpLink, Inc.",Financial Services,Small-Cap,7327414,NCM
ARDX,"Ardelyx, Inc.",Healthcare,Small-Cap,3635382,NGM
NVCR,NovoCure Limited,Healthcare,Small-Cap,1991046,NMS
AMRC,"Ameresco, Inc.",Industrials,Small-Cap,519358,NYQ
ALGT,Allegiant Travel Company,Industrials,Small-Cap,528070,NMS
PENG,"Penguin Solutions, Inc.",Technology,Small-Cap,1339235,NMS
WWW,"Wolverine World Wide, Inc.",Consumer Cyclical,Small-Cap,1124443,NYQ
UAMY,United States Antimony Corporat,Basic Materials,Small-Cap,12569704,NYQ
PGNY,"Progyny, Inc.",Healthcare,Small-Cap,1492870,NMS
ASAN,"Asana, Inc.",Technology,Small-Cap,6488669,NYQ
HROW,"Harrow, Inc.",Healthcare,Small-Cap,714022,NGM
ENVX,Enovix Corporation,Industrials,Small-Cap,6052141,NMS
DOLE,Dole plc,Consumer Defensive,Small-Cap,744430,NYQ
SFL,SFL Corporation Ltd,Industrials,Small-Cap,1556470,NYQ
ECAT,N/A,Financial Services,Small-Cap,569579,NYQ
SBH,"Sally Beauty Holdings, Inc. (Na",Consumer Cyclical,Small-Cap,1551511,NYQ
IOVA,"Iovance Biotherapeutics, Inc.",Healthcare,Small-Cap,15691267,NGM
HLX,"Helix Energy Solutions Group, I",Energy,Small-Cap,2224077,NYQ
BKSY,BlackSky Technology Inc.,Industrials,Small-Cap,1715967,NYQ
ATRC,"AtriCure, Inc.",Healthcare,Small-Cap,732180,NGM
MUX,McEwen Inc.,Basic Materials,Small-Cap,1064246,NYQ
INOD,Innodata Inc.,Technology,Small-Cap,1054950,NGM
TNDM,"Tandem Diabetes Care, Inc.",Healthcare,Small-Cap,2075120,NGM
DFH,"Dream Finders Homes, Inc.",Consumer Cyclical,Small-Cap,633503,NYQ
CSWC,Capital Southwest Corporation,Financial Services,Small-Cap,658953,NMS
TUYA,Tuya Inc.,Technology,Small-Cap,1658140,NYQ
CRML,Critical Metals Corp.,Basic Materials,Small-Cap,12186732,NGM
RUM,Rumble Inc.,Communication Services,Small-Cap,2375448,NGM
AVAH,Aveanna Healthcare Holdings Inc,Healthcare,Small-Cap,1187025,NMS
CRI,"Carter's, Inc.",Consumer Cyclical,Small-Cap,1204782,NYQ
HYT,Blackrock Corporate High Yield ,Financial Services,Small-Cap,978525,NYQ
PGEN,"Precigen, Inc.",Healthcare,Small-Cap,4509075,NMS
TH,Target Hospitality Corp.,Industrials,Small-Cap,930964,NCM
KRP,Kimbell Royalty Partners,Energy,Small-Cap,768222,NYQ
DCH,Dauch Corporation,Consumer Cyclical,Small-Cap,6853830,NYQ
WVE,Wave Life Sciences Ltd.,Healthcare,Small-Cap,4188303,NGM
AVBP,"ArriVent BioPharma, Inc.",Healthcare,Small-Cap,532679,NGM
ORC,"Orchid Island Capital, Inc.",Real Estate,Small-Cap,6855817,NYQ
UPWK,Upwork Inc.,Communication Services,Small-Cap,3933509,NMS
ENR,"Energizer Holdings, Inc.",Industrials,Small-Cap,1247235,NYQ
PRCT,PROCEPT BioRobotics Corporation,Healthcare,Small-Cap,1703403,NGM
OLPX,"Olaplex Holdings, Inc.",Consumer Cyclical,Small-Cap,4529685,NMS
MAN,ManpowerGroup,Industrials,Small-Cap,1370500,NYQ
NOMD,Nomad Foods Limited,Consumer Defensive,Small-Cap,1505687,NYQ
ADTN,"ADTRAN Holdings, Inc.",Technology,Small-Cap,1897233,NMS
CRVS,"Corvus Pharmaceuticals, Inc.",Healthcare,Small-Cap,1334833,NGM
OLMA,"Olema Pharmaceuticals, Inc.",Healthcare,Small-Cap,1563435,NMS
LADR,Ladder Capital Corp,Real Estate,Small-Cap,893558,NYQ
WOLF,"Wolfspeed, Inc.",Technology,Small-Cap,2495240,NYQ
GILT,Gilat Satellite Networks Ltd.,Technology,Small-Cap,832400,NMS
ACDC,ProFrac Holding Corp.,Energy,Small-Cap,1415972,NMS
GIII,"G-III Apparel Group, LTD.",Consumer Cyclical,Small-Cap,538816,NMS
NVAX,"Novavax, Inc.",Healthcare,Small-Cap,4056129,NMS
WBI,WaterBridge Infrastructure LLC,Energy,Small-Cap,908303,NYQ
ABTC,American Bitcoin Corp.,Financial Services,Mid-Cap,15060575,NCM
IAUX,i-80 Gold Corp.,Basic Materials,Small-Cap,16342883,ASE
UMH,"UMH Properties, Inc.",Real Estate,Small-Cap,554679,NYQ
WEN,Wendy's Company (The),Consumer Cyclical,Small-Cap,8983416,NMS
NNE,Nano Nuclear Energy Inc.,Industrials,Small-Cap,1850630,NCM
GOLD,"Gold.com, Inc.",Financial Services,Small-Cap,701767,NYQ
PSEC,Prospect Capital Corporation,Financial Services,Small-Cap,4579811,NMS
ENOV,Enovis Corporation,Healthcare,Small-Cap,985835,NYQ
SVV,"Savers Value Village, Inc.",Consumer Cyclical,Small-Cap,1147359,NYQ
BFLY,"Butterfly Network, Inc.",Healthcare,Small-Cap,5911817,NYQ
BAK,Braskem SA,Basic Materials,Small-Cap,2716856,NYQ
WKC,World Kinect Corporation,Energy,Small-Cap,842720,NYQ
RYZ,Ryerson Holding Corporation,Industrials,Small-Cap,528267,NYQ
PCT,"PureCycle Technologies, Inc.",Industrials,Small-Cap,4349853,NCM
SHLS,"Shoals Technologies Group, Inc.",Technology,Small-Cap,5352766,NGM
TRIN,Trinity Capital Inc.,Financial Services,Small-Cap,1356196,NMS
LSPD,Lightspeed Commerce Inc. Subord,Technology,Small-Cap,1074358,NYQ
MAZE,"Maze Therapeutics, Inc.",Healthcare,Small-Cap,869424,NGM
BTGO,"BitGo Holdings, Inc.",Financial Services,Small-Cap,585614,NYQ
TTI,"Tetra Technologies, Inc.",Industrials,Small-Cap,1784633,NYQ
MSDL,N/A,Financial Services,Small-Cap,848982,NYQ
PRA,ProAssurance Corporation,Financial Services,Small-Cap,782822,NYQ
TRIP,"TripAdvisor, Inc.",Consumer Cyclical,Small-Cap,3894967,NMS
MRVI,"Maravai LifeSciences Holdings, ",Healthcare,Small-Cap,1626695,NMS
VIA,"Via Transportation, Inc.",Technology,Small-Cap,736924,NYQ
DSL,DoubleLine Income Solutions Fun,Financial Services,Small-Cap,582156,NYQ
PRG,"PROG Holdings, Inc.",Industrials,Small-Cap,558291,NYQ
CLOV,"Clover Health Investments, Corp",Healthcare,Small-Cap,5790346,NMS
VSTS,Vestis Corporation,Industrials,Small-Cap,1639085,NYQ
KODK,Eastman Kodak Company,Industrials,Small-Cap,1146035,NYQ
NPKI,NPK International Inc.,Energy,Small-Cap,769730,NYQ
JBIO,"Jade Biosciences, Inc.",Healthcare,Small-Cap,510120,NCM
PLTK,Playtika Holding Corp.,Communication Services,Small-Cap,1819724,NMS
CMPS,COMPASS Pathways Plc - American,Healthcare,Small-Cap,4180691,NMS
ARRY,"Array Technologies, Inc.",Technology,Small-Cap,5932682,NGM
MLTX,MoonLake Immunotherapeutics,Healthcare,Small-Cap,1141322,NCM
AI,"C3.ai, Inc.",Technology,Small-Cap,6086866,NYQ
STAA,STAAR Surgical Company,Healthcare,Small-Cap,1330946,NGM
NSP,"Insperity, Inc.",Industrials,Small-Cap,1157911,NYQ
ABCL,AbCellera Biologics Inc.,Healthcare,Small-Cap,4144377,NMS
PZZA,"Papa John's International, Inc.",Consumer Cyclical,Small-Cap,1270280,NMS
RLJ,RLJ Lodging Trust,Real Estate,Small-Cap,2043753,NYQ
MRTN,"Marten Transport, Ltd.",Industrials,Small-Cap,774798,NMS
JFR,Nuveen Floating Rate Income Fun,Financial Services,Small-Cap,891070,NYQ
CXM,"Sprinklr, Inc.",Technology,Small-Cap,3811467,NYQ
LIND,Lindblad Expeditions Holdings I,Consumer Cyclical,Small-Cap,768337,NCM
CCOI,"Cogent Communications Holdings,",Communication Services,Small-Cap,1201932,NMS
MBC,"MasterBrand, Inc.",Consumer Cyclical,Small-Cap,2446503,NYQ
AOSL,Alpha and Omega Semiconductor L,Technology,Small-Cap,542209,NMS
CCO,"Clear Channel Outdoor Holdings,",Communication Services,Small-Cap,8349093,NYQ
JKS,JinkoSolar Holding Company Limi,Technology,Small-Cap,631785,NYQ
MLKN,"MillerKnoll, Inc.",Consumer Cyclical,Small-Cap,801011,NMS
URGN,UroGen Pharma Ltd.,Healthcare,Small-Cap,797603,NGM
FIVN,"Five9, Inc.",Technology,Small-Cap,2532191,NGM
AGBK,AGI Inc,Financial Services,Small-Cap,731358,NYQ
ASM,Avino Silver & Gold Mines Ltd.,Basic Materials,Small-Cap,5359711,ASE
TIGR,UP Fintech Holding Limited,Financial Services,Small-Cap,2394346,NMS
BV,"BrightView Holdings, Inc.",Industrials,Small-Cap,578985,NYQ
HLIT,Harmonic Inc.,Technology,Small-Cap,1117801,NMS
ORIC,"Oric Pharmaceuticals, Inc.",Healthcare,Small-Cap,1879362,NMS
FINV,FinVolution Group,Financial Services,Small-Cap,1299922,NYQ
EVLV,"Evolv Technologies Holdings, In",Industrials,Small-Cap,3124035,NCM
IQ,"iQIYI, Inc.",Communication Services,Small-Cap,10693616,NMS
CRF,33138,Financial Services,Small-Cap,1479120,ASE
TWO,Two Harbors Investment Corp,Real Estate,Small-Cap,3457869,NYQ
PRGS,Progress Software Corporation,Technology,Small-Cap,1161020,NMS
EYPT,"EyePoint, Inc.",Healthcare,Small-Cap,1325025,NGM
NAT,Nordic American Tankers Limited,Energy,Small-Cap,5013138,NYQ
VZLA,Vizsla Silver Corp.,Basic Materials,Small-Cap,10220267,ASE
ZBIO,"Zenas BioPharma, Inc.",Healthcare,Small-Cap,770656,NMS
AVNS,"Avanos Medical, Inc.",Healthcare,Small-Cap,1199682,NYQ
AZTA,"Azenta, Inc.",Healthcare,Small-Cap,946803,NMS
SMPL,The Simply Good Foods Company,Consumer Defensive,Small-Cap,2799364,NCM
GOOS,Canada Goose Holdings Inc. Subo,Consumer Cyclical,Small-Cap,589862,NYQ
UPBD,"Upbound Group, Inc.",Technology,Small-Cap,863217,NMS
GPRE,"Green Plains, Inc.",Basic Materials,Small-Cap,1654232,NMS
NAK,"Northern Dynasty Minerals, Ltd.",Basic Materials,Small-Cap,9918704,ASE
ASST,"Strive, Inc.",Financial Services,Small-Cap,4137068,NGM
GENI,Genius Sports Limited,Communication Services,Small-Cap,6730304,NYQ
PGY,Pagaya Technologies Ltd.,Technology,Small-Cap,3971793,NCM
CIM,Chimera Investment Corporation,Real Estate,Small-Cap,860812,NYQ
AIP,"Arteris, Inc.",Technology,Small-Cap,536498,NGM
EPC,Edgewell Personal Care Company,Consumer Defensive,Small-Cap,745588,NYQ
LZ,"LegalZoom.com, Inc.",Industrials,Small-Cap,3123811,NMS
OCSL,Oaktree Specialty Lending Corpo,Financial Services,Small-Cap,1004343,NMS
DEC,Diversified Energy Company,Energy,Small-Cap,1066617,NYQ
QURE,uniQure N.V.,Healthcare,Small-Cap,3205048,NMS
OCFC,OceanFirst Financial Corp.,Financial Services,Small-Cap,682766,NMS
UWMC,UWM Holdings Corporation,Financial Services,Mid-Cap,16785422,NYQ
TK,Teekay Corporation Ltd.,Energy,Small-Cap,577982,NYQ
PCRX,"Pacira BioSciences, Inc.",Healthcare,Small-Cap,724953,NMS
RMIX,"Suncrete, Inc.",Basic Materials,Small-Cap,502840,NGM
MRLN,"Merlin, Inc.",Industrials,Small-Cap,894561,NGM
TBLA,Taboola.com Ltd.,Communication Services,Small-Cap,1791024,NMS
SCHL,Scholastic Corporation,Communication Services,Small-Cap,597074,NMS
TDAY,"USA TODAY Co., Inc.",Communication Services,Small-Cap,1870841,NYQ
GSBD,"Goldman Sachs BDC, Inc.",Financial Services,Small-Cap,1497274,NYQ
ARHS,"Arhaus, Inc.",Consumer Cyclical,Small-Cap,1324143,NMS
CMP,Compass Minerals Intl Inc,Basic Materials,Small-Cap,568614,NYQ
ALVO,Alvotech,Healthcare,Small-Cap,548124,NGM
AOD,Aberdeen Total Dynamic Dividend,Financial Services,Small-Cap,601920,NYQ
LXU,"LSB Industries, Inc.",Basic Materials,Small-Cap,1521546,NYQ
MFIC,MidCap Financial Investment Cor,Financial Services,Small-Cap,1134304,NMS
COLL,"Collegium Pharmaceutical, Inc.",Healthcare,Small-Cap,502464,NMS
PMT,PennyMac Mortgage Investment Tr,Real Estate,Small-Cap,1111588,NYQ
MFA,"MFA Financial, Inc.",Real Estate,Small-Cap,1383959,NYQ
RZLV,Rezolve AI PLC,Technology,Small-Cap,17475359,NGM
RERE,ATRenew Inc.,Consumer Cyclical,Small-Cap,1115033,NYQ
NEO,"NeoGenomics, Inc.",Healthcare,Small-Cap,2095204,NCM
TRON,Tron Inc.,Consumer Cyclical,Small-Cap,1096861,NCM
TDOC,"Teladoc Health, Inc.",Healthcare,Small-Cap,5800062,NYQ
CDNA,"CareDx, Inc.",Healthcare,Small-Cap,708985,NGM
ODV,Osisko Development Corp.,Basic Materials,Small-Cap,2605233,NYQ
XERS,"Xeris Biopharma Holdings, Inc.",Healthcare,Small-Cap,1763156,NMS
BLDP,"Ballard Power Systems, Inc.",Industrials,Small-Cap,3414679,NGM
EXPI,"eXp World Holdings, Inc.",Real Estate,Small-Cap,1060253,NGM
FSCO,N/A,Financial Services,Small-Cap,2055195,NYQ
SVRA,"Savara, Inc.",Healthcare,Small-Cap,1610132,NMS
COUR,"Coursera, Inc.",Consumer Defensive,Small-Cap,5599137,NYQ
PDM,"Piedmont Realty Trust, Inc.",Real Estate,Small-Cap,1094174,NYQ
NEWP,New Pacific Metals Corp.,Basic Materials,Small-Cap,977558,ASE
CSIQ,Canadian Solar Inc.,Technology,Small-Cap,2412293,NMS
CFFN,"Capitol Federal Financial, Inc.",Financial Services,Small-Cap,952296,NMS
CRON,Cronos Group Inc. Common Share,Healthcare,Small-Cap,1395356,NGM
KALV,"KalVista Pharmaceuticals, Inc.",Healthcare,Small-Cap,2330167,NGM
ANNX,"Annexon, Inc.",Healthcare,Small-Cap,2580498,NMS
MOMO,Hello Group Inc.,Communication Services,Small-Cap,770674,NMS
BUR,Burford Capital Limited,Financial Services,Small-Cap,3607979,NYQ
SATL,Satellogic Inc.,Industrials,Small-Cap,9537043,NCM
AVO,"Mission Produce, Inc.",Consumer Defensive,Small-Cap,860112,NMS
OMER,Omeros Corporation,Healthcare,Small-Cap,1057988,NGM
CRCT,"Cricut, Inc.",Technology,Small-Cap,566240,NMS
AEVA,"Aeva Technologies, Inc.",Technology,Small-Cap,1522790,NMS
OXLC,Oxford Lane Capital Corp.,Financial Services,Small-Cap,1835351,NGM
PHAT,"Phathom Pharmaceuticals, Inc.",Healthcare,Small-Cap,1168448,NMS
CTMX,"CytomX Therapeutics, Inc.",Healthcare,Small-Cap,6823246,NMS
GERN,Geron Corporation,Healthcare,Small-Cap,18592724,NMS
EVEX,"Eve Holding, Inc.",Industrials,Small-Cap,1309512,NYQ
AMC,"AMC Entertainment Holdings, Inc",Communication Services,Small-Cap,33497669,NYQ
ACVA,ACV Auctions Inc.,Consumer Cyclical,Small-Cap,3296809,NYQ
DAKT,"Daktronics, Inc.",Technology,Small-Cap,546527,NMS
METC,"Ramaco Resources, Inc.",Basic Materials,Small-Cap,1946409,NMS
NX,Quanex Building Products Corpor,Industrials,Small-Cap,525500,NYQ
VYX,NCR Voyix Corporation,Technology,Small-Cap,2293850,NYQ
CMPX,"Compass Therapeutics, Inc.",Healthcare,Small-Cap,5995150,NCM
OPK,"Opko Health, Inc.",Healthcare,Small-Cap,2509495,NMS
ESRT,"Empire State Realty Trust, Inc.",Real Estate,Small-Cap,1634116,NYQ
XIFR,"XPLR Infrastructure, LP",Utilities,Small-Cap,1067216,NYQ
AMPH,"Amphastar Pharmaceuticals, Inc.",Healthcare,Small-Cap,516030,NMS
EVMN,"Evommune, Inc.",Healthcare,Small-Cap,600464,NYQ
SVC,Service Properties Trust - Shar,Real Estate,Small-Cap,8187670,NMS
NABL,"N-able, Inc.",Technology,Small-Cap,1620529,NYQ
JANX,"Janux Therapeutics, Inc.",Healthcare,Small-Cap,1099822,NGM
WGO,"Winnebago Industries, Inc.",Consumer Cyclical,Small-Cap,614787,NYQ
CERT,"Certara, Inc.",Healthcare,Small-Cap,3755750,NMS
SANA,"Sana Biotechnology, Inc.",Healthcare,Small-Cap,2931683,NMS
XNCR,"Xencor, Inc.",Healthcare,Small-Cap,786038,NGM
BBDC,"Barings BDC, Inc.",Financial Services,Small-Cap,784964,NYQ
INMD,InMode Ltd.,Healthcare,Small-Cap,1001700,NMS
JBGS,JBG SMITH Properties,Real Estate,Small-Cap,604867,NYQ
SLI,Standard Lithium Ltd.,Basic Materials,Small-Cap,2055395,ASE
LMRI,"Lumexa Imaging Holdings, Inc.",Healthcare,Small-Cap,886332,NMS
FTRE,Fortrea Holdings Inc.,Healthcare,Small-Cap,1644917,NMS
AMPL,"Amplitude, Inc.",Technology,Small-Cap,2147754,NCM
ODD,ODDITY Tech Ltd.,Consumer Defensive,Small-Cap,2323600,NGM
BTX,BlackRock Technology and Privat,Financial Services,Small-Cap,785148,NYQ
JMIA,Jumia Technologies AG,Consumer Cyclical,Small-Cap,2112375,NYQ
SNCY,"Sun Country Airlines Holdings, ",Industrials,Small-Cap,921551,NMS
ABX,"Abacus Global Management, Inc.",Financial Services,Small-Cap,649104,NYQ
ULCC,"Frontier Group Holdings, Inc.",Industrials,Small-Cap,4948974,NMS
HMH,HMH Holding Inc.,Energy,Small-Cap,640461,NMS
NMAX,"Newsmax, Inc.",Communication Services,Small-Cap,1572735,NYQ
TALK,"Talkspace, Inc.",Healthcare,Small-Cap,4055312,NCM
OBE,Obsidian Energy Ltd.,Energy,Small-Cap,973472,ASE
MGTX,MeiraGTx Holdings plc,Healthcare,Small-Cap,670567,NMS
CODI,D/B/A Compass Diversified Holdi,Industrials,Small-Cap,1266761,NYQ
PFLT,PennantPark Floating Rate Capit,Financial Services,Small-Cap,1145198,NYQ
WOOF,Petco Health and Wellness Compa,Consumer Cyclical,Small-Cap,2475033,NMS
BCSF,"Bain Capital Specialty Finance,",Financial Services,Small-Cap,559859,NYQ
RPC,"Ridgepost Capital, Inc.",Financial Services,Small-Cap,833429,NYQ
VLRS,Controladora Vuela Compania de ,Industrials,Small-Cap,792541,NYQ
NHP,"National Healthcare Properties,",Real Estate,Small-Cap,2918828,NGM
SUPV,Grupo Supervielle S.A.,Financial Services,Small-Cap,883709,NYQ
PHK,Pimco High Income Fund Pimco Hi,Financial Services,Small-Cap,747243,NYQ
LPTH,"LightPath Technologies, Inc.",Technology,Small-Cap,2589785,NCM
GGN,"GAMCO Global Gold, Natural Reso",Financial Services,Small-Cap,582627,ASE
SDGR,"Schrodinger, Inc.",Healthcare,Small-Cap,1439819,NMS
NAVI,Navient Corporation,Financial Services,Small-Cap,1027827,NMS
ASGN,ASGN Incorporated,Technology,Small-Cap,1119566,NYQ
TBPH,"Theravance Biopharma, Inc.",Healthcare,Small-Cap,627190,NGM
OMDA,"Omada Health, Inc.",Healthcare,Small-Cap,1276211,NMS
MNKD,MannKind Corporation,Healthcare,Small-Cap,5671677,NGM
SLS,"SELLAS Life Sciences Group, Inc",Healthcare,Small-Cap,6288600,NCM
SLDP,"Solid Power, Inc.",Consumer Cyclical,Small-Cap,5420351,NMS
TLRY,"Tilray Brands, Inc.",Healthcare,Small-Cap,4225701,NMS
ABUS,Arbutus Biopharma Corporation,Healthcare,Small-Cap,2427425,NMS
PRCH,"Porch Group, Inc.",Financial Services,Small-Cap,1756882,NCM
SPRY,"ARS Pharmaceuticals, Inc.",Healthcare,Small-Cap,1399766,NGM
KURA,"Kura Oncology, Inc.",Healthcare,Small-Cap,1456080,NMS
IMSR,Terrestrial Energy Inc.,Utilities,Small-Cap,1914408,NMS
NB,NioCorp Developments Ltd.,Basic Materials,Small-Cap,4657738,NGM
FWRG,"First Watch Restaurant Group, I",Consumer Cyclical,Small-Cap,1784867,NMS
CGBD,"Carlyle Secured Lending, Inc.",Financial Services,Small-Cap,813583,NMS
PRAA,"PRA Group, Inc.",Financial Services,Small-Cap,511479,NMS
SLDB,Solid Biosciences Inc.,Healthcare,Small-Cap,1308693,NMS
IART,Integra LifeSciences Holdings C,Healthcare,Small-Cap,808170,NMS
ALLO,"Allogene Therapeutics, Inc.",Healthcare,Small-Cap,9375891,NMS
GROY,Gold Royalty Corp.,Basic Materials,Small-Cap,2751001,ASE
GSM,Ferroglobe PLC,Basic Materials,Small-Cap,1256353,NCM
SCZM,Santacruz Silver Mining Ltd.,Basic Materials,Small-Cap,536143,NCM
NMFC,New Mountain Finance Corporatio,Financial Services,Small-Cap,1258043,NMS
CTLP,"Cantaloupe, Inc.",Technology,Small-Cap,1330819,NMS
SG,"Sweetgreen, Inc.",Consumer Cyclical,Small-Cap,4119508,NYQ
HPK,"HighPeak Energy, Inc.",Energy,Small-Cap,1027054,NGM
GDRX,"GoodRx Holdings, Inc.",Healthcare,Small-Cap,2716191,NMS
BRSP,"BrightSpire Capital, Inc.",Real Estate,Small-Cap,928259,NYQ
CGEM,"Cullinan Therapeutics, Inc.",Healthcare,Small-Cap,790459,NMS
AMN,AMN Healthcare Services Inc,Healthcare,Small-Cap,1147083,NYQ
PKST,Peakstone Realty Trust,Real Estate,Small-Cap,684841,NYQ
NRGV,"Energy Vault Holdings, Inc.",Utilities,Small-Cap,3992116,NYQ
GO,Grocery Outlet Holding Corp.,Consumer Defensive,Small-Cap,3723651,NMS
VTS,"Vitesse Energy, Inc.",Energy,Small-Cap,530125,NYQ
UMAC,"Unusual Machines, Inc.",Technology,Small-Cap,4202453,ASE
STKL,"SunOpta, Inc.",Consumer Defensive,Small-Cap,2745654,NMS
DC,Dakota Gold Corp.,Basic Materials,Small-Cap,1758267,ASE
RVI,Robinhood Ventures Fund I,Financial Services,Small-Cap,665182,NYQ
BIOA,"BioAge Labs, Inc.",Healthcare,Small-Cap,534511,NMS
QDEL,QuidelOrtho Corporation,Healthcare,Small-Cap,1982822,NMS
RLMD,"Relmada Therapeutics, Inc.",Healthcare,Small-Cap,1796638,NCM
DBA,Invesco DB Agriculture Fund,N/A,Nano-Cap,1384827,PCX
HNRG,Hallador Energy Company,Energy,Small-Cap,809698,NCM
NFGC,New Found Gold Corp,Basic Materials,Small-Cap,2088216,ASE
EH,EHang Holdings Limited,Industrials,Small-Cap,585093,NGM
JBI,"Janus International Group, Inc.",Industrials,Small-Cap,1571346,NYQ
GRNT,"Granite Ridge Resources, Inc.",Energy,Small-Cap,879917,NYQ
PURR,Hyperliquid Strategies Inc,Financial Services,Small-Cap,5136950,NCM
IVR,INVESCO MORTGAGE CAPITAL INC,Real Estate,Small-Cap,2290937,NYQ
BAND,Bandwidth Inc.,Technology,Small-Cap,519277,NMS
ARKO,ARKO Corp.,Consumer Cyclical,Small-Cap,842356,NCM
SSYS,"Stratasys, Ltd.",Technology,Small-Cap,822435,NMS
FOXF,Fox Factory Holding Corp.,Consumer Cyclical,Small-Cap,646409,NMS
MNTN,"MNTN, Inc.",Technology,Small-Cap,850417,NYQ
TMQ,Trilogy Metals Inc.,Basic Materials,Small-Cap,3491116,ASE
INDI,"indie Semiconductor, Inc.",Technology,Small-Cap,5102516,NCM
FWRD,Forward Air Corporation,Industrials,Small-Cap,703466,NMS
QNST,"QuinStreet, Inc.",Communication Services,Small-Cap,853683,NMS
IGR,CBRE Clarion Global Real Estate,Financial Services,Small-Cap,695441,NYQ
VOR,Vor Biopharma Inc.,Healthcare,Small-Cap,993656,NMS
RWT,"Redwood Trust, Inc.",Real Estate,Small-Cap,1656029,NYQ
LXRX,"Lexicon Pharmaceuticals, Inc.",Healthcare,Small-Cap,2419961,NCM
JQC,Nuveen Credit Strategies Income,Financial Services,Small-Cap,864429,NYQ
ADAM,"Adamas Trust, Inc.",Real Estate,Small-Cap,728862,NMS
SERV,Serve Robotics Inc.,Industrials,Small-Cap,3859577,NCM
SWIM,"Latham Group, Inc.",Industrials,Small-Cap,920709,NMS
EHAB,"Enhabit, Inc.",Healthcare,Small-Cap,1514593,NYQ
NMG,Nouveau Monde Graphite Inc.,Basic Materials,Small-Cap,1096811,NYQ
FBRT,"Franklin BSP Realty Trust, Inc.",Real Estate,Small-Cap,1109748,NYQ
HUYA,HUYA Inc.,Communication Services,Small-Cap,1349554,NYQ
PRME,"Prime Medicine, Inc.",Healthcare,Small-Cap,2453272,NGM
NTGR,"NETGEAR, Inc.",Technology,Small-Cap,580837,NMS
SABR,Sabre Corporation,Technology,Small-Cap,10060085,NMS
ASPI,ASP Isotopes Inc.,Basic Materials,Small-Cap,4550948,NCM
UDMY,"Udemy, Inc.",Consumer Defensive,Small-Cap,1918950,NMS
CGNT,Cognyte Software Ltd.,Technology,Small-Cap,523737,NMS
NRDS,"NerdWallet, Inc.",Communication Services,Small-Cap,921535,NGM
URG,Ur Energy Inc,Energy,Small-Cap,7835020,ASE
PFN,PIMCO Income Strategy Fund II,Financial Services,Small-Cap,513225,NYQ
SPPP,"""Sprott Physical Platinum and P",N/A,Small-Cap,775459,ASE
EVGO,EVgo Inc.,Consumer Cyclical,Small-Cap,4270490,NMS
CRSR,"Corsair Gaming, Inc.",Technology,Small-Cap,2204438,NMS
GDOT,Green Dot Corporation,Financial Services,Small-Cap,588425,NYQ
VTEX,VTEX,Technology,Small-Cap,1251182,NYQ
SPIR,"Spire Global, Inc.",Industrials,Small-Cap,1317051,NYQ
SWBI,"Smith & Wesson Brands, Inc.",Industrials,Small-Cap,583595,NMS
THM,"International Tower Hill Mines,",Basic Materials,Small-Cap,1564445,ASE
UTZ,Utz Brands Inc,Consumer Defensive,Small-Cap,1904530,NYQ
SB,"Safe Bulkers, Inc",Industrials,Small-Cap,663930,NYQ
ASC,Ardmore Shipping Corporation,Industrials,Small-Cap,705930,NYQ
ARVN,"Arvinas, Inc.",Healthcare,Small-Cap,830437,NMS
ACP,Aberdeen Income Credit Strategi,Financial Services,Small-Cap,571137,NYQ
CBRL,Cracker Barrel Old Country Stor,Consumer Cyclical,Small-Cap,1129911,NMS
GCMG,GCM Grosvenor Inc.,Financial Services,Small-Cap,654038,NGM
RYAM,Rayonier Advanced Materials Inc,Basic Materials,Small-Cap,1142045,NYQ
DNUT,"Krispy Kreme, Inc.",Consumer Defensive,Small-Cap,2303601,NMS
RSKD,Riskified Ltd.,Technology,Small-Cap,737753,NYQ
OIS,"Oil States International, Inc.",Energy,Small-Cap,1111450,NYQ
FIP,FTAI Infrastructure Inc.,Industrials,Small-Cap,1002304,NMS
MVST,"Microvast Holdings, Inc.",Consumer Cyclical,Small-Cap,3735882,NCM
TRTX,"TPG RE Finance Trust, Inc.",Real Estate,Small-Cap,731704,NYQ
EGY,"VAALCO Energy, Inc.",Energy,Small-Cap,1590093,NYQ
DXYZ,Destiny Tech100 Inc.,Financial Services,Small-Cap,1605900,NYQ
FCEL,"FuelCell Energy, Inc.",Industrials,Small-Cap,2850383,NGM
HIVE,HIVE Digital Technologies Ltd,Financial Services,Small-Cap,12150493,NCM
WYFI,"WhiteFiber, Inc.",Technology,Small-Cap,807604,NCM
GAU,Galiano Gold Inc.,Basic Materials,Small-Cap,3683216,ASE
MITK,"Mitek Systems, Inc.",Technology,Small-Cap,953227,NCM
MTA,Metalla Royalty & Streaming Ltd,Basic Materials,Small-Cap,504982,ASE
KOPN,Kopin Corporation,Technology,Small-Cap,4016866,NCM
YSWY,"Yesway, Inc.",Consumer Defensive,Small-Cap,1900585,NMS
LAES,SEALSQ Corp,Technology,Small-Cap,9291335,NMS
WRN,Western Copper and Gold Corpora,Basic Materials,Small-Cap,1996219,ASE
IRWD,"Ironwood Pharmaceuticals, Inc.",Healthcare,Small-Cap,2736427,NMS
PSNL,"Personalis, Inc.",Healthcare,Small-Cap,1624298,NGM
CARS,Cars.com Inc.,Communication Services,Small-Cap,1461737,NYQ
OFRM,"Once Upon a Farm, PBC",Consumer Defensive,Small-Cap,751639,NYQ
AIV,Apartment Investment and Manage,Real Estate,Small-Cap,3065677,NYQ
ABSI,Absci Corporation,Healthcare,Small-Cap,4000541,NMS
CNNE,"Cannae Holdings, Inc.",Consumer Cyclical,Small-Cap,673196,NYQ
IHRT,"iHeartMedia, Inc.",Communication Services,Small-Cap,954456,NMS
QNC,Quantum eMotion Corp.,Technology,Small-Cap,529061,ASE
PROK,ProKidney Corp.,Healthcare,Small-Cap,857169,NCM
DBO,Invesco DB Oil Fund,N/A,Nano-Cap,1734672,PCX
ITRG,Integra Resources Corp.,Basic Materials,Small-Cap,2999075,ASE
ZVRA,"Zevra Therapeutics, Inc.",Healthcare,Small-Cap,1003777,NMS
GRPN,"Groupon, Inc.",Communication Services,Small-Cap,1633369,NMS
SIBN,"SI-BONE, Inc.",Healthcare,Small-Cap,603748,NGM
GPRK,Geopark Ltd,Energy,Small-Cap,1026838,NYQ
GOGO,Gogo Inc.,Communication Services,Small-Cap,1845880,NMS
GTN,"Gray Media, Inc.",Communication Services,Small-Cap,1389111,NYQ
TASK,"TaskUs, Inc.",Technology,Small-Cap,659004,NMS
ERII,"Energy Recovery, Inc.",Industrials,Small-Cap,810327,NMS
NXDR,"Nextdoor Holdings, Inc.",Communication Services,Small-Cap,3572375,NYQ
CRMD,CorMedix Inc.,Healthcare,Small-Cap,1415008,NGM
STTK,"Shattuck Labs, Inc.",Healthcare,Small-Cap,530148,NMS
RR,Richtech Robotics Inc.,Industrials,Small-Cap,11050587,NCM
VITL,"Vital Farms, Inc.",Consumer Defensive,Small-Cap,2557133,NGM
WTI,"W&T Offshore, Inc.",Energy,Small-Cap,8227429,NYQ
DDL,Dingdong (Cayman) Limited,Consumer Defensive,Small-Cap,1776506,NYQ
REAX,"The Real Brokerage, Inc.",Real Estate,Small-Cap,1988685,NCM
PAR,PAR Technology Corporation,Technology,Small-Cap,1917435,NYQ
INV,"Innventure, Inc.",Financial Services,Small-Cap,1758035,NGM
HELE,Helen of Troy Limited,Consumer Defensive,Small-Cap,652422,NMS
BMBL,Bumble Inc.,Communication Services,Small-Cap,4146816,NMS
EVER,"EverQuote, Inc.",Communication Services,Small-Cap,959600,NGM
UROY,Uranium Royalty Corp.,Energy,Small-Cap,2439361,NCM
CTKB,"Cytek Biosciences, Inc.",Healthcare,Small-Cap,743583,NMS
OCGN,"Ocugen, Inc.",Healthcare,Small-Cap,7783567,NCM
ACRS,"Aclaris Therapeutics, Inc.",Healthcare,Small-Cap,1813498,NMS
VSTM,"Verastem, Inc.",Healthcare,Small-Cap,1951804,NCM
NKLR,Terra Innovatum Global N.V.,Utilities,Small-Cap,587480,NGM
BLMN,"Bloomin' Brands, Inc.",Consumer Cyclical,Small-Cap,2848145,NMS
EMBC,Embecta Corp.,Healthcare,Small-Cap,874090,NMS
KYTX,"Kyverna Therapeutics, Inc.",Healthcare,Small-Cap,840916,NMS
HKD,AMTD Digital Inc.,Technology,Small-Cap,642638,NYQ
TDUP,ThredUp Inc.,Consumer Cyclical,Small-Cap,2449554,NMS
SXC,"SunCoke Energy, Inc.",Basic Materials,Small-Cap,1857140,NYQ
IMMX,"Immix Biopharma, Inc.",Healthcare,Small-Cap,776917,NCM
FULC,"Fulcrum Therapeutics, Inc.",Healthcare,Small-Cap,1054803,NGM
PHR,"Phreesia, Inc.",Healthcare,Small-Cap,2156430,NYQ
AVR,Anteris Technologies Global Cor,Healthcare,Small-Cap,907382,NGM
ECC,Eagle Point Credit Company Inc.,Financial Services,Small-Cap,2239640,NYQ
CLNE,Clean Energy Fuels Corp.,Energy,Small-Cap,1379062,NMS
TWI,"Titan International, Inc. (DE)",Industrials,Small-Cap,1062300,NYQ
GEMI,"Gemini Space Station, Inc.",Financial Services,Small-Cap,1823483,NMS
ZURA,Zura Bio Limited,Healthcare,Small-Cap,568448,NCM
MAX,"MediaAlpha, Inc.",Communication Services,Small-Cap,866862,NYQ
LDI,"loanDepot, Inc.",Financial Services,Small-Cap,2401600,NYQ
UPB,"Upstream Bio, Inc.",Healthcare,Small-Cap,1294483,NMS
PD,"PagerDuty, Inc.",Technology,Small-Cap,3401519,NYQ
MNRO,"Monro, Inc.",Consumer Cyclical,Small-Cap,797979,NMS
SFIX,"Stitch Fix, Inc.",Consumer Cyclical,Small-Cap,2079719,NMS
CGC,Canopy Growth Corporation,Healthcare,Small-Cap,11198801,NMS
ALOY,REalloys Inc.,Basic Materials,Small-Cap,1327114,NCM
BTBT,"Bit Digital, Inc.",Financial Services,Small-Cap,20772414,NCM
CATX,"Perspective Therapeutics, Inc.",Healthcare,Small-Cap,2077030,ASE
CADL,"Candel Therapeutics, Inc.",Healthcare,Small-Cap,1435408,NGM
INN,"Summit Hotel Properties, Inc.",Real Estate,Small-Cap,1359927,NYQ
ADCT,ADC Therapeutics SA,Healthcare,Small-Cap,880350,NYQ
BBNX,"Beta Bionics, Inc.",Healthcare,Small-Cap,1178504,NGM
FPI,Farmland Partners Inc.,Real Estate,Small-Cap,545164,NYQ
BDN,Brandywine Realty Trust,Real Estate,Small-Cap,2718759,NYQ
ELMT,The Elmet Group Co.,Industrials,Small-Cap,2560050,NCM
AQST,"Aquestive Therapeutics, Inc.",Healthcare,Small-Cap,2917209,NGM
MDXG,"MiMedx Group, Inc",Healthcare,Small-Cap,1269906,NCM
ESPR,"Esperion Therapeutics, Inc.",Healthcare,Small-Cap,5638337,NGM
FDMT,"4D Molecular Therapeutics, Inc.",Healthcare,Small-Cap,757906,NMS
VVR,Invesco Senior Income Trust  (D,Financial Services,Small-Cap,836161,NYQ
AHRT,"AH Realty Trust, Inc.",Real Estate,Small-Cap,1560240,NYQ
GDYN,"Grid Dynamics Holdings, Inc.",Technology,Small-Cap,1581966,NCM
DNA,"Ginkgo Bioworks Holdings, Inc.",Healthcare,Small-Cap,1212356,NYQ
RBBN,Ribbon Communications Inc.,Technology,Small-Cap,1023416,NMS
PACB,Pacific Biosciences of Californ,Healthcare,Small-Cap,6235124,NMS
PANL,Pangaea Logistics Solutions Ltd,Industrials,Small-Cap,614067,NCM
SWMR,"Swarmer, Inc",Technology,Small-Cap,3345631,NCM
ASTL,Algoma Steel Group Inc.,Basic Materials,Small-Cap,1481009,NGM
LRMR,"Larimar Therapeutics, Inc.",Healthcare,Small-Cap,4204098,NGM
YEXT,"Yext, Inc.",Technology,Small-Cap,3614961,NYQ
RGNX,REGENXBIO Inc.,Healthcare,Small-Cap,822653,NMS
OVID,Ovid Therapeutics Inc.,Healthcare,Small-Cap,3018248,NCM
CAL,"Caleres, Inc.",Consumer Cyclical,Small-Cap,631303,NYQ
FLGT,"Fulgent Genetics, Inc.",Healthcare,Small-Cap,567946,NGM
AIOT,"PowerFleet, Inc.",Technology,Small-Cap,1782333,NGM
PTLO,Portillo's Inc.,Consumer Cyclical,Small-Cap,1391056,NMS
TSSI,"TSS, Inc.",Technology,Small-Cap,1555630,NCM
DVLT,Datavault AI Inc.,Technology,Small-Cap,38713622,NCM
MYGN,"Myriad Genetics, Inc.",Healthcare,Small-Cap,1705438,NMS
ECX,ECARX Holdings Inc.,Consumer Cyclical,Small-Cap,3464179,NGM
SES,SES AI Corporation,Consumer Cyclical,Small-Cap,8027030,NYQ
LXEO,"Lexeo Therapeutics, Inc.",Healthcare,Small-Cap,909362,NGM
BTQ,BTQ Technologies Corp.,Technology,Small-Cap,2319737,NGM
SSP,E.W. Scripps Company (The),Communication Services,Small-Cap,663838,NMS
BYND,"Beyond Meat, Inc.",Consumer Defensive,Small-Cap,50739848,NMS
PLAY,"Dave & Buster's Entertainment, ",Communication Services,Small-Cap,1575587,NMS
GEVO,"Gevo, Inc.",Basic Materials,Small-Cap,4006927,NCM
VELO,"Velo3D, Inc.",Technology,Small-Cap,2387135,NCM
CWH,"Camping World Holdings, Inc.",Consumer Cyclical,Small-Cap,3452716,NYQ
ABAT,American Battery Technology Com,Industrials,Small-Cap,3742530,NCM
PUBM,"PubMatic, Inc.",Technology,Small-Cap,758664,NGM
ANGX,"Angel Studios, Inc.",Communication Services,Small-Cap,1195662,NYQ
CLYM,"Climb Bio, Inc.",Healthcare,Small-Cap,621603,NGM
IVVD,"Invivyd, Inc.",Healthcare,Small-Cap,2824551,NGM
BGS,"B&G Foods, Inc.",Consumer Defensive,Small-Cap,2193283,NYQ
LTBR,Lightbridge Corporation,Industrials,Small-Cap,855188,NCM
LAND,Gladstone Land Corporation,Real Estate,Small-Cap,641406,NGM
RXT,"Rackspace Technology, Inc.",Technology,Small-Cap,26106008,NMS
DBI,Designer Brands Inc.,Consumer Cyclical,Small-Cap,725804,NYQ
OSPN,OneSpan Inc.,Technology,Small-Cap,686827,NCM
EBS,Emergent BioSolutions Inc.,Healthcare,Small-Cap,843482,NYQ
APPS,"Digital Turbine, Inc.",Technology,Small-Cap,2792743,NCM
OEC,Orion S.A.,Basic Materials,Small-Cap,713019,NYQ
SRTA,"Strata Critical Medical, Inc.",Healthcare,Small-Cap,756680,NCM
ALTO,"Alto Ingredients, Inc.",Basic Materials,Small-Cap,1706001,NCM
AUTL,Autolus Therapeutics plc,Healthcare,Small-Cap,1571488,NMS
NUAI,"New Era Energy & Digital, Inc.",Technology,Small-Cap,4418145,NGM
NMRA,"Neumora Therapeutics, Inc.",Healthcare,Small-Cap,1348545,NMS
BBBY,"Bed Bath & Beyond, Inc.",N/A,Small-Cap,2733827,NYQ
IPSC,"Century Therapeutics, Inc.",Healthcare,Small-Cap,1254998,NCM
HLLY,Holley Inc.,Consumer Cyclical,Small-Cap,798340,NYQ
TRX,TRX Gold Corporation,Basic Materials,Small-Cap,5447608,ASE
RCKT,"Rocket Pharmaceuticals, Inc.",Healthcare,Small-Cap,3347027,NGM
IMRX,Immuneering Corporation,Healthcare,Small-Cap,909051,NGM
SNDL,SNDL Inc.,Consumer Defensive,Small-Cap,1748738,NCM
VNDA,Vanda Pharmaceuticals Inc.,Healthcare,Small-Cap,2517619,NGM
KLC,"KinderCare Learning Companies, ",Consumer Defensive,Small-Cap,1248466,NYQ
CDZI,"Cadiz, Inc.",Utilities,Small-Cap,726683,NGM
KREF,KKR Real Estate Finance Trust I,Real Estate,Small-Cap,1598808,NYQ
LCTX,"Lineage Cell Therapeutics, Inc.",Healthcare,Small-Cap,1184038,ASE
LX,LexinFintech Holdings Ltd.,Financial Services,Small-Cap,1528658,NMS
HNST,"The Honest Company, Inc.",Consumer Defensive,Small-Cap,1833220,NMS
GETY,"Getty Images Holdings, Inc.",Communication Services,Small-Cap,2789590,NYQ
EU,enCore Energy Corp.,Energy,Small-Cap,2837211,NCM
AKBA,"Akebia Therapeutics, Inc.",Healthcare,Small-Cap,2981904,NCM
OPTX,"Syntec Optics Holdings, Inc.",Technology,Small-Cap,961669,NCM
RPD,"Rapid7, Inc.",Technology,Small-Cap,2200446,NGM
NAGE,"Niagen Bioscience, Inc.",Healthcare,Small-Cap,1163714,NCM
NNDM,Nano Dimension Ltd.,Technology,Small-Cap,2238706,NCM
CION,CION Investment Corporation,Financial Services,Small-Cap,634632,NYQ
CAN,Canaan Inc.,Technology,Small-Cap,11995874,NGM
ALT,"Altimmune, Inc.",Healthcare,Small-Cap,3975029,NGM
IRD,"Opus Genetics, Inc.",Healthcare,Small-Cap,971816,NCM
TYGO,"Tigo Energy, Inc.",Technology,Small-Cap,554770,NCM
WEAV,"Weave Communications, Inc.",Healthcare,Small-Cap,1870575,NYQ
NUS,"Nu Skin Enterprises, Inc.",Consumer Defensive,Small-Cap,517274,NYQ
FVRR,Fiverr International Ltd.,Communication Services,Small-Cap,1342033,NYQ
VOXR,Vox Royalty Corp.,Basic Materials,Small-Cap,583879,NCM
CRNC,Cerence Inc.,Technology,Small-Cap,910185,NMS
CERS,Cerus Corporation,Healthcare,Small-Cap,1533150,NGM
PALI,"Palisade Bio, Inc.",Healthcare,Small-Cap,3925354,NCM
WNC,Wabash National Corporation,Industrials,Small-Cap,620690,NYQ
FUBO,fuboTV Inc.,Communication Services,Small-Cap,1886569,NYQ
FWDI,"Forward Industries, Inc.",Consumer Cyclical,Small-Cap,892251,NCM
CMTG,"Claros Mortgage Trust, Inc.",Real Estate,Small-Cap,530064,NYQ
BLND,"Blend Labs, Inc.",Technology,Small-Cap,3941432,NYQ
ISSC,Innovative Solutions and Suppor,Industrials,Small-Cap,598025,NMS
GRRR,Gorilla Technology Group Inc.,Technology,Small-Cap,676869,NCM
RPAY,Repay Holdings Corporation,Technology,Small-Cap,1866012,NCM
CYH,"Community Health Systems, Inc.",Healthcare,Small-Cap,1814820,NYQ
CSHR,CoinShares PLC,Financial Services,Small-Cap,821509,NMS
LAB,Standard BioTools Inc.,Healthcare,Small-Cap,2451919,NMS
ORBS,Eightco Holdings Inc.,Consumer Cyclical,Small-Cap,22365459,NCM
SHMD,SCHMID Group N.V.,Industrials,Small-Cap,787019,NGM
EOLS,"Evolus, Inc. Common Stock",Healthcare,Small-Cap,1058753,NGM
TCPC,BlackRock TCP Capital Corp.,Financial Services,Small-Cap,1232966,NMS
PACK,Ranpak Holdings Corp,Consumer Cyclical,Small-Cap,558461,NYQ
XWIN,"XMAX, Inc.",Consumer Cyclical,Small-Cap,941851,NCM
CABA,"Cabaletta Bio, Inc.",Healthcare,Small-Cap,2334700,NMS
HYLN,Hyliion Holdings Corp.,Consumer Cyclical,Small-Cap,938864,ASE
ALIT,"Alight, Inc.",Technology,Small-Cap,33338261,NYQ
ALMU,"Aeluma, Inc.",Technology,Small-Cap,1092745,NCM
SPT,"Sprout Social, Inc",Technology,Small-Cap,1759904,NCM
PAYS,"Paysign, Inc.",Technology,Small-Cap,801393,NCM
ROMA,Roma Green Finance Limited,Industrials,Small-Cap,537833,NCM
TLS,Telos Corporation,Technology,Small-Cap,751245,NGM
AVTX,"Avalo Therapeutics, Inc.",Healthcare,Small-Cap,697435,NCM
EVH,"Evolent Health, Inc",Healthcare,Small-Cap,3140611,NYQ
SIGA,SIGA Technologies Inc.,Healthcare,Small-Cap,642174,NGM
TOI,"The Oncology Institute, Inc.",Healthcare,Small-Cap,1824585,NCM
CLPT,ClearPoint Neuro Inc.,Healthcare,Small-Cap,742261,NCM
DDD,3D Systems Corporation,Technology,Small-Cap,2701774,NYQ
REI,"Ring Energy, Inc.",Energy,Small-Cap,5118679,ASE
GTE,Gran Tierra Energy Inc.,Energy,Small-Cap,716924,ASE
EDIT,"Editas Medicine, Inc.",Healthcare,Small-Cap,1651943,NMS
ABEO,Abeona Therapeutics Inc.,Healthcare,Small-Cap,1154061,NCM
EVTL,Vertical Aerospace Ltd.,Industrials,Small-Cap,2487893,NYQ
VGZ,Vista Gold Corp,Basic Materials,Small-Cap,1743740,ASE
AVXL,Anavex Life Sciences Corp.,Healthcare,Small-Cap,1440927,NMS
DSX,Diana Shipping inc.,Industrials,Small-Cap,700582,NYQ
PDYN,Palladyne AI Corp.,Technology,Small-Cap,2725577,NGM
ORGO,Organogenesis Holdings Inc.,Healthcare,Small-Cap,1207343,NCM
DEFT,"Defi Technologies, Inc.",Financial Services,Small-Cap,6055888,NCM
PNNT,PennantPark Investment Corporat,Financial Services,Small-Cap,774301,NYQ
RZLT,"Rezolute, Inc.",Healthcare,Small-Cap,2490725,NCM
RXST,"RxSight, Inc.",Healthcare,Small-Cap,808772,NGM
RC,Ready Capital Corporation,Real Estate,Small-Cap,2213179,NYQ
MRAM,"Everspin Technologies, Inc.",Technology,Small-Cap,755303,NGM
FOSL,"Fossil Group, Inc.",Consumer Cyclical,Small-Cap,744264,NMS
SIDU,"Sidus Space, Inc.",Industrials,Small-Cap,15842925,NCM
CCCC,"C4 Therapeutics, Inc.",Healthcare,Small-Cap,2588638,NMS
LENZ,"LENZ Therapeutics, Inc.",Healthcare,Small-Cap,920780,NMS
HELP,Cybin Inc.,Healthcare,Small-Cap,1157887,NGM
ELDN,"Eledon Pharmaceuticals, Inc.",Healthcare,Small-Cap,1339408,NCM
NBP,NovaBridge Biosciences,Healthcare,Small-Cap,849096,NGM
SITC,SITE Centers Corp.,Real Estate,Small-Cap,774328,NYQ
TARA,"Protara Therapeutics, Inc.",Healthcare,Small-Cap,910661,NGM
ANGI,Angi Inc.,Communication Services,Small-Cap,1164803,NMS
ASPN,"Aspen Aerogels, Inc.",Industrials,Small-Cap,1524198,NYQ
ZNTL,"Zentalis Pharmaceuticals, Inc.",Healthcare,Small-Cap,1907120,NGM
HRZN,Horizon Technology Finance Corp,Financial Services,Small-Cap,1118191,NMS
RWAY,Runway Growth Finance Corp.,Financial Services,Small-Cap,582877,NMS
RILY,"BRC Group Holdings, Inc.",Financial Services,Small-Cap,764632,NGM
SY,So-Young International Inc. - A,Healthcare,Small-Cap,531227,NCM
GORO,Gold Resource Corporation,Basic Materials,Micro-Cap,2488122,ASE
FJET,"Starfighters Space, Inc.",Industrials,Micro-Cap,1341975,ASE
ALEC,"Alector, Inc.",Healthcare,Small-Cap,769108,NMS
SABS,"SAB Biotherapeutics, Inc.",Healthcare,Micro-Cap,553369,NCM
CHRS,"Coherus Oncology, Inc.",Healthcare,Small-Cap,1459433,NGM
SMRT,"SmartRent, Inc.",Technology,Small-Cap,931556,NYQ
BKKT,"Bakkt, Inc.",Technology,Small-Cap,1244016,NYQ
EGHT,8x8 Inc,Technology,Small-Cap,1864532,NMS
GLDG,GoldMining Inc.,Basic Materials,Micro-Cap,2737727,ASE
CNDT,Conduent Incorporated,Technology,Small-Cap,1457838,NMS
AIRO,"AIRO Group Holdings, Inc.",Industrials,Micro-Cap,533998,NGM
EWCZ,"European Wax Center, Inc.",Consumer Defensive,Small-Cap,846361,NMS
SPCE,"Virgin Galactic Holdings, Inc.",Industrials,Small-Cap,5340970,NYQ
OPRT,Oportun Financial Corporation,Financial Services,Small-Cap,536682,NMS
ACH,"Accendra Health, Inc.",Healthcare,Small-Cap,861343,NYQ
IKT,"Inhibikase Therapeutics, Inc.",Healthcare,Small-Cap,1984940,NCM
LTRX,"Lantronix, Inc.",Technology,Small-Cap,695529,NCM
PLYX,"Polaryx Therapeutics, Inc.",Healthcare,Micro-Cap,1820590,NCM
XPOF,"Xponential Fitness, Inc.",Consumer Cyclical,Small-Cap,582116,NYQ
DUOT,"Duos Technologies Group, Inc.",Technology,Small-Cap,528719,NCM
AMPY,Amplify Energy Corp.,Energy,Small-Cap,951308,NYQ
FLWS,"1-800-FLOWERS.COM, Inc.",Consumer Cyclical,Micro-Cap,711225,NMS
JACK,Jack In The Box Inc.,Consumer Cyclical,Micro-Cap,811406,NMS
GSIT,"GSI Technology, Inc.",Technology,Small-Cap,919512,NMS
FNKO,"Funko, Inc.",Consumer Cyclical,Micro-Cap,983495,NMS
OSS,"One Stop Systems, Inc.",Technology,Micro-Cap,1573561,NCM
CMRC,"Commerce.com, Inc. - Series 1",Technology,Small-Cap,945320,NGM
BLZE,"Backblaze, Inc.",Technology,Small-Cap,789524,NGM
LODE,Comstock Inc.,Basic Materials,Micro-Cap,1482262,ASE
ZIP,"ZipRecruiter, Inc.",Communication Services,Small-Cap,1291087,NYQ
VYGR,"Voyager Therapeutics, Inc.",Healthcare,Micro-Cap,670782,NMS
DGXX,Digi Power X Inc.,Utilities,Small-Cap,2072356,NCM
ATOM,Atomera Incorporated,Technology,Small-Cap,2953575,NCM
REPL,"Replimune Group, Inc.",Healthcare,Micro-Cap,4579327,NMS
BZAI,"Blaize Holdings, Inc.",Technology,Micro-Cap,7063937,NGM
AREC,American Resources Corporation,Basic Materials,Micro-Cap,2930811,NCM
NVA,Nova Minerals Limited,Basic Materials,Micro-Cap,591532,NCM
POWW,Outdoor Holding Company,Industrials,Micro-Cap,661733,NCM
CDXS,"Codexis, Inc.",Healthcare,Micro-Cap,2371366,NMS
BRCB,"Black Rock Coffee Bar, Inc.",Consumer Cyclical,Micro-Cap,525967,NGM
FLYX,"flyExclusive, Inc.",Industrials,Micro-Cap,783024,ASE
PLG,Platinum Group Metals Ltd.,Basic Materials,Micro-Cap,2196545,ASE
SMWB,Similarweb Ltd.,Technology,Small-Cap,983209,NYQ
DPRO,Draganfly Inc.,Technology,Micro-Cap,1927516,NCM
NRDY,Nerdy Inc.,Technology,Micro-Cap,630250,NYQ
ACHV,"Achieve Life Sciences, Inc.",Healthcare,Micro-Cap,975020,NCM
MIST,Milestone Pharmaceuticals Inc.,Healthcare,Micro-Cap,2099564,NMS
ENLV,Enlivex Ltd.,Healthcare,Micro-Cap,564920,NCM
CRBU,"Caribou Biosciences, Inc.",Healthcare,Micro-Cap,1367901,NMS
XRX,Xerox Holdings Corporation,Industrials,Small-Cap,4257637,NMS
LFMD,"LifeMD, Inc.",Healthcare,Micro-Cap,1211353,NGM
RNA,"Atrium Therapeutics, Inc.",Healthcare,Micro-Cap,907004,NMS
PLBY,"Playboy, Inc.",Consumer Cyclical,Micro-Cap,1245775,NGM
CNTX,Context Therapeutics Inc.,Healthcare,Micro-Cap,1035741,NCM
NKTX,"Nkarta, Inc.",Healthcare,Micro-Cap,787612,NMS
GPRO,"GoPro, Inc.",Technology,Small-Cap,6589350,NMS
ALXO,ALX Oncology Holdings Inc.,Healthcare,Micro-Cap,971485,NMS
OSG,"Octave Specialty Group, Inc.",Financial Services,Micro-Cap,568279,NYQ
QSI,Quantum-Si Incorporated,Healthcare,Micro-Cap,4377787,NGM
VERI,"Veritone, Inc.",Technology,Micro-Cap,2511109,NGM
MGNX,"MacroGenics, Inc.",Healthcare,Micro-Cap,1011259,NMS
OGI,Organigram Global Inc.,Healthcare,Micro-Cap,700593,NMS
VUZI,Vuzix Corporation,Technology,Micro-Cap,980809,NCM
LPRO,Open Lending Corporation,Financial Services,Micro-Cap,580690,NGM
KPTI,Karyopharm Therapeutics Inc.,Healthcare,Micro-Cap,1010811,NMS
MVIS,"Microvision, Inc.",Technology,Micro-Cap,5412725,NGM
SKLZ,Skillz Inc.,Communication Services,Micro-Cap,1038162,NYQ
ABOS,"Acumen Pharmaceuticals, Inc.",Healthcare,Micro-Cap,557990,NMS
ACB,Aurora Cannabis Inc.,Healthcare,Micro-Cap,1055319,NCM
SGMT,Sagimet Biosciences Inc. - Seri,Healthcare,Small-Cap,1351988,NGM
GLND,Greenland Energy Company,Energy,Micro-Cap,2724932,NGM
ELME,Elme Communities,Real Estate,Micro-Cap,1380964,NYQ
CNTN,"Canton Strategic Holdings, Inc.",Healthcare,Micro-Cap,733532,NCM
CURV,Torrid Holdings Inc.,Consumer Cyclical,Micro-Cap,851624,NYQ
HRTX,"Heron Therapeutics, Inc.",Healthcare,Micro-Cap,1930135,NCM
DHY,146692,Financial Services,Micro-Cap,726033,ASE
KLTR,"Kaltura, Inc.",Technology,Micro-Cap,688861,NMS
UIS,Unisys Corporation New,Technology,Micro-Cap,841667,NYQ
LUCD,Lucid Diagnostics Inc.,Healthcare,Micro-Cap,771285,NCM
STEX,Streamex Corp.,Financial Services,Micro-Cap,1986495,NCM
UNCY,"Unicycive Therapeutics, Inc.",Healthcare,Micro-Cap,506858,NCM
RYDE,Ryde Group Ltd.,Technology,Micro-Cap,2619009,ASE
BNAI,Brand Engagement Network Inc.,Technology,Micro-Cap,1298522,NCM
FF,FutureFuel Corp.,Basic Materials,Micro-Cap,511403,NYQ
AMTX,"Aemetis, Inc",Basic Materials,Micro-Cap,1502327,NGM
NFE,New Fortress Energy Inc.,Energy,Micro-Cap,11963801,NMS
GRO,Brazil Potash Corp.,Basic Materials,Micro-Cap,835164,ASE
AIRS,"AirSculpt Technologies, Inc.",Healthcare,Micro-Cap,2576733,NGM
CANG,Cango Inc.,Financial Services,Micro-Cap,1286240,NYQ
ANNA,"AleAnna, Inc.",Energy,Micro-Cap,4435067,NCM
BDTX,"Black Diamond Therapeutics, Inc",Healthcare,Micro-Cap,706085,NMS
VLN,Valens Semiconductor Ltd.,Technology,Micro-Cap,1348193,NYQ
BRR,"ProCap Financial, Inc.",Financial Services,Micro-Cap,893887,NGM
PLX,"Protalix BioTherapeutics, Inc. ",Healthcare,Micro-Cap,1169046,ASE
EARN,Ellington Credit Company,Financial Services,Micro-Cap,502825,NYQ
PRQR,ProQR Therapeutics N.V.,Healthcare,Micro-Cap,527985,NCM
DOMO,"Domo, Inc.",Technology,Micro-Cap,1901980,NGM
OXSQ,Oxford Square Capital Corp.,Financial Services,Micro-Cap,1370375,NMS
DOUG,Douglas Elliman Inc.,Real Estate,Micro-Cap,772716,NYQ
IMPP,Imperial Petroleum Inc.,Energy,Micro-Cap,725745,NCM
HUMA,"Humacyte, Inc.",Healthcare,Micro-Cap,6832580,NMS
NAKA,Nakamoto Inc.,Financial Services,Micro-Cap,5157066,NGM
MX,Magnachip Semiconductor Corpora,Technology,Micro-Cap,811738,NYQ
ANTX,"AN2 Therapeutics, Inc.",Healthcare,Micro-Cap,1427991,NMS
FATE,"Fate Therapeutics, Inc.",Healthcare,Micro-Cap,1461746,NGM
SLNH,"Soluna Holdings, Inc.",Financial Services,Micro-Cap,8447958,NCM
CRDL,Cardiol Therapeutics Inc.,Healthcare,Micro-Cap,675864,NCM
TNYA,"Tenaya Therapeutics, Inc.",Healthcare,Micro-Cap,4273759,NMS
QTRX,Quanterix Corporation,Healthcare,Micro-Cap,799820,NGM
SLQT,"SelectQuote, Inc.",Financial Services,Micro-Cap,1403041,NYQ
CVGI,"Commercial Vehicle Group, Inc.",Consumer Cyclical,Micro-Cap,1224264,NMS
TTEC,"TTEC Holdings, Inc.",Technology,Micro-Cap,628353,NMS
MBOT,Microbot Medical Inc.,Healthcare,Micro-Cap,2117745,NCM
HURA,"TuHURA Biosciences, Inc.",Healthcare,Micro-Cap,2012425,NCM
AGEN,Agenus Inc.,Healthcare,Micro-Cap,705627,NCM
EMPD,Empery Digital Inc.,Consumer Cyclical,Micro-Cap,936359,NMS
NPWR,NET Power Inc.,Industrials,Micro-Cap,740774,NYQ
KALA,"KALA BIO, Inc.",Healthcare,Micro-Cap,7524258,NCM
CHSN,Chanson International Holding,Consumer Cyclical,Nano-Cap,19039353,NCM
PZG,Paramount Gold Nevada Corp.,Basic Materials,Micro-Cap,1242198,ASE
THRY,"Thryv Holdings, Inc.",Technology,Micro-Cap,1235009,NCM
BYRN,"Byrna Technologies, Inc.",Industrials,Micro-Cap,593300,NCM
SKYX,SKYX Platforms Corp.,Industrials,Micro-Cap,1032085,NCM
BMEA,"Biomea Fusion, Inc.",Healthcare,Micro-Cap,1447403,NMS
DFDV,DeFi Development Corp.,Financial Services,Micro-Cap,1152796,NCM
INVZ,Innoviz Technologies Ltd.,Consumer Cyclical,Micro-Cap,2450687,NCM
RMAX,"RE/MAX Holdings, Inc.",Real Estate,Small-Cap,585087,NYQ
NXTT,Next Technology Holding Inc.,Technology,Micro-Cap,1398256,NCM
NNBR,"NN, Inc.",Industrials,Micro-Cap,771193,NMS
TLYS,"Tilly's, Inc.",Consumer Cyclical,Micro-Cap,1382620,NYQ
NICM,Nicola Mining Inc.,Basic Materials,Micro-Cap,751907,NCM
BRCC,BRC Inc.,Consumer Defensive,Micro-Cap,809996,NYQ
CCLD,"CareCloud, Inc.",Healthcare,Micro-Cap,517761,NGM
GAMB,Gambling.com Group Limited,Consumer Cyclical,Micro-Cap,593398,NGM
UNG,United States Natural Gas Fund ,N/A,Nano-Cap,11580869,PCX
ONCY,Oncolytics Biotech Inc.,Healthcare,Micro-Cap,1346717,NCM
DHX,"DHI Group, Inc.",Technology,Micro-Cap,589946,NYQ
SPWR,SunPower Inc.,Technology,Micro-Cap,1647458,NGM
LGO,Largo Inc.,Basic Materials,Micro-Cap,1715309,NMS
LABT,Lakewood-Amedex Biotherapeutics,Healthcare,Nano-Cap,1113733,NCM
TRT,Trio-Tech International,Technology,Micro-Cap,785772,ASE
OPRX,OptimizeRx Corporation,Healthcare,Micro-Cap,502282,NCM
NEOV,NeoVolta Inc.,Industrials,Micro-Cap,555496,NCM
NNOX,NANO-X IMAGING LTD,Healthcare,Micro-Cap,1349983,NGM
TMCI,"Treace Medical Concepts, Inc.",Healthcare,Micro-Cap,865520,NMS
ZENA,"ZenaTech, Inc.",Technology,Micro-Cap,1617709,NCM
STIM,"Neuronetics, Inc.",Healthcare,Micro-Cap,2314890,NGM
BAER,Bridger Aerospace Group Holding,Industrials,Micro-Cap,600108,NGM
REKR,"Rekor Systems, Inc.",Technology,Micro-Cap,2417348,NCM
RANI,"Rani Therapeutics Holdings, Inc",Healthcare,Micro-Cap,1041983,NGM
CRDF,"Cardiff Oncology, Inc.",Healthcare,Micro-Cap,725350,NCM
DGNX,Diginex Limited,Industrials,Micro-Cap,506517,NCM
KULR,"KULR Technology Group, Inc.",Technology,Micro-Cap,1245511,ASE
WSHP,WeShop Holdings Limited,Communication Services,Micro-Cap,897853,NCM
CGTX,"Cognition Therapeutics, Inc.",Healthcare,Micro-Cap,1093124,NCM
IFRX,InflaRx N.V.,Healthcare,Micro-Cap,712133,NMS
NAMM,Namib Minerals,Basic Materials,Micro-Cap,1531696,NGM
CBUS,"Cibus, Inc.",Healthcare,Micro-Cap,637683,NCM
FURY,Fury Gold Mines Limited,Basic Materials,Micro-Cap,542977,ASE
JELD,"JELD-WEN Holding, Inc.",Industrials,Micro-Cap,1992143,NYQ
SRFM,Surf Air Mobility Inc.,Industrials,Micro-Cap,3094540,NYQ
BLNK,Blink Charging Co.,Industrials,Micro-Cap,2140874,NCM
PEPG,PepGen Inc.,Healthcare,Micro-Cap,1378335,NMS
CHGG,"Chegg, Inc.",Consumer Defensive,Micro-Cap,1345475,NYQ
SAFX,"XCF Global, Inc.",Utilities,Micro-Cap,19350070,NCM
ALTS,ALT5 Sigma Corporation,Technology,Micro-Cap,2849264,NCM
SGMO,"Sangamo Therapeutics, Inc.",Healthcare,Micro-Cap,7902746,NCM
SKIN,SkinHealth Systems Inc.,Consumer Defensive,Micro-Cap,734732,NCM
WALD,Waldencast plc,Consumer Defensive,Micro-Cap,900338,NCM
ROLR,"High Roller Technologies, Inc.",Consumer Cyclical,Micro-Cap,2013277,ASE
UPXI,"Upexi, Inc.",Communication Services,Micro-Cap,5297330,NCM
ARQ,"Arq, Inc.",Industrials,Micro-Cap,826272,NGM
FFAI,Faraday Future Intelligent Elec,Consumer Cyclical,Micro-Cap,37639193,NCM
HCAT,"Health Catalyst, Inc",Healthcare,Micro-Cap,847562,NMS
ALDX,"Aldeyra Therapeutics, Inc.",Healthcare,Micro-Cap,3060467,NCM
GCTS,"GCT Semiconductor Holding, Inc.",Technology,Micro-Cap,1610096,NYQ
FRMM,"Forum Markets, Incorporated",Technology,Micro-Cap,1319593,NCM
NRXP,"NRX Pharmaceuticals, Inc.",Healthcare,Micro-Cap,827029,NCM
INO,"Inovio Pharmaceuticals, Inc.",Healthcare,Micro-Cap,1616900,NCM
BTCS,BTCS Inc.,Financial Services,Micro-Cap,840708,NCM
GUTS,"Fractyl Health, Inc.",Healthcare,Micro-Cap,2936848,NGM
MXCT,"MaxCyte, Inc.",Healthcare,Micro-Cap,1087441,NMS
ARBE,Arbe Robotics Ltd.,Technology,Micro-Cap,1877835,NCM
PROP,Prairie Operating Co.,Energy,Micro-Cap,4296080,NCM
EXFY,"Expensify, Inc.",Technology,Micro-Cap,843827,NMS
GOSS,"Gossamer Bio, Inc.",Healthcare,Micro-Cap,16325232,NMS
AISP,"Airship AI Holdings, Inc",Technology,Micro-Cap,505125,NGM
SMJF,SMJ International Holdings Inc.,Consumer Cyclical,Micro-Cap,734175,ASE
BATL,Battalion Oil Corporation,Energy,Micro-Cap,15240916,ASE
ZVIA,Zevia PBC,Consumer Defensive,Micro-Cap,517570,NYQ
WWR,"Westwater Resources, Inc.",Basic Materials,Micro-Cap,1089391,ASE
IMMP,Immutep Limited,Healthcare,Micro-Cap,14189061,NGM
ONEG,OneConstruction Group Limited,Industrials,Micro-Cap,722601,NCM
OPTT,"Ocean Power Technologies, Inc.",Industrials,Micro-Cap,5460725,ASE
HOVR,New Horizon Aircraft Ltd.,Industrials,Micro-Cap,734945,NCM
GANX,"Gain Therapeutics, Inc.",Healthcare,Micro-Cap,689306,NGM
FLNA,"Filana Therapeutics, Inc.",Healthcare,Micro-Cap,541004,NCM
CYPH,Cypherpunk Technologies Inc.,Financial Services,Micro-Cap,2256948,NCM
MERC,Mercer International Inc.,Basic Materials,Micro-Cap,577396,NMS
PLRX,"Pliant Therapeutics, Inc.",Healthcare,Micro-Cap,608712,NMS
HAIN,"The Hain Celestial Group, Inc.",Consumer Defensive,Micro-Cap,1746583,NMS
ATYR,"aTyr Pharma, Inc.",Healthcare,Micro-Cap,1325129,NCM
LIDR,"AEye, Inc.",Technology,Micro-Cap,4442691,NCM
MAIA,"MAIA Biotechnology, Inc.",Healthcare,Micro-Cap,882061,ASE
PMVP,"PMV Pharmaceuticals, Inc.",Healthcare,Micro-Cap,641101,NMS
PRTS,"CarParts.com, Inc.",Consumer Cyclical,Micro-Cap,720162,NCM
ACRV,"Acrivon Therapeutics, Inc.",Healthcare,Micro-Cap,817745,NGM
TEAD,Teads Holding Co.,Communication Services,Micro-Cap,1822230,NMS
AGH,Aureus Greenway Holdings Inc.,Consumer Cyclical,Micro-Cap,919308,NCM
TCRX,"TScan Therapeutics, Inc.",Healthcare,Micro-Cap,805738,NGM
FBIO,"Fortress Biotech, Inc.",Healthcare,Micro-Cap,718669,NCM
IBO,"Impact BioMedical, Inc.",Healthcare,Micro-Cap,4373003,ASE
BIRD,"Allbirds, Inc.",Consumer Cyclical,Micro-Cap,5990169,NMS
XTIA,"XTI Aerospace, Inc.",Industrials,Micro-Cap,2077041,NCM
CAST,"FreeCast, Inc.",Communication Services,Micro-Cap,804270,NGM
CING,Cingulate Inc.,Healthcare,Micro-Cap,513811,NCM
DCGO,DocGo Inc.,Healthcare,Micro-Cap,1045706,NCM
GPUS,"Hyperscale Data, Inc.",Industrials,Micro-Cap,27562138,ASE
IBIO,"iBio, Inc.",Healthcare,Micro-Cap,1049945,NCM
CTM,"Castellum, Inc.",Technology,Micro-Cap,1005314,ASE
FSP,Franklin Street Properties Corp,Real Estate,Micro-Cap,524116,ASE
UAVS,"AgEagle Aerial Systems, Inc.",Technology,Micro-Cap,2665779,ASE
PMI,"Picard Medical, Inc.",Healthcare,Nano-Cap,1268920,ASE
OSTX,OS Therapies Incorporated,Healthcare,Micro-Cap,628503,ASE
BDMD,Baird Medical Investment Holdin,Healthcare,Micro-Cap,2111470,NCM
ANVS,"Annovis Bio, Inc.",Healthcare,Micro-Cap,723675,NYQ
ELBM,Electra Battery Materials Corpo,Basic Materials,Micro-Cap,763562,NCM
GNS,Genius Group Limited,Consumer Defensive,Nano-Cap,1549838,ASE
BLNE,"Beeline Holdings, Inc.",Financial Services,Micro-Cap,692254,NCM
SPWH,"Sportsman's Warehouse Holdings,",Consumer Cyclical,Micro-Cap,763709,NMS
NXXT,"NextNRG, Inc.",Utilities,Micro-Cap,2397982,NCM
VIVO,VivoPower PLC,Technology,Micro-Cap,1083895,NCM
VHUB,"VenHub Global, Inc.",Consumer Defensive,Micro-Cap,1099288,NGM
BURU,"Nuburu, Inc.",Industrials,Micro-Cap,35548866,ASE
CSTE,Caesarstone Ltd.,Industrials,Nano-Cap,1090216,NMS
CPIX,Cumberland Pharmaceuticals Inc.,Healthcare,Micro-Cap,999774,NMS
GAME,"GameSquare Holdings, Inc.",Communication Services,Nano-Cap,7871711,NCM
AIB,BlockchAIn Digital Infrastructu,Technology,Nano-Cap,3880978,ASE
MDAI,"Spectral AI, Inc.",Healthcare,Micro-Cap,680533,NCM
SRXH,"SRX Health Solutions, Inc.",Consumer Defensive,Micro-Cap,30235090,ASE
SNBR,Sleep Number Corporation,Consumer Cyclical,Micro-Cap,2420654,NMS
SLMT,Brera Holdings PLC,Communication Services,Micro-Cap,782803,NCM
LOCL,Local Bounti Corporation,Consumer Defensive,Nano-Cap,1422601,NYQ
OMEX,"Odyssey Marine Exploration, Inc",Basic Materials,Micro-Cap,5685877,NCM
GRML,Greenland Mines Ltd,Basic Materials,Micro-Cap,4342748,NCM
LUNG,Pulmonx Corporation,Healthcare,Micro-Cap,518919,NMS
AGIG,Abundia Global Impact Group Inc,Utilities,Micro-Cap,905680,ASE
EHTH,"eHealth, Inc.",Financial Services,Micro-Cap,828491,NMS
CDLX,"Cardlytics, Inc. Common Stock",Communication Services,Micro-Cap,1196079,NGM
IXHL,Incannex Healthcare Inc.,Healthcare,Micro-Cap,539076,NCM
COCH,"Envoy Medical, Inc.",Healthcare,Micro-Cap,767564,NCM
ARAY,Accuray Incorporated,Healthcare,Micro-Cap,1331453,NMS
KSCP,"Knightscope, Inc.",Industrials,Micro-Cap,506295,NCM
PDSB,PDS Biotechnology Corporation,Healthcare,Micro-Cap,728374,NCM
INDO,Indonesia Energy Corporation Li,Energy,Nano-Cap,2751695,ASE
FUSE,Fusemachines Inc.,Technology,Nano-Cap,5957833,NGM
MREO,Mereo BioPharma Group plc,Healthcare,Nano-Cap,2041872,NCM
BEAT,"Heartbeam, Inc.",Healthcare,Nano-Cap,1448980,NCM
AMPG,"Amplitech Group, Inc.",Technology,Micro-Cap,559464,NCM
USEG,U.S. Energy Corp.,Energy,Micro-Cap,9797066,NCM
POM,POMDOCTOR LIMITED,Healthcare,Nano-Cap,1087237,NGM
SCYX,"SCYNEXIS, Inc.",Healthcare,Micro-Cap,552224,NCM
BENF,Beneficient,Financial Services,Nano-Cap,684014,NCM
AVX,Avax One Technology Ltd.,Financial Services,Micro-Cap,639808,NCM
ONMD,OneMedNet Corp,Healthcare,Micro-Cap,4204879,NCM
ILLR,Triller Group Inc.,Technology,Nano-Cap,688854,NCM
HOLO,MicroCloud Hologram Inc.,Technology,Nano-Cap,728082,NCM
ATCH,"AtlasClear Holdings, Inc.",Financial Services,Nano-Cap,4697608,ASE
MAMO,Massimo Group,Consumer Cyclical,Nano-Cap,1846177,NCM
BBGI,"Beasley Broadcast Group, Inc.",Communication Services,Nano-Cap,1267167,NCM
NPT,Texxon Holding Limited,Consumer Cyclical,Nano-Cap,1495659,NCM
RCT,RedCloud Holdings plc,Technology,Nano-Cap,3036245,NCM
AGPU,Axe Compute Inc.,Technology,Nano-Cap,3346046,NCM
OPAD,Offerpad Solutions Inc.,Real Estate,Nano-Cap,987467,NYQ
RPGL,Republic Power Group Limited,Technology,Micro-Cap,4670946,NCM
SST,"System1, Inc.",Industrials,Nano-Cap,3092740,NYQ
BIOX,Bioceres Crop Solutions Corp.,Basic Materials,Nano-Cap,857764,NMS
EONR,EON Resources Inc.,Energy,Nano-Cap,28711737,ASE
BGL,Blue Gold Limited,Basic Materials,Nano-Cap,518685,NGM
PSQH,"PSQ Holdings, Inc.",Technology,Nano-Cap,738385,NYQ
YXT,YXT.COM GROUP HOLDING LIMITED -,Technology,Nano-Cap,3063220,NGM
KNRX,KNOREX LTD.,Technology,Nano-Cap,1958272,ASE
GRCE,"Grace Therapeutics, Inc.",Healthcare,Nano-Cap,702346,NCM
ARAI,Arrive AI Inc.,Technology,Nano-Cap,9345575,NGM
MNTS,Momentus Inc.,Industrials,Nano-Cap,2107998,NCM
YYAI,AiRWA Inc.,Technology,Nano-Cap,592316,NCM
IGC,"IGC Pharma, Inc.",Healthcare,Nano-Cap,1061819,ASE
MIGI,Mawson Infrastructure Group Inc,Financial Services,Nano-Cap,560885,NCM
BCG,"Binah Capital Group, Inc.",Financial Services,Nano-Cap,588388,NGM
AHMA,Ambitions Enterprise Management,Consumer Cyclical,Nano-Cap,2167753,NCM
LASE,Laser Photonics Corporation,Industrials,Nano-Cap,2414972,NCM
SKYE,"Skye Bioscience, Inc.",Healthcare,Nano-Cap,555900,NGM
ABVE,Above Food Ingredients Inc.,Consumer Defensive,Nano-Cap,2154875,NGM
RITR,Reitar Logtech Holdings Limited,Industrials,Nano-Cap,1336125,NCM
TMDE,TMD Energy Limited,Energy,Nano-Cap,6868662,ASE
AIFF,"Firefly Neuroscience, Inc.",Technology,Nano-Cap,10491616,NCM
EFOI,"Energy Focus, Inc.",Consumer Cyclical,Nano-Cap,2875120,NCM
SUUN,PowerBank Corporation,Utilities,Nano-Cap,1011032,NGM
TOP,TOP Financial Group Limited,Financial Services,Nano-Cap,687972,NCM
OTLK,"Outlook Therapeutics, Inc.",Healthcare,Nano-Cap,3224775,NCM
VEEA,Veea Inc.,Technology,Nano-Cap,1498574,NCM
BTAI,"BioXcel Therapeutics, Inc.",Healthcare,Nano-Cap,1525027,NCM
AERT,"Aeries Technology, Inc.",Industrials,Nano-Cap,649812,NCM
SNAL,"Snail, Inc.",Communication Services,Nano-Cap,15762527,NCM
MRNO,Murano Global Investments PLC,Real Estate,Nano-Cap,2072111,NCM
QCLS,"Q/C Technologies, Inc.",Technology,Nano-Cap,599401,NCM
MOBX,"Mobix Labs, Inc.",Technology,Nano-Cap,6381292,NCM
MLSS,"Milestone Scientific, Inc.",Healthcare,Nano-Cap,2023056,ASE
LGVN,Longeveron Inc.,Healthcare,Nano-Cap,5591254,NCM
FATN,"FatPipe, Inc.",Technology,Nano-Cap,2206108,NCM
SKYQ,Sky Quarry Inc.,Energy,Nano-Cap,7277780,NCM
WYHG,Wing Yip Food Holdings Group Li,Consumer Defensive,Nano-Cap,641825,NCM
JOB,GEE Group Inc.,Industrials,Nano-Cap,1506974,ASE
POAS,Phaos Technology Holdings (Caym,Healthcare,Nano-Cap,860459,ASE
MAXN,"Maxeon Solar Technologies, Ltd.",Technology,Nano-Cap,2027459,NMS
LTRN,Lantern Pharma Inc.,Healthcare,Nano-Cap,581320,NCM
PMEC,Primech Holdings Ltd.,Industrials,Nano-Cap,598972,NCM
DBGI,"Digital Brands Group, Inc.",Consumer Cyclical,Nano-Cap,661190,NCM
FEMY,Femasys Inc.,Healthcare,Nano-Cap,514535,NCM
TURB,"Turbo Energy, S.A.",Technology,Nano-Cap,6138738,NCM
SER,"Serina Therapeutics, Inc.",Healthcare,Nano-Cap,3330798,ASE
ICCM,IceCure Medical Ltd.,Healthcare,Nano-Cap,503998,NCM
IINN,Inspira Technologies Oxy B.H.N.,Healthcare,Nano-Cap,684853,NCM
PAPL,Pineapple Financial Inc.,Financial Services,Nano-Cap,3664558,ASE
VTGN,"VistaGen Therapeutics, Inc.",Healthcare,Nano-Cap,800561,NCM
YMT,Yimutian Inc.,Technology,Nano-Cap,5689524,NGM
AREB,"American Rebel Holdings, Inc.",Consumer Cyclical,Nano-Cap,958758,NCM
CYN,Cyngn Inc.,Technology,Nano-Cap,2403904,NCM
QNCX,"Quince Therapeutics, Inc.",Healthcare,Nano-Cap,10466111,NMS
EVTV,"Envirotech Vehicles, Inc.",Consumer Cyclical,Nano-Cap,1410795,NCM
PASW,"Ping An Biomedical Co., Ltd.",Consumer Cyclical,Nano-Cap,631932,NCM
SAGT,SAGTEC GLOBAL LIMITED,Technology,Nano-Cap,1938420,NCM
PBM,Psyence Biomedical Ltd.,Healthcare,Nano-Cap,2721017,NCM
CTXR,"Citius Pharmaceuticals, Inc.",Healthcare,Nano-Cap,728122,NCM
THH,TryHard Holdings Limited,Industrials,Nano-Cap,541525,NCM
BRLS,Borealis Foods Inc.,Consumer Defensive,Nano-Cap,1688666,NCM
OSRH,"OSR Holdings, Inc.",Healthcare,Nano-Cap,5732335,NCM
DFNS,T3 Defense Inc.,Industrials,Nano-Cap,2464366,NGM
RECT,Rectitude Holdings Ltd,Consumer Cyclical,Nano-Cap,2163732,NCM
VNRX,VolitionRX Limited,Healthcare,Nano-Cap,570883,ASE
COCP,"Cocrystal Pharma, Inc.",Healthcare,Nano-Cap,2425501,NCM
AGAE,Allied Gaming & Entertainment I,Communication Services,Nano-Cap,16002338,NCM
LZMH,LZ Technology Holdings Limited,Technology,Nano-Cap,5676243,NCM
RMSG,Real Messenger Corporation,Technology,Nano-Cap,14326258,NCM
PRZO,ParaZero Technologies Ltd.,Industrials,Nano-Cap,991338,NCM
SWVL,Swvl Holdings Corp,Industrials,Nano-Cap,743158,NCM
COSM,Cosmos Health Inc.,Healthcare,Nano-Cap,888111,NCM
SELX,Semilux International Ltd.,Technology,Nano-Cap,1858604,NCM
DOGZ,Dogness (International) Corpora,Consumer Cyclical,Nano-Cap,552422,NCM
TPET,Trio Petroleum Corp.,Energy,Nano-Cap,37413646,ASE
AMOD,"Alpha Modus Holdings, Inc.",Technology,Nano-Cap,554233,NCM
NCI,Neo-Concept International Group,Consumer Cyclical,Nano-Cap,5084950,NCM
TOVX,"Theriva Biologics, Inc.",Healthcare,Nano-Cap,26114048,ASE
WGRX,"Wellgistics Health, Inc.",Healthcare,Nano-Cap,12442511,NCM
TBH,"Brag House Holdings, Inc.",Communication Services,Nano-Cap,712320,NCM
SCNX,"Scienture Holdings, Inc.",Healthcare,Nano-Cap,3016916,NCM
SMX,SMX (Security Matters) Public L,Industrials,Nano-Cap,1558102,NCM
NIXX,"Nixxy, Inc.",Industrials,Nano-Cap,917408,NCM
BRN,"Barnwell Industries, Inc.",Energy,Nano-Cap,788943,ASE
STAK,STAK Inc.,Energy,Nano-Cap,4928361,NCM
GFAI,"Guardforce AI Co., Limited",Industrials,Nano-Cap,2158000,NCM
BFRG,"Bullfrog AI Holdings, Inc.",Healthcare,Nano-Cap,11441124,NCM
CHOW,ChowChow Cloud International Ho,Technology,Nano-Cap,7622804,ASE
RBNE,Robin Energy Ltd.,Energy,Nano-Cap,5587604,NCM
HOTH,"Hoth Therapeutics, Inc.",Healthcare,Nano-Cap,2625980,NCM
RIME,"Algorhythm Holdings, Inc.",Technology,Nano-Cap,7150196,NCM
SLAI,SOLAI Limited,Technology,Nano-Cap,557216,NYQ
CREG,Smart Powerr Corp.,Utilities,Nano-Cap,10517193,NCM
PHIO,Phio Pharmaceuticals Corp.,Healthcare,Nano-Cap,3706514,NCM
MWYN,"Marwynn Holdings, Inc.",Consumer Cyclical,Nano-Cap,1232246,NCM
SNGX,"Soligenix, Inc.",Healthcare,Nano-Cap,559116,NCM
AIXI,XIAO-I Corporation,Technology,Nano-Cap,55398277,NGM
PMNT,Perfect Moment Ltd.,Consumer Cyclical,Nano-Cap,11165635,ASE
GXAI,Gaxos.ai Inc.,Communication Services,Nano-Cap,9962717,NCM
KITT,"Nauticus Robotics, Inc.",Industrials,Nano-Cap,530705,NCM
MDCX,Medicus Pharma Ltd.,Healthcare,Nano-Cap,6124390,NCM
ELAB,PMGC Holdings Inc.,Healthcare,Nano-Cap,7490910,NCM
MYSE,"Myseum.AI, Inc.",Technology,Nano-Cap,4744603,NCM
MTEK,Maris-Tech Ltd.,Technology,Nano-Cap,834662,NCM
CYCN,"Cyclerion Therapeutics, Inc.",Healthcare,Nano-Cap,4651593,NCM
BANL,CBL International Limited,Energy,Nano-Cap,1655385,NCM
BTOC,Armlogi Holding Corp.,Industrials,Nano-Cap,933627,NGM
PRSO,Peraso Inc.,Technology,Nano-Cap,7835953,NCM
CURX,Curanex Pharmaceuticals Inc,Healthcare,Nano-Cap,4316025,NCM
TOMZ,"TOMI Environmental Solutions, I",Industrials,Nano-Cap,740979,NCM
YAAS,Youxin Technology Ltd,Technology,Nano-Cap,3053212,NCM
DLXY,Delixy Holdings Limited,Energy,Nano-Cap,3215033,NCM
LHSW,Lianhe Sowell International Gro,Technology,Nano-Cap,4094948,NCM
GDTC,CytoMed Therapeutics Limited,Healthcare,Nano-Cap,562504,NCM
WETO,Wetour Robotics Limited,Technology,Nano-Cap,1840998,NCM
CETX,Cemtrex Inc.,Technology,Nano-Cap,3688062,NCM
RVPH,Reviva Pharmaceuticals Holdings,Healthcare,Nano-Cap,555354,NCM
GTBP,"GT Biopharma, Inc.",Healthcare,Nano-Cap,914341,NCM
BTBD,"BT Brands, Inc.",Consumer Cyclical,Nano-Cap,913222,NCM
CCHH,CCH Holdings Ltd,Consumer Cyclical,Nano-Cap,6933924,NCM
VRME,"VerifyMe, Inc.",Industrials,Nano-Cap,546029,NCM
CXAI,CXApp Inc.,Technology,Nano-Cap,9918927,NCM
LNAI,Lunai Bioworks Inc.,Healthcare,Nano-Cap,19555282,NCM
TDIC,Dreamland Limited,Communication Services,Nano-Cap,1518447,NCM
YCBD,"cbdMD, Inc.",Healthcare,Nano-Cap,1582948,ASE
UGRO,"urban-gro, Inc.",Industrials,Nano-Cap,5068602,NCM
LOBO,LOBO TECHNOLOGIES LTD.,Consumer Cyclical,Nano-Cap,3535625,NCM
HCAI,Huachen AI Parking Management T,Industrials,Nano-Cap,1162262,NCM
BNZI,"Banzai International, Inc.",Technology,Nano-Cap,897720,NCM
BIAF,"bioAffinity Technologies, Inc.",Healthcare,Nano-Cap,8769166,NCM
NOTV,"Inotiv, Inc.",Healthcare,Nano-Cap,694785,NCM
SEGG,Sports Entertainment Gaming Glo,Consumer Cyclical,Nano-Cap,2423741,NGM
APRE,"Aprea Therapeutics, Inc.",Healthcare,Nano-Cap,503617,NCM
VSEE,"VSee Health, Inc.",Healthcare,Nano-Cap,593004,NCM
CLIK,CLICK HOLDINGS LIMITED,Consumer Cyclical,Nano-Cap,1436119,NCM
CETY,"Clean Energy Technologies, Inc.",Industrials,Nano-Cap,636488,NCM
GNPX,"Genprex, Inc.",Healthcare,Nano-Cap,919196,NCM
TNON,"Tenon Medical, Inc.",Healthcare,Nano-Cap,1024093,NCM
DKI,DarkIris Inc.,Communication Services,Nano-Cap,8773453,NCM
XWEL,"XWELL, Inc.",Healthcare,Nano-Cap,8403641,NCM
LIMN,"Liminatus Pharma, Inc.",Healthcare,Nano-Cap,11423695,NGM
NXL,"Nexalin Technology, Inc.",Healthcare,Nano-Cap,603875,NCM
HXHX,Haoxin Holdings Limited,Industrials,Nano-Cap,1855966,NCM
FBGL,FBS Global Limited,Industrials,Nano-Cap,1103854,NCM
AGRZ,Agroz Inc.,Consumer Defensive,Nano-Cap,6016832,NCM
RETO,"ReTo Eco-Solutions, Inc.",Basic Materials,Nano-Cap,1296624,NCM
ONFO,Onfolio Holdings Inc.,Communication Services,Nano-Cap,4947361,NCM
ENVB,"Enveric Biosciences, Inc.",Healthcare,Nano-Cap,4079509,NCM
MIMI,Mint Incorporation Limited,Industrials,Nano-Cap,11918753,NCM
SYNX,Silynxcom Ltd.,Technology,Nano-Cap,1378614,ASE
SILO,"Silo Pharma, Inc.",Healthcare,Nano-Cap,4907116,NCM
ATER,"Aterian, Inc.",Consumer Cyclical,Nano-Cap,4360150,NCM
MGN,Megan Holdings Limited,Industrials,Nano-Cap,12032164,NCM
GVH,Globavend Holdings Limited - Or,Industrials,Nano-Cap,1933080,NCM
OXBR,Oxbridge Re Holdings Limited,Financial Services,Nano-Cap,607132,NCM
OBAI,"Our Bond, Inc.",Technology,Nano-Cap,1661891,NGM
MGRX,"Mangoceuticals, Inc.",Healthcare,Nano-Cap,12550674,NCM
RENX,RenX Enterprises Corp.,Real Estate,Nano-Cap,3058015,NCM
FMFC,Kandal M Venture Limited,Consumer Cyclical,Nano-Cap,1078320,NCM
WLDS,Wearable Devices Ltd.,Technology,Nano-Cap,2517445,NCM
QUCY,Mainz Biomed N.V.,Healthcare,Nano-Cap,856332,NCM
CUPR,Cuprina Holdings (Cayman) Limit,Healthcare,Nano-Cap,1877195,NCM
DAIC,"CID HoldCo, Inc.",Technology,Nano-Cap,635477,NGM
CODX,"Co-Diagnostics, Inc.",Healthcare,Nano-Cap,1187482,NCM
CANF,Can-Fite Biopharma Ltd,Healthcare,Nano-Cap,1125746,ASE
HCWC,Healthy Choice Wellness Corp.,Consumer Defensive,Nano-Cap,1458959,ASE
GSUN,Golden Sun Technology Group Lim,Consumer Defensive,Nano-Cap,1987211,NCM
POLA,"Polar Power, Inc.",Industrials,Nano-Cap,1435419,NCM
AMZE,"Amaze Holdings, Inc.",Technology,Nano-Cap,1809888,ASE
SOPA,Society Pass Incorporated,Communication Services,Nano-Cap,1775953,NCM
OLB,"The OLB Group, Inc.",Technology,Nano-Cap,9099175,NCM
AZI,Autozi Internet Technology (Glo,Consumer Cyclical,Nano-Cap,1076012,NGM
WBUY,WEBUY GLOBAL LTD.,Consumer Cyclical,Nano-Cap,1419261,NCM
EEIQ,EpicQuest Education Group Inter,Consumer Defensive,Nano-Cap,2370733,NCM
ASTC,Astrotech Corporation,Technology,Nano-Cap,2040556,NCM
ACXP,"Acurx Pharmaceuticals, Inc.",Healthcare,Nano-Cap,3127620,NCM
XTLB,XTL Biopharmaceuticals Ltd.,Healthcare,Nano-Cap,1876357,NCM
OLOX,Olenox Industries Inc.,Industrials,Nano-Cap,1374475,NCM
JCSE,JE Cleantech Holdings Limited,Industrials,Nano-Cap,707017,NCM
CNEY,CN Energy Group Inc.,Basic Materials,Nano-Cap,634096,NCM
BRTX,"BioRestorative Therapies, Inc.",Healthcare,Nano-Cap,9690222,NCM
ERNA,Ernexa Therapeutics Inc.,Healthcare,Nano-Cap,1804779,NCM
CYCU,"Cycurion, Inc.",Technology,Nano-Cap,1644085,NGM
CDIO,Cardio Diagnostics Holdings Inc,Healthcare,Nano-Cap,3637879,NCM
ANY,Sphere 3D Corp.,Financial Services,Nano-Cap,602436,NCM
SMTK,"SmartKem, Inc.",Technology,Nano-Cap,1045516,NCM
MLEC,Moolec Science SA,Healthcare,Nano-Cap,1288629,NCM
ITOC,iTonic Holdings Ltd,Healthcare,Nano-Cap,3230570,NCM
CHNR,"China Natural Resources, Inc.",Basic Materials,Nano-Cap,726877,NCM
CIIT,"Tianci International, Inc.",Industrials,Nano-Cap,757827,NCM
JDZG,JIADE LIMITED,Consumer Defensive,Nano-Cap,842606,NCM
DRMA,"Dermata Therapeutics, Inc.",Healthcare,Nano-Cap,1488330,NCM
AKAN,Akanda Corp.,Healthcare,Nano-Cap,1957126,NCM
SQFT,"Presidio Property Trust, Inc.",Real Estate,Nano-Cap,819862,NCM
GP,GreenPower Motor Company Inc.,Industrials,Nano-Cap,568262,NCM
VSA,VisionSys AI Inc.,Consumer Defensive,Nano-Cap,10589612,NCM
FEED,"ENvue Medical, Inc.",Healthcare,Nano-Cap,3934843,NCM
WNW,Meiwu Technology Company Limite,Consumer Cyclical,Nano-Cap,707125,NCM
ISPC,iSpecimen Inc.,Healthcare,Nano-Cap,742566,NCM
CAPS,Capstone Holding Corp.,Basic Materials,Nano-Cap,1983630,NCM
YMAT,"J-Star Holding Co., Ltd.",Basic Materials,Nano-Cap,1262196,NCM
CDTG,CDT Environmental Technology In,Industrials,Nano-Cap,868845,NCM
IZM,ICZOOM Group Inc.,Technology,Nano-Cap,1805922,NCM
SOAR,"Volato Group, Inc.",Industrials,Nano-Cap,6877843,ASE
SXTP,"60 Degrees Pharmaceuticals, Inc",Healthcare,Nano-Cap,1237116,NCM
HCTI,"Healthcare Triangle, Inc.",Healthcare,Nano-Cap,692051,NCM
DXST,Decent Holding Inc.,Industrials,Nano-Cap,1934625,NCM
DEVS,DevvStream Corp.,Industrials,Nano-Cap,980154,NCM
MI,NFT Limited,Consumer Cyclical,Nano-Cap,1474301,ASE
BOXL,Boxlight Corporation,Technology,Nano-Cap,4676832,NCM
MNDR,Mobile-health Network Solutions,Healthcare,Nano-Cap,1107630,NCM
XRTX,XORTX Therapeutics Inc.,Healthcare,Nano-Cap,1263764,NCM
SUNE,"SUNation Energy, Inc.",Technology,Nano-Cap,3986145,NCM
ALP,Alpha Compute Corp,Financial Services,Nano-Cap,5368453,NCM
AIM,AIM ImmunoTech Inc.,Healthcare,Nano-Cap,4613041,ASE
GBR,"New Concept Energy, Inc",Real Estate,Nano-Cap,1168016,ASE
EZRA,"Reliance Global Group, Inc.",Financial Services,Nano-Cap,16173093,NCM
GLMD,Galmed Pharmaceuticals Ltd.,Healthcare,Nano-Cap,3035264,NCM
ENSC,"Ensysce Biosciences, Inc.",Healthcare,Nano-Cap,6067237,NCM
VEEE,Twin Vee PowerCats Co.,Consumer Cyclical,Nano-Cap,6729385,NCM
ELPW,Elong Power Holding Limited,Industrials,Nano-Cap,3970250,NCM
VCIG,VCI Global Limited,Industrials,Nano-Cap,731924,NCM
ARTL,"Artelo Biosciences, Inc.",Healthcare,Nano-Cap,3415118,NCM
FCUV,Focus Universal Inc.,Technology,Nano-Cap,930691,NCM
UCAR,U Power Limited,Consumer Cyclical,Nano-Cap,13190187,NCM
SBLX,"StableX Technologies, Inc.",Consumer Cyclical,Nano-Cap,1682895,NCM
ABTS,Abits Group Inc,Financial Services,Nano-Cap,1111556,NCM
NCRA,"Nocera, Inc.",Consumer Defensive,Nano-Cap,1130012,NCM
AZTR,Azitra Inc,Healthcare,Nano-Cap,12267232,ASE
RAYA,Erayak Power Solution Group Inc,Industrials,Nano-Cap,803871,NCM
BTOG,Bit Origin Limited,Financial Services,Nano-Cap,583780,NCM
ITP,"IT Tech Packaging, Inc.",Basic Materials,Nano-Cap,1334706,ASE
ALBT,Avalon GloboCare Corp.,Real Estate,Nano-Cap,7228490,NCM
IVDA,"Iveda Solutions, Inc.",Industrials,Nano-Cap,4456454,NCM
LNKS,Linkers Industries Limited,Industrials,Nano-Cap,784185,NCM
BNBX,BNB Plus Corp.,Financial Services,Nano-Cap,849351,NCM
HCWB,HCW Biologics Inc.,Healthcare,Nano-Cap,8845843,NCM
SBEV,"Splash Beverage Group, Inc. (NV",Consumer Defensive,Nano-Cap,2171756,ASE
VSME,VS Media Holdings Limited,Communication Services,Nano-Cap,1027569,NCM
PFSA,"Profusa, Inc.",Healthcare,Nano-Cap,5094403,NGM
ASNS,"Actelis Networks, Inc.",Technology,Nano-Cap,30474250,NCM
NVVE,Nuvve Holding Corp.,Consumer Cyclical,Nano-Cap,746637,NCM
PPCB,"Propanc Biopharma, Inc.",Healthcare,Nano-Cap,4025290,NCM
VTAK,"Catheter Precision, Inc.",Healthcare,Nano-Cap,1158093,ASE
FRGT,"Freight Technologies, Inc.",Technology,Nano-Cap,685693,NCM
AUUD,Auddia Inc.,Technology,Nano-Cap,1839030,NCM
AEHL,Antelope Enterprise Holdings Li,Industrials,Nano-Cap,954006,NCM
MEHA,"Functional Brands, Inc.",Consumer Defensive,Nano-Cap,6484875,NCM
LBGJ,Li Bang International Corporati,Industrials,Nano-Cap,577186,NCM
CLDI,"Calidi Biotherapeutics, Inc.",Healthcare,Nano-Cap,3514108,ASE
ZONE,CleanCore Solutions Inc.,Industrials,Nano-Cap,2216425,ASE
ATPC,Agape ATP Corporation,Consumer Defensive,Nano-Cap,1993571,NCM
JEM,707 Cayman Holdings Limited,Consumer Cyclical,Nano-Cap,817895,NCM
HUBC,Hub Cyber Security Ltd.,Technology,Nano-Cap,765870,NCM
ORIS,Oriental Rise Holdings Limited,Consumer Defensive,Nano-Cap,794935,NCM
TRNR,Interactive Strength Inc.,Consumer Cyclical,Nano-Cap,773671,NCM
LRHC,La Rosa Holdings Corp.,Real Estate,Nano-Cap,501679,NCM
PRFX,PRF Technologies Ltd.,Healthcare,Nano-Cap,716633,NCM
IBG,Innovation Beverage Group Limit,Consumer Defensive,Nano-Cap,695601,NCM
CMND,Clearmind Medicine Inc.,Healthcare,Nano-Cap,4842743,NCM
MASK,3 E Network Technology Group Lt,Technology,Nano-Cap,2489669,NCM
BIYA,Baiya International Group Inc.,Technology,Nano-Cap,4895601,NCM
ZSPC,"zSpace, Inc.",Technology,Nano-Cap,1271926,NCM
NEXR,Nexera Technologies Ltd,Consumer Cyclical,Nano-Cap,830117,NCM
SCNI,Scinai Immunotherapeutics Ltd.,Healthcare,Nano-Cap,3347469,NCM
KIDZ,"Classover Holdings, Inc.",Consumer Defensive,Nano-Cap,3766947,NCM
PAVS,Paranovus Entertainment Technol,Consumer Defensive,Nano-Cap,1055312,NCM
GCTK,"GlucoTrack, Inc.",Healthcare,Nano-Cap,2868664,NCM
IPW,iPower Inc.,Consumer Cyclical,Nano-Cap,1075038,NCM
GIPR,Generation Income Properties In,Real Estate,Nano-Cap,1215559,NCM
INHD,Inno Holdings Inc.,Basic Materials,Nano-Cap,18047877,NCM
JZXN,"Jiuzi Holdings, Inc.",Consumer Cyclical,Nano-Cap,3243712,NCM
CTNT,Cheetah Net Supply Chain Servic,Industrials,Nano-Cap,568218,NCM
VRAX,Virax Biolabs Group Limited,Healthcare,Nano-Cap,12892495,NCM
GV,Visionary Holdings Inc.,Consumer Defensive,Nano-Cap,15819966,NCM
WORX,SCWorx Corp.,Healthcare,Nano-Cap,702133,NCM
ASBP,"Aspire Biopharma Holdings, Inc.",Healthcare,Nano-Cap,10006904,NCM
EDBL,Edible Garden AG Incorporated,Consumer Defensive,Nano-Cap,1522377,NCM
HKIT,Hitek Global Inc.,Technology,Nano-Cap,834674,NCM
ONCO,"Onconetix, Inc.",Healthcare,Nano-Cap,7513895,NCM
ADTX,"Aditxt, Inc.",Healthcare,Nano-Cap,1420642,NCM
FCHL,Fitness Champs Holdings Limited,Consumer Defensive,Nano-Cap,14883969,NCM
PSUS,N/A,,Nano-Cap,4547400,NYQ
IAUM,iShares Gold Trust Micro Shares,N/A,Nano-Cap,5762956,PCX
XE,"X-Energy, Inc.",Industrials,Mid-Cap,22111940,NMS
ETHB,iShares Staked Ethereum Trust E,N/A,Nano-Cap,546474,NGM
IBIT,iShares Bitcoin Trust ETF,N/A,Nano-Cap,61346851,NGM
TSM,Taiwan Semiconductor Manufactur,Technology,Mega-Cap,13615425,NYQ
VIAV,Viavi Solutions Inc.,Technology,Nano-Cap,6121964,NMS
BTC,Grayscale Bitcoin Mini Trust (B,N/A,Nano-Cap,4427514,PCX
XRP,Bitwise XRP ETF,N/A,Nano-Cap,605108,PCX
YYGH,YY Group Holding Limited,Consumer Cyclical,Nano-Cap,698780,NCM
GSOL,Grayscale Solana Staking ETF,N/A,Nano-Cap,1371432,PCX
ETHA,iShares Ethereum Trust ETF,N/A,Nano-Cap,40239229,NGM
ETHW,Bitwise Ethereum ETF,N/A,Nano-Cap,1576741,PCX
ETH,Grayscale Ethereum Staking Mini,N/A,Nano-Cap,6655230,PCX
SBMT,N/A,Basic Materials,Nano-Cap,1158900,ASE
BSOL,Bitwise Solana Staking ETF,N/A,Nano-Cap,2363970,PCX
H,Hyatt Hotels Corporation,Consumer Cyclical,Nano-Cap,902759,NYQ
MSBT,Common,N/A,Nano-Cap,754216,PCX
BAR,GraniteShares Gold Trust Shares,N/A,Nano-Cap,644608,PCX
BITB,Bitwise Bitcoin ETF,N/A,Nano-Cap,3312537,PCX
SNYR,Synergy CHC Corp.,Healthcare,Nano-Cap,1354416,NCM
AVLN,Avalyn Pharma Inc. Common Stock,Healthcare,Small-Cap,6508500,NGM
ETHE,Grayscale Ethereum Staking ETF ,N/A,Nano-Cap,4590119,PCX
OPTU,"Optimum Communications, Inc.",Communication Services,Nano-Cap,2353575,NYQ
EDSA,"Edesa Biotech, Inc.",Healthcare,Nano-Cap,4600700,NCM
ASTI,"Ascent Solar Technologies, Inc",Technology,Nano-Cap,1751854,NCM
UUP,Invesco DB USD Index Bullish Fu,N/A,Nano-Cap,2609808,PCX
BNO,"United States Brent Oil Fund, L",N/A,Nano-Cap,5764946,PCX
SIVR,abrdn Physical Silver Shares ET,N/A,Nano-Cap,3186109,PCX
GLDM,SPDR Gold MiniShares Trust,N/A,Nano-Cap,8019225,PCX
VFF,"Village Farms International, In",Consumer Defensive,Nano-Cap,1161545,NCM
BPRE,N/A,Financial Services,Nano-Cap,620338,NYQ
OUNZ,VanEck Merk Gold ETF,N/A,Nano-Cap,1394453,PCX
SGOL,abrdn Physical Gold Shares ETF,N/A,Nano-Cap,5354819,PCX
WDS,Woodside Energy Group Limited,Energy,Large-Cap,1278911,NYQ
MTCH,"Match Group, Inc.",Communication Services,Nano-Cap,5262301,NMS
FHN,First Horizon Corporation,Financial Services,Large-Cap,5844885,NYQ
ACCO,Acco Brands Corporation,Industrials,Small-Cap,1038403,NYQ
GOOG,Alphabet Inc.,Communication Services,Mega-Cap,21201948,NMS
PBR-A,Petroleo Brasileiro S.A. Petrob,Energy,Large-Cap,12060227,NYQ
FOX,Fox Corporation,Communication Services,Large-Cap,1772522,NMS
PSTG,"Everpure, Inc.",Technology,Large-Cap,2894515,NYQ
FWONK,Liberty Media Corporation - Ser,Communication Services,Large-Cap,2172429,NMS
Z,"Zillow Group, Inc.",Communication Services,Large-Cap,4549241,NMS
NWS,News Corporation,Communication Services,Large-Cap,1583750,NMS
BF-B,Brown Forman Inc,Consumer Defensive,Large-Cap,6073577,NYQ
FNGD,MicroSectors FANG  Index -3X In,N/A,Nano-Cap,747720,PCX
LBRDK,Liberty Broadband Corporation,Communication Services,Mid-Cap,1465162,NMS
LBTYK,Liberty Global Ltd.,Communication Services,Mid-Cap,1456927,NMS
UA,"Under Armour, Inc.",Consumer Cyclical,Mid-Cap,3072781,NYQ
DAWN,"Day One Biopharmaceuticals, Inc",Healthcare,Mid-Cap,3884837,NMS
LILAK,Liberty Latin America Ltd.,Communication Services,Small-Cap,832664,NMS
HTBK,Heritage Commerce Corp,Financial Services,Small-Cap,663933,NMS
MAPS,"WM Technology, Inc.",Technology,Micro-Cap,2671666,NMS
STRC,Strategy Inc - Variable Rate Se,Technology,Nano-Cap,2540100,NMS
ATON,AlphaTON Capital Corp.,Financial Services,Nano-Cap,5299200,NCM
QVCGA,"QVC Group, Inc. - Series A",Consumer Cyclical,Nano-Cap,2075014,NCM
BA-PA,Boeing Company (The) Depositary,N/A,Nano-Cap,698024,NYQ
PPLC,PPL Corporation Corporate,Utilities,Nano-Cap,705372,NYQ
NEE-PV,"NextEra Energy, Inc. 7.375% Cor",Utilities,Nano-Cap,698410,NYQ
FNGU,MicroSectors FANG+ 3X Leveraged,N/A,Nano-Cap,7137324,PCX
GDXD,MicroSectors Gold Miners -3X In,N/A,Nano-Cap,1220310,PCX
BULZ,MicroSectors FANG & Innovation ,N/A,Nano-Cap,2145316,PCX
SHNY,MicroSectors Gold 3X Leveraged ,N/A,Nano-Cap,1138879,PCX
GDXU,MicroSectors Gold Miners 3X Lev,N/A,Nano-Cap,1121383,PCX
EFOR,"Everforth, Inc.",Technology,Small-Cap,1147311,NYQ
CPER,United States Copper Index Fund,N/A,Nano-Cap,913754,PCX
AGQ,ProShares Ultra Silver,N/A,Nano-Cap,5793524,PCX
BOIL,ProShares Ultra Bloomberg Natur,N/A,Nano-Cap,12464525,PCX
GLL,ProShares UltraShort Gold,N/A,Nano-Cap,7430670,PCX
ZSL,ProShares UltraShort Silver,N/A,Nano-Cap,13242589,PCX
UGL,ProShares Ultra Gold,N/A,Nano-Cap,4372719,PCX
SCO,ProShares UltraShort Bloomberg ,N/A,Nano-Cap,33488758,PCX
UCO,ProShares Ultra Bloomberg Crude,N/A,Nano-Cap,10121583,PCX
KOLD,ProShares UltraShort Bloomberg ,N/A,Nano-Cap,7117579,PCX
CANE,Teucrium Sugar Fund ETV,N/A,Nano-Cap,529698,PCX
CORN,Teucrium Corn Fund ETV,N/A,Nano-Cap,834711,PCX
WEAT,Teucrium Wheat Fund ETV,N/A,Nano-Cap,875054,PCX
ORCL-PD,Oracle Corporation Depositary S,Technology,Nano-Cap,1477957,NYQ
QVCGP,"QVC Group, Inc. - 8.0% Fixed Ra",Consumer Cyclical,Nano-Cap,836987,NCM
NHIVU,NewHold Investment Corp IV,Financial Services,Nano-Cap,658975,NGM
ACGCU,ACP Holdings Acquisition Corp.,Financial Services,Nano-Cap,538372,NGM
KPET-UN,KPET Ultra Paceline Corporation,Financial Services,Nano-Cap,507632,NYQ
