ticker,name,sector,cap_tier,avg_volume,exchange
NVDA,NVIDIA Corporation,Technology,Mega-Cap,166389520,NMS
AAPL,Apple Inc.,Technology,Mega-Cap,44645993,NMS
GOOGL,Alphabet Inc.,Communication Services,Mega-Cap,28843477,NMS
MSFT,Microsoft Corporation,Technology,Mega-Cap,34617223,NMS
AMZN,"Amazon.com, Inc.",Consumer Cyclical,Mega-Cap,44933614,NMS
AVGO,Broadcom Inc.,Technology,Mega-Cap,24438841,NMS
TSLA,"Tesla, Inc.",Consumer Cyclical,Mega-Cap,59863080,NMS
META,"Meta Platforms, Inc.",Communication Services,Mega-Cap,16343579,NMS
MU,"Micron Technology, Inc.",Technology,Mega-Cap,48323617,NMS
BRK-B,Berkshire Hathaway Inc. New,Financial Services,Mega-Cap,4821344,NYQ
LLY,Eli Lilly and Company,Healthcare,Mega-Cap,3102606,NYQ
WMT,Walmart Inc.,Consumer Defensive,Mega-Cap,20227904,NMS
AMD,"Advanced Micro Devices, Inc.",Technology,Mega-Cap,37466020,NMS
JPM,JP Morgan Chase & Co.,Financial Services,Mega-Cap,9277961,NYQ
ASML,ASML Holding N.V. - New York Re,Technology,Mega-Cap,1702714,NMS
ORCL,Oracle Corporation,Technology,Mega-Cap,27594049,NYQ
XOM,Exxon Mobil Corporation,Energy,Mega-Cap,20489155,NYQ
V,Visa Inc.,Financial Services,Mega-Cap,7502390,NYQ
INTC,Intel Corporation,Technology,Mega-Cap,122528149,NMS
JNJ,Johnson & Johnson,Healthcare,Mega-Cap,7685490,NYQ
CSCO,"Cisco Systems, Inc.",Technology,Mega-Cap,23694961,NMS
ARM,Arm Holdings plc,Technology,Mega-Cap,9836884,NMS
LRCX,Lam Research Corporation,Technology,Mega-Cap,9726787,NMS
CAT,"Caterpillar, Inc.",Industrials,Mega-Cap,2532495,NYQ
COST,Costco Wholesale Corporation,Consumer Defensive,Mega-Cap,1981238,NMS
MA,Mastercard Incorporated,Financial Services,Mega-Cap,3536014,NYQ
AMAT,"Applied Materials, Inc.",Technology,Mega-Cap,6816000,NMS
ABBV,AbbVie Inc.,Healthcare,Mega-Cap,6637939,NYQ
CVX,Chevron Corporation,Energy,Mega-Cap,12053452,NYQ
BAC,Bank of America Corporation,Financial Services,Mega-Cap,37962047,NYQ
NFLX,"Netflix, Inc.",Communication Services,Mega-Cap,38250077,NMS
UNH,UnitedHealth Group Incorporated,Healthcare,Mega-Cap,8086222,NYQ
PLTR,Palantir Technologies Inc.,Technology,Mega-Cap,45909012,NMS
KO,Coca-Cola Company (The),Consumer Defensive,Mega-Cap,14907193,NYQ
MS,Morgan Stanley,Financial Services,Mega-Cap,6257996,NYQ
GE,GE Aerospace,Industrials,Mega-Cap,5943315,NYQ
PG,Procter & Gamble Company (The),Consumer Defensive,Mega-Cap,9545731,NYQ
HSBC,"HSBC Holdings, plc.",Financial Services,Mega-Cap,1898968,NYQ
HD,"Home Depot, Inc. (The)",Consumer Cyclical,Mega-Cap,4476587,NYQ
GS,"Goldman Sachs Group, Inc. (The)",Financial Services,Mega-Cap,2113679,NYQ
BABA,Alibaba Group Holding Limited,Consumer Cyclical,Mega-Cap,11448755,NYQ
IBM,International Business Machines,Technology,Mega-Cap,7707209,NYQ
MRK,"Merck & Company, Inc.",Healthcare,Mega-Cap,9510641,NYQ
TXN,Texas Instruments Incorporated,Technology,Mega-Cap,7420380,NMS
KLAC,KLA Corporation,Technology,Mega-Cap,988739,NMS
PM,Philip Morris International Inc,Consumer Defensive,Mega-Cap,4915723,NYQ
NVS,Novartis AG,Healthcare,Mega-Cap,1686893,NYQ
AZN,AstraZeneca PLC,Healthcare,Mega-Cap,1930820,NYQ
DELL,Dell Technologies Inc.,Technology,Mega-Cap,8808695,NYQ
SNDK,Sandisk Corporation,Technology,Mega-Cap,15914819,NMS
RY,Royal Bank Of Canada,Financial Services,Mega-Cap,1484423,NYQ
MRVL,"Marvell Technology, Inc.",Technology,Mega-Cap,30691420,NMS
QCOM,QUALCOMM Incorporated,Technology,Mega-Cap,19683434,NMS
GEV,GE Vernova Inc.,Industrials,Mega-Cap,2520498,NYQ
SHEL,Shell PLC,Energy,Mega-Cap,8073091,NYQ
WFC,Wells Fargo & Company,Financial Services,Mega-Cap,17416430,NYQ
LIN,Linde plc,Basic Materials,Mega-Cap,2277444,NMS
RTX,RTX Corporation,Industrials,Mega-Cap,5380242,NYQ
BHP,BHP Group Limited,Basic Materials,Mega-Cap,2986539,NYQ
PANW,"Palo Alto Networks, Inc.",Technology,Mega-Cap,8324363,NMS
ANET,"Arista Networks, Inc.",Technology,Large-Cap,8985455,NYQ
C,"Citigroup, Inc.",Financial Services,Mega-Cap,12754204,NYQ
MUFG,"Mitsubishi UFJ Financial Group,",Financial Services,Mega-Cap,3440555,NYQ
ADI,"Analog Devices, Inc.",Technology,Large-Cap,3937093,NMS
SAP,SAP  SE,Technology,Mega-Cap,3422852,NYQ
STX,Seagate Technology Holdings PLC,Technology,Large-Cap,3917273,NMS
AXP,American Express Company,Financial Services,Mega-Cap,3317693,NYQ
WDC,Western Digital Corporation,Technology,Large-Cap,7830826,NMS
TTE,TotalEnergies SE,Energy,Large-Cap,1937228,NYQ
TMUS,"T-Mobile US, Inc.",Communication Services,Large-Cap,5526430,NMS
PEP,"Pepsico, Inc.",Consumer Defensive,Large-Cap,6462846,NMS
VZ,Verizon Communications Inc.,Communication Services,Large-Cap,24450023,NYQ
MCD,McDonald's Corporation,Consumer Cyclical,Large-Cap,3618928,NYQ
APP,Applovin Corporation,Communication Services,Large-Cap,4677550,NMS
CRWD,"CrowdStrike Holdings, Inc.",Technology,Large-Cap,3492638,NMS
NVO,Novo Nordisk A/S,Healthcare,Large-Cap,16415926,NYQ
TD,Toronto Dominion Bank (The),Financial Services,Large-Cap,2351571,NYQ
AMGN,Amgen Inc.,Healthcare,Large-Cap,2589563,NMS
APH,Amphenol Corporation,Technology,Large-Cap,9754369,NYQ
NEE,"NextEra Energy, Inc.",Utilities,Large-Cap,10381349,NYQ
TMO,Thermo Fisher Scientific Inc,Healthcare,Large-Cap,2271979,NYQ
RIO,Rio Tinto Plc,Basic Materials,Large-Cap,2774330,NYQ
SAN,"Banco Santander, S.A. Sponsored",Financial Services,Large-Cap,10583042,NYQ
TJX,"TJX Companies, Inc. (The)",Consumer Cyclical,Large-Cap,5043538,NYQ
DIS,Walt Disney Company (The),Communication Services,Large-Cap,9375711,NYQ
GLW,Corning Incorporated,Technology,Large-Cap,13118168,NYQ
BA,Boeing Company (The),Industrials,Large-Cap,7154161,NYQ
ETN,"Eaton Corporation, PLC",Industrials,Large-Cap,2663653,NYQ
SCCO,Southern Copper Corporation,Basic Materials,Large-Cap,1544215,NYQ
T,AT&T Inc.,Communication Services,Large-Cap,39664052,NYQ
GILD,"Gilead Sciences, Inc.",Healthcare,Large-Cap,6116966,NMS
DE,Deere & Company,Industrials,Large-Cap,1302069,NYQ
CRM,"Salesforce, Inc.",Technology,Large-Cap,14050801,NYQ
UNP,Union Pacific Corporation,Industrials,Large-Cap,3025879,NYQ
UBS,UBS Group AG Registered,Financial Services,Large-Cap,2597226,NYQ
BLK,"BlackRock, Inc.",Financial Services,Large-Cap,785763,NYQ
BUD,Anheuser-Busch Inbev SA Sponsor,Consumer Defensive,Large-Cap,1932925,NYQ
ABT,Abbott Laboratories,Healthcare,Large-Cap,12664311,NYQ
SCHW,Charles Schwab Corporation (The,Financial Services,Large-Cap,10696252,NYQ
IBKR,"Interactive Brokers Group, Inc.",Financial Services,Large-Cap,4943676,NMS
SHOP,Shopify Inc.,Technology,Large-Cap,10172723,NMS
SMFG,Sumitomo Mitsui Financial Group,Financial Services,Large-Cap,2142738,NYQ
UBER,"Uber Technologies, Inc.",Technology,Large-Cap,17261163,NYQ
COP,ConocoPhillips,Energy,Large-Cap,9105711,NYQ
PFE,"Pfizer, Inc.",Healthcare,Large-Cap,37143103,NYQ
ISRG,"Intuitive Surgical, Inc.",Healthcare,Large-Cap,2120861,NMS
HON,Honeywell International Inc.,Industrials,Large-Cap,4076890,NMS
WELL,Welltower Inc.,Real Estate,Large-Cap,3233344,NYQ
BX,Blackstone Inc.,Financial Services,Large-Cap,7423482,NYQ
PLD,"Prologis, Inc.",Real Estate,Large-Cap,3490584,NYQ
SONY,Sony Group Corporation,Technology,Large-Cap,6223619,NYQ
BKNG,Booking Holdings Inc. Common St,Consumer Cyclical,Large-Cap,7852217,NMS
VRT,"Vertiv Holdings, LLC",Industrials,Large-Cap,7513420,NYQ
BTI,British American Tobacco  Indus,Consumer Defensive,Large-Cap,4298612,NYQ
DHR,Danaher Corporation,Healthcare,Large-Cap,4511938,NYQ
BBVA,Banco Bilbao Vizcaya Argentaria,Financial Services,Large-Cap,1784379,NYQ
ENB,Enbridge Inc,Energy,Large-Cap,4603539,NYQ
SPGI,S&P Global Inc.,Financial Services,Large-Cap,1990693,NYQ
NOW,"ServiceNow, Inc.",Technology,Large-Cap,26500082,NYQ
PDD,PDD Holdings Inc.,Consumer Cyclical,Large-Cap,8677185,NMS
CB,Chubb Limited,Financial Services,Large-Cap,1653873,NYQ
HDB,HDFC Bank Limited,Financial Services,Large-Cap,9902836,NYQ
UL,Unilever PLC,Consumer Defensive,Large-Cap,4623166,NYQ
LMT,Lockheed Martin Corporation,Industrials,Large-Cap,1479719,NYQ
MO,"Altria Group, Inc.",Consumer Defensive,Large-Cap,9385855,NYQ
PBR,Petroleo Brasileiro S.A. Petrob,Energy,Large-Cap,26660215,NYQ
CVS,CVS Health Corporation,Healthcare,Large-Cap,7890296,NYQ
LOW,"Lowe's Companies, Inc.",Consumer Cyclical,Large-Cap,2764690,NYQ
MFG,"Mizuho Financial Group, Inc. Sp",Financial Services,Large-Cap,4270795,NYQ
NEM,Newmont Corporation,Basic Materials,Large-Cap,8980193,NYQ
BMO,Bank Of Montreal,Financial Services,Large-Cap,811301,NYQ
SYK,Stryker Corporation,Healthcare,Large-Cap,2513184,NYQ
PGR,Progressive Corporation (The),Financial Services,Large-Cap,2979628,NYQ
BP,BP p.l.c.,Energy,Large-Cap,13910761,NYQ
CDNS,"Cadence Design Systems, Inc.",Technology,Large-Cap,2379112,NMS
BMY,Bristol-Myers Squibb Company,Healthcare,Large-Cap,11572720,NYQ
COF,Capital One Financial Corporati,Financial Services,Large-Cap,4725160,NYQ
ACN,Accenture plc,Technology,Large-Cap,6347734,NYQ
SBUX,Starbucks Corporation,Consumer Cyclical,Large-Cap,7892606,NMS
VRTX,Vertex Pharmaceuticals Incorpor,Healthcare,Large-Cap,1308949,NMS
PWR,"Quanta Services, Inc.",Industrials,Large-Cap,1145288,NYQ
FTNT,"Fortinet, Inc.",Technology,Large-Cap,6169761,NMS
PH,Parker-Hannifin Corporation,Industrials,Large-Cap,795349,NYQ
EQIX,"Equinix, Inc.",Real Estate,Large-Cap,571703,NMS
ADBE,Adobe Inc.,Technology,Large-Cap,5571100,NMS
TT,Trane Technologies plc,Industrials,Large-Cap,1358180,NYQ
SO,Southern Company (The),Utilities,Large-Cap,5236792,NYQ
FCX,"Freeport-McMoRan, Inc.",Basic Materials,Large-Cap,16148782,NYQ
SNY,Sanofi,Healthcare,Large-Cap,2992734,NMS
SPOT,Spotify Technology S.A.,Communication Services,Large-Cap,2136230,NYQ
MDT,Medtronic plc.,Healthcare,Large-Cap,9607260,NYQ
GSK,GSK plc,Healthcare,Large-Cap,4181679,NYQ
CNQ,Canadian Natural Resources Limi,Energy,Large-Cap,10983880,NYQ
HWM,Howmet Aerospace Inc.,Industrials,Large-Cap,2401614,NYQ
MAR,Marriott International,Consumer Cyclical,Large-Cap,1449595,NMS
CM,Canadian Imperial Bank of Comme,Financial Services,Large-Cap,1418592,NYQ
BNS,Bank Nova Scotia Halifax Pfd 3,Financial Services,Large-Cap,2504515,NYQ
BN,Brookfield Corporation,Financial Services,Large-Cap,5733090,NYQ
BNY,The Bank of New York Mellon Cor,Financial Services,Large-Cap,3709512,NYQ
CEG,Constellation Energy Corporatio,Utilities,Large-Cap,3298430,NMS
SNPS,"Synopsys, Inc.",Technology,Large-Cap,1842006,NMS
EQNR,Equinor ASA,Energy,Large-Cap,6817734,NYQ
DUK,Duke Energy Corporation (Holdin,Utilities,Large-Cap,3711696,NYQ
CMI,Cummins Inc.,Industrials,Large-Cap,872777,NYQ
NET,"Cloudflare, Inc.",Technology,Large-Cap,4421233,NYQ
NOK,Nokia Corporation Sponsored,Technology,Large-Cap,95525415,NYQ
UPS,"United Parcel Service, Inc.",Industrials,Large-Cap,6335239,NYQ
IBN,ICICI Bank Limited,Financial Services,Large-Cap,7126280,NYQ
CME,CME Group Inc.,Financial Services,Large-Cap,2568155,NMS
GD,General Dynamics Corporation,Industrials,Large-Cap,1321617,NYQ
ADP,"Automatic Data Processing, Inc.",Technology,Large-Cap,3341206,NMS
JCI,Johnson Controls International ,Industrials,Large-Cap,3601566,NYQ
DDOG,"Datadog, Inc.",Technology,Large-Cap,5585126,NMS
MCK,McKesson Corporation,Healthcare,Large-Cap,1019819,NYQ
CIEN,Ciena Corporation,Technology,Large-Cap,2688804,NYQ
ASX,"ASE Technology Holding Co., Ltd",Technology,Large-Cap,7696012,NYQ
PNC,"PNC Financial Services Group, I",Financial Services,Large-Cap,2160755,NYQ
WMB,"Williams Companies, Inc. (The)",Energy,Large-Cap,6406792,NYQ
WM,"Waste Management, Inc.",Industrials,Large-Cap,2100603,NYQ
ING,"ING Group, N.V.",Financial Services,Large-Cap,2840233,NYQ
MNST,Monster Beverage Corporation,Consumer Defensive,Large-Cap,5318311,NMS
CSX,CSX Corporation,Industrials,Large-Cap,13000001,NMS
AEM,Agnico Eagle Mines Limited,Basic Materials,Large-Cap,2486382,NYQ
INTU,Intuit Inc.,Technology,Large-Cap,4163946,NMS
ELV,"Elevance Health, Inc.",Healthcare,Large-Cap,1808749,NYQ
SLB,SLB Limited,Energy,Large-Cap,16268474,NYQ
AMT,American Tower Corporation (REI,Real Estate,Large-Cap,3153690,NYQ
KKR,KKR & Co. Inc.,Financial Services,Large-Cap,5692004,NYQ
CMCSA,Comcast Corporation,Communication Services,Large-Cap,32846085,NMS
ITUB,Itau Unibanco Banco Holding SA,Financial Services,Large-Cap,24461090,NYQ
SNOW,Snowflake Inc.,Technology,Large-Cap,8138961,NYQ
BCS,Barclays PLC,Financial Services,Large-Cap,7358012,NYQ
MELI,"MercadoLibre, Inc.",Consumer Cyclical,Large-Cap,545717,NMS
MPWR,"Monolithic Power Systems, Inc.",Technology,Large-Cap,606241,NMS
USB,U.S. Bancorp,Financial Services,Large-Cap,9400665,NYQ
EPD,Enterprise Products Partners L.,Energy,Large-Cap,4429500,NYQ
BE,Bloom Energy Corporation,Industrials,Large-Cap,10471122,NYQ
COHR,Coherent Corp.,Technology,Large-Cap,7230746,NYQ
NXPI,NXP Semiconductors N.V.,Technology,Large-Cap,3406736,NMS
HCA,"HCA Healthcare, Inc.",Healthcare,Large-Cap,1267196,NYQ
E,ENI S.p.A.,Energy,Large-Cap,561092,NYQ
ABNB,"Airbnb, Inc.",Consumer Cyclical,Large-Cap,3691225,NMS
CP,Canadian Pacific Kansas City Li,Industrials,Large-Cap,2849225,NYQ
MMM,3M Company,Industrials,Large-Cap,3924990,NYQ
EMR,Emerson Electric Company,Industrials,Large-Cap,2961469,NYQ
MDLZ,"Mondelez International, Inc.",Consumer Defensive,Large-Cap,8700006,NMS
NTES,"NetEase, Inc.",Communication Services,Large-Cap,874701,NMS
MCO,Moody's Corporation,Financial Services,Large-Cap,1140001,NYQ
ICE,Intercontinental Exchange Inc.,Financial Services,Large-Cap,3473503,NYQ
MPC,Marathon Petroleum Corporation,Energy,Large-Cap,2547633,NYQ
LYG,Lloyds Banking Group Plc,Financial Services,Large-Cap,20687598,NYQ
VLO,Valero Energy Corporation,Energy,Large-Cap,3654574,NYQ
FDX,FedEx Corporation,Industrials,Large-Cap,2211885,NYQ
SU,Suncor Energy  Inc.,Energy,Large-Cap,4447958,NYQ
SPG,"Simon Property Group, Inc.",Real Estate,Large-Cap,1585788,NYQ
AMX,"America Movil, S.A.B. de C.V.",Communication Services,Large-Cap,1605179,NYQ
RCL,Royal Caribbean Cruises Ltd.,Consumer Cyclical,Large-Cap,2797676,NYQ
MRSH,Marsh,Financial Services,Large-Cap,3028690,NYQ
EOG,"EOG Resources, Inc.",Energy,Large-Cap,4386877,NYQ
HLT,Hilton Worldwide Holdings Inc.,Consumer Cyclical,Large-Cap,1699612,NYQ
ROST,"Ross Stores, Inc.",Consumer Cyclical,Large-Cap,2747369,NMS
NOC,Northrop Grumman Corporation,Industrials,Large-Cap,828314,NYQ
HOOD,"Robinhood Markets, Inc.",Financial Services,Large-Cap,29209098,NMS
PSX,Phillips 66,Energy,Large-Cap,3068531,NYQ
GM,General Motors Company,Consumer Cyclical,Large-Cap,7317904,NYQ
SHW,Sherwin-Williams Company (The),Basic Materials,Large-Cap,1898928,NYQ
HPE,Hewlett Packard Enterprise Comp,Technology,Large-Cap,23133823,NYQ
LITE,Lumentum Holdings Inc.,Technology,Large-Cap,6489092,NMS
CNI,Canadian National Railway Compa,Industrials,Large-Cap,1504261,NYQ
ORLY,"O'Reilly Automotive, Inc.",Consumer Cyclical,Large-Cap,5735214,NMS
BAM,Brookfield Asset Management Inc,Financial Services,Large-Cap,3685050,NYQ
ECL,Ecolab Inc.,Basic Materials,Large-Cap,1615095,NYQ
ITW,Illinois Tool Works Inc.,Industrials,Large-Cap,1315252,NYQ
APO,"Apollo Global Management, Inc. ",Financial Services,Large-Cap,4542023,NYQ
CI,The Cigna Group,Healthcare,Large-Cap,1661601,NYQ
STM,STMicroelectronics N.V.,Technology,Large-Cap,10981231,NYQ
BSX,Boston Scientific Corporation,Healthcare,Large-Cap,18377430,NYQ
CRH,CRH PLC,Basic Materials,Large-Cap,5209936,NYQ
TRP,TC Energy Corporation,Energy,Large-Cap,2591857,NYQ
B,Barrick Mining Corporation,Basic Materials,Large-Cap,13071765,NYQ
CTAS,Cintas Corporation,Industrials,Large-Cap,2328026,NMS
KMI,"Kinder Morgan, Inc.",Energy,Large-Cap,12266828,NYQ
CVNA,Carvana Co.,Consumer Cyclical,Large-Cap,13034642,NYQ
AEP,American Electric Power Company,Utilities,Large-Cap,3806220,NMS
NSC,Norfolk Southern Corporation,Industrials,Large-Cap,1276342,NYQ
VALE,VALE S.A.,Basic Materials,Large-Cap,27161550,NYQ
MSI,"Motorola Solutions, Inc.",Technology,Large-Cap,1097828,NYQ
CL,Colgate-Palmolive Company,Consumer Defensive,Large-Cap,5816892,NYQ
WBD,"Warner Bros. Discovery, Inc. - ",Communication Services,Large-Cap,21302657,NMS
AON,Aon plc,Financial Services,Large-Cap,1402204,NYQ
DASH,"DoorDash, Inc.",Consumer Cyclical,Large-Cap,4512206,NMS
ET,Energy Transfer LP,Energy,Large-Cap,15234850,NYQ
RKLB,Rocket Lab Corporation,Industrials,Large-Cap,25656249,NMS
URI,"United Rentals, Inc.",Industrials,Large-Cap,567363,NYQ
DLR,"Digital Realty Trust, Inc.",Real Estate,Large-Cap,2032407,NYQ
REGN,"Regeneron Pharmaceuticals, Inc.",Healthcare,Large-Cap,831084,NMS
NKE,"Nike, Inc.",Consumer Cyclical,Large-Cap,22777830,NYQ
TER,"Teradyne, Inc.",Technology,Large-Cap,3546441,NMS
NBIS,Nebius Group N.V.,Communication Services,Large-Cap,17816544,NMS
BKR,Baker Hughes Company,Energy,Large-Cap,9106671,NMS
TEL,TE Connectivity plc,Technology,Large-Cap,2514050,NYQ
MFC,Manulife Financial Corporation,Financial Services,Large-Cap,2213330,NYQ
NWG,NatWest Group plc,Financial Services,Large-Cap,3909892,NYQ
APD,"Air Products and Chemicals, Inc",Basic Materials,Large-Cap,1209511,NYQ
RSG,"Republic Services, Inc.",Industrials,Large-Cap,1655184,NYQ
IMO,Imperial Oil Limited,Energy,Large-Cap,649338,ASE
F,Ford Motor Company,Consumer Cyclical,Large-Cap,58936492,NYQ
ALAB,"Astera Labs, Inc.",Technology,Large-Cap,5597415,NMS
TRV,"The Travelers Companies, Inc.",Financial Services,Large-Cap,1425125,NYQ
RACE,Ferrari N.V.,Consumer Cyclical,Large-Cap,669414,NYQ
CRWV,"CoreWeave, Inc.",Technology,Large-Cap,28671511,NMS
PCAR,PACCAR Inc.,Industrials,Large-Cap,2749682,NMS
KEYS,Keysight Technologies Inc.,Technology,Large-Cap,1484058,NYQ
DB,Deutsche Bank AG,Financial Services,Large-Cap,3330707,NYQ
FLEX,Flex Ltd.,Technology,Large-Cap,4855344,NMS
OXY,Occidental Petroleum Corporatio,Energy,Large-Cap,16098893,NYQ
FANG,"Diamondback Energy, Inc.",Energy,Large-Cap,3102330,NMS
TFC,Truist Financial Corporation,Financial Services,Large-Cap,8996707,NYQ
NUE,Nucor Corporation,Basic Materials,Large-Cap,1487233,NYQ
AFL,AFLAC Incorporated,Financial Services,Large-Cap,2412184,NYQ
SRE,DBA Sempra,Utilities,Large-Cap,3510820,NYQ
RELX,RELX PLC PLC,Industrials,Large-Cap,2993946,NYQ
D,"Dominion Energy, Inc.",Utilities,Large-Cap,6026492,NYQ
WPM,Wheaton Precious Metals Corp,Basic Materials,Large-Cap,2260430,NYQ
TGT,Target Corporation,Consumer Defensive,Large-Cap,5530169,NYQ
NU,Nu Holdings Ltd.,Financial Services,Large-Cap,53084522,NYQ
LHX,"L3Harris Technologies, Inc.",Industrials,Large-Cap,1373917,NYQ
TRGP,"Targa Resources, Inc.",Energy,Large-Cap,1359649,NYQ
MPLX,MPLX LP,Energy,Large-Cap,2023304,NYQ
CARR,Carrier Global Corporation,Industrials,Large-Cap,6949955,NYQ
O,Realty Income Corporation,Real Estate,Large-Cap,5823944,NYQ
CVE,Cenovus Energy Inc,Energy,Large-Cap,11412838,NYQ
SE,Sea Limited,Consumer Cyclical,Large-Cap,4352147,NYQ
OKE,"ONEOK, Inc.",Energy,Large-Cap,4612309,NYQ
MT,Arcelor Mittal NY Registry Shar,Basic Materials,Large-Cap,2003101,NYQ
ALL,Allstate Corporation (The),Financial Services,Large-Cap,1506628,NYQ
UMC,United Microelectronics Corpora,Technology,Large-Cap,12588800,NYQ
DVN,Devon Energy Corporation,Energy,Large-Cap,15846753,NYQ
FAST,Fastenal Company,Industrials,Large-Cap,7424865,NMS
PSA,Public Storage,Real Estate,Large-Cap,1086515,NYQ
CLS,"Celestica, Inc.",Technology,Large-Cap,2172795,NYQ
AME,"AMETEK, Inc.",Industrials,Large-Cap,1293519,NYQ
MCHP,Microchip Technology Incorporat,Technology,Large-Cap,10132866,NMS
MET,"MetLife, Inc.",Financial Services,Large-Cap,3543693,NYQ
ON,ON Semiconductor Corporation,Technology,Large-Cap,10375209,NMS
CTVA,"Corteva, Inc.",Basic Materials,Large-Cap,3764939,NYQ
VST,Vistra Corp.,Utilities,Large-Cap,4661193,NYQ
AJG,Arthur J. Gallagher & Co.,Financial Services,Large-Cap,1950177,NYQ
DAL,"Delta Air Lines, Inc.",Industrials,Large-Cap,11249458,NYQ
ROK,"Rockwell Automation, Inc.",Industrials,Large-Cap,819168,NYQ
COR,"Cencora, Inc.",Healthcare,Large-Cap,1773811,NYQ
EA,Electronic Arts Inc.,Communication Services,Large-Cap,2009530,NMS
INFY,Infosys Limited,Technology,Large-Cap,18506528,NYQ
CCJ,Cameco Corporation,Energy,Large-Cap,3268217,NYQ
ETR,Entergy Corporation,Utilities,Large-Cap,3374282,NYQ
EW,Edwards Lifesciences Corporatio,Healthcare,Large-Cap,5111571,NYQ
LNG,"Cheniere Energy, Inc.",Energy,Large-Cap,3053490,NYQ
ABEV,Ambev S.A.,Consumer Defensive,Large-Cap,27651211,NYQ
NDAQ,"Nasdaq, Inc.",Financial Services,Large-Cap,3254546,NMS
ODFL,"Old Dominion Freight Line, Inc.",Industrials,Large-Cap,2073876,NMS
ADSK,"Autodesk, Inc.",Technology,Large-Cap,2084849,NMS
EBAY,eBay Inc.,Consumer Cyclical,Large-Cap,5674558,NMS
XEL,Xcel Energy Inc.,Utilities,Large-Cap,4941766,NMS
FER,Ferrovial N.V.,Industrials,Large-Cap,1371992,NMS
TAK,Takeda Pharmaceutical Company L,Healthcare,Large-Cap,2997485,NYQ
CBRS,Cerebras Systems Inc.,Technology,Large-Cap,10059728,NMS
GFS,GlobalFoundries Inc.,Technology,Large-Cap,5056660,NMS
EXC,Exelon Corporation,Utilities,Large-Cap,8454701,NMS
HEI,Heico Corporation,Industrials,Large-Cap,701342,NYQ
CAH,"Cardinal Health, Inc.",Healthcare,Large-Cap,2010246,NYQ
GRMN,Garmin Ltd.,Technology,Large-Cap,784644,NYQ
AU,AngloGold Ashanti PLC,Basic Materials,Large-Cap,2753168,NYQ
MDLN,Medline Inc.,Healthcare,Large-Cap,9363641,NMS
BIDU,"Baidu, Inc.",Communication Services,Large-Cap,2332326,NMS
FITB,Fifth Third Bancorp,Financial Services,Large-Cap,7887173,NMS
MSCI,MSCI Inc.,Financial Services,Large-Cap,616811,NYQ
WAB,Westinghouse Air Brake Technolo,Industrials,Large-Cap,978973,NYQ
MSTR,Strategy Inc,Technology,Large-Cap,18127665,NMS
IDXX,"IDEXX Laboratories, Inc.",Healthcare,Large-Cap,582566,NMS
FNV,Franco-Nevada Corporation,Basic Materials,Large-Cap,824776,NYQ
FERG,Ferguson Enterprises Inc.,Industrials,Large-Cap,1391353,NYQ
DEO,Diageo plc,Consumer Defensive,Large-Cap,1549603,NYQ
ERIC,Ericsson,Technology,Large-Cap,10476358,NMS
STT,State Street Corporation,Financial Services,Large-Cap,2103420,NYQ
COIN,"Coinbase Global, Inc.",Financial Services,Large-Cap,10398688,NMS
ASTS,"AST SpaceMobile, Inc.",Technology,Large-Cap,18780198,NMS
KDP,Keurig Dr Pepper Inc.,Consumer Defensive,Large-Cap,10990771,NMS
XYZ,"Block, Inc.",Technology,Large-Cap,6191814,NYQ
DHI,"D.R. Horton, Inc.",Consumer Cyclical,Large-Cap,2598120,NYQ
YUM,"Yum! Brands, Inc.",Consumer Cyclical,Large-Cap,1777482,NYQ
CCEP,Coca-Cola Europacific Partners ,Consumer Defensive,Large-Cap,1824238,NMS
ADM,Archer-Daniels-Midland Company,Consumer Defensive,Large-Cap,4061758,NYQ
ARES,Ares Management Corporation,Financial Services,Large-Cap,3534800,NYQ
TTWO,"Take-Two Interactive Software, ",Communication Services,Large-Cap,2040161,NMS
BDX,"Becton, Dickinson and Company",Healthcare,Large-Cap,2869325,NYQ
JBL,Jabil Inc.,Technology,Large-Cap,1231101,NYQ
SLF,Sun Life Financial Inc.,Financial Services,Large-Cap,703577,NYQ
JD,"JD.com, Inc.",Consumer Cyclical,Large-Cap,10829753,NMS
AMP,"Ameriprise Financial, Inc.",Financial Services,Large-Cap,673231,NYQ
STLD,"Steel Dynamics, Inc.",Basic Materials,Large-Cap,1158685,NMS
BSBR,Banco Santander Brasil SA,Financial Services,Large-Cap,1009420,NYQ
VIK,Viking Holdings Ltd,Consumer Cyclical,Large-Cap,3263701,NYQ
CRDO,Credo Technology Group Holding ,Technology,Large-Cap,7252263,NMS
HUM,Humana Inc.,Healthcare,Large-Cap,1722103,NYQ
ALNY,"Alnylam Pharmaceuticals, Inc.",Healthcare,Large-Cap,1101036,NMS
A,"Agilent Technologies, Inc.",Healthcare,Large-Cap,2258961,NYQ
AXON,"Axon Enterprise, Inc.",Industrials,Large-Cap,1097573,NMS
CCI,Crown Castle Inc.,Real Estate,Large-Cap,3222692,NYQ
PEG,Public Service Enterprise Group,Utilities,Large-Cap,2812422,NYQ
HLN,Haleon plc,Healthcare,Large-Cap,8385638,NYQ
AIG,"American International Group, I",Financial Services,Large-Cap,4183388,NYQ
VTR,"Ventas, Inc.",Real Estate,Large-Cap,4022450,NYQ
WCN,"Waste Connections, Inc.",Industrials,Large-Cap,1516460,NYQ
ED,"Consolidated Edison, Inc.",Utilities,Large-Cap,2197274,NYQ
TEVA,Teva Pharmaceutical Industries ,Healthcare,Large-Cap,6688558,NYQ
LYV,"Live Nation Entertainment, Inc.",Communication Services,Large-Cap,2847333,NYQ
IRM,Iron Mountain Incorporated (Del,Real Estate,Large-Cap,1502261,NYQ
KR,Kroger Company (The),Consumer Defensive,Large-Cap,6182839,NYQ
CCL,Carnival Corporation Ltd.,Consumer Cyclical,Large-Cap,29235976,NYQ
PYPL,"PayPal Holdings, Inc.",Financial Services,Large-Cap,15408909,NMS
WAT,Waters Corporation,Healthcare,Large-Cap,1067160,NYQ
HSY,The Hershey Company,Consumer Defensive,Large-Cap,1901207,NYQ
PCG,Pacific Gas & Electric Co.,Utilities,Large-Cap,22087403,NYQ
VMC,Vulcan Materials Company (Holdi,Basic Materials,Large-Cap,1229822,NYQ
CMG,"Chipotle Mexican Grill, Inc.",Consumer Cyclical,Large-Cap,16876904,NYQ
CBRE,CBRE Group Inc,Real Estate,Large-Cap,2294926,NYQ
RKT,"Rocket Companies, Inc.",Financial Services,Large-Cap,25061247,NYQ
TRI,Thomson Reuters Corp,Industrials,Large-Cap,2137082,NMS
WDAY,"Workday, Inc.",Technology,Large-Cap,5174092,NMS
SYY,Sysco Corporation,Consumer Defensive,Large-Cap,4706774,NYQ
HMC,"Honda Motor Company, Ltd.",Consumer Cyclical,Large-Cap,1948047,NYQ
NTAP,"NetApp, Inc.",Technology,Large-Cap,2792580,NMS
WEC,"WEC Energy Group, Inc.",Utilities,Large-Cap,1960633,NYQ
BBD,Banco Bradesco Sa,Financial Services,Large-Cap,36144587,NYQ
PUK,Prudential Public Limited Compa,Financial Services,Large-Cap,916503,NYQ
PAYX,"Paychex, Inc.",Technology,Large-Cap,3692253,NMS
SATS,EchoStar Corporation,Communication Services,Large-Cap,6696576,NMS
MLM,"Martin Marietta Materials, Inc.",Basic Materials,Large-Cap,531569,NYQ
PRU,"Prudential Financial, Inc.",Financial Services,Large-Cap,2231803,NYQ
VOD,Vodafone Group Plc,Communication Services,Large-Cap,3910649,NMS
HIG,"The Hartford Insurance Group, I",Financial Services,Large-Cap,1573115,NYQ
TWLO,Twilio Inc.,Technology,Large-Cap,2511774,NYQ
HAL,Halliburton Company,Energy,Large-Cap,14574892,NYQ
FSLR,"First Solar, Inc.",Technology,Large-Cap,2341822,NMS
UAL,"United Airlines Holdings, Inc.",Industrials,Large-Cap,7692874,NMS
EQT,EQT Corporation,Energy,Large-Cap,7801115,NYQ
GFI,Gold Fields Limited,Basic Materials,Large-Cap,3314104,NYQ
LVS,Las Vegas Sands Corp.,Consumer Cyclical,Large-Cap,4207538,NYQ
KGC,Kinross Gold Corporation,Basic Materials,Large-Cap,8852630,NYQ
ROP,"Roper Technologies, Inc.",Technology,Large-Cap,1219909,NMS
QSR,Restaurant Brands International,Consumer Cyclical,Large-Cap,3618031,NYQ
RVMD,"Revolution Medicines, Inc.",Healthcare,Large-Cap,3012884,NMS
NTR,Nutrien Ltd.,Basic Materials,Large-Cap,3558547,NYQ
TECK,Teck Resources Ltd,Basic Materials,Large-Cap,3664733,NYQ
RDDT,"Reddit, Inc.",Communication Services,Large-Cap,5031320,NYQ
ZTS,Zoetis Inc.,Healthcare,Large-Cap,5809955,NYQ
Q,"Qnity Electronics, Inc.",Technology,Large-Cap,1862711,NYQ
KVUE,Kenvue Inc.,Consumer Defensive,Large-Cap,20374139,NYQ
TS,Tenaris S.A.,Energy,Large-Cap,2025607,NYQ
HBAN,Huntington Bancshares Incorpora,Financial Services,Large-Cap,24128693,NMS
EC,Ecopetrol S.A.,Energy,Large-Cap,3395512,NYQ
SUNB,"Sunbelt Rentals Holdings, Inc.",Industrials,Large-Cap,3625941,NYQ
TSEM,Tower Semiconductor Ltd.,Technology,Large-Cap,2895022,NMS
RPRX,Royalty Pharma plc,Healthcare,Large-Cap,3563222,NMS
EXR,Extra Space Storage Inc,Real Estate,Large-Cap,1162484,NYQ
KMB,Kimberly-Clark Corporation,Consumer Defensive,Large-Cap,4786282,NMS
ALC,Alcon Inc.,Healthcare,Large-Cap,1901777,NYQ
MTB,M&T Bank Corporation,Financial Services,Large-Cap,1074930,NYQ
RBLX,Roblox Corporation,Communication Services,Large-Cap,10807963,NYQ
NTRS,Northern Trust Corporation,Financial Services,Large-Cap,1100850,NMS
ZM,"Zoom Communications, Inc.",Technology,Large-Cap,4550990,NMS
VG,"Venture Global, Inc.",Energy,Large-Cap,26247215,NYQ
ACGL,Arch Capital Group Ltd.,Financial Services,Large-Cap,2203426,NMS
IQV,"IQVIA Holdings, Inc.",Healthcare,Large-Cap,1646517,NYQ
NTRA,"Natera, Inc.",Healthcare,Large-Cap,1443576,NMS
TCOM,Trip.com Group Limited,Consumer Cyclical,Large-Cap,2799620,NMS
AMRZ,Amrize Ltd,Basic Materials,Large-Cap,2996217,NYQ
MTSI,MACOM Technology Solutions Hold,Technology,Large-Cap,1320628,NMS
RYAAY,Ryanair Holdings plc,Industrials,Large-Cap,1587041,NMS
EL,"Estee Lauder Companies, Inc. (T",Consumer Defensive,Large-Cap,4518196,NYQ
MDB,"MongoDB, Inc.",Technology,Large-Cap,2076066,NGM
CPNG,"Coupang, Inc.",Consumer Cyclical,Large-Cap,21350495,NYQ
DTE,DTE Energy Company,Utilities,Large-Cap,1366222,NYQ
AEE,Ameren Corporation,Utilities,Large-Cap,1716017,NYQ
VICI,VICI Properties Inc.,Real Estate,Large-Cap,8410315,NYQ
FISV,"Fiserv, Inc.",N/A,Large-Cap,6524877,NMS
STRL,"Sterling Infrastructure, Inc.",Industrials,Large-Cap,577144,NMS
CNC,Centene Corporation,Healthcare,Large-Cap,6474158,NYQ
MTZ,"MasTec, Inc.",Industrials,Large-Cap,1027674,NYQ
VEEV,Veeva Systems Inc.,Healthcare,Large-Cap,3007957,NYQ
BIIB,Biogen Inc.,Healthcare,Large-Cap,1156031,NMS
DOV,Dover Corporation,Industrials,Large-Cap,993622,NYQ
CASY,"Caseys General Stores, Inc.",Consumer Cyclical,Large-Cap,603701,NMS
NVT,nVent Electric plc,Industrials,Large-Cap,2210598,NYQ
RJF,"Raymond James Financial, Inc.",Financial Services,Large-Cap,1406171,NYQ
SMCI,"Super Micro Computer, Inc.",Technology,Large-Cap,41280426,NMS
SYM,Symbotic Inc.,Industrials,Large-Cap,1820998,NGM
PBA,Pembina Pipeline Corp.,Energy,Large-Cap,1295657,NYQ
NRG,"NRG Energy, Inc.",Utilities,Large-Cap,2732331,NYQ
GEHC,GE HealthCare Technologies Inc.,Healthcare,Large-Cap,4772298,NMS
TPR,"Tapestry, Inc.",Consumer Cyclical,Large-Cap,2132552,NYQ
ATO,Atmos Energy Corporation,Utilities,Large-Cap,1202190,NYQ
CPRT,"Copart, Inc.",Industrials,Large-Cap,8774120,NMS
DXCM,"DexCom, Inc.",Healthcare,Large-Cap,5260520,NMS
FTS,Fortis Inc.,Utilities,Large-Cap,747874,NYQ
IR,Ingersoll Rand Inc.,Industrials,Large-Cap,3638353,NYQ
EIX,Edison International,Utilities,Large-Cap,3038844,NYQ
CNP,"CenterPoint Energy, Inc (Holdin",Utilities,Large-Cap,4921474,NYQ
FTI,TechnipFMC plc,Energy,Large-Cap,4707696,NYQ
EXPE,"Expedia Group, Inc.",Consumer Cyclical,Large-Cap,1860853,NMS
RMD,ResMed Inc.,Healthcare,Large-Cap,1283180,NYQ
VRSN,"VeriSign, Inc.",Technology,Large-Cap,842001,NMS
FOXA,Fox Corporation,Communication Services,Large-Cap,3312087,NMS
KHC,The Kraft Heinz Company,Consumer Defensive,Large-Cap,15271038,NMS
P,"Everpure, Inc.",Technology,Large-Cap,3134557,NYQ
OTIS,Otis Worldwide Corporation,Industrials,Large-Cap,3774334,NYQ
JBHT,"J.B. Hunt Transport Services, I",Industrials,Large-Cap,966960,NMS
FE,FirstEnergy Corp.,Utilities,Large-Cap,5002206,NYQ
PPL,PPL Corporation,Utilities,Large-Cap,7909214,NYQ
XYL,Xylem Inc.,Industrials,Large-Cap,2175655,NYQ
AVB,"AvalonBay Communities, Inc.",Real Estate,Large-Cap,1033936,NYQ
FN,Fabrinet,Technology,Large-Cap,799912,NYQ
CFG,"Citizens Financial Group, Inc.",Financial Services,Large-Cap,4551095,NYQ
ILMN,"Illumina, Inc.",Healthcare,Large-Cap,1613992,NMS
TEAM,Atlassian Corporation,Technology,Large-Cap,7559088,NMS
ES,Eversource Energy (D/B/A),Utilities,Large-Cap,2448195,NYQ
XPO,"XPO, Inc.",Industrials,Large-Cap,1468760,NYQ
HUBB,Hubbell Inc,Industrials,Large-Cap,615674,NYQ
EQR,Equity Residential,Real Estate,Large-Cap,2748633,NYQ
DOW,Dow Inc.,Basic Materials,Large-Cap,14161471,NYQ
BG,Bunge Limited,Consumer Defensive,Large-Cap,1814012,NYQ
IONQ,"IonQ, Inc.",Technology,Large-Cap,29412696,NYQ
FTAI,FTAI Aviation Ltd.,Industrials,Large-Cap,1425141,NMS
CTSH,Cognizant Technology Solutions ,Technology,Large-Cap,7005117,NMS
PPG,"PPG Industries, Inc.",Basic Materials,Large-Cap,2103950,NYQ
ATI,ATI Inc.,Industrials,Large-Cap,1906269,NYQ
PHG,Koninklijke Philips N.V. NY Reg,Healthcare,Large-Cap,1146041,NYQ
RIVN,"Rivian Automotive, Inc.",Consumer Cyclical,Large-Cap,29502968,NMS
NMR,Nomura Holdings Inc,Financial Services,Large-Cap,1861626,NYQ
CINF,Cincinnati Financial Corporatio,Financial Services,Large-Cap,738349,NMS
WSM,"Williams-Sonoma, Inc.",Consumer Cyclical,Large-Cap,1283342,NYQ
WRB,W.R. Berkley Corporation,Financial Services,Large-Cap,2198728,NYQ
CRS,Carpenter Technology Corporatio,Industrials,Large-Cap,697019,NYQ
CRCL,"Circle Internet Group, Inc.",Financial Services,Large-Cap,16360031,NYQ
AWK,"American Water Works Company, I",Utilities,Large-Cap,1931276,NYQ
HPQ,HP Inc.,Technology,Large-Cap,20063439,NYQ
WTW,Willis Towers Watson Public Lim,Financial Services,Large-Cap,710042,NMS
AKAM,"Akamai Technologies, Inc.",Technology,Large-Cap,5589768,NMS
BEP,Brookfield Renewable Partners L,Utilities,Large-Cap,906593,NYQ
IREN,IREN LIMITED,Financial Services,Large-Cap,42454177,NMS
RF,Regions Financial Corporation,Financial Services,Large-Cap,12216061,NYQ
VRSK,"Verisk Analytics, Inc.",Industrials,Large-Cap,1901095,NMS
UTHR,United Therapeutics Corporation,Healthcare,Large-Cap,546368,NMS
STZ,"Constellation Brands, Inc.",Consumer Defensive,Large-Cap,2013382,NYQ
DG,Dollar General Corporation,Consumer Defensive,Large-Cap,3714428,NYQ
YPF,YPF Sociedad Anonima,Energy,Large-Cap,2580361,NYQ
SYF,Synchrony Financial,Financial Services,Large-Cap,3866606,NYQ
CPAY,"Corpay, Inc.",Technology,Large-Cap,588465,NYQ
FFIV,"F5, Inc.",Technology,Large-Cap,757998,NMS
BCE,"BCE, Inc.",Communication Services,Large-Cap,3484234,NYQ
DRI,"Darden Restaurants, Inc.",Consumer Cyclical,Large-Cap,1303595,NYQ
KEY,KeyCorp,Financial Services,Large-Cap,13427146,NYQ
MKSI,MKS Inc.,Technology,Large-Cap,1194546,NMS
LPLA,LPL Financial Holdings Inc.,Financial Services,Large-Cap,967922,NMS
FDXF,N/A,Industrials,Large-Cap,2755533,NYQ
AXIA,AXIA Energia,Utilities,Large-Cap,2565592,NYQ
SNX,TD SYNNEX Corporation,Technology,Large-Cap,805201,NYQ
INSM,Insmed Incorporated,Healthcare,Large-Cap,2900204,NMS
SQM,Sociedad Quimica y Minera S.A.,Basic Materials,Large-Cap,1277469,NYQ
BNTX,BioNTech SE,Healthcare,Large-Cap,1203995,NMS
WST,"West Pharmaceutical Services, I",Healthcare,Large-Cap,882195,NYQ
WIT,Wipro Limited,Technology,Large-Cap,13448361,NYQ
PHM,"PulteGroup, Inc.",Consumer Cyclical,Large-Cap,1893407,NYQ
NXT,Nextpower Inc.,Technology,Large-Cap,2122876,NMS
TROW,"T. Rowe Price Group, Inc.",Financial Services,Large-Cap,2316860,NMS
PAAS,Pan American Silver Corp.,Basic Materials,Large-Cap,6056630,NYQ
AFRM,"Affirm Holdings, Inc.",Financial Services,Large-Cap,5304323,NMS
SW,Smurfit WestRock plc,Consumer Cyclical,Large-Cap,5386682,NYQ
ROL,"Rollins, Inc.",Consumer Cyclical,Large-Cap,3275450,NYQ
LEN,Lennar Corporation,Consumer Cyclical,Large-Cap,2988920,NYQ
CHD,"Church & Dwight Company, Inc.",Consumer Defensive,Large-Cap,2071266,NYQ
TW,Tradeweb Markets Inc.,Financial Services,Large-Cap,1550950,NMS
PFG,Principal Financial Group Inc,Financial Services,Large-Cap,1396474,NMS
NI,NiSource Inc,Utilities,Large-Cap,4196777,NYQ
MAIR,Madison Air Solutions Corporati,Industrials,Large-Cap,3803617,NYQ
EXE,Expand Energy Corporation,Energy,Large-Cap,3541238,NMS
CMS,CMS Energy Corporation,Utilities,Large-Cap,2825793,NYQ
ZS,"Zscaler, Inc.",Technology,Large-Cap,4122380,NMS
LYB,LyondellBasell Industries NV,Basic Materials,Large-Cap,7545138,NYQ
OKTA,"Okta, Inc.",Technology,Large-Cap,4093625,NMS
DLTR,"Dollar Tree, Inc.",Consumer Defensive,Large-Cap,3782874,NMS
DGX,Quest Diagnostics Incorporated,Healthcare,Large-Cap,890952,NYQ
AA,Alcoa Corporation,Basic Materials,Large-Cap,5192880,NYQ
L,Loews Corporation,Financial Services,Large-Cap,754941,NYQ
SOFI,"SoFi Technologies, Inc.",Financial Services,Large-Cap,67117300,NMS
RL,Ralph Lauren Corporation,Consumer Cyclical,Large-Cap,652149,NYQ
ENTG,"Entegris, Inc.",Technology,Large-Cap,2728361,NMS
STLA,Stellantis N.V.,Consumer Cyclical,Large-Cap,20578511,NYQ
CHRW,"C.H. Robinson Worldwide, Inc.",Industrials,Large-Cap,1809330,NMS
LH,Labcorp Holdings Inc.,Healthcare,Large-Cap,628519,NYQ
AER,AerCap Holdings N.V.,Industrials,Large-Cap,1395206,NYQ
IOT,Samsara Inc.,Technology,Large-Cap,6813823,NYQ
LSCC,Lattice Semiconductor Corporati,Technology,Large-Cap,2057568,NMS
FIS,Fidelity National Information S,Technology,Large-Cap,6593331,NYQ
VIV,Telefonica Brasil S.A.,Communication Services,Large-Cap,1059387,NYQ
OMC,Omnicom Group Inc.,Communication Services,Large-Cap,4453830,NYQ
WWD,"Woodward, Inc.",Industrials,Large-Cap,719963,NMS
SBAC,SBA Communications Corporation,Real Estate,Large-Cap,1152044,NMS
EXPD,Expeditors International of Was,Industrials,Large-Cap,1133539,NYQ
VLTO,Veralto Corp,Industrials,Large-Cap,2110557,NYQ
BURL,"Burlington Stores, Inc.",Consumer Cyclical,Large-Cap,853328,NYQ
ROIV,Roivant Sciences Ltd.,Healthcare,Large-Cap,5836842,NMS
ULTA,"Ulta Beauty, Inc.",Consumer Cyclical,Large-Cap,822233,NMS
EFX,"Equifax, Inc.",Industrials,Large-Cap,1676552,NYQ
STE,STERIS plc (Ireland),Healthcare,Large-Cap,801147,NYQ
RCI,"Rogers Communication, Inc.",Communication Services,Large-Cap,1331174,NYQ
AS,"Amer Sports, Inc.",Consumer Cyclical,Large-Cap,4499285,NYQ
TSN,"Tyson Foods, Inc.",Consumer Defensive,Large-Cap,2927195,NYQ
DKS,Dick's Sporting Goods Inc,Consumer Cyclical,Large-Cap,1251596,NYQ
PKG,Packaging Corporation of Americ,Consumer Cyclical,Large-Cap,917706,NYQ
ALB,Albemarle Corporation,Basic Materials,Large-Cap,2054788,NYQ
LUV,Southwest Airlines Company,Industrials,Large-Cap,7895030,NYQ
ULS,UL Solutions Inc.,Industrials,Large-Cap,758557,NYQ
TTMI,"TTM Technologies, Inc.",Technology,Large-Cap,2222074,NMS
INCY,Incyte Corporation,Healthcare,Large-Cap,1486053,NMS
MRNA,"Moderna, Inc.",Healthcare,Large-Cap,7016053,NMS
DD,"DuPont de Nemours, Inc.",Basic Materials,Large-Cap,3824074,NYQ
TU,Telus Corporation,Communication Services,Large-Cap,5648638,NYQ
RBA,"RB Global, Inc.",Industrials,Large-Cap,1119214,NYQ
SBS,Companhia de saneamento Basico ,Utilities,Large-Cap,6870715,NYQ
CDE,"Coeur Mining, Inc.",Basic Materials,Large-Cap,25237944,NYQ
BEKE,KE Holdings Inc,Real Estate,Large-Cap,4649820,NYQ
SITM,SiTime Corporation,Technology,Large-Cap,521860,NGM
IFF,International Flavors & Fragran,Basic Materials,Large-Cap,1881917,NYQ
AMKR,"Amkor Technology, Inc.",Technology,Large-Cap,4408296,NMS
EVRG,"Evergy, Inc.",Utilities,Large-Cap,1932812,NMS
BRO,"Brown & Brown, Inc.",Financial Services,Large-Cap,3277725,NYQ
CX,"Cemex, S.A.B. de C.V. Sponsored",Basic Materials,Large-Cap,6168658,NYQ
GPN,Global Payments Inc.,Industrials,Large-Cap,3462287,NYQ
MGA,"Magna International, Inc.",Consumer Cyclical,Large-Cap,1619277,NYQ
FTV,Fortive Corporation,Technology,Large-Cap,3245395,NYQ
RMBS,"Rambus, Inc.",Technology,Large-Cap,2322047,NMS
RGLD,"Royal Gold, Inc.",Basic Materials,Large-Cap,949084,NMS
DOCN,"DigitalOcean Holdings, Inc.",Technology,Large-Cap,4432587,NYQ
USFD,US Foods Holding Corp.,Consumer Defensive,Large-Cap,2481433,NYQ
LNT,Alliant Energy Corporation,Utilities,Large-Cap,2235158,NMS
APG,APi Group Corporation,Industrials,Large-Cap,3019074,NYQ
WCC,"WESCO International, Inc.",Industrials,Large-Cap,592344,NYQ
CHTR,"Charter Communications, Inc.",Communication Services,Large-Cap,2711892,NMS
FPS,"Forgent Power Solutions, Inc.",Industrials,Large-Cap,5234615,NYQ
VTRS,Viatris Inc.,Healthcare,Large-Cap,10914382,NMS
ROKU,"Roku, Inc.",Communication Services,Large-Cap,2533584,NMS
CF,"CF Industries Holdings, Inc.",Basic Materials,Large-Cap,4658361,NYQ
IP,International Paper Company,Consumer Cyclical,Large-Cap,6914215,NYQ
WY,Weyerhaeuser Company,Real Estate,Large-Cap,5250365,NYQ
BR,"Broadridge Financial Solutions,",Technology,Large-Cap,1612192,NYQ
AMCR,Amcor plc,Consumer Cyclical,Large-Cap,5309942,NYQ
CDW,CDW Corporation,Technology,Large-Cap,1913974,NMS
H,Hyatt Hotels Corporation,Consumer Cyclical,Large-Cap,825368,NYQ
FLUT,Flutter Entertainment plc,Consumer Cyclical,Large-Cap,3068431,NYQ
ITT,ITT Inc.,Industrials,Large-Cap,871887,NYQ
PR,Permian Resources Corporation,Energy,Large-Cap,12939844,NYQ
TLN,Talen Energy Corporation,Utilities,Large-Cap,728739,NMS
WES,"Western Midstream Partners, LP",Energy,Large-Cap,1511290,NYQ
ZTO,ZTO Express (Cayman) Inc.,Industrials,Large-Cap,1742130,NYQ
SKM,"SK Telecom Co., Ltd.",Communication Services,Large-Cap,2059869,NYQ
INVH,Invitation Homes Inc.,Real Estate,Large-Cap,6044565,NYQ
GIS,"General Mills, Inc.",Consumer Defensive,Large-Cap,9744198,NYQ
SN,"SharkNinja, Inc.",Consumer Cyclical,Large-Cap,2145173,NYQ
LOGI,Logitech International S.A. - R,Technology,Large-Cap,1127320,NMS
BWXT,"BWX Technologies, Inc.",Industrials,Large-Cap,1034261,NYQ
ARXS,"Arxis, Inc.",Industrials,Large-Cap,1755423,NMS
GH,"Guardant Health, Inc.",Healthcare,Large-Cap,2149536,NMS
VNOM,"Viper Energy, Inc.",Energy,Large-Cap,2348246,NMS
GNRC,Generac Holdlings Inc.,Industrials,Large-Cap,907963,NYQ
XPEV,XPeng Inc.,Consumer Cyclical,Large-Cap,7060812,NYQ
OVV,Ovintiv Inc. (DE),Energy,Large-Cap,4199901,NYQ
NBIX,"Neurocrine Biosciences, Inc.",Healthcare,Large-Cap,1163563,NMS
EWBC,"East West Bancorp, Inc.",Financial Services,Large-Cap,1021544,NMS
HST,"Host Hotels & Resorts, Inc.",Real Estate,Large-Cap,8573736,NMS
KEP,Korea Electric Power Corporatio,Utilities,Large-Cap,832546,NYQ
ZBH,"Zimmer Biomet Holdings, Inc.",Healthcare,Large-Cap,2324576,NYQ
WPC,W. P. Carey Inc. REIT,Real Estate,Large-Cap,1278285,NYQ
SSNC,"SS&C Technologies Holdings, Inc",Technology,Large-Cap,2695776,NMS
RBRK,"Rubrik, Inc.",Technology,Large-Cap,3906146,NYQ
APTV,Aptiv PLC,Consumer Cyclical,Large-Cap,3310534,NYQ
KSPI,Joint Stock Company Kaspi.kz - ,Technology,Large-Cap,552207,NMS
PAA,"Plains All American Pipeline, L",Energy,Large-Cap,3325874,NMS
PTC,PTC Inc.,Technology,Large-Cap,1305606,NMS
KIM,Kimco Realty Corporation (HC),Real Estate,Large-Cap,4768753,NYQ
PHYS,"""Sprott Physical Gold Trust""",Financial Services,Large-Cap,4246107,ASE
GEN,Gen Digital Inc.,Technology,Large-Cap,7806007,NMS
IEX,IDEX Corporation,Industrials,Large-Cap,773169,NYQ
MOD,Modine Manufacturing Company,Consumer Cyclical,Large-Cap,1118303,NYQ
AGI,Alamos Gold Inc.,Basic Materials,Large-Cap,3354303,NYQ
TXT,Textron Inc.,Industrials,Large-Cap,1397052,NYQ
MAA,Mid-America Apartment Communiti,Real Estate,Large-Cap,940374,NYQ
BEN,"Franklin Resources, Inc.",Financial Services,Large-Cap,5024641,NYQ
BWA,BorgWarner Inc.,Consumer Cyclical,Large-Cap,2827131,NYQ
LDOS,"Leidos Holdings, Inc.",Technology,Large-Cap,1170053,NYQ
TPG,TPG Inc.,Financial Services,Large-Cap,3007274,NMS
NLY,Annaly Capital Management Inc.,Real Estate,Large-Cap,7150734,NYQ
TLK,"PT Telekomunikasi Indonesia, Tb",Communication Services,Large-Cap,842133,NYQ
SUI,"Sun Communities, Inc.",Real Estate,Large-Cap,830615,NYQ
PL,Planet Labs PBC,Industrials,Large-Cap,13505277,NYQ
WMG,Warner Music Group Corp.,Communication Services,Large-Cap,2506288,NMS
TSCO,Tractor Supply Company,Consumer Cyclical,Large-Cap,10146463,NMS
SMTC,Semtech Corporation,Technology,Large-Cap,2992392,NMS
LI,Li Auto Inc.,Consumer Cyclical,Large-Cap,4009650,NMS
CG,The Carlyle Group Inc.,Financial Services,Large-Cap,3336696,NMS
LAMR,Lamar Advertising Company,Real Estate,Large-Cap,611857,NMS
PFGC,Performance Food Group Company,Consumer Defensive,Large-Cap,1729274,NYQ
SANM,Sanmina Corporation,Technology,Large-Cap,840546,NMS
CLH,"Clean Harbors, Inc.",Industrials,Large-Cap,540473,NYQ
BBY,"Best Buy Co., Inc.",Consumer Cyclical,Large-Cap,4369928,NYQ
OWL,Blue Owl Capital Inc.,Financial Services,Large-Cap,29412382,NYQ
YUMC,"Yum China Holdings, Inc.",Consumer Cyclical,Large-Cap,1586153,NYQ
LULU,lululemon athletica inc.,Consumer Cyclical,Large-Cap,3091225,NMS
VICR,Vicor Corporation,Technology,Large-Cap,906304,NMS
TME,Tencent Music Entertainment Gro,Communication Services,Large-Cap,11646000,NYQ
DECK,Deckers Outdoor Corporation,Consumer Cyclical,Large-Cap,2064039,NYQ
TKO,"TKO Group Holdings, Inc.",Communication Services,Large-Cap,1439600,NYQ
AAOI,"Applied Optoelectronics, Inc.",Technology,Large-Cap,12310404,NGM
HUT,Hut 8 Corp.,Financial Services,Large-Cap,4746815,NMS
PSLV,"""Sprott Physical Silver Trust""",Financial Services,Large-Cap,9843871,ASE
RTO,Rentokil Initial plc,Industrials,Large-Cap,1190398,NYQ
GMAB,Genmab A/S,Healthcare,Large-Cap,1835158,NMS
LTM,LATAM Airlines Group S.A.,Industrials,Large-Cap,1038526,NYQ
TOST,"Toast, Inc.",Technology,Large-Cap,11320285,NYQ
MLI,"Mueller Industries, Inc.",Industrials,Large-Cap,705126,NYQ
DTM,"DT Midstream, Inc.",Energy,Large-Cap,796896,NYQ
JAZZ,Jazz Pharmaceuticals plc,Healthcare,Large-Cap,915512,NMS
LGN,Legence Corp.,Industrials,Large-Cap,1682582,NMS
NIO,NIO Inc.,Consumer Cyclical,Large-Cap,42537693,NYQ
TIGO,Millicom International Cellular,Communication Services,Large-Cap,1638030,NMS
NTNX,"Nutanix, Inc.",Technology,Large-Cap,3884957,NMS
RRX,Regal Rexnord Corporation,Industrials,Large-Cap,1145109,NYQ
J,Jacobs Solutions Inc.,Industrials,Large-Cap,1113798,NYQ
REG,Regency Centers Corporation,Real Estate,Large-Cap,1409861,NMS
NWSA,News Corporation,Communication Services,Large-Cap,4476009,NMS
THC,Tenet Healthcare Corporation,Healthcare,Large-Cap,1360441,NYQ
PS,Pershing Square Inc.,Financial Services,Large-Cap,864492,NYQ
SGI,Somnigroup International Inc.,Consumer Cyclical,Large-Cap,3085319,NYQ
PNFP,"Pinnacle Financial Partners, In",Financial Services,Large-Cap,1345706,NYQ
CHKP,Check Point Software Technologi,Technology,Large-Cap,1448596,NMS
ARMK,Aramark,Industrials,Large-Cap,2853825,NYQ
BALL,Ball Corporation,Consumer Cyclical,Large-Cap,2556153,NYQ
MAS,Masco Corporation,Industrials,Large-Cap,2902968,NYQ
GRAB,Grab Holdings Limited,Technology,Large-Cap,50192722,NMS
UDR,"UDR, Inc.",Real Estate,Large-Cap,4159036,NYQ
ONTO,Onto Innovation Inc.,Technology,Large-Cap,988693,NYQ
HTHT,H World Group Limited,Consumer Cyclical,Large-Cap,2093088,NMS
SOLS,Solstice Advanced Materials Inc,Basic Materials,Large-Cap,2487504,NMS
OHI,"Omega Healthcare Investors, Inc",Real Estate,Large-Cap,2128615,NYQ
AUR,"Aurora Innovation, Inc.",Consumer Cyclical,Large-Cap,24876003,NMS
CNH,CNH Industrial N.V.,Industrials,Large-Cap,15837958,NYQ
GPC,Genuine Parts Company,Consumer Cyclical,Large-Cap,1893960,NYQ
CSGP,"CoStar Group, Inc.",Real Estate,Large-Cap,7064977,NMS
SOLV,Solventum Corporation,Healthcare,Large-Cap,1679322,NYQ
APA,APA Corporation,Energy,Large-Cap,8099574,NMS
FUTU,Futu Holdings Limited,Financial Services,Large-Cap,3332339,NGM
JHX,James Hardie Industries plc.,Basic Materials,Large-Cap,7252485,NYQ
ARCC,Ares Capital Corporation,Financial Services,Large-Cap,6629309,NMS
TRU,TransUnion,Financial Services,Large-Cap,2279939,NYQ
ASND,Ascendis Pharma A/S,Healthcare,Large-Cap,634825,NMS
UNM,Unum Group,Financial Services,Large-Cap,1488307,NYQ
RPM,RPM International Inc.,Basic Materials,Large-Cap,973811,NYQ
AMH,American Homes 4 Rent,Real Estate,Large-Cap,3228598,NYQ
DINO,HF Sinclair Corporation,Energy,Large-Cap,2491644,NYQ
EVR,Evercore Inc.,Financial Services,Large-Cap,598433,NYQ
DOC,"Healthpeak Properties, Inc.",Real Estate,Large-Cap,9082649,NYQ
GWRE,"Guidewire Software, Inc.",Technology,Large-Cap,1444253,NYQ
AEIS,"Advanced Energy Industries, Inc",Industrials,Large-Cap,782965,NMS
ONON,On Holding AG,Consumer Cyclical,Large-Cap,6913165,NYQ
GLPI,"Gaming and Leisure Properties, ",Real Estate,Large-Cap,2090076,NMS
APLD,Applied Digital Corporation,Technology,Large-Cap,21877955,NMS
EXEL,"Exelixis, Inc.",Healthcare,Large-Cap,2646884,NMS
WULF,TeraWulf Inc.,Financial Services,Large-Cap,30443606,NCM
TRMB,Trimble Inc.,Technology,Large-Cap,2123155,NMS
VIAV,Viavi Solutions Inc.,Technology,Large-Cap,6483760,NMS
TOL,"Toll Brothers, Inc.",Consumer Cyclical,Large-Cap,1168957,NYQ
BBIO,"BridgeBio Pharma, Inc.",Healthcare,Large-Cap,2550639,NMS
U,Unity Software Inc.,Technology,Large-Cap,12991101,NYQ
JBS,JBS N.V.,Consumer Defensive,Large-Cap,6262777,NYQ
HRL,Hormel Foods Corporation,Consumer Defensive,Large-Cap,5426174,NYQ
KNX,Knight-Swift Transportation Hol,Industrials,Large-Cap,3706980,NYQ
SNN,"Smith & Nephew SNATS, Inc.",Healthcare,Large-Cap,1054746,NYQ
DT,"Dynatrace, Inc.",Technology,Large-Cap,6905198,NYQ
ALLY,Ally Financial Inc.,Financial Services,Large-Cap,3517671,NYQ
PEN,"Penumbra, Inc.",Healthcare,Large-Cap,526412,NYQ
GFL,GFL Environmental Inc. Subordin,Industrials,Large-Cap,2282422,NYQ
AEG,Aegon Ltd. New York Registry Sh,Financial Services,Large-Cap,5387533,NYQ
TYL,"Tyler Technologies, Inc.",Technology,Large-Cap,598787,NYQ
DVA,DaVita Inc.,Healthcare,Large-Cap,878912,NYQ
DKNG,DraftKings Inc.,Consumer Cyclical,Large-Cap,12855395,NMS
MKC,"McCormick & Company, Incorporat",Consumer Defensive,Large-Cap,4286761,NYQ
SUN,Sunoco LP,Energy,Large-Cap,527804,NYQ
MGM,MGM Resorts International,Consumer Cyclical,Large-Cap,5251774,NYQ
ELS,"Equity Lifestyle Properties, In",Real Estate,Large-Cap,1445442,NYQ
FIVE,"Five Below, Inc.",Consumer Cyclical,Large-Cap,1200455,NMS
ELAN,Elanco Animal Health Incorporat,Healthcare,Large-Cap,5997249,NYQ
GGG,Graco Inc.,Industrials,Large-Cap,1274093,NYQ
FNF,"Fidelity National Financial, In",Financial Services,Large-Cap,1900317,NYQ
SWK,"Stanley Black & Decker, Inc.",Industrials,Large-Cap,1932295,NYQ
MP,MP Materials Corp.,Basic Materials,Large-Cap,6118590,NYQ
IONS,"Ionis Pharmaceuticals, Inc.",Healthcare,Large-Cap,1936158,NMS
NYT,New York Times Company (The),Communication Services,Large-Cap,2078666,NYQ
DRS,"Leonardo DRS, Inc.",Industrials,Large-Cap,1019195,NMS
AAON,"AAON, Inc.",Industrials,Large-Cap,1049784,NMS
SWKS,"Skyworks Solutions, Inc.",Technology,Large-Cap,4042858,NMS
HBM,Hudbay Minerals Inc.,Basic Materials,Large-Cap,5555252,NYQ
PNW,Pinnacle West Capital Corporati,Utilities,Large-Cap,1176465,NYQ
FIG,"Figma, Inc.",Technology,Large-Cap,17542319,NYQ
AXSM,"Axsome Therapeutics, Inc.",Healthcare,Large-Cap,701007,NGM
AVY,Avery Dennison Corporation,Consumer Cyclical,Large-Cap,671177,NYQ
IVZ,Invesco Ltd,Financial Services,Large-Cap,5526671,NYQ
QXO,"QXO, Inc.",Industrials,Large-Cap,13221380,NYQ
HAS,"Hasbro, Inc.",Consumer Cyclical,Large-Cap,1872736,NMS
ZBRA,Zebra Technologies Corporation,Technology,Large-Cap,927441,NMS
BTSG,"BrightSpring Health Services, I",Healthcare,Large-Cap,2685279,NMS
CRBG,Corebridge Financial Inc.,Financial Services,Large-Cap,6127280,NYQ
COO,"The Cooper Companies, Inc.",Healthcare,Large-Cap,2358882,NMS
COKE,"Coca-Cola Consolidated, Inc.",Consumer Defensive,Large-Cap,550792,NMS
FRVO,Fervo Energy Company,Utilities,Large-Cap,6796133,NMS
GL,Globe Life Inc.,Financial Services,Large-Cap,533112,NYQ
SPXC,"SPX Technologies, Inc.",Industrials,Large-Cap,537304,NYQ
SMMT,Summit Therapeutics Inc.,Healthcare,Large-Cap,4134823,NGM
PSKY,Paramount Skydance Corporation,Communication Services,Large-Cap,11196520,NMS
WBS,Webster Financial Corporation,Financial Services,Large-Cap,3418126,NYQ
ARW,"Arrow Electronics, Inc.",Technology,Large-Cap,670677,NYQ
AGNC,AGNC Investment Corp.,Real Estate,Large-Cap,17067223,NMS
PINS,"Pinterest, Inc.",Communication Services,Large-Cap,18707674,NYQ
ALGN,"Align Technology, Inc.",Healthcare,Large-Cap,1150501,NMS
PNR,Pentair plc.,Industrials,Large-Cap,1909498,NYQ
PAYP,PayPay Corporation - American D,Technology,Large-Cap,1922410,NMS
BLD,TopBuild Corp.,Industrials,Large-Cap,695131,NYQ
BJ,"BJ's Wholesale Club Holdings, I",Consumer Defensive,Large-Cap,2153092,NYQ
HUBS,"HubSpot, Inc.",Technology,Large-Cap,1782031,NYQ
AR,Antero Resources Corporation,Energy,Large-Cap,5451993,NYQ
OKLO,Oklo Inc.,Utilities,Large-Cap,12994080,NYQ
HII,"Huntington Ingalls Industries, ",Industrials,Large-Cap,521995,NYQ
RVTY,"Revvity, Inc.",Healthcare,Large-Cap,1292950,NYQ
JOBY,"Joby Aviation, Inc.",Industrials,Mid-Cap,27049223,NYQ
FMS,Fresenius Medical Care AG,Healthcare,Large-Cap,710553,NYQ
EQH,"Equitable Holdings, Inc.",Financial Services,Large-Cap,4359476,NYQ
FHN,First Horizon Corporation,Financial Services,Large-Cap,4720773,NYQ
HL,Hecla Mining Company,Basic Materials,Mid-Cap,15222220,NYQ
ALLE,Allegion plc,Industrials,Large-Cap,976149,NYQ
GDDY,GoDaddy Inc.,Technology,Large-Cap,2379736,NYQ
GLXY,Galaxy Digital Inc.,Financial Services,Mid-Cap,5322212,NMS
WLK,Westlake Corporation,Basic Materials,Large-Cap,1173273,NYQ
IT,"Gartner, Inc.",Technology,Large-Cap,1627746,NYQ
ICLR,ICON plc,Healthcare,Large-Cap,1159495,NMS
CGNX,Cognex Corporation,Technology,Large-Cap,2156012,NMS
KTOS,Kratos Defense & Security Solut,Industrials,Large-Cap,4261455,NMS
VIRT,"Virtu Financial, Inc.",Financial Services,Large-Cap,1292258,NYQ
TXRH,"Texas Roadhouse, Inc.",Consumer Cyclical,Large-Cap,1113693,NMS
POWL,"Powell Industries, Inc.",Industrials,Large-Cap,673117,NMS
WYNN,"Wynn Resorts, Limited",Consumer Cyclical,Large-Cap,1581738,NMS
BXP,"BXP, Inc.",Real Estate,Large-Cap,1887004,NYQ
RDY,Dr. Reddy's Laboratories Ltd,Healthcare,Large-Cap,2514261,NYQ
CIFR,Cipher Digital Inc.,Technology,Mid-Cap,25596666,NMS
HMY,Harmony Gold Mining Company Lim,Basic Materials,Mid-Cap,5280257,NYQ
SJM,The J.M. Smucker Company,Consumer Defensive,Large-Cap,1874879,NYQ
JEF,Jefferies Financial Group Inc.,Financial Services,Large-Cap,2661374,NYQ
CR,Crane Company,Industrials,Large-Cap,531171,NYQ
CPT,Camden Property Trust,Real Estate,Large-Cap,1158161,NYQ
GIL,"Gildan Activewear, Inc.",Consumer Cyclical,Large-Cap,1199525,NYQ
WSE,Wise Group plc,Technology,Large-Cap,1640570,NMS
CLX,Clorox Company (The),Consumer Defensive,Large-Cap,2769825,NYQ
SF,Stifel Financial Corporation,Financial Services,Large-Cap,1414017,NYQ
GMED,"Globus Medical, Inc.",Healthcare,Large-Cap,1379646,NYQ
BMRN,BioMarin Pharmaceutical Inc.,Healthcare,Large-Cap,2046165,NMS
CCK,"Crown Holdings, Inc.",Consumer Cyclical,Large-Cap,1139773,NYQ
GSAT,"Globalstar, Inc.",Communication Services,Large-Cap,1468817,NMS
WTRG,"Essential Utilities, Inc.",Utilities,Large-Cap,2013922,NYQ
AES,The AES Corporation,Utilities,Large-Cap,11663036,NYQ
SEIC,SEI Investments Company,Financial Services,Large-Cap,891371,NMS
RIOT,"Riot Platforms, Inc.",Financial Services,Mid-Cap,18035614,NCM
SAIL,"SailPoint, Inc.",Technology,Large-Cap,3508407,NMS
LINE,"Lineage, Inc.",Real Estate,Large-Cap,1038523,NMS
SIMO,Silicon Motion Technology Corpo,Technology,Mid-Cap,879653,NMS
FRT,Federal Realty Investment Trust,Real Estate,Large-Cap,870888,NYQ
ESI,Element Solutions Inc.,Basic Materials,Mid-Cap,3021414,NYQ
XE,"X-Energy, Inc.",Industrials,Mid-Cap,7497314,NMS
LUMN,"Lumen Technologies, Inc.",Communication Services,Mid-Cap,13516258,NYQ
ARWR,"Arrowhead Pharmaceuticals, Inc.",Healthcare,Large-Cap,2025455,NMS
MICC,The Magnum Ice Cream Company N.,Consumer Defensive,Large-Cap,1536814,NYQ
DPZ,Domino's Pizza Inc,Consumer Cyclical,Large-Cap,960987,NMS
EHC,Encompass Health Corporation,Healthcare,Large-Cap,937487,NYQ
QBTS,D-Wave Quantum Inc.,Technology,Mid-Cap,32537947,NYQ
DOCU,"DocuSign, Inc.",Technology,Mid-Cap,3935944,NMS
CNM,"Core & Main, Inc.",Industrials,Large-Cap,2532544,NYQ
FROG,JFrog Ltd.,Technology,Large-Cap,2819757,NMS
AM,Antero Midstream Corporation,Energy,Large-Cap,2584317,NYQ
WMS,"Advanced Drainage Systems, Inc.",Industrials,Mid-Cap,936134,NYQ
SFD,"Smithfield Foods, Inc.",Consumer Defensive,Large-Cap,1663547,NMS
ALGM,"Allegro MicroSystems, Inc.",Technology,Mid-Cap,2166901,NMS
GME,GameStop Corporation,Consumer Cyclical,Mid-Cap,7683347,NYQ
SUZ,Suzano S.A.,Basic Materials,Large-Cap,3572560,NYQ
PODD,Insulet Corporation,Healthcare,Large-Cap,1274650,NMS
GTLS,"Chart Industries, Inc.",Industrials,Mid-Cap,1555933,NYQ
BSY,"Bentley Systems, Incorporated",Technology,Large-Cap,2518531,NMS
ALSN,"Allison Transmission Holdings, ",Consumer Cyclical,Mid-Cap,887671,NYQ
DCI,"Donaldson Company, Inc.",Industrials,Mid-Cap,644274,NYQ
BROS,Dutch Bros Inc.,Consumer Cyclical,Mid-Cap,4092822,NYQ
FORM,"FormFactor, Inc.",Technology,Mid-Cap,1802825,NMS
EMBJ,Embraer S.A.,Industrials,Large-Cap,1801914,NYQ
AG,First Majestic Silver Corp.,Basic Materials,Mid-Cap,15813773,NYQ
DAR,Darling Ingredients Inc.,Consumer Defensive,Mid-Cap,2984298,NYQ
ALV,"Autoliv, Inc.",Consumer Cyclical,Mid-Cap,814414,NYQ
IAG,Iamgold Corporation,Basic Materials,Mid-Cap,6827439,NYQ
CWEN,"Clearway Energy, Inc.",Utilities,Mid-Cap,960714,NYQ
OC,Owens Corning Inc,Industrials,Mid-Cap,1299490,NYQ
TTD,"The Trade Desk, Inc.",Communication Services,Mid-Cap,20627087,NGM
AVAV,"AeroVironment, Inc.",Industrials,Mid-Cap,1414766,NMS
BMNR,"BitMine Immersion Technologies,",Financial Services,Mid-Cap,41013615,NYQ
FLS,Flowserve Corporation,Industrials,Mid-Cap,2337838,NYQ
MOH,Molina Healthcare Inc,Healthcare,Mid-Cap,1428398,NYQ
AHR,"American Healthcare REIT, Inc.",Real Estate,Mid-Cap,2548611,NYQ
UMBF,UMB Financial Corporation,Financial Services,Mid-Cap,646046,NMS
CYTK,"Cytokinetics, Incorporated",Healthcare,Mid-Cap,2416111,NMS
OGE,OGE Energy Corp,Utilities,Mid-Cap,1633825,NYQ
BRKR,Bruker Corporation,Healthcare,Mid-Cap,2345474,NMS
HLI,"Houlihan Lokey, Inc.",Financial Services,Mid-Cap,675330,NYQ
BPOP,"Popular, Inc.",Financial Services,Mid-Cap,501774,NMS
BAX,Baxter International Inc.,Healthcare,Large-Cap,8114957,NYQ
VSAT,"ViaSat, Inc.",Technology,Mid-Cap,1909941,NMS
YMM,Full Truck Alliance Co. Ltd.,Technology,Mid-Cap,8770447,NYQ
SNAP,Snap Inc.,Communication Services,Mid-Cap,49923323,NYQ
SCI,Service Corporation Internation,Consumer Cyclical,Mid-Cap,1255479,NYQ
JKHY,"Jack Henry & Associates, Inc.",Technology,Mid-Cap,1207006,NMS
SIRI,SiriusXM Holdings Inc.,Communication Services,Mid-Cap,4746233,NMS
BAH,Booz Allen Hamilton Holding Cor,Industrials,Mid-Cap,1790215,NYQ
RRC,Range Resources Corporation,Energy,Mid-Cap,3324914,NYQ
GGB,Gerdau S.A.,Basic Materials,Mid-Cap,19387787,NYQ
MASI,Masimo Corporation,Healthcare,Mid-Cap,1171052,NMS
CART,Maplebear Inc.,Consumer Cyclical,Mid-Cap,4056487,NMS
ACM,AECOM,Industrials,Mid-Cap,1668176,NYQ
BRX,Brixmor Property Group Inc.,Real Estate,Mid-Cap,2594139,NYQ
FDS,FactSet Research Systems Inc.,Financial Services,Mid-Cap,954990,NYQ
CORZ,"Core Scientific, Inc.",Technology,Mid-Cap,14036812,NMS
QRVO,"Qorvo, Inc.",Technology,Mid-Cap,1207239,NMS
TKR,Timken Company (The),Industrials,Mid-Cap,883528,NYQ
W,Wayfair Inc.,Consumer Cyclical,Mid-Cap,3925592,NYQ
ENPH,"Enphase Energy, Inc.",Technology,Mid-Cap,7342992,NGM
CRUS,"Cirrus Logic, Inc.",Technology,Mid-Cap,632338,NMS
MBLY,Mobileye Global Inc.,Consumer Cyclical,Mid-Cap,6512660,NMS
ORI,Old Republic International Corp,Financial Services,Mid-Cap,1602550,NYQ
AAL,"American Airlines Group, Inc.",Industrials,Mid-Cap,67493293,NMS
SSB,SouthState Bank Corporation,Financial Services,Mid-Cap,828457,NYQ
ONB,Old National Bancorp,Financial Services,Mid-Cap,3131373,NMS
PSO,"Pearson, Plc",Communication Services,Mid-Cap,1090987,NYQ
CTRE,"CareTrust REIT, Inc.",Real Estate,Mid-Cap,2886134,NYQ
ARE,Alexandria Real Estate Equities,Real Estate,Mid-Cap,2276761,NYQ
MANH,"Manhattan Associates, Inc.",Technology,Mid-Cap,679458,NMS
ZION,Zions Bancorporation N.A.,Financial Services,Mid-Cap,1552941,NMS
ORA,"Ormat Technologies, Inc.",Utilities,Mid-Cap,957403,NYQ
CUBE,CubeSmart,Real Estate,Mid-Cap,2256652,NYQ
TTC,Toro Company (The),Industrials,Mid-Cap,823563,NYQ
EQX,Equinox Gold Corp.,Basic Materials,Mid-Cap,10013719,ASE
UHS,"Universal Health Services, Inc.",Healthcare,Mid-Cap,926084,NYQ
KT,KT Corporation,Communication Services,Mid-Cap,1415715,NYQ
PRMB,Primo Brands Corporation,Consumer Defensive,Mid-Cap,4338638,NYQ
AGCO,AGCO Corporation,Industrials,Mid-Cap,707898,NYQ
VSH,"Vishay Intertechnology, Inc.",Technology,Mid-Cap,4050931,NYQ
LEVI,Levi Strauss & Co,Consumer Cyclical,Mid-Cap,2850482,NYQ
CRL,Charles River Laboratories Inte,Healthcare,Mid-Cap,897253,NYQ
ADC,Agree Realty Corporation,Real Estate,Mid-Cap,1165746,NYQ
SNEX,StoneX Group Inc.,Financial Services,Mid-Cap,760183,NMS
BVN,Buenaventura Mining Company Inc,Basic Materials,Mid-Cap,1432357,NYQ
HSIC,"Henry Schein, Inc.",Healthcare,Mid-Cap,1374338,NMS
CHWY,"Chewy, Inc.",Consumer Cyclical,Mid-Cap,8434657,NYQ
CEF,"""Sprott Physical Gold and Silve",Financial Services,Mid-Cap,694549,ASE
EMN,Eastman Chemical Company,Basic Materials,Mid-Cap,1435547,NYQ
VIST,Vista Energy S.A.B. de C.V.,Energy,Mid-Cap,1608606,NYQ
TEM,"Tempus AI, Inc.",Healthcare,Mid-Cap,5663069,NMS
CMC,Commercial Metals Company,Industrials,Mid-Cap,1126712,NYQ
WAL,Western Alliance Bancorporation,Financial Services,Mid-Cap,1295098,NYQ
CFR,"Cullen/Frost Bankers, Inc.",Financial Services,Mid-Cap,528401,NYQ
NNN,"NNN REIT, Inc.",Real Estate,Mid-Cap,1666914,NYQ
SSL,Sasol Ltd.,Basic Materials,Mid-Cap,2339836,NYQ
OSK,Oshkosh Corporation (Holding Co,Industrials,Mid-Cap,712147,NYQ
NCLH,Norwegian Cruise Line Holdings ,Consumer Cyclical,Mid-Cap,22679292,NYQ
SARO,"StandardAero, Inc.",Industrials,Mid-Cap,4033920,NYQ
HALO,"Halozyme Therapeutics, Inc.",Healthcare,Mid-Cap,1620447,NMS
FR,"First Industrial Realty Trust, ",Real Estate,Mid-Cap,942374,NYQ
COLB,"Columbia Banking System, Inc.",Financial Services,Mid-Cap,2809923,NMS
CAVA,"CAVA Group, Inc.",Consumer Cyclical,Mid-Cap,3026179,NYQ
SM,SM Energy Company,Energy,Mid-Cap,5201106,NYQ
EGO,Eldorado Gold Corporation,Basic Materials,Mid-Cap,3107415,NYQ
GGAL,Grupo Financiero Galicia S.A.,Financial Services,Mid-Cap,1203647,NCM
MXL,"MaxLinear, Inc",Technology,Mid-Cap,4143173,NMS
RYAN,"Ryan Specialty Holdings, Inc.",Financial Services,Mid-Cap,2256674,NYQ
ZG,"Zillow Group, Inc.",Communication Services,Mid-Cap,1091319,NMS
XP,XP Inc.,Financial Services,Mid-Cap,5673380,NMS
BLDR,"Builders FirstSource, Inc.",Industrials,Mid-Cap,2638160,NYQ
CLF,Cleveland-Cliffs Inc.,Basic Materials,Mid-Cap,18123714,NYQ
SBSW,D/B/A Sibanye-Stillwater Limite,Basic Materials,Mid-Cap,5394642,NYQ
CAE,CAE Inc.,Industrials,Mid-Cap,917853,NYQ
RGTI,"Rigetti Computing, Inc.",Technology,Mid-Cap,38283353,NCM
MTCH,"Match Group, Inc.",Communication Services,Mid-Cap,4832560,NMS
JHG,Janus Henderson Group plc,Financial Services,Mid-Cap,2905949,NYQ
TECH,Bio-Techne Corp,Healthcare,Mid-Cap,2605790,NMS
HESM,Hess Midstream LP,Energy,Mid-Cap,2040558,NYQ
ZWS,Zurn Elkay Water Solutions Corp,Industrials,Mid-Cap,1068841,NYQ
ICL,ICL Group Ltd.,Basic Materials,Mid-Cap,1607207,NYQ
CHRD,Chord Energy Corporation,Energy,Mid-Cap,994496,NMS
VFS,VinFast Auto Ltd.,Consumer Cyclical,Mid-Cap,797661,NMS
REXR,"Rexford Industrial Realty, Inc.",Real Estate,Mid-Cap,2370619,NYQ
AOS,A.O. Smith Corporation,Industrials,Mid-Cap,1588276,NYQ
ACI,"Albertsons Companies, Inc.",Consumer Defensive,Mid-Cap,6575731,NYQ
ST,Sensata Technologies Holding pl,Technology,Mid-Cap,2151890,NYQ
CORT,Corcept Therapeutics Incorporat,Healthcare,Mid-Cap,1423958,NCM
EDU,New Oriental Education & Techno,Consumer Defensive,Mid-Cap,762979,NYQ
KEX,Kirby Corporation,Industrials,Mid-Cap,707022,NYQ
ECG,"Everus Construction Group, Inc.",Industrials,Mid-Cap,581880,NYQ
BIRK,Birkenstock Holding plc,Consumer Cyclical,Mid-Cap,2481169,NYQ
PDI,PIMCO Dynamic Income Fund,Financial Services,Mid-Cap,2671400,NYQ
FRO,Frontline Plc,Energy,Mid-Cap,3475733,NYQ
SOBO,South Bow Corporation,Energy,Mid-Cap,983839,NYQ
CELH,"Celsius Holdings, Inc.",Consumer Defensive,Mid-Cap,8204644,NCM
PCOR,"Procore Technologies, Inc.",Technology,Mid-Cap,2445360,NYQ
GAP,"Gap, Inc. (The)",Consumer Cyclical,Mid-Cap,8686068,NYQ
AVT,"Avnet, Inc.",Technology,Mid-Cap,1189509,NMS
IBRX,"ImmunityBio, Inc.",Healthcare,Mid-Cap,18068984,NMS
NXE,Nexgen Energy Ltd.,Energy,Mid-Cap,6866269,NYQ
QGEN,Qiagen N.V.,Healthcare,Mid-Cap,2109636,NYQ
YOU,"Clear Secure, Inc.",Technology,Mid-Cap,1620023,NYQ
WFRD,Weatherford International plc,Energy,Mid-Cap,1355439,NMS
NOV,NOV Inc.,Energy,Mid-Cap,4694838,NYQ
CBSH,"Commerce Bancshares, Inc.",Financial Services,Mid-Cap,1210204,NMS
NE,Noble Corporation plc A,Energy,Mid-Cap,1573658,NYQ
VOYA,"Voya Financial, Inc.",Financial Services,Mid-Cap,1215971,NYQ
BILI,Bilibili Inc.,Communication Services,Mid-Cap,3070093,NMS
VLY,Valley National Bancorp,Financial Services,Mid-Cap,6733401,NMS
SFM,"Sprouts Farmers Market, Inc.",Consumer Defensive,Mid-Cap,2258934,NMS
MOS,Mosaic Company (The),Basic Materials,Mid-Cap,9988673,NYQ
UGI,UGI Corporation,Utilities,Mid-Cap,1864015,NYQ
NFG,National Fuel Gas Company,Energy,Mid-Cap,838887,NYQ
MWH,"SOLV Energy, Inc.",Utilities,Mid-Cap,1242187,NMS
NVTS,Navitas Semiconductor Corporati,Technology,Mid-Cap,31934122,NGM
JXN,Jackson Financial Inc.,Financial Services,Mid-Cap,605842,NYQ
CWAN,"Clearwater Analytics Holdings, ",Technology,Mid-Cap,3767150,NYQ
LEA,Lear Corporation,Consumer Cyclical,Mid-Cap,615338,NYQ
TAP,Molson Coors Beverage Company,Consumer Defensive,Mid-Cap,3102392,NYQ
TTEK,"Tetra Tech, Inc.",Industrials,Mid-Cap,3180230,NMS
RHP,"Ryman Hospitality Properties, I",Real Estate,Mid-Cap,558926,NYQ
ABVX,Abivax SA,Healthcare,Mid-Cap,1449963,NGM
ATR,"AptarGroup, Inc.",Healthcare,Mid-Cap,522909,NYQ
TEX,Terex Corporation,Industrials,Mid-Cap,1273050,NYQ
STAG,"Stag Industrial, Inc.",Real Estate,Mid-Cap,1229411,NYQ
NUVL,"Nuvalent, Inc.",Healthcare,Mid-Cap,649865,NMS
HQY,"HealthEquity, Inc.",Healthcare,Mid-Cap,997669,NMS
ALKS,Alkermes plc,Healthcare,Mid-Cap,2366741,NMS
INGM,Ingram Micro Holding Corporatio,Technology,Mid-Cap,1574450,NYQ
BEPC,Brookfield Renewable Corporatio,Utilities,Mid-Cap,1545077,NYQ
LTH,"Life Time Group Holdings, Inc.",Consumer Cyclical,Mid-Cap,3218869,NYQ
MIDD,The Middleby Corporation,Industrials,Mid-Cap,585090,NMS
GDS,GDS Holdings Limited,Technology,Mid-Cap,2035609,NGM
MTDR,Matador Resources Company,Energy,Mid-Cap,1831855,NYQ
RAL,Ralliant Corporation,Technology,Mid-Cap,1487812,NYQ
FLR,Fluor Corporation,Industrials,Mid-Cap,2707328,NYQ
AXS,Axis Capital Holdings Limited,Financial Services,Mid-Cap,564847,NYQ
VNO,Vornado Realty Trust,Real Estate,Mid-Cap,2023233,NYQ
SEI,"Solaris Energy Infrastructure, ",Energy,Mid-Cap,2519966,NYQ
TTAN,"ServiceTitan, Inc.",Technology,Mid-Cap,1211873,NMS
UEC,Uranium Energy Corp.,Energy,Mid-Cap,9424195,ASE
AXTI,AXT Inc,Technology,Mid-Cap,11843206,NMS
KRMN,Karman Holdings Inc.,Industrials,Mid-Cap,2299622,NYQ
MORN,"Morningstar, Inc.",Financial Services,Mid-Cap,519976,NMS
RGEN,Repligen Corporation,Healthcare,Mid-Cap,1082593,NMS
PRIM,Primoris Services Corporation,Industrials,Mid-Cap,1458330,NYQ
FIGR,"Figure Technology Solutions, In",Financial Services,Mid-Cap,4684588,NMS
RIG,Transocean Ltd (Switzerland),Energy,Mid-Cap,35087873,NYQ
VIPS,Vipshop Holdings Limited,Consumer Cyclical,Mid-Cap,2336639,NYQ
PB,"Prosperity Bancshares, Inc.",Financial Services,Mid-Cap,1001744,NYQ
HR,Healthcare Realty Trust Incorpo,Real Estate,Mid-Cap,3738115,NYQ
KGS,"Kodiak Gas Services, Inc.",Energy,Mid-Cap,1560044,NYQ
PCVX,"Vaxcyte, Inc.",Healthcare,Mid-Cap,1406949,NMS
TRNO,Terreno Realty Corporation,Real Estate,Mid-Cap,627985,NYQ
AXTA,Axalta Coating Systems Ltd.,Basic Materials,Mid-Cap,2695969,NYQ
ESTC,Elastic N.V.,Technology,Mid-Cap,2118544,NYQ
MRCY,Mercury Systems Inc,Industrials,Mid-Cap,599690,NMS
LEGN,Legend Biotech Corporation,Healthcare,Mid-Cap,2288733,NMS
CHYM,"Chime Financial, Inc.",Technology,Mid-Cap,4932271,NMS
CENX,Century Aluminum Company,Basic Materials,Mid-Cap,1979134,NMS
GKOS,Glaukos Corporation,Healthcare,Mid-Cap,887842,NYQ
HXL,Hexcel Corporation,Industrials,Mid-Cap,1153211,NYQ
OR,OR Royalties Inc.,Basic Materials,Mid-Cap,1069725,NYQ
GTES,Gates Industrial Corporation pl,Industrials,Mid-Cap,2234734,NYQ
JBTM,JBT Marel Corporation,Industrials,Mid-Cap,566577,NYQ
FAF,First American Corporation (New,Financial Services,Mid-Cap,964285,NYQ
TMHC,Taylor Morrison Home Corporatio,Consumer Cyclical,Mid-Cap,1853549,NYQ
POOL,Pool Corporation,Industrials,Mid-Cap,802966,NMS
MAC,Macerich Company (The),Real Estate,Mid-Cap,2625679,NYQ
PPC,Pilgrim's Pride Corporation,Consumer Defensive,Mid-Cap,1227266,NMS
MSM,"MSC Industrial Direct Company, ",Industrials,Mid-Cap,684090,NYQ
TXNM,"TXNM Energy, Inc.",Utilities,Mid-Cap,1361452,NYQ
FLY,Firefly Aerospace Inc.,Industrials,Mid-Cap,7417192,NGM
KMX,CarMax Inc,Consumer Cyclical,Mid-Cap,3290193,NYQ
LNTH,"Lantheus Holdings, Inc.",Healthcare,Mid-Cap,1006157,NGM
URBN,"Urban Outfitters, Inc.",Consumer Cyclical,Mid-Cap,1508003,NMS
LKQ,LKQ Corporation,Consumer Cyclical,Mid-Cap,2979738,NMS
CBC,"Central Bancompany, Inc.",Financial Services,Mid-Cap,709212,NMS
DOX,Amdocs Limited,Technology,Mid-Cap,1088969,NMS
SGHC,Super Group (SGHC) Limited,Consumer Cyclical,Mid-Cap,3185307,NYQ
BYD,Boyd Gaming Corporation,Consumer Cyclical,Mid-Cap,977811,NYQ
DBX,"Dropbox, Inc.",Technology,Mid-Cap,3732214,NMS
EPRT,Essential Properties Realty Tru,Real Estate,Mid-Cap,2078274,NYQ
STWD,"STARWOOD PROPERTY TRUST, INC. S",Real Estate,Mid-Cap,3085012,NYQ
BZ,KANZHUN LIMITED - American Depo,Communication Services,Mid-Cap,4379411,NMS
VFC,V.F. Corporation,Consumer Cyclical,Mid-Cap,7310482,NYQ
PAYC,"Paycom Software, Inc.",Technology,Mid-Cap,1303795,NYQ
KLAR,Klarna Group plc,Financial Services,Mid-Cap,6356323,NYQ
PSN,Parsons Corporation,Technology,Mid-Cap,1339357,NYQ
LNC,Lincoln National Corporation,Financial Services,Mid-Cap,2011020,NYQ
SNDR,"Schneider National, Inc.",Industrials,Mid-Cap,1087636,NYQ
IMVT,"Immunovant, Inc.",Healthcare,Mid-Cap,1823646,NMS
MHK,"Mohawk Industries, Inc.",Consumer Cyclical,Mid-Cap,990612,NYQ
ETSY,"Etsy, Inc.",Consumer Cyclical,Mid-Cap,3017714,NYQ
SYRE,"Spyre Therapeutics, Inc.",Healthcare,Mid-Cap,1108609,NMS
VAL,Valaris Limited,Energy,Mid-Cap,968687,NYQ
HIMS,"Hims & Hers Health, Inc.",Healthcare,Mid-Cap,33571063,NYQ
DSGX,The Descartes Systems Group Inc,Technology,Mid-Cap,569268,NMS
APGE,"Apogee Therapeutics, Inc.",Healthcare,Mid-Cap,935658,NGM
INGR,Ingredion Incorporated,Consumer Defensive,Mid-Cap,712436,NYQ
RYN,Rayonier Inc. REIT,Real Estate,Mid-Cap,2661325,NYQ
VSXY,Victorias Secret & Co,Consumer Cyclical,Mid-Cap,2665115,NYQ
CPB,The Campbell's Company,Consumer Defensive,Mid-Cap,8813444,NMS
ROAD,"Construction Partners, Inc.",Industrials,Mid-Cap,546422,NMS
USAR,"USA Rare Earth, Inc.",Basic Materials,Mid-Cap,16267973,NGM
NSA,National Storage Affiliates Tru,Real Estate,Mid-Cap,1592687,NYQ
AVTR,"Avantor, Inc.",Healthcare,Mid-Cap,9687685,NYQ
ACMR,"ACM Research, Inc.",Technology,Mid-Cap,1369280,NGM
OSCR,"Oscar Health, Inc.",Healthcare,Mid-Cap,7177569,NYQ
TFPM,Triple Flag Precious Metals Cor,Basic Materials,Mid-Cap,612761,NYQ
OMF,"OneMain Holdings, Inc.",Financial Services,Mid-Cap,1362122,NYQ
CNTA,Centessa Pharmaceuticals plc,Healthcare,Mid-Cap,2589501,NMS
TGTX,"TG Therapeutics, Inc.",Healthcare,Mid-Cap,2061901,NCM
PTGX,"Protagonist Therapeutics, Inc.",Healthcare,Mid-Cap,728309,NGM
CAR,"Avis Budget Group, Inc.",Industrials,Mid-Cap,2750003,NMS
CE,Celanese Corporation,Basic Materials,Mid-Cap,2366155,NYQ
GVA,Granite Construction Incorporat,Industrials,Mid-Cap,679222,NYQ
FNB,F.N.B. Corporation,Financial Services,Mid-Cap,6673853,NYQ
BTG,B2Gold Corp,Basic Materials,Mid-Cap,29338447,ASE
PATH,"UiPath, Inc.",Technology,Mid-Cap,34369066,NYQ
GTX,Garrett Motion Inc.,Consumer Cyclical,Mid-Cap,2601573,NMS
CIG,Comp En De Mn Cemig,Utilities,Mid-Cap,6804152,NYQ
PCTY,Paylocity Holding Corporation,Technology,Mid-Cap,774368,NMS
AROC,"Archrock, Inc.",Energy,Mid-Cap,1675303,NYQ
KYMR,"Kymera Therapeutics, Inc.",Healthcare,Mid-Cap,567736,NGM
CAG,"ConAgra Brands, Inc.",Consumer Defensive,Mid-Cap,15295569,NYQ
EAT,"Brinker International, Inc.",Consumer Cyclical,Mid-Cap,1174690,NYQ
WH,"Wyndham Hotels & Resorts, Inc.",Consumer Cyclical,Mid-Cap,1224717,NYQ
SSRM,SSR Mining Inc.,Basic Materials,Mid-Cap,3519133,NMS
GBCI,"Glacier Bancorp, Inc.",Financial Services,Mid-Cap,902411,NYQ
CHDN,"Churchill Downs, Incorporated",Consumer Cyclical,Mid-Cap,1001717,NMS
CZR,"Caesars Entertainment, Inc.",Consumer Cyclical,Mid-Cap,6408677,NMS
BB,BlackBerry Limited,Technology,Mid-Cap,22100130,NYQ
TAL,TAL Education Group,Consumer Defensive,Mid-Cap,3595292,NYQ
LOAR,Loar Holdings Inc.,Industrials,Mid-Cap,978741,NYQ
RSI,"Rush Street Interactive, Inc.",Consumer Cyclical,Mid-Cap,1819400,NYQ
CROX,"Crocs, Inc.",Consumer Cyclical,Mid-Cap,1259452,NMS
UBSI,"United Bankshares, Inc.",Financial Services,Mid-Cap,908487,NMS
PEGA,Pegasystems Inc.,Technology,Mid-Cap,2134298,NMS
ONDS,Ondas Inc,Technology,Mid-Cap,76163026,NCM
HPP,"Hudson Pacific Properties, Inc.",Real Estate,Mid-Cap,1248514,NYQ
RYTM,"Rhythm Pharmaceuticals, Inc.",Healthcare,Mid-Cap,805868,NGM
ZETA,Zeta Global Holdings Corp.,Technology,Mid-Cap,8171814,NYQ
LW,"Lamb Weston Holdings, Inc.",Consumer Defensive,Mid-Cap,2769553,NYQ
PAGP,"Plains GP Holdings, L.P.",Energy,Mid-Cap,1902357,NMS
PACS,"PACS Group, Inc.",Healthcare,Mid-Cap,817234,NYQ
ENIC,Enel Chile S.A.,Utilities,Mid-Cap,687960,NYQ
RRR,"Red Rock Resorts, Inc.",Consumer Cyclical,Mid-Cap,944188,NMS
LPL,"LG Display Co, Ltd AMERICAN DEP",Technology,Mid-Cap,2056519,NYQ
M,Macy's Inc,Consumer Cyclical,Mid-Cap,6857790,NYQ
OTEX,Open Text Corporation,Technology,Mid-Cap,2311887,NMS
FLG,"Flagstar Bank, N.A.",Financial Services,Mid-Cap,4599096,NYQ
PTCT,"PTC Therapeutics, Inc.",Healthcare,Mid-Cap,1208893,NMS
TFX,Teleflex Incorporated,Healthcare,Mid-Cap,830722,NYQ
VSNT,"Versant Media Group, Inc.",Communication Services,Mid-Cap,2179252,NMS
KLIC,"Kulicke and Soffa Industries, I",Technology,Mid-Cap,738307,NMS
POR,Portland General Electric Co,Utilities,Mid-Cap,1320628,NYQ
ALM,Almonty Industries Inc.,Basic Materials,Mid-Cap,5375207,NCM
GXO,"GXO Logistics, Inc.",Industrials,Mid-Cap,1321747,NYQ
AMTM,"Amentum Holdings, Inc.",Industrials,Mid-Cap,1982092,NYQ
COMP,"Compass, Inc.",Real Estate,Mid-Cap,14093979,NYQ
MUR,Murphy Oil Corporation,Energy,Mid-Cap,2297214,NYQ
SYNA,Synaptics Incorporated,Technology,Mid-Cap,848612,NMS
MIRM,"Mirum Pharmaceuticals, Inc.",Healthcare,Mid-Cap,984501,NGM
NAVN,"Navan, Inc.",Technology,Mid-Cap,3292620,NMS
HCC,"Warrior Met Coal, Inc.",Basic Materials,Mid-Cap,894471,NYQ
S,"SentinelOne, Inc.",Technology,Mid-Cap,8828238,NYQ
KRG,Kite Realty Group Trust,Real Estate,Mid-Cap,1879314,NYQ
ABCB,Ameris Bancorp,Financial Services,Mid-Cap,513666,NYQ
MDA,MDA Space Ltd.,Industrials,Mid-Cap,897456,NYQ
NICE,NICE Ltd,Technology,Mid-Cap,663846,NMS
CRC,California Resources Corporatio,Energy,Mid-Cap,992404,NYQ
COGT,"Cogent Biosciences, Inc.",Healthcare,Mid-Cap,2171449,NMS
OUT,OUTFRONT Media Inc.,Real Estate,Mid-Cap,1498877,NYQ
STEP,StepStone Group Inc.,Financial Services,Mid-Cap,1071780,NMS
G,Genpact Limited,Technology,Mid-Cap,2750439,NYQ
HWC,Hancock Whitney Corporation,Financial Services,Mid-Cap,890985,NMS
ESAB,ESAB Corporation,Industrials,Mid-Cap,658206,NYQ
NJR,NewJersey Resources Corporation,Utilities,Mid-Cap,547046,NYQ
OBDC,Blue Owl Capital Corporation,Financial Services,Mid-Cap,4925392,NYQ
LUNR,"Intuitive Machines, Inc.",Industrials,Mid-Cap,15176531,NGM
BKH,Black Hills Corporation,Utilities,Mid-Cap,949914,NYQ
PECO,"Phillips Edison & Company, Inc.",Real Estate,Mid-Cap,879353,NMS
BXSL,Blackstone Secured Lending Fund,Financial Services,Mid-Cap,2534753,NYQ
AUGO,Aura Minerals Inc.,Basic Materials,Mid-Cap,948242,NMS
QS,QuantumScape Corporation,Consumer Cyclical,Mid-Cap,19327938,NMS
FND,"Floor & Decor Holdings, Inc.",Consumer Cyclical,Mid-Cap,2987257,NYQ
LYFT,"Lyft, Inc.",Technology,Mid-Cap,15949769,NMS
SRRK,Scholar Rock Holding Corporatio,Healthcare,Mid-Cap,1478087,NMS
BC,Brunswick Corporation,Consumer Cyclical,Mid-Cap,837803,NYQ
DIOD,Diodes Incorporated,Technology,Mid-Cap,639563,NMS
GLBE,Global-E Online Ltd.,Consumer Cyclical,Mid-Cap,1412322,NMS
MGY,Magnolia Oil & Gas Corporation,Energy,Mid-Cap,2538287,NYQ
CWST,"Casella Waste Systems, Inc.",Industrials,Mid-Cap,825593,NMS
GNTX,Gentex Corporation,Consumer Cyclical,Mid-Cap,2106895,NMS
MARA,"MARA Holdings, Inc.",Financial Services,Mid-Cap,44955001,NCM
VCTR,"Victory Capital Holdings, Inc. ",Financial Services,Mid-Cap,595455,NMS
OCTV,Octave Intelligence plc,Technology,Mid-Cap,1604511,NMS
UGP,Ultrapar Participacoes S.A. (Ne,Energy,Mid-Cap,3226514,NYQ
HOMB,"Home BancShares, Inc.",Financial Services,Mid-Cap,1511436,NYQ
GLNG,Golar LNG Limited,Energy,Mid-Cap,2072653,NMS
MTG,MGIC Investment Corporation,Financial Services,Mid-Cap,1939468,NYQ
TBBB,BBB Foods Inc.,Consumer Defensive,Mid-Cap,655760,NYQ
GTLB,GitLab Inc.,Technology,Mid-Cap,6522200,NMS
OZK,Bank OZK,Financial Services,Mid-Cap,1197574,NMS
DLB,Dolby Laboratories,Industrials,Mid-Cap,723198,NYQ
AUB,Atlantic Union Bankshares Corpo,Financial Services,Mid-Cap,1045612,NYQ
IRDM,Iridium Communications Inc,Communication Services,Mid-Cap,2341998,NMS
XENE,Xenon Pharmaceuticals Inc.,Healthcare,Mid-Cap,1484782,NGM
IPGP,IPG Photonics Corporation,Technology,Mid-Cap,540344,NMS
LPX,Louisiana-Pacific Corporation,Industrials,Mid-Cap,1058715,NYQ
ESNT,Essent Group Ltd.,Financial Services,Mid-Cap,700792,NYQ
PLUG,"Plug Power, Inc.",Industrials,Mid-Cap,78359174,NCM
BOOT,"Boot Barn Holdings, Inc.",Consumer Cyclical,Mid-Cap,745444,NYQ
HASI,HA Sustainable Infrastructure C,Financial Services,Mid-Cap,952311,NYQ
SIGI,"Selective Insurance Group, Inc.",Financial Services,Mid-Cap,561198,NMS
TKC,Turkcell Iletisim Hizmetleri AS,Communication Services,Mid-Cap,1249712,NYQ
PIPR,Piper Sandler Companies,Financial Services,Mid-Cap,669938,NYQ
EQPT,EquipmentShare.com Inc,Industrials,Mid-Cap,2011642,NMS
EPAM,"EPAM Systems, Inc.",Technology,Mid-Cap,1791692,NYQ
ASB,Associated Banc-Corp,Financial Services,Mid-Cap,2123042,NYQ
GRFS,"Grifols, S.A.",Healthcare,Mid-Cap,726558,NMS
SPHR,Sphere Entertainment Co.,Communication Services,Mid-Cap,811626,NYQ
BIPC,Brookfield Infrastructure Corpo,Utilities,Mid-Cap,1221546,NYQ
ADT,ADT Inc.,Industrials,Mid-Cap,11279104,NYQ
LBRT,Liberty Energy Inc.,Energy,Mid-Cap,4136001,NYQ
STVN,Stevanato Group S.p.A.,Healthcare,Mid-Cap,522930,NYQ
WEX,WEX Inc.,Technology,Mid-Cap,548115,NYQ
OTF,Blue Owl Technology Finance Cor,Financial Services,Mid-Cap,2201025,NYQ
RITM,Rithm Capital Corp.,Real Estate,Mid-Cap,9164269,NYQ
PBF,PBF Energy Inc.,Energy,Mid-Cap,3559212,NYQ
CRSP,CRISPR Therapeutics AG,Healthcare,Mid-Cap,1915677,NGM
IEP,Icahn Enterprises L.P. - Deposi,Energy,Mid-Cap,1017973,NMS
NTSK,"Netskope, Inc.",Technology,Mid-Cap,4878261,NMS
DUOL,"Duolingo, Inc.",Technology,Mid-Cap,1883938,NMS
ACHR,Archer Aviation Inc.,Industrials,Mid-Cap,36371282,NYQ
MC,Moelis & Company,Financial Services,Mid-Cap,1196401,NYQ
CVLT,"Commvault Systems, Inc.",Technology,Mid-Cap,980219,NMS
LQDA,Liquidia Corporation,Healthcare,Mid-Cap,1371793,NCM
ALH,Alliance Laundry Holdings Inc.,Consumer Cyclical,Mid-Cap,955742,NYQ
VSEC,VSE Corporation,Industrials,Mid-Cap,640882,NMS
ACLS,"Axcelis Technologies, Inc.",Technology,Mid-Cap,683120,NMS
ATAT,Atour Lifestyle Holdings Limite,Consumer Cyclical,Mid-Cap,1261206,NMS
CSTM,Constellium SE,Basic Materials,Mid-Cap,2353563,NYQ
GBTG,"Global Business Travel Group, I",Consumer Cyclical,Mid-Cap,3686646,NYQ
PRM,"Perimeter Solutions, SA",Basic Materials,Mid-Cap,1241015,NYQ
CHH,"Choice Hotels International, In",Consumer Cyclical,Mid-Cap,632444,NYQ
BGC,"BGC Group, Inc.",Financial Services,Mid-Cap,2944090,NMS
SAIC,Science Applications Internatio,Technology,Mid-Cap,596844,NMS
MEOH,Methanex Corporation,Basic Materials,Mid-Cap,1545136,NMS
OLLI,Ollie's Bargain Outlet Holdings,Consumer Defensive,Mid-Cap,1615436,NGM
CNR,"Core Natural Resources, Inc.",Energy,Mid-Cap,937234,NYQ
BTDR,Bitdeer Technologies Group,Technology,Mid-Cap,8177725,NCM
OGS,"ONE Gas, Inc.",Utilities,Mid-Cap,541520,NYQ
HRB,"H&R Block, Inc.",Consumer Cyclical,Mid-Cap,2443536,NYQ
CGON,"CG Oncology, Inc.",Healthcare,Mid-Cap,1229446,NMS
SON,Sonoco Products Company,Consumer Cyclical,Mid-Cap,1228528,NYQ
MTN,"Vail Resorts, Inc.",Consumer Cyclical,Mid-Cap,846020,NYQ
CNX,CNX Resources Corporation,Energy,Mid-Cap,2036055,NYQ
POWI,"Power Integrations, Inc.",Technology,Mid-Cap,1157211,NMS
MAIN,Main Street Capital Corporation,Financial Services,Mid-Cap,811552,NYQ
ALK,"Alaska Air Group, Inc.",Industrials,Mid-Cap,4530949,NYQ
KVYO,"Klaviyo, Inc. Series A",Technology,Mid-Cap,5792026,NYQ
OPEN,Opendoor Technologies Inc,Real Estate,Mid-Cap,37693890,NMS
WSC,WillScot Holdings Corporation,Industrials,Mid-Cap,2516615,NCM
LAUR,"Laureate Education, Inc.",Consumer Defensive,Mid-Cap,1769458,NMS
DNTH,"Dianthus Therapeutics, Inc.",Healthcare,Mid-Cap,915360,NCM
FBIN,"Fortune Brands Innovations, Inc",Industrials,Mid-Cap,2851198,NYQ
LAZ,"Lazard, Inc.",Financial Services,Mid-Cap,1419688,NYQ
JAN,"Janus Living, Inc.",Real Estate,Mid-Cap,1373665,NYQ
RLI,RLI Corp.,Financial Services,Mid-Cap,822796,NYQ
FLNC,"Fluence Energy, Inc.",Utilities,Mid-Cap,8602768,NMS
MRP,"Millrose Properties, Inc.",Real Estate,Mid-Cap,1451380,NYQ
SBRA,"Sabra Health Care REIT, Inc.",Real Estate,Mid-Cap,2267077,NMS
PTEN,"Patterson-UTI Energy, Inc.",Energy,Mid-Cap,9924346,NMS
SITE,"SiteOne Landscape Supply, Inc.",Industrials,Mid-Cap,785714,NYQ
FFIN,"First Financial Bankshares, Inc",Financial Services,Mid-Cap,753603,NMS
HNGE,"Hinge Health, Inc.",Healthcare,Mid-Cap,1243292,NYQ
REYN,Reynolds Consumer Products Inc.,Consumer Cyclical,Mid-Cap,1125171,NMS
KBR,"KBR, Inc.",Industrials,Mid-Cap,1733798,NYQ
PVH,PVH Corp.,Consumer Cyclical,Mid-Cap,1171603,NYQ
REZI,"Resideo Technologies, Inc.",Industrials,Mid-Cap,1314087,NYQ
TWST,Twist Bioscience Corporation,Healthcare,Mid-Cap,1339403,NMS
CLSK,"CleanSpark, Inc.",Financial Services,Mid-Cap,21053426,NCM
SEDG,"SolarEdge Technologies, Inc.",Technology,Mid-Cap,4109350,NMS
UUUU,Energy Fuels Inc,Energy,Mid-Cap,10316888,ASE
EXLS,"ExlService Holdings, Inc.",Technology,Mid-Cap,2333425,NMS
PONY,Pony AI Inc.,Technology,Mid-Cap,5047261,NMS
CUZ,Cousins Properties Incorporated,Real Estate,Mid-Cap,1956965,NYQ
MTH,Meritage Homes Corporation,Consumer Cyclical,Mid-Cap,954977,NYQ
HLNE,Hamilton Lane Incorporated,Financial Services,Mid-Cap,890661,NMS
AQN,Algonquin Power & Utilities Cor,Utilities,Mid-Cap,4668188,NYQ
RDN,Radian Group Inc.,Financial Services,Mid-Cap,1351869,NYQ
BLLN,"BillionToOne, Inc.",Healthcare,Mid-Cap,533725,NMS
TDS,"Telephone and Data Systems, Inc",Communication Services,Mid-Cap,944815,NYQ
MIR,"Mirion Technologies, Inc.",Industrials,Mid-Cap,3870741,NYQ
TFSL,TFS Financial Corporation,Financial Services,Mid-Cap,818357,NMS
MNDY,monday.com Ltd.,Technology,Mid-Cap,1814587,NMS
RXO,"RXO, Inc.",Industrials,Mid-Cap,2278757,NYQ
VVV,Valvoline Inc.,Consumer Cyclical,Mid-Cap,2074774,NYQ
XNDU,Xanadu Quantum Technologies Lim,Technology,Mid-Cap,5500429,NGM
UWMC,UWM Holdings Corporation,Financial Services,Mid-Cap,17301026,NYQ
HRI,Herc Holdings Inc.,Industrials,Mid-Cap,589582,NYQ
BETA,"Beta Technologies, Inc.",Industrials,Mid-Cap,1803360,NYQ
CAI,"Caris Life Sciences, Inc.",Healthcare,Mid-Cap,2570080,NMS
MKTX,"MarketAxess Holdings, Inc.",Financial Services,Mid-Cap,527274,NMS
TNL,Travel   Leisure Co.,Consumer Cyclical,Mid-Cap,839046,NYQ
FTDR,"frontdoor, inc.",Consumer Cyclical,Mid-Cap,647803,NMS
SHC,Sotera Health Company,Healthcare,Mid-Cap,3659836,NMS
MDU,"MDU Resources Group, Inc.",Utilities,Mid-Cap,1830198,NYQ
XMTR,"Xometry, Inc.",Industrials,Mid-Cap,906601,NMS
KNF,Knife Riv Holding Co.,Basic Materials,Mid-Cap,614380,NYQ
BLSH,Bullish,Technology,Mid-Cap,1318144,NYQ
EPR,EPR Properties,Real Estate,Mid-Cap,810493,NYQ
CELC,Celcuity Inc.,Healthcare,Mid-Cap,1097815,NCM
LASR,"nLIGHT, Inc.",Technology,Mid-Cap,1525044,NMS
TAC,TransAlta Corporation,Utilities,Mid-Cap,1419666,NYQ
CNO,"CNO Financial Group, Inc.",Financial Services,Mid-Cap,701549,NYQ
COCO,"The Vita Coco Company, Inc.",Consumer Defensive,Mid-Cap,1421652,NMS
CMBT,CMB.TECH NV,Energy,Mid-Cap,1700538,NYQ
OLED,Universal Display Corporation,Technology,Mid-Cap,851161,NMS
SMR,NuScale Power Corporation,Industrials,Mid-Cap,30966471,NYQ
FHI,"Federated Hermes, Inc.",Financial Services,Mid-Cap,849609,NYQ
LRN,"Stride, Inc.",Consumer Defensive,Mid-Cap,752355,NYQ
HIMX,"Himax Technologies, Inc.",Technology,Mid-Cap,4900931,NMS
TREX,"Trex Company, Inc.",Industrials,Mid-Cap,1879426,NYQ
MMYT,MakeMyTrip Limited,Consumer Cyclical,Mid-Cap,1370547,NMS
TVTX,"Travere Therapeutics, Inc.",Healthcare,Mid-Cap,2155311,NGM
PI,"Impinj, Inc.",Technology,Mid-Cap,542284,NMS
THO,"Thor Industries, Inc.",Consumer Cyclical,Mid-Cap,759673,NYQ
ACIW,"ACI Worldwide, Inc.",Technology,Mid-Cap,747700,NMS
INDV,"Indivior Pharmaceuticals, Inc.",Healthcare,Mid-Cap,2595696,NMS
COLD,"Americold Realty Trust, Inc.",Real Estate,Mid-Cap,4365628,NYQ
PFSI,"PennyMac Financial Services, In",Financial Services,Mid-Cap,592669,NYQ
MAT,"Mattel, Inc.",Consumer Cyclical,Mid-Cap,4468874,NMS
RELY,"Remitly Global, Inc.",Technology,Mid-Cap,4224604,NMS
UCTT,"Ultra Clean Holdings, Inc.",Technology,Mid-Cap,1072096,NMS
EBC,"Eastern Bankshares, Inc.",Financial Services,Mid-Cap,1984504,NMS
KRC,Kilroy Realty Corporation,Real Estate,Mid-Cap,2003073,NYQ
POST,"Post Holdings, Inc.",Consumer Defensive,Mid-Cap,804242,NYQ
SKT,Tanger Inc.,Real Estate,Mid-Cap,797896,NYQ
ERAS,"Erasca, Inc.",Healthcare,Mid-Cap,6894723,NMS
PLNT,"Planet Fitness, Inc.",Consumer Cyclical,Mid-Cap,2293480,NYQ
TXG,"10x Genomics, Inc.",Healthcare,Mid-Cap,2588601,NMS
WHD,"Cactus, Inc. Class A Common Sto",Energy,Mid-Cap,906204,NYQ
RDNT,"RadNet, Inc.",Healthcare,Mid-Cap,837315,NGM
SLM,SLM Corporation,Financial Services,Mid-Cap,3204955,NMS
AMRX,"Amneal Pharmaceuticals, Inc.",Healthcare,Mid-Cap,1780687,NMS
FULT,Fulton Financial Corporation,Financial Services,Mid-Cap,1965584,NMS
CRGY,Crescent Energy Company,Energy,Mid-Cap,7989696,NYQ
LMND,"Lemonade, Inc.",Financial Services,Mid-Cap,1759555,NYQ
BNL,"Broadstone Net Lease, Inc.",Real Estate,Mid-Cap,2529442,NYQ
MANE,"Veradermics, Incorporated",Healthcare,Mid-Cap,569617,NYQ
DNP,"DNP Select Income Fund, Inc.",Financial Services,Mid-Cap,710309,NYQ
VNT,Vontier Corporation,Technology,Mid-Cap,1490704,NYQ
MMED,"MiniMed Group, Inc.",Healthcare,Mid-Cap,1029937,NMS
FOUR,"Shift4 Payments, Inc.",Technology,Mid-Cap,1856014,NYQ
SRAD,Sportradar Group AG,Technology,Mid-Cap,3445033,NMS
HGV,Hilton Grand Vacations Inc.,Consumer Cyclical,Mid-Cap,844073,NYQ
SKY,"Champion Homes, Inc.",Consumer Cyclical,Mid-Cap,634809,NYQ
LBTYA,Liberty Global Ltd.,Communication Services,Mid-Cap,1983584,NMS
DAN,Dana Incorporated,Consumer Cyclical,Mid-Cap,1140928,NYQ
ZGN,Ermenegildo Zegna N.V.,Consumer Cyclical,Mid-Cap,789922,NYQ
YSS,York Space Systems Inc.,Industrials,Mid-Cap,2295480,NYQ
PTRN,Pattern Group Inc. - Series A,Technology,Mid-Cap,1158861,NMS
VRNS,"Varonis Systems, Inc.",Technology,Mid-Cap,2386855,NMS
MWA,MUELLER WATER PRODUCTS,Industrials,Mid-Cap,1190107,NYQ
QLYS,"Qualys, Inc.",Technology,Mid-Cap,805704,NMS
WING,Wingstop Inc.,Consumer Cyclical,Mid-Cap,1348360,NMS
IRT,"Independence Realty Trust, Inc.",Real Estate,Mid-Cap,2440395,NYQ
LIVN,LivaNova PLC,Healthcare,Mid-Cap,812463,NMS
CRK,"Comstock Resources, Inc.",Energy,Mid-Cap,2421366,NYQ
OPLN,"OPENLANE, Inc.",Consumer Cyclical,Mid-Cap,908765,NYQ
EWTX,"Edgewise Therapeutics, Inc.",Healthcare,Mid-Cap,1141455,NMS
ORLA,Orla Mining Ltd.,Basic Materials,Mid-Cap,2916641,ASE
PII,Polaris Inc.,Consumer Cyclical,Mid-Cap,1292973,NYQ
LION,Lionsgate Studios Corp,N/A,Mid-Cap,3370223,NYQ
VCYT,"Veracyte, Inc.",Healthcare,Mid-Cap,1008363,NGM
FRMI,Fermi Inc.,Real Estate,Mid-Cap,15398642,NMS
MRX,Marex Group plc,Financial Services,Mid-Cap,1092017,NMS
HAFN,Hafnia Limited,Industrials,Mid-Cap,1994844,NYQ
INSW,"International Seaways, Inc.",Energy,Mid-Cap,583679,NYQ
ATMU,Atmus Filtration Technologies I,Consumer Cyclical,Mid-Cap,1244639,NYQ
UCB,"United Community Banks, Inc.",Financial Services,Mid-Cap,840788,NYQ
DOCS,"Doximity, Inc.",Healthcare,Mid-Cap,3772642,NYQ
HP,"Helmerich & Payne, Inc.",Energy,Mid-Cap,1265190,NYQ
MIAX,"Miami International Holdings, I",Financial Services,Mid-Cap,1303547,NYQ
SLGN,Silgan Holdings Inc.,Consumer Cyclical,Mid-Cap,818636,NYQ
CPRX,"Catalyst Pharmaceuticals, Inc.",Healthcare,Mid-Cap,2081569,NCM
TPC,Tutor Perini Corporation,Industrials,Mid-Cap,547049,NYQ
KC,Kingsoft Cloud Holdings Limited,Technology,Mid-Cap,1525290,NMS
SEZL,Sezzle Inc.,Financial Services,Mid-Cap,689952,NCM
INFQ,"Infleqtion, Inc.",Technology,Mid-Cap,11770593,NYQ
WPP,WPP plc,Communication Services,Mid-Cap,568477,NYQ
OII,"Oceaneering International, Inc.",Energy,Mid-Cap,1141314,NYQ
BMI,"Badger Meter, Inc.",Technology,Mid-Cap,569180,NYQ
KTB,"Kontoor Brands, Inc.",Consumer Cyclical,Mid-Cap,778514,NYQ
EXTR,"Extreme Networks, Inc.",Technology,Mid-Cap,2300526,NMS
STNG,Scorpio Tankers Inc.,Energy,Mid-Cap,1195652,NYQ
NAMS,NewAmsterdam Pharma Company N.V,Healthcare,Mid-Cap,1181515,NGM
PENG,"Penguin Solutions, Inc.",Technology,Mid-Cap,2268411,NMS
WAY,Waystar Holding Corp.,Healthcare,Mid-Cap,2492504,NMS
LIF,"Life360, Inc.",Technology,Mid-Cap,1237657,NMS
KEEL,Keel Infrastructure Corp.,Technology,Mid-Cap,34855452,NGM
RDW,Redwire Corporation,Industrials,Mid-Cap,32417019,NYQ
SA,"Seabridge Gold, Inc.",Basic Materials,Mid-Cap,985863,NYQ
VECO,Veeco Instruments Inc.,Technology,Mid-Cap,1309273,NMS
RNG,"Ringcentral, Inc.",Technology,Mid-Cap,1807865,NYQ
KNSA,Kiniksa Pharmaceuticals Interna,Healthcare,Mid-Cap,693211,NMS
TDW,Tidewater Inc.,Energy,Mid-Cap,806223,NYQ
BTE,Baytex Energy Corp,Energy,Mid-Cap,22507034,NYQ
FBP,First BanCorp. New,Financial Services,Mid-Cap,1461514,NYQ
BOX,"Box, Inc.",Technology,Mid-Cap,2472426,NYQ
BTU,Peabody Energy Corporation,Energy,Mid-Cap,3701111,NYQ
NVST,Envista Holdings Corporation,Healthcare,Mid-Cap,2949909,NYQ
BBAR,Banco BBVA Argentina S.A.,Financial Services,Mid-Cap,698028,NYQ
ITRI,"Itron, Inc.",Technology,Mid-Cap,877136,NMS
RNST,Renasant Corporation,Financial Services,Mid-Cap,685055,NYQ
ACAD,ACADIA Pharmaceuticals Inc.,Healthcare,Mid-Cap,1765846,NMS
CDP,COPT Defense Properties,Real Estate,Mid-Cap,964765,NYQ
BBWI,"Bath & Body Works, Inc.",Consumer Cyclical,Mid-Cap,6198415,NYQ
MMSI,"Merit Medical Systems, Inc.",Healthcare,Mid-Cap,814441,NMS
SKE,Skeena Resources Limited,Basic Materials,Mid-Cap,725142,NYQ
KFY,Korn Ferry,Industrials,Mid-Cap,528733,NYQ
CVI,CVR Energy Inc.,Energy,Mid-Cap,1148711,NYQ
AEHR,Aehr Test Systems,Technology,Mid-Cap,2939947,NCM
BHF,"Brighthouse Financial, Inc.",Financial Services,Mid-Cap,575111,NMS
APLE,"Apple Hospitality REIT, Inc.",Real Estate,Mid-Cap,3400103,NYQ
LEU,Centrus Energy Corp.,Energy,Mid-Cap,859933,NYQ
CALM,"Cal-Maine Foods, Inc.",Consumer Defensive,Mid-Cap,857269,NMS
YETI,"YETI Holdings, Inc.",Consumer Cyclical,Mid-Cap,1521668,NYQ
STUB,"StubHub Holdings, Inc.",Communication Services,Mid-Cap,5106828,NYQ
RUN,Sunrun Inc.,Technology,Mid-Cap,8804277,NMS
BFH,"Bread Financial Holdings, Inc.",Financial Services,Mid-Cap,657860,NYQ
INOD,Innodata Inc.,Technology,Mid-Cap,1724273,NGM
VGNT,Versigent PLC,Consumer Cyclical,Mid-Cap,2590997,NYQ
ADEA,Adeia Inc.,Technology,Mid-Cap,1697325,NMS
OGN,Organon & Co.,Healthcare,Mid-Cap,8710490,NYQ
CLBT,Cellebrite DI Ltd.,Technology,Mid-Cap,2012560,NMS
CVBF,CVB Financial Corporation,Financial Services,Mid-Cap,1779588,NMS
SOUN,"SoundHound AI, Inc.",Technology,Mid-Cap,27914482,NGM
ARIS,Aris Mining Corporation,Basic Materials,Mid-Cap,1692480,NYQ
NSIT,"Insight Enterprises, Inc.",Technology,Mid-Cap,514804,NMS
BILL,"BILL Holdings, Inc.",Technology,Mid-Cap,2281684,NYQ
CRNX,"Crinetics Pharmaceuticals, Inc.",Healthcare,Mid-Cap,1201915,NMS
NMRK,"Newmark Group, Inc.",Real Estate,Mid-Cap,1578198,NMS
CNK,Cinemark Holdings Inc Cinemark ,Communication Services,Mid-Cap,1996322,NYQ
ORKA,"Oruka Therapeutics, Inc.",Healthcare,Mid-Cap,1485426,NGM
SUNC,SunocoCorp LLC,Energy,Mid-Cap,546152,NYQ
IRTC,"iRhythm Holdings, Inc.",Healthcare,Mid-Cap,523361,NMS
NEA,Nuveen AMT-Free Quality Municip,Financial Services,Mid-Cap,899960,NYQ
FG,"F&G Annuities & Life, Inc.",Financial Services,Mid-Cap,797504,NYQ
SLG,SL Green Realty Corp,Real Estate,Mid-Cap,1218065,NYQ
ANF,Abercrombie & Fitch Company,Consumer Cyclical,Mid-Cap,1340330,NYQ
AAP,Advance Auto Parts Inc.,Consumer Cyclical,Mid-Cap,1782911,NYQ
TMC,TMC the metals company Inc.,Basic Materials,Mid-Cap,5888412,NMS
CC,Chemours Company (The),Basic Materials,Mid-Cap,3023120,NYQ
VKTX,"Viking Therapeutics, Inc.",Healthcare,Mid-Cap,2276073,NCM
AVA,Avista Corporation,Utilities,Mid-Cap,612863,NYQ
KNTK,Kinetik Holdings Inc.,Energy,Mid-Cap,1057961,NYQ
NP,Neptune Insurance Holdings Inc.,Financial Services,Mid-Cap,587306,NYQ
GPGI,"GPGI, Inc.",Industrials,Mid-Cap,4306541,NYQ
GBDC,"Golub Capital BDC, Inc.",Financial Services,Mid-Cap,2014615,NMS
SIG,Signet Jewelers Limited,Consumer Cyclical,Mid-Cap,975574,NYQ
DLO,DLocal Limited,Technology,Mid-Cap,2128338,NMS
FUL,H. B. Fuller Company,Basic Materials,Mid-Cap,647442,NYQ
RLAY,"Relay Therapeutics, Inc.",Healthcare,Mid-Cap,3688696,NGM
CGAU,Centerra Gold Inc.,Basic Materials,Mid-Cap,1867292,NYQ
FIBK,"First Interstate BancSystem, In",Financial Services,Mid-Cap,1266011,NMS
ASO,"Academy Sports and Outdoors, In",Consumer Cyclical,Mid-Cap,1467341,NMS
COLM,Columbia Sportswear Company,Consumer Cyclical,Mid-Cap,594582,NMS
SMG,Scotts Miracle-Gro Company (The,Basic Materials,Mid-Cap,1008003,NYQ
KN,Knowles Corporation,Technology,Mid-Cap,814626,NYQ
BKU,"BankUnited, Inc.",Financial Services,Mid-Cap,813039,NYQ
TDC,Teradata Corporation,Technology,Mid-Cap,2126853,NYQ
VC,Visteon Corporation,Consumer Cyclical,Mid-Cap,571907,NMS
AAUC,Allied Gold Corporation,Basic Materials,Mid-Cap,755619,NYQ
TENB,"Tenable Holdings, Inc.",Technology,Mid-Cap,3496612,NMS
HSAI,Hesai Group,Consumer Cyclical,Mid-Cap,1907147,NMS
FSLY,"Fastly, Inc.",Technology,Mid-Cap,12044571,NMS
CLMT,"Calumet, Inc",Basic Materials,Mid-Cap,1176331,NMS
NATL,NCR Atleos Corporation,Technology,Mid-Cap,1021477,NYQ
ARX,Accelerant Holdings,Financial Services,Mid-Cap,1329500,NYQ
WSBC,"WesBanco, Inc.",Financial Services,Mid-Cap,607114,NMS
AMBA,"Ambarella, Inc.",Technology,Mid-Cap,1063792,NMS
ERO,Ero Copper Corp.,Basic Materials,Mid-Cap,1217047,NYQ
OPCH,"Option Care Health, Inc.",Healthcare,Mid-Cap,2867222,NMS
FHB,"First Hawaiian, Inc.",Financial Services,Mid-Cap,1679880,NMS
CAKE,The Cheesecake Factory Incorpor,Consumer Cyclical,Mid-Cap,1184736,NMS
TE,T1 Energy Inc.,Industrials,Mid-Cap,24766600,NYQ
KBH,KB Home,Consumer Cyclical,Mid-Cap,1204836,NYQ
GNW,Genworth Financial Inc,Financial Services,Mid-Cap,2968111,NYQ
SHOO,"Steven Madden, Ltd.",Consumer Cyclical,Mid-Cap,1115487,NMS
GPK,Graphic Packaging Holding Compa,Consumer Cyclical,Mid-Cap,7819358,NYQ
KYIV,Kyivstar Group Ltd.,Communication Services,Mid-Cap,774795,NMS
CON,Concentra Group Holdings Parent,Healthcare,Mid-Cap,777076,NYQ
DAVE,Dave Inc.,Technology,Mid-Cap,593579,NGM
AVNT,Avient Corporation,Basic Materials,Mid-Cap,715684,NYQ
UNFI,"United Natural Foods, Inc.",Consumer Defensive,Mid-Cap,694423,NYQ
EFXT,Enerflex Ltd,Energy,Mid-Cap,646265,NYQ
AKR,Acadia Realty Trust,Real Estate,Mid-Cap,1125655,NYQ
MMS,"Maximus, Inc.",Industrials,Mid-Cap,744338,NYQ
GEO,Geo Group Inc (The) REIT,Industrials,Mid-Cap,2086530,NYQ
BULL,Webull Corporation,Technology,Mid-Cap,13436204,NCM
FFBC,First Financial Bancorp.,Financial Services,Mid-Cap,866471,NMS
DNLI,Denali Therapeutics Inc.,Healthcare,Mid-Cap,1780955,NMS
ETOR,eToro Group Ltd.,Financial Services,Mid-Cap,1174871,NMS
BFAM,Bright Horizons Family Solution,Consumer Cyclical,Mid-Cap,1126063,NYQ
TNGX,"Tango Therapeutics, Inc.",Healthcare,Mid-Cap,3371860,NGM
AMPX,"Amprius Technologies, Inc.",Industrials,Mid-Cap,9701750,NYQ
PPTA,Perpetua Resources Corp.,Basic Materials,Mid-Cap,1512290,NCM
DNN,Denison Mines Corp,Energy,Mid-Cap,31191401,ASE
ITGR,Integer Holdings Corporation,Healthcare,Mid-Cap,638344,NYQ
CTRI,"Centuri Holdings, Inc.",Utilities,Mid-Cap,1402006,NYQ
ELF,"e.l.f. Beauty, Inc.",Consumer Defensive,Mid-Cap,3024604,NYQ
CURB,Curbline Properties Corp.,Real Estate,Mid-Cap,753823,NYQ
BXMT,"Blackstone Mortgage Trust, Inc.",Real Estate,Mid-Cap,1500542,NYQ
BEAM,Beam Therapeutics Inc.,Healthcare,Mid-Cap,2041384,NMS
FSK,FS KKR Capital Corp.,Financial Services,Mid-Cap,3767209,NYQ
SBLK,Star Bulk Carriers Corp.,Industrials,Mid-Cap,1336112,NMS
HIW,"Highwoods Properties, Inc.",Real Estate,Mid-Cap,1360358,NYQ
HAYW,"Hayward Holdings, Inc.",Industrials,Mid-Cap,2422647,NYQ
NTCT,"NetScout Systems, Inc.",Technology,Mid-Cap,624631,NMS
RHI,Robert Half Inc.,Industrials,Mid-Cap,2753009,NYQ
SFNC,Simmons First National Corporat,Financial Services,Mid-Cap,1212704,NMS
ATRO,Astronics Corporation,Industrials,Mid-Cap,553576,NMS
RCUS,"Arcus Biosciences, Inc.",Healthcare,Mid-Cap,1160887,NYQ
HAE,Haemonetics Corporation,Healthcare,Mid-Cap,807684,NYQ
WOLF,"Wolfspeed, Inc.",Technology,Mid-Cap,5762098,NYQ
DYN,"Dyne Therapeutics, Inc.",Healthcare,Mid-Cap,1943476,NMS
WRBY,Warby Parker Inc.,Healthcare,Mid-Cap,2746123,NYQ
CWK,Cushman & Wakefield Ltd.,Real Estate,Mid-Cap,1682138,NYQ
MPT,"Medical Properties Trust, Inc.",Real Estate,Mid-Cap,5770050,NYQ
LXP,LXP Industrial Trust,Real Estate,Mid-Cap,512303,NYQ
ALHC,"Alignment Healthcare, Inc.",Healthcare,Mid-Cap,4714247,NMS
ZIM,ZIM Integrated Shipping Service,Industrials,Mid-Cap,1559344,NYQ
NN,NextNav Inc.,Technology,Mid-Cap,2436050,NCM
BKV,BKV Corporation,Energy,Mid-Cap,1013453,NYQ
VNET,"VNET Group, Inc.",Technology,Mid-Cap,7681057,NMS
UE,Urban Edge Properties,Real Estate,Mid-Cap,883515,NYQ
HYMC,Hycroft Mining Holding Corporat,Basic Materials,Mid-Cap,2685761,NCM
VAC,Marriott Vacations Worldwide Co,Consumer Cyclical,Mid-Cap,549225,NYQ
OLN,Olin Corporation,Basic Materials,Mid-Cap,2531855,NYQ
BKD,Brookdale Senior Living Inc.,Healthcare,Mid-Cap,3490785,NYQ
CCC,CCC Intelligent Solutions Holdi,Technology,Mid-Cap,11480688,NMS
KLRA,"Kailera Therapeutics, Inc.",Healthcare,Mid-Cap,879369,NMS
UPST,"Upstart Holdings, Inc.",Financial Services,Mid-Cap,4831600,NMS
JPC,Nuveen Preferred & Income Oppor,Financial Services,Mid-Cap,1110944,NYQ
DBRG,"DigitalBridge Group, Inc.",Financial Services,Mid-Cap,3052485,NYQ
DK,"Delek US Holdings, Inc.",Energy,Mid-Cap,1367560,NYQ
EXG,Eaton Vance Tax-Managed Global ,Financial Services,Mid-Cap,507463,NYQ
TRMD,TORM plc,Energy,Mid-Cap,959031,NMS
BANC,"Banc of California, Inc.",Financial Services,Mid-Cap,2992687,NYQ
RH,RH,Consumer Cyclical,Mid-Cap,1224600,NYQ
PARR,"Par Pacific Holdings, Inc. Comm",Energy,Mid-Cap,1437658,NYQ
SDRL,Seadrill Limited,Energy,Mid-Cap,685422,NYQ
LFST,"LifeStance Health Group, Inc.",Healthcare,Mid-Cap,3896715,NMS
CECO,CECO Environmental Corp.,Industrials,Mid-Cap,746895,NMS
FSM,Fortuna Mining Corp.,Basic Materials,Mid-Cap,6376534,NYQ
SBCF,Seacoast Banking Corporation of,Financial Services,Mid-Cap,782082,NMS
HTGC,"Hercules Capital, Inc.",Financial Services,Mid-Cap,2059617,NYQ
WT,"WisdomTree, Inc.",Financial Services,Mid-Cap,3171082,NYQ
TGB,"Taseko Mines, Ltd.",Basic Materials,Mid-Cap,5061009,ASE
QTWO,"Q2 Holdings, Inc.",Technology,Mid-Cap,838482,NYQ
EXPO,"Exponent, Inc.",Industrials,Mid-Cap,516134,NMS
PFS,"Provident Financial Services, I",Financial Services,Mid-Cap,978968,NYQ
OUST,"Ouster, Inc.",Technology,Mid-Cap,3374690,NMS
IHS,IHS Holding Limited,Real Estate,Mid-Cap,1271549,NYQ
WK,Workiva Inc.,Technology,Mid-Cap,1017568,NYQ
CSAN,Cosan S.A.,Energy,Mid-Cap,2274133,NYQ
EOSE,"Eos Energy Enterprises, Inc.",Industrials,Mid-Cap,25340522,NCM
VISN,"Vistance Networks, Inc.",Technology,Mid-Cap,6625366,NMS
NAD,Nuveen Quality Municipal Income,Financial Services,Mid-Cap,749126,NYQ
DX,"Dynex Capital, Inc.",Real Estate,Mid-Cap,5591449,NYQ
FA,First Advantage Corporation,Industrials,Mid-Cap,1115884,NMS
UNIT,Uniti Group Inc.,Real Estate,Mid-Cap,2479695,NMS
PK,Park Hotels & Resorts Inc.,Real Estate,Mid-Cap,4210250,NYQ
AEO,"American Eagle Outfitters, Inc.",Consumer Cyclical,Mid-Cap,5733188,NYQ
EXK,Endeavour Silver Corporation,Basic Materials,Mid-Cap,8684596,NYQ
SVM,Silvercorp Metals Inc.,Basic Materials,Mid-Cap,4109014,ASE
CALY,Callaway Golf Company,Consumer Cyclical,Mid-Cap,2723312,NYQ
KD,"Kyndryl Holdings, Inc.",Technology,Mid-Cap,3960688,NYQ
NMIH,NMI Holdings Inc,Financial Services,Mid-Cap,509019,NGM
NVG,Nuveen AMT-Free Municipal Credi,Financial Services,Mid-Cap,592419,NYQ
CWT,California Water Service Group,Utilities,Mid-Cap,540936,NYQ
WTTR,"Select Water Solutions, Inc.",Energy,Mid-Cap,1822711,NYQ
GPCR,Structure Therapeutics Inc.,Healthcare,Mid-Cap,897066,NGM
VOYG,"Voyager Technologies, Inc.",Industrials,Mid-Cap,1984377,NYQ
COHU,"Cohu, Inc.",Technology,Mid-Cap,1189198,NMS
ARQT,"Arcutis Biotherapeutics, Inc.",Healthcare,Mid-Cap,1538146,NMS
PAY,"Paymentus Holdings, Inc.",Technology,Mid-Cap,582019,NYQ
POET,POET Technologies Inc.,Technology,Mid-Cap,37443761,NCM
EEFT,"Euronet Worldwide, Inc.",Technology,Mid-Cap,679152,NMS
FCPT,"Four Corners Property Trust, In",Real Estate,Mid-Cap,735942,NYQ
DHT,"DHT Holdings, Inc.",Energy,Mid-Cap,4046015,NYQ
FRSH,Freshworks Inc.,Technology,Mid-Cap,9126384,NMS
WHR,Whirlpool Corporation,Consumer Cyclical,Mid-Cap,2887506,NYQ
BRZE,"Braze, Inc.",Technology,Mid-Cap,3293296,NMS
WRD,WERIDE INC.,Technology,Mid-Cap,4053188,NGM
HUBG,"Hub Group, Inc.",Industrials,Mid-Cap,777269,NMS
PENN,"PENN Entertainment, Inc.",Consumer Cyclical,Mid-Cap,3940061,NMS
GRAL,"GRAIL, Inc.",Healthcare,Mid-Cap,825544,NMS
BW,"Babcock & Wilcox Enterprises, I",Industrials,Mid-Cap,4386865,NYQ
PRVA,"Privia Health Group, Inc.",Healthcare,Mid-Cap,906425,NMS
PTON,"Peloton Interactive, Inc.",Consumer Cyclical,Mid-Cap,14859012,NMS
ASH,Ashland Inc.,Basic Materials,Mid-Cap,839607,NYQ
VVX,"V2X, Inc.",Industrials,Mid-Cap,557822,NYQ
STNE,StoneCo Ltd.,Technology,Mid-Cap,5753150,NMS
HUN,Huntsman Corporation,Basic Materials,Mid-Cap,5939287,NYQ
DFTX,"Definium Therapeutics, Inc.",Healthcare,Mid-Cap,1794509,NMS
APAM,Artisan Partners Asset Manageme,Financial Services,Mid-Cap,804803,NYQ
WERN,"Werner Enterprises, Inc.",Industrials,Mid-Cap,1089969,NMS
INTR,Inter & Co. Inc.,Financial Services,Mid-Cap,5235796,NMS
SUPN,"Supernus Pharmaceuticals, Inc.",Healthcare,Mid-Cap,648338,NGM
HOG,"Harley-Davidson, Inc.",Consumer Cyclical,Mid-Cap,3276080,NYQ
WAFD,"WaFd, Inc.",Financial Services,Mid-Cap,664268,NMS
TRN,"Trinity Industries, Inc.",Industrials,Mid-Cap,679630,NYQ
ALMS,Alumis Inc.,Healthcare,Mid-Cap,1298834,NMS
ADPT,Adaptive Biotechnologies Corpor,Healthcare,Mid-Cap,1933823,NMS
TALO,"Talos Energy, Inc.",Energy,Mid-Cap,2270219,NYQ
TARS,"Tarsus Pharmaceuticals, Inc.",Healthcare,Mid-Cap,623207,NMS
ICHR,Ichor Holdings,Technology,Mid-Cap,900801,NMS
QUBT,Quantum Computing Inc.,Technology,Mid-Cap,19047850,NCM
NESR,National Energy Services Reunit,Energy,Mid-Cap,2063501,NCM
PTY,Pimco Corporate & Income Opport,Financial Services,Mid-Cap,1184758,NYQ
IDYA,"IDEAYA Biosciences, Inc.",Healthcare,Mid-Cap,1145849,NMS
KMT,Kennametal Inc.,Industrials,Mid-Cap,1426252,NYQ
HTFL,"Heartflow, Inc.",Healthcare,Mid-Cap,1325660,NMS
RLX,RLX Technology Inc.,Consumer Defensive,Mid-Cap,2481433,NYQ
WU,Western Union Company (The),Financial Services,Mid-Cap,8445100,NYQ
FLOC,Flowco Holdings Inc.,Energy,Mid-Cap,785125,NYQ
PCT,"PureCycle Technologies, Inc.",Industrials,Mid-Cap,4633442,NCM
CALX,"Calix, Inc",Technology,Mid-Cap,939698,NYQ
FRPT,"Freshpet, Inc.",Consumer Defensive,Mid-Cap,1703126,NGM
UTI,Universal Technical Institute I,Consumer Defensive,Mid-Cap,892752,NYQ
PAGS,PagSeguro Digital Ltd.,Technology,Mid-Cap,3827493,NYQ
CARG,"CarGurus, Inc.",Consumer Cyclical,Mid-Cap,1316700,NMS
NIQ,NIQ Global Intelligence plc,N/A,Mid-Cap,1536601,NYQ
DNOW,DNOW Inc.,Industrials,Mid-Cap,3212061,NYQ
NZF,Nuveen Municipal Credit Income ,Financial Services,Mid-Cap,548990,NYQ
TMDX,"TransMedics Group, Inc.",Healthcare,Mid-Cap,1295539,NGM
HAWK,"HawkEye 360, Inc.",Industrials,Mid-Cap,1846484,NYQ
OSW,OneSpaWorld Holdings Limited,Consumer Cyclical,Mid-Cap,778063,NCM
NOG,"Northern Oil and Gas, Inc.",Energy,Mid-Cap,2791625,NYQ
SPNT,SiriusPoint Ltd.,Financial Services,Mid-Cap,714123,NYQ
DJT,Trump Media & Technology Group ,Communication Services,Mid-Cap,3810707,NGM
BRUN,Boost Run Inc.,Technology,Small-Cap,995057,NGM
AMBP,Ardagh Metal Packaging S.A.,Consumer Cyclical,Mid-Cap,1384707,NYQ
SHAK,"Shake Shack, Inc.",Consumer Cyclical,Mid-Cap,1952095,NYQ
BBT,Beacon Financial Corporation,Financial Services,Mid-Cap,766249,NYQ
ACHC,"Acadia Healthcare Company, Inc.",Healthcare,Mid-Cap,2957084,NMS
DEI,"Douglas Emmett, Inc.",Real Estate,Mid-Cap,2540915,NYQ
HTO,H2O America,Utilities,Mid-Cap,569034,NMS
GOF,Guggenheim Strategic Opportunit,Financial Services,Mid-Cap,1415374,NYQ
CLDX,"Celldex Therapeutics, Inc.",Healthcare,Mid-Cap,957782,NCM
BBAI,"BigBear.ai, Inc.",Technology,Mid-Cap,39377287,NYQ
UAA,"Under Armour, Inc.",Consumer Cyclical,Mid-Cap,8910553,NYQ
HE,"Hawaiian Electric Industries, I",Utilities,Mid-Cap,2031793,NYQ
PDFS,"PDF Solutions, Inc.",Technology,Mid-Cap,620328,NMS
DRH,Diamondrock Hospitality Company,Real Estate,Mid-Cap,1886047,NMS
WIX,Wix.com Ltd.,Technology,Mid-Cap,2660823,NMS
ABM,ABM Industries Incorporated,Industrials,Mid-Cap,546828,NYQ
RNW,ReNew Energy Global plc,Utilities,Mid-Cap,991134,NMS
BUSE,First Busey Corporation,Financial Services,Mid-Cap,611506,NMS
AVPT,"AvePoint, Inc.",Technology,Mid-Cap,1804987,NMS
CLM,Cornerstone Strategic Value Fd,Financial Services,Mid-Cap,1725477,ASE
CHA,Chagee Holdings Limited,Consumer Cyclical,Mid-Cap,595790,NMS
ATEN,"A10 Networks, Inc.",Technology,Mid-Cap,1092817,NYQ
RAMP,"LiveRamp Holdings, Inc.",Technology,Mid-Cap,1338360,NYQ
VERA,"Vera Therapeutics, Inc.",Healthcare,Mid-Cap,1174569,NGM
MLCO,Melco Resorts & Entertainment L,Consumer Cyclical,Mid-Cap,1719141,NMS
ALGT,Allegiant Travel Company,Industrials,Mid-Cap,557387,NMS
IMNM,"Immunome, Inc.",Healthcare,Mid-Cap,1226531,NCM
MNR,Mach Natural Resources LP,Energy,Mid-Cap,731917,NYQ
NEXT,NextDecade Corporation,Energy,Mid-Cap,4584190,NCM
PBI,Pitney Bowes Inc.,Industrials,Mid-Cap,3337139,NYQ
LCID,"Lucid Group, Inc.",Consumer Cyclical,Small-Cap,14365112,NMS
CTOS,"Custom Truck One Source, Inc.",Industrials,Mid-Cap,1001606,NYQ
AESI,Atlas Energy Solutions Inc.,Energy,Mid-Cap,4812684,NYQ
XXI,"Twenty One Capital, Inc.",Financial Services,Small-Cap,1619492,NYQ
AMSC,American Superconductor Corpora,Industrials,Mid-Cap,1224407,NMS
RARE,Ultragenyx Pharmaceutical Inc.,Healthcare,Mid-Cap,1880136,NMS
ELVN,"Enliven Therapeutics, Inc.",Healthcare,Mid-Cap,1090452,NMS
BXDC,Blackstone Digital Infrastructu,Real Estate,Mid-Cap,2163528,NYQ
HNI,HNI Corporation,Consumer Cyclical,Mid-Cap,773071,NYQ
AXGN,"AxoGen, Inc.",Healthcare,Mid-Cap,995893,NCM
PBH,Prestige Consumer Healthcare In,Healthcare,Mid-Cap,629633,NYQ
IMAX,Imax Corporation,Communication Services,Mid-Cap,1135828,NYQ
CXW,"CoreCivic, Inc.",Industrials,Mid-Cap,1106874,NYQ
CPRI,Capri Holdings Limited,Consumer Cyclical,Mid-Cap,3050382,NYQ
KOD,Kodiak Sciences Inc,Healthcare,Small-Cap,1064550,NGM
IE,Ivanhoe Electric Inc.,Basic Materials,Small-Cap,2135168,ASE
ARR,"ARMOUR Residential REIT, Inc.",Real Estate,Mid-Cap,3098685,NYQ
DRVN,Driven Brands Holdings Inc.,Consumer Cyclical,Mid-Cap,1891523,NMS
RCAT,"Red Cat Holdings, Inc.",Industrials,Small-Cap,16312947,NCM
BAND,Bandwidth Inc.,Technology,Mid-Cap,818530,NMS
ATHM,Autohome Inc.,Communication Services,Small-Cap,648619,NYQ
NEXA,Nexa Resources S.A.,Basic Materials,Small-Cap,1163436,NYQ
BCRX,"BioCryst Pharmaceuticals, Inc.",Healthcare,Mid-Cap,5295541,NMS
SHO,"Sunstone Hotel Investors, Inc. ",Real Estate,Mid-Cap,1801607,NYQ
CXT,"Crane NXT, Co.",Industrials,Mid-Cap,764404,NYQ
SHLS,"Shoals Technologies Group, Inc.",Technology,Small-Cap,5254036,NGM
PRDO,Perdoceo Education Corporation,Consumer Defensive,Mid-Cap,672687,NMS
FUN,Six Flags Entertainment Corpora,Consumer Cyclical,Mid-Cap,1901563,NYQ
VERX,"Vertex, Inc.",Technology,Mid-Cap,1468530,NGM
MGNI,"Magnite, Inc.",Communication Services,Mid-Cap,2258011,NMS
MLYS,"Mineralys Therapeutics, Inc.",Healthcare,Mid-Cap,1384795,NMS
DHC,Diversified Healthcare Trust,Real Estate,Mid-Cap,1819965,NMS
SEM,Select Medical Holdings Corpora,Healthcare,Mid-Cap,2215093,NYQ
SOC,Sable Offshore Corp.,Energy,Small-Cap,5076368,NYQ
PIII,P3 Health Partners Inc.,Healthcare,Mid-Cap,1296014,NCM
SPSC,"SPS Commerce, Inc.",Technology,Mid-Cap,621220,NMS
BRSL,Brightstar Lottery PLC Trading ,Consumer Cyclical,Mid-Cap,1358863,NYQ
NWBI,"Northwest Bancshares, Inc.",Financial Services,Mid-Cap,1322046,NMS
AUPH,Aurinia Pharmaceuticals Inc,Healthcare,Mid-Cap,1184433,NGM
PUMP,ProPetro Holding Corp.,Energy,Small-Cap,4279420,NYQ
FIGS,"FIGS, Inc.",Consumer Cyclical,Small-Cap,3289507,NYQ
NKTR,Nektar Therapeutics,Healthcare,Small-Cap,1003063,NCM
EZPW,"EZCORP, Inc.",Financial Services,Small-Cap,759971,NMS
PGNY,"Progyny, Inc.",Healthcare,Mid-Cap,1542912,NMS
GNL,"Global Net Lease, Inc.",Real Estate,Small-Cap,1902871,NYQ
WB,Weibo Corporation,Communication Services,Small-Cap,1244234,NMS
GRND,Grindr Inc.,Technology,Small-Cap,1433498,NYQ
XRAY,DENTSPLY SIRONA Inc.,Healthcare,Mid-Cap,4707898,NMS
ZLAB,Zai Lab Limited,Healthcare,Small-Cap,796315,NGM
USAS,Americas Gold and Silver Corpor,Basic Materials,Small-Cap,5765493,ASE
NEOG,Neogen Corporation,Healthcare,Small-Cap,2636876,NMS
CLOV,"Clover Health Investments, Corp",Healthcare,Mid-Cap,6487725,NMS
NTST,NetSTREIT Corp.,Real Estate,Small-Cap,1281188,NYQ
TRVI,"Trevi Therapeutics, Inc.",Healthcare,Small-Cap,1470423,NGM
OMCL,"Omnicell, Inc.",Healthcare,Small-Cap,567992,NMS
LWLG,"Lightwave Logic, Inc.",Basic Materials,Small-Cap,8405811,NCM
PLAB,"Photronics, Inc.",Technology,Small-Cap,1207706,NMS
FCF,First,Financial Services,Small-Cap,858734,NYQ
LC,LendingClub Corporation,Financial Services,Small-Cap,2071961,NYQ
SKYT,"SkyWater Technology, Inc.",Technology,Small-Cap,1149555,NCM
QURE,uniQure N.V.,Healthcare,Small-Cap,2478530,NMS
NAC,Nuveen California Quality Munic,Financial Services,Small-Cap,643865,NYQ
NUV,"Nuveen Municipal Value Fund, In",Financial Services,Small-Cap,509350,NYQ
TIC,"TIC Solutions, Inc.",Industrials,Small-Cap,3052730,NYQ
SONO,"Sonos, Inc.",Technology,Small-Cap,1454073,NMS
NVCR,NovoCure Limited,Healthcare,Small-Cap,1472492,NMS
HRMY,"Harmony Biosciences Holdings, I",Healthcare,Small-Cap,790379,NGM
SLDE,"Slide Insurance Holdings, Inc.",Financial Services,Small-Cap,1876771,NMS
PDO,N/A,Financial Services,Small-Cap,758152,NYQ
QFIN,"Qfin Holdings, Inc.",Financial Services,Small-Cap,1478871,NMS
BHC,Bausch Health Companies Inc.,Healthcare,Mid-Cap,1677666,NYQ
INTA,"Intapp, Inc.",Technology,Small-Cap,999468,NMS
RXRX,"Recursion Pharmaceuticals, Inc.",Healthcare,Small-Cap,14439363,NMS
PRKS,United Parks & Resorts Inc.,Consumer Cyclical,Small-Cap,1014777,NYQ
BWIN,"The Baldwin Insurance Group, In",Financial Services,Small-Cap,1635366,NMS
STOK,"Stoke Therapeutics, Inc.",Healthcare,Small-Cap,693823,NMS
FIVN,"Five9, Inc.",Technology,Small-Cap,3022233,NGM
VET,Vermilion Energy Inc.,Energy,Small-Cap,2166707,NYQ
OCUL,"Ocular Therapeutix, Inc.",Healthcare,Small-Cap,3360133,NGM
AMBQ,"Ambiq Micro, Inc.",Technology,Small-Cap,570139,NYQ
LAC,Lithium Americas Corp.,Basic Materials,Small-Cap,10585265,NYQ
PEB,Pebblebrook Hotel Trust,Real Estate,Small-Cap,2384015,NYQ
BLDP,"Ballard Power Systems, Inc.",Industrials,Small-Cap,7285584,NGM
ASAN,"Asana, Inc.",Technology,Small-Cap,6739387,NYQ
NTLA,"Intellia Therapeutics, Inc.",Healthcare,Small-Cap,5413833,NGM
VRDN,"Viridian Therapeutics, Inc.",Healthcare,Small-Cap,2825549,NCM
FLYW,Flywire Corporation - Voting,Technology,Small-Cap,2006223,NMS
RUM,Rumble Inc.,Communication Services,Small-Cap,2814144,NGM
ADMA,ADMA Biologics Inc,Healthcare,Small-Cap,6990904,NGM
ENVX,Enovix Corporation,Industrials,Small-Cap,6681390,NMS
MD,"Pediatrix Medical Group, Inc.",Healthcare,Small-Cap,841339,NYQ
ZYME,Zymeworks Inc.,Healthcare,Small-Cap,686909,NMS
AMRC,"Ameresco, Inc.",Industrials,Small-Cap,576768,NYQ
MRVI,"Maravai LifeSciences Holdings, ",Healthcare,Small-Cap,2295638,NMS
PAX,Patria Investments Limited,Financial Services,Small-Cap,951601,NMS
JBLU,JetBlue Airways Corporation,Industrials,Small-Cap,28779396,NMS
VCEL,Vericel Corporation,Healthcare,Small-Cap,664333,NGM
KOS,Kosmos Energy Ltd.,Energy,Small-Cap,23348117,NYQ
AGRO,Adecoagro S.A.,Consumer Defensive,Small-Cap,1651076,NYQ
SGRY,"Surgery Partners, Inc.",Healthcare,Small-Cap,1464301,NMS
ADNT,Adient plc,Consumer Cyclical,Small-Cap,938001,NYQ
ALKT,"Alkami Technology, Inc.",Technology,Small-Cap,1701085,NMS
APPN,Appian Corporation,Technology,Small-Cap,905212,NGM
WLTH,Wealthfront Corporation,Technology,Small-Cap,1337442,NMS
USA,Liberty All-Star Equity Fund,Financial Services,Small-Cap,1153341,NYQ
ARCO,Arcos Dorados Holdings Inc.,Consumer Cyclical,Small-Cap,1191825,NYQ
LPG,Dorian LPG Ltd.,Energy,Small-Cap,574368,NYQ
GAB,"Gabelli Equity Trust, Inc. (The",Financial Services,Small-Cap,1206836,NYQ
KSS,Kohl's Corporation,Consumer Cyclical,Small-Cap,5545133,NYQ
SID,Companhia Siderurgica Nacional ,Basic Materials,Small-Cap,4834346,NYQ
NCNO,"nCino, Inc.",Technology,Small-Cap,3369596,NMS
VSTS,Vestis Corporation,Industrials,Small-Cap,1556550,NYQ
ABCL,AbCellera Biologics Inc.,Healthcare,Small-Cap,5900442,NMS
XHR,"Xenia Hotels & Resorts, Inc.",Real Estate,Small-Cap,684596,NYQ
XPRO,Expro Group Holdings N.V.,Energy,Small-Cap,1103790,NYQ
CBZ,"CBIZ, Inc.",Industrials,Small-Cap,1012888,NYQ
AIP,"Arteris, Inc.",Technology,Small-Cap,786230,NGM
BOBS,"Bob's Discount Furniture, Inc.",Consumer Cyclical,Small-Cap,1249815,NYQ
CMPS,COMPASS Pathways Plc - American,Healthcare,Small-Cap,4044965,NMS
SRPT,"Sarepta Therapeutics, Inc.",Healthcare,Small-Cap,3090796,NMS
GLOB,Globant S.A.,Technology,Small-Cap,1567087,NYQ
TYRA,"Tyra Biosciences, Inc.",Healthcare,Small-Cap,966388,NMS
PAYO,Payoneer Global Inc.,Technology,Small-Cap,3950561,NGM
TH,Target Hospitality Corp.,Industrials,Small-Cap,1354617,NCM
IOVA,"Iovance Biotherapeutics, Inc.",Healthcare,Small-Cap,15551720,NGM
SGML,Sigma Lithium Corporation,Basic Materials,Small-Cap,3813384,NCM
TILE,"Interface, Inc.",Consumer Cyclical,Small-Cap,626993,NMS
ABTC,American Bitcoin Corp.,Financial Services,Small-Cap,14437155,NCM
CNXC,Concentrix Corporation,Technology,Small-Cap,1640353,NMS
BL,"BlackLine, Inc.",Technology,Small-Cap,1262114,NMS
NVAX,"Novavax, Inc.",Healthcare,Small-Cap,4587995,NMS
ATAI,AtaiBeckley Inc.,Healthcare,Small-Cap,5782071,NGM
SMA,"SmartStop Self Storage REIT, In",Real Estate,Small-Cap,828220,NYQ
EFC,Ellington Financial Inc.,Real Estate,Small-Cap,1532125,NYQ
COTY,Coty Inc.,Consumer Defensive,Small-Cap,8088058,NYQ
SILA,"Sila Realty Trust, Inc.",Real Estate,Small-Cap,741528,NYQ
GT,The Goodyear Tire & Rubber Comp,Consumer Cyclical,Small-Cap,8543004,NMS
LAR,Lithium Argentina AG,Basic Materials,Small-Cap,3208836,NYQ
GENB,"Generate Biomedicines, Inc.",Healthcare,Small-Cap,513646,NMS
ESRT,"Empire State Realty Trust, Inc.",Real Estate,Small-Cap,1542444,NYQ
KRP,Kimbell Royalty Partners,Energy,Small-Cap,895126,NYQ
NUVB,Nuvation Bio Inc.,Healthcare,Small-Cap,4037360,NYQ
MQ,"Marqeta, Inc.",Technology,Small-Cap,3621112,NMS
TSLX,"Sixth Street Specialty Lending,",Financial Services,Small-Cap,835330,NYQ
ZD,"Ziff Davis, Inc.",Communication Services,Small-Cap,729014,NMS
BCAT,N/A,Financial Services,Small-Cap,685122,NYQ
STGW,Stagwell Inc.,Communication Services,Small-Cap,1686796,NMS
AGIO,"Agios Pharmaceuticals, Inc.",Healthcare,Small-Cap,1049271,NMS
HTZ,"Hertz Global Holdings, Inc",Industrials,Small-Cap,10469539,NMS
CRML,Critical Metals Corp.,Basic Materials,Small-Cap,12368552,NGM
SNDX,"Syndax Pharmaceuticals, Inc.",Healthcare,Small-Cap,1551893,NMS
BHVN,Biohaven Ltd.,Healthcare,Small-Cap,2312368,NYQ
SLS,"SELLAS Life Sciences Group, Inc",Healthcare,Small-Cap,7850828,NCM
FLNG,FLEX LNG Ltd.,Energy,Small-Cap,574922,NYQ
LIFE,Ethos Technologies Inc.,Financial Services,Small-Cap,562771,NMS
INVA,"Innoviva, Inc.",Healthcare,Small-Cap,754450,NMS
CLVT,Clarivate Plc,Technology,Small-Cap,5238860,NYQ
NRIX,"Nurix Therapeutics, Inc.",Healthcare,Small-Cap,1143261,NGM
CAPR,"Capricor Therapeutics, Inc.",Healthcare,Small-Cap,1242925,NMS
TSHA,"Taysha Gene Therapies, Inc.",Healthcare,Small-Cap,2727433,NMS
SNDA,"Sonida Senior Living, Inc.",Healthcare,Small-Cap,678136,NYQ
HLIT,Harmonic Inc.,Technology,Small-Cap,2387692,NMS
AOSL,Alpha and Omega Semiconductor L,Technology,Small-Cap,831646,NMS
GENI,Genius Sports Limited,Communication Services,Small-Cap,5984409,NYQ
RES,"RPC, Inc.",Energy,Small-Cap,2148817,NYQ
WGS,GeneDx Holdings Corp.,Healthcare,Small-Cap,1200779,NMS
BORR,Borr Drilling Limited,Energy,Small-Cap,8463041,NYQ
AEVA,"Aeva Technologies, Inc.",Technology,Small-Cap,1888300,NMS
DV,"DoubleVerify Holdings, Inc.",Communication Services,Small-Cap,2887950,NYQ
AI,"C3.ai, Inc.",Technology,Small-Cap,5272015,NYQ
RLJ,RLJ Lodging Trust,Real Estate,Small-Cap,2399115,NYQ
ECAT,N/A,Financial Services,Small-Cap,536973,NYQ
HOPE,"Hope Bancorp, Inc.",Financial Services,Small-Cap,917631,NMS
FMC,FMC Corporation,Basic Materials,Small-Cap,3286568,NYQ
FLO,"Flowers Foods, Inc.",Consumer Defensive,Small-Cap,6938260,NYQ
DCH,Dauch Corporation,Consumer Cyclical,Small-Cap,4614960,NYQ
KW,Kennedy-Wilson Holdings Inc.,Real Estate,Small-Cap,1121863,NYQ
TRIN,Trinity Capital Inc.,Financial Services,Small-Cap,1179263,NMS
COUR,"Coursera, Inc.",Consumer Defensive,Small-Cap,5657501,NYQ
BAK,Braskem SA,Basic Materials,Small-Cap,2807680,NYQ
WKC,World Kinect Corporation,Energy,Small-Cap,814836,NYQ
PRCT,PROCEPT BioRobotics Corporation,Healthcare,Small-Cap,1492504,NGM
PURR,Hyperliquid Strategies Inc,Financial Services,Small-Cap,9433304,NCM
DXC,DXC Technology Company,Technology,Small-Cap,4071495,NYQ
GLUE,"Monte Rosa Therapeutics, Inc.",Healthcare,Small-Cap,992720,NMS
VIR,"Vir Biotechnology, Inc.",Healthcare,Small-Cap,1996361,NMS
FTRE,Fortrea Holdings Inc.,Healthcare,Small-Cap,1376117,NMS
NVRI,Enviri Corporation,Industrials,Small-Cap,1796822,NYQ
ANAB,"AnaptysBio, Inc.",Healthcare,Small-Cap,826216,NMS
NWL,Newell Brands Inc.,Consumer Defensive,Small-Cap,6561022,NMS
AVAH,Aveanna Healthcare Holdings Inc,Healthcare,Small-Cap,1442406,NMS
SFL,SFL Corporation Ltd,Industrials,Small-Cap,1394561,NYQ
AMLX,"Amylyx Pharmaceuticals, Inc.",Healthcare,Small-Cap,1076168,NMS
SVV,"Savers Value Village, Inc.",Consumer Cyclical,Small-Cap,1212315,NYQ
PRGO,Perrigo Company plc,Healthcare,Small-Cap,3083922,NYQ
PWP,Perella Weinberg Partners,Financial Services,Small-Cap,1039184,NMS
CSWC,Capital Southwest Corporation,Financial Services,Small-Cap,664560,NMS
ECVT,Ecovyst Inc.,Basic Materials,Small-Cap,2197752,NYQ
KALV,"KalVista Pharmaceuticals, Inc.",Healthcare,Small-Cap,3419120,NGM
MBX,"MBX Biosciences, Inc.",Healthcare,Small-Cap,568944,NMS
MRTN,"Marten Transport, Ltd.",Industrials,Small-Cap,865163,NMS
LIND,Lindblad Expeditions Holdings I,Consumer Cyclical,Small-Cap,750547,NCM
CRI,"Carter's, Inc.",Consumer Cyclical,Small-Cap,1103661,NYQ
ARI,Apollo Commercial Real Estate F,Real Estate,Small-Cap,1448368,NYQ
ADTN,"ADTRAN Holdings, Inc.",Technology,Small-Cap,2496573,NMS
MAN,ManpowerGroup,Industrials,Small-Cap,1072138,NYQ
HLMN,Hillman Solutions Corp.,Industrials,Small-Cap,1439658,NGM
WBI,WaterBridge Infrastructure LLC,Energy,Small-Cap,873669,NYQ
STAA,STAAR Surgical Company,Healthcare,Small-Cap,1162419,NGM
ARLO,"Arlo Technologies, Inc.",Industrials,Small-Cap,1333871,NYQ
HLX,"Helix Energy Solutions Group, I",Energy,Small-Cap,1925314,NYQ
HYT,Blackrock Corporate High Yield ,Financial Services,Small-Cap,837755,NYQ
CEVA,"CEVA, Inc.",Technology,Small-Cap,673269,NMS
IMTX,Immatics N.V.,Healthcare,Small-Cap,526307,NCM
AMC,"AMC Entertainment Holdings, Inc",Communication Services,Small-Cap,31004760,NYQ
AVBP,"ArriVent BioPharma, Inc.",Healthcare,Small-Cap,532352,NGM
TRIP,"TripAdvisor, Inc.",Consumer Cyclical,Small-Cap,3824220,NMS
HCSG,"Healthcare Services Group, Inc.",Healthcare,Small-Cap,689301,NMS
BKSY,BlackSky Technology Inc.,Industrials,Small-Cap,2125268,NYQ
UMAC,"Unusual Machines, Inc.",Technology,Small-Cap,6255660,ASE
EVTC,"Evertec, Inc.",Technology,Small-Cap,513122,NYQ
MAZE,"Maze Therapeutics, Inc.",Healthcare,Small-Cap,867326,NGM
NNE,Nano Nuclear Energy Inc.,Industrials,Small-Cap,2372304,NCM
KDK,"Kodiak AI, Inc.",Technology,Small-Cap,785509,NGM
AVEX,AEVEX Corp.,Industrials,Small-Cap,3021018,NYQ
PRG,"PROG Holdings, Inc.",Industrials,Small-Cap,503076,NYQ
CMP,Compass Minerals Intl Inc,Basic Materials,Small-Cap,688233,NYQ
NOMD,Nomad Foods Limited,Consumer Defensive,Small-Cap,1523366,NYQ
TV,Grupo Televisa S.A.B.,Communication Services,Small-Cap,1225855,NYQ
OLPX,"Olaplex Holdings, Inc.",Consumer Cyclical,Small-Cap,5382542,NMS
GIII,"G-III Apparel Group, LTD.",Consumer Cyclical,Small-Cap,537806,NMS
PGEN,"Precigen, Inc.",Healthcare,Small-Cap,4345544,NMS
RVLV,"Revolve Group, Inc.",Consumer Cyclical,Small-Cap,1078514,NYQ
UAMY,United States Antimony Corporat,Basic Materials,Small-Cap,12871711,NYQ
LU,Lufax Holding Ltd,Financial Services,Small-Cap,1486503,NYQ
VZLA,Vizsla Silver Corp.,Basic Materials,Small-Cap,7246338,ASE
CXM,"Sprinklr, Inc.",Technology,Small-Cap,4091134,NYQ
KMPR,Kemper Corporation,Financial Services,Small-Cap,1051122,NYQ
ARRY,"Array Technologies, Inc.",Technology,Small-Cap,5169822,NGM
MLTX,MoonLake Immunotherapeutics,Healthcare,Small-Cap,1003292,NCM
PRGS,Progress Software Corporation,Technology,Small-Cap,921980,NMS
BLFS,"BioLife Solutions, Inc.",Healthcare,Small-Cap,511457,NCM
LEG,"Leggett & Platt, Incorporated",Consumer Cyclical,Small-Cap,2705341,NYQ
EYE,"National Vision Holdings, Inc.",Consumer Cyclical,Small-Cap,1926739,NMS
ARDX,"Ardelyx, Inc.",Healthcare,Small-Cap,3538209,NGM
ATRC,"AtriCure, Inc.",Healthcare,Small-Cap,749342,NGM
CSIQ,Canadian Solar Inc.,Technology,Small-Cap,2940112,NMS
DFH,"Dream Finders Homes, Inc.",Consumer Cyclical,Small-Cap,782495,NYQ
BCAX,Bicara Therapeutics Inc.,Healthcare,Small-Cap,557311,NGM
ORC,"Orchid Island Capital, Inc.",Real Estate,Small-Cap,5994507,NYQ
IAUX,i-80 Gold Corp.,Basic Materials,Small-Cap,16828506,ASE
NEO,"NeoGenomics, Inc.",Healthcare,Small-Cap,1871985,NCM
ACDC,ProFrac Holding Corp.,Energy,Small-Cap,1506595,NMS
TTI,"Tetra Technologies, Inc.",Industrials,Small-Cap,1614568,NYQ
AHCO,AdaptHealth Corp.,Healthcare,Small-Cap,1501592,NCM
WWW,"Wolverine World Wide, Inc.",Consumer Cyclical,Small-Cap,1105431,NYQ
ULCC,"Frontier Group Holdings, Inc.",Industrials,Small-Cap,5701414,NMS
DOLE,Dole plc,Consumer Defensive,Small-Cap,920387,NYQ
WEN,Wendy's Company (The),Consumer Cyclical,Small-Cap,9999311,NMS
RXT,"Rackspace Technology, Inc.",Technology,Small-Cap,19312019,NMS
TWO,Two Harbors Investment Corp,Real Estate,Small-Cap,3264660,NYQ
URGN,UroGen Pharma Ltd.,Healthcare,Small-Cap,811509,NGM
TROX,Tronox Holdings plc,Basic Materials,Small-Cap,3246892,NYQ
VIA,"Via Transportation, Inc.",Technology,Small-Cap,754590,NYQ
NSSC,"NAPCO Security Technologies, In",Industrials,Small-Cap,576914,NMS
MSDL,N/A,Financial Services,Small-Cap,712239,NYQ
LSPD,Lightspeed Commerce Inc. Subord,Technology,Small-Cap,1010784,NYQ
NSP,"Insperity, Inc.",Industrials,Small-Cap,967752,NYQ
TDOC,"Teladoc Health, Inc.",Healthcare,Small-Cap,4969290,NYQ
BLKB,"Blackbaud, Inc.",Technology,Small-Cap,625277,NMS
LADR,Ladder Capital Corp,Real Estate,Small-Cap,892098,NYQ
ENR,"Energizer Holdings, Inc.",Industrials,Small-Cap,1212782,NYQ
UMH,"UMH Properties, Inc.",Real Estate,Small-Cap,684401,NYQ
PRA,ProAssurance Corporation,Financial Services,Small-Cap,932995,NYQ
IART,Integra LifeSciences Holdings C,Healthcare,Small-Cap,974815,NMS
NAK,"Northern Dynasty Minerals, Ltd.",Basic Materials,Small-Cap,8014430,ASE
TBLA,Taboola.com Ltd.,Communication Services,Small-Cap,2436290,NMS
DSL,DoubleLine Income Solutions Fun,Financial Services,Small-Cap,547474,NYQ
MUX,McEwen Inc.,Basic Materials,Small-Cap,1054923,NYQ
HROW,"Harrow, Inc.",Healthcare,Small-Cap,796241,NGM
ENOV,Enovis Corporation,Healthcare,Small-Cap,993352,NYQ
TNDM,"Tandem Diabetes Care, Inc.",Healthcare,Small-Cap,2251942,NGM
DXYZ,Destiny Tech100 Inc.,Financial Services,Small-Cap,3632990,NYQ
CCO,"Clear Channel Outdoor Holdings,",Communication Services,Small-Cap,6638934,NYQ
JFR,Nuveen Floating Rate Income Fun,Financial Services,Small-Cap,839755,NYQ
OI,"O-I Glass, Inc.",Consumer Cyclical,Small-Cap,2598238,NYQ
PLTK,Playtika Holding Corp.,Communication Services,Small-Cap,1439352,NMS
NPKI,NPK International Inc.,Industrials,Small-Cap,778084,NYQ
TUYA,Tuya Inc.,Technology,Small-Cap,1258931,NYQ
YELP,Yelp Inc.,Communication Services,Small-Cap,1234598,NYQ
FINV,FinVolution Group,Financial Services,Small-Cap,1317393,NYQ
ASM,Avino Silver & Gold Mines Ltd.,Basic Materials,Small-Cap,4873934,ASE
NMZ,Nuveen Municipal High Income Op,Financial Services,Small-Cap,564885,NYQ
ATEC,"Alphatec Holdings, Inc.",Healthcare,Small-Cap,3245530,NMS
HLF,Herbalife Ltd.,Consumer Defensive,Small-Cap,1397231,NYQ
GCT,GigaCloud Technology Inc,Technology,Small-Cap,734046,NGM
RVI,Robinhood Ventures Fund I,Financial Services,Small-Cap,835683,NYQ
AVLN,Avalyn Pharma Inc.,Healthcare,Small-Cap,593837,NMS
PICS,PicS N.V.,Technology,Small-Cap,518574,NMS
TDAY,"USA TODAY Co., Inc.",Communication Services,Small-Cap,1863815,NYQ
AVNS,"Avanos Medical, Inc.",Healthcare,Small-Cap,1476490,NYQ
GILT,Gilat Satellite Networks Ltd.,Technology,Small-Cap,847812,NMS
ASST,"Strive, Inc.",Financial Services,Small-Cap,3951939,NGM
AMN,AMN Healthcare Services Inc,Healthcare,Small-Cap,1028438,NYQ
INSP,"Inspire Medical Systems, Inc.",Healthcare,Small-Cap,1128209,NYQ
BFLY,"Butterfly Network, Inc.",Healthcare,Small-Cap,4650101,NYQ
CRF,33138,Financial Services,Small-Cap,1189312,ASE
SATL,Satellogic Inc.,Industrials,Small-Cap,10846666,NCM
JKS,JinkoSolar Holding Company Limi,Technology,Small-Cap,703095,NYQ
XIFR,"XPLR Infrastructure, LP",Utilities,Small-Cap,965317,NYQ
PGY,Pagaya Technologies Ltd.,Technology,Small-Cap,3469511,NCM
FCEL,"FuelCell Energy, Inc.",Industrials,Small-Cap,6526104,NGM
EVLV,"Evolv Technologies Holdings, In",Industrials,Small-Cap,3226861,NCM
SBH,"Sally Beauty Holdings, Inc. (Na",Consumer Cyclical,Small-Cap,1516528,NYQ
OPFI,OppFi Inc.,Financial Services,Small-Cap,569204,NYQ
HYLN,Hyliion Holdings Corp.,Consumer Cyclical,Small-Cap,2598268,ASE
CDNA,"CareDx, Inc.",Healthcare,Small-Cap,689384,NGM
IMSR,Terrestrial Energy Inc.,Utilities,Small-Cap,2631963,NMS
GOLD,"Gold.com, Inc.",Financial Services,Small-Cap,586287,NYQ
PSEC,Prospect Capital Corporation,Financial Services,Small-Cap,5289865,NMS
KOPN,Kopin Corporation,Technology,Small-Cap,7435574,NCM
PSNL,"Personalis, Inc.",Healthcare,Small-Cap,2111968,NGM
BV,"BrightView Holdings, Inc.",Industrials,Small-Cap,592063,NYQ
CRSR,"Corsair Gaming, Inc.",Technology,Small-Cap,2130174,NMS
SDGR,"Schrodinger, Inc.",Healthcare,Small-Cap,1336336,NMS
GPRE,"Green Plains, Inc.",Basic Materials,Small-Cap,1566073,NMS
AOD,Aberdeen Total Dynamic Dividend,Financial Services,Small-Cap,518796,NYQ
HIVE,HIVE Digital Technologies Ltd,Financial Services,Small-Cap,21014377,NCM
WVE,Wave Life Sciences Ltd.,Healthcare,Small-Cap,4762922,NGM
NMAX,"Newsmax, Inc.",Communication Services,Small-Cap,1733968,NYQ
NAT,Nordic American Tankers Limited,Energy,Small-Cap,4463419,NYQ
ABR,Arbor Realty Trust,Real Estate,Small-Cap,3960260,NYQ
OPK,"Opko Health, Inc.",Healthcare,Small-Cap,2564695,NMS
AZTA,"Azenta, Inc.",Healthcare,Small-Cap,1180822,NMS
LGIH,"LGI Homes, Inc.",Consumer Cyclical,Small-Cap,502639,NMS
METC,"Ramaco Resources, Inc.",Basic Materials,Small-Cap,1658733,NMS
REAL,"The RealReal, Inc.",Consumer Cyclical,Small-Cap,3431801,NMS
ZBIO,"Zenas BioPharma, Inc.",Healthcare,Small-Cap,679180,NMS
CIM,Chimera Investment Corporation,Real Estate,Small-Cap,713453,NYQ
AGBK,AGI Inc,Financial Services,Small-Cap,590714,NYQ
SBET,"SharpLink, Inc.",Financial Services,Small-Cap,7085268,NCM
EVEX,"Eve Holding, Inc.",Industrials,Small-Cap,1306450,NYQ
MBC,"MasterBrand, Inc.",Consumer Cyclical,Small-Cap,3057979,NYQ
PRCH,"Porch Group, Inc.",Financial Services,Small-Cap,1671349,NCM
WYFI,"WhiteFiber, Inc.",Technology,Small-Cap,1274630,NCM
DQ,DAQO New Energy Corp.,Technology,Small-Cap,759531,NYQ
SVRA,"Savara, Inc.",Healthcare,Small-Cap,1526758,NMS
BTX,BlackRock Technology and Privat,Financial Services,Small-Cap,724207,NYQ
SVC,Service Properties Trust - Shar,Real Estate,Small-Cap,10565839,NMS
AMPL,"Amplitude, Inc.",Technology,Small-Cap,2171653,NCM
NHP,"National Healthcare Properties,",Real Estate,Small-Cap,1006906,NGM
UPWK,Upwork Inc.,Communication Services,Small-Cap,4018330,NMS
SMPL,The Simply Good Foods Company,Consumer Defensive,Small-Cap,2794344,NCM
PDM,"Piedmont Realty Trust, Inc.",Real Estate,Small-Cap,1115133,NYQ
PZZA,"Papa John's International, Inc.",Consumer Cyclical,Small-Cap,1258934,NMS
UPBD,"Upbound Group, Inc.",Technology,Small-Cap,855330,NMS
NRGV,"Energy Vault Holdings, Inc.",Utilities,Small-Cap,4408419,NYQ
IQ,"iQIYI, Inc.",Communication Services,Small-Cap,9111757,NMS
OCSL,Oaktree Specialty Lending Corpo,Financial Services,Small-Cap,952692,NMS
LZ,"LegalZoom.com, Inc.",Industrials,Small-Cap,2780188,NMS
MNKD,MannKind Corporation,Healthcare,Small-Cap,6029714,NGM
EYPT,"EyePoint, Inc.",Healthcare,Small-Cap,1002533,NGM
INDI,"indie Semiconductor, Inc.",Technology,Small-Cap,5254066,NCM
OMDA,"Omada Health, Inc.",Healthcare,Small-Cap,1270755,NMS
APPS,"Digital Turbine, Inc.",Technology,Small-Cap,4104528,NCM
BRBR,"BellRing Brands, Inc.",Consumer Defensive,Small-Cap,4375268,NYQ
RZLV,Rezolve AI PLC,Technology,Small-Cap,16766415,NGM
HPK,"HighPeak Energy, Inc.",Energy,Small-Cap,1018495,NGM
XERS,"Xeris Biopharma Holdings, Inc.",Healthcare,Small-Cap,1655049,NMS
DEC,Diversified Energy Company,Energy,Small-Cap,1096528,NYQ
CRON,Cronos Group Inc. Common Share,Healthcare,Small-Cap,1492771,NGM
COLL,"Collegium Pharmaceutical, Inc.",Healthcare,Small-Cap,529879,NMS
MLKN,"MillerKnoll, Inc.",Consumer Cyclical,Small-Cap,864360,NMS
ACVA,ACV Auctions Inc.,Consumer Cyclical,Small-Cap,3159071,NYQ
GSBD,"Goldman Sachs BDC, Inc.",Financial Services,Small-Cap,1387288,NYQ
OCFC,OceanFirst Financial Corp.,Financial Services,Small-Cap,750082,NMS
TK,Teekay Corporation Ltd.,Energy,Small-Cap,581180,NYQ
WSR,Whitestone REIT,Real Estate,Small-Cap,514174,NYQ
FSCO,N/A,Financial Services,Small-Cap,1651838,NYQ
AORT,"Artivion, Inc.",Healthcare,Small-Cap,578460,NYQ
WOOF,Petco Health and Wellness Compa,Consumer Cyclical,Small-Cap,2586260,NMS
CRVS,"Corvus Pharmaceuticals, Inc.",Healthcare,Small-Cap,1503215,NGM
VYX,NCR Voyix Corporation,Technology,Small-Cap,2380493,NYQ
AVO,"Mission Produce, Inc.",Consumer Defensive,Small-Cap,1038696,NMS
ALVO,Alvotech,Healthcare,Small-Cap,506701,NGM
LPTH,"LightPath Technologies, Inc.",Technology,Small-Cap,3033712,NCM
RERE,ATRenew Inc.,Consumer Cyclical,Small-Cap,1256909,NYQ
OXLC,Oxford Lane Capital Corp.,Financial Services,Small-Cap,1255588,NGM
ASPI,ASP Isotopes Inc.,Basic Materials,Small-Cap,5224011,NCM
KODK,Eastman Kodak Company,Industrials,Small-Cap,1403826,NYQ
SLI,Standard Lithium Ltd.,Basic Materials,Small-Cap,1827990,ASE
DRTS,Alpha Tau Medical Ltd.,Healthcare,Small-Cap,611809,NCM
GOOS,Canada Goose Holdings Inc. Subo,Consumer Cyclical,Small-Cap,504319,NYQ
GDRX,"GoodRx Holdings, Inc.",Healthcare,Small-Cap,1793684,NMS
CFFN,"Capitol Federal Financial, Inc.",Financial Services,Small-Cap,898103,NMS
BUR,Burford Capital Limited,Financial Services,Small-Cap,4149523,NYQ
CGEM,"Cullinan Therapeutics, Inc.",Healthcare,Small-Cap,884296,NMS
MFA,"MFA Financial, Inc.",Real Estate,Small-Cap,1410579,NYQ
PSIX,"Power Solutions International, ",Industrials,Small-Cap,816757,NCM
QDEL,QuidelOrtho Corporation,Healthcare,Small-Cap,2297784,NMS
ARHS,"Arhaus, Inc.",Consumer Cyclical,Small-Cap,1382701,NMS
LXU,"LSB Industries, Inc.",Basic Materials,Small-Cap,1668071,NYQ
GTM,ZoomInfo Technologies Inc.,Technology,Small-Cap,11584888,NMS
OLMA,"Olema Pharmaceuticals, Inc.",Healthcare,Small-Cap,1512309,NMS
ABSI,Absci Corporation,Healthcare,Small-Cap,4715282,NMS
SG,"Sweetgreen, Inc.",Consumer Cyclical,Small-Cap,4930615,NYQ
SPTX,"Seaport Therapeutics, Inc.",Healthcare,Small-Cap,522347,NMS
VLRS,Controladora Vuela Compania de ,Industrials,Small-Cap,692295,NYQ
SUPV,Grupo Supervielle S.A.,Financial Services,Small-Cap,823212,NYQ
TRON,Tron Inc.,Consumer Cyclical,Small-Cap,1173873,NCM
ANNX,"Annexon, Inc.",Healthcare,Small-Cap,2503487,NMS
PCRX,"Pacira BioSciences, Inc.",Healthcare,Small-Cap,610890,NMS
PMT,PennyMac Mortgage Investment Tr,Real Estate,Small-Cap,1080601,NYQ
JBGS,JBG SMITH Properties,Real Estate,Small-Cap,611306,NYQ
TALK,"Talkspace, Inc.",Healthcare,Small-Cap,3939939,NCM
MGTX,MeiraGTx Holdings plc,Healthcare,Small-Cap,820634,NMS
SPRY,"ARS Pharmaceuticals, Inc.",Healthcare,Small-Cap,1723200,NGM
SANA,"Sana Biotechnology, Inc.",Healthcare,Small-Cap,3666100,NMS
JBIO,"Jade Biosciences, Inc.",Healthcare,Small-Cap,649058,NCM
AVR,Anteris Technologies Global Cor,Healthcare,Small-Cap,1011341,NGM
NEWP,New Pacific Metals Corp.,Basic Materials,Small-Cap,1029225,ASE
CRCT,"Cricut, Inc.",Technology,Small-Cap,540722,NMS
CERT,"Certara, Inc.",Healthcare,Small-Cap,3864207,NMS
BBDC,"Barings BDC, Inc.",Financial Services,Small-Cap,731373,NYQ
MFIC,MidCap Financial Investment Cor,Financial Services,Small-Cap,989315,NMS
SSYS,"Stratasys, Ltd.",Technology,Small-Cap,966365,NMS
HNRG,Hallador Energy Company,Utilities,Small-Cap,999014,NCM
JMIA,Jumia Technologies AG,Consumer Cyclical,Small-Cap,2192804,NYQ
EPC,Edgewell Personal Care Company,Consumer Defensive,Small-Cap,791471,NYQ
MOMO,Hello Group Inc.,Communication Services,Small-Cap,689655,NMS
ABUS,Arbutus Biopharma Corporation,Healthcare,Small-Cap,1936204,NMS
RPC,"Ridgepost Capital, Inc.",Financial Services,Small-Cap,694373,NYQ
XNCR,"Xencor, Inc.",Healthcare,Small-Cap,826852,NGM
PHK,Pimco High Income Fund Pimco Hi,Financial Services,Small-Cap,753585,NYQ
NB,NioCorp Developments Ltd.,Basic Materials,Small-Cap,4263176,NGM
ARKO,ARKO Corp.,Consumer Cyclical,Small-Cap,948266,NCM
EFOR,"Everforth, Inc.",Technology,Small-Cap,1336384,NYQ
ALOY,REalloys Inc.,Basic Materials,Small-Cap,1856447,NCM
TIGR,UP Fintech Holding Limited,Financial Services,Small-Cap,4437260,NMS
CYRX,"CryoPort, Inc.",Industrials,Small-Cap,643877,NCM
JANX,"Janux Therapeutics, Inc.",Healthcare,Small-Cap,1046195,NGM
CCOI,"Cogent Communications Holdings,",Communication Services,Small-Cap,1221103,NMS
REPL,"Replimune Group, Inc.",Healthcare,Small-Cap,7265253,NMS
LXRX,"Lexicon Pharmaceuticals, Inc.",Healthcare,Small-Cap,2618420,NCM
INMD,InMode Ltd.,Healthcare,Small-Cap,928526,NMS
WGO,"Winnebago Industries, Inc.",Consumer Cyclical,Small-Cap,664522,NYQ
GO,Grocery Outlet Holding Corp.,Consumer Defensive,Small-Cap,4135798,NMS
OBE,Obsidian Energy Ltd.,Energy,Small-Cap,1079947,ASE
LCLN,"Lincoln International, Inc.",Financial Services,Small-Cap,1539050,NYQ
ORIC,"Oric Pharmaceuticals, Inc.",Healthcare,Small-Cap,1922893,NMS
ESPR,"Esperion Therapeutics, Inc.",Healthcare,Small-Cap,11961688,NGM
GSM,Ferroglobe PLC,Basic Materials,Small-Cap,1312119,NCM
PHAT,"Phathom Pharmaceuticals, Inc.",Healthcare,Small-Cap,1244682,NMS
CODI,D/B/A Compass Diversified Holdi,Industrials,Small-Cap,1081644,NYQ
PFLT,PennantPark Floating Rate Capit,Financial Services,Small-Cap,1075244,NYQ
ODV,Osisko Development Corp.,Basic Materials,Small-Cap,3285306,NYQ
GGN,"GAMCO Global Gold, Natural Reso",Financial Services,Small-Cap,513647,ASE
EVC,Entravision Communications Corp,Communication Services,Small-Cap,2154523,NYQ
OCS,Oculis Holding AG,Healthcare,Small-Cap,590952,NGM
AMPH,"Amphastar Pharmaceuticals, Inc.",Healthcare,Small-Cap,609792,NMS
SXC,"SunCoke Energy, Inc.",Basic Materials,Small-Cap,1918671,NYQ
ADAM,"Adamas Trust, Inc.",Real Estate,Small-Cap,766512,NMS
SWMR,"Swarmer, Inc",Technology,Small-Cap,2263872,NCM
ABX,"Abacus Global Management, Inc.",Financial Services,Small-Cap,637138,NYQ
SCHL,Scholastic Corporation,Communication Services,Small-Cap,561088,NMS
LAES,SEALSQ Corp,Technology,Small-Cap,12987480,NMS
WEST,Westrock Coffee Company,Consumer Defensive,Small-Cap,606836,NGM
KURA,"Kura Oncology, Inc.",Healthcare,Small-Cap,1632752,NMS
TMQ,Trilogy Metals Inc.,Basic Materials,Small-Cap,2768042,ASE
URG,Ur Energy Inc,Energy,Small-Cap,9351292,ASE
NXDR,"Nextdoor Holdings, Inc.",Communication Services,Small-Cap,3063895,NYQ
LDI,"loanDepot, Inc.",Financial Services,Small-Cap,2178195,NYQ
SLDP,"Solid Power, Inc.",Consumer Cyclical,Small-Cap,6274201,NMS
FOXF,Fox Factory Holding Corp.,Consumer Cyclical,Small-Cap,607573,NMS
LMRI,"Lumexa Imaging Holdings, Inc.",Healthcare,Small-Cap,1043000,NMS
AGNT,"eXp World Holdings, Inc.",Real Estate,Small-Cap,1158055,NGM
GERN,Geron Corporation,Healthcare,Small-Cap,16861290,NMS
EH,EHang Holdings Limited,Industrials,Small-Cap,646073,NGM
CBRL,Cracker Barrel Old Country Stor,Consumer Cyclical,Small-Cap,1066968,NMS
DC,Dakota Gold Corp.,Basic Materials,Small-Cap,1463469,ASE
NMFC,New Mountain Finance Corporatio,Financial Services,Small-Cap,885138,NMS
QNC,Quantum eMotion Corp.,Technology,Small-Cap,599682,ASE
NFGC,New Found Gold Corp,Basic Materials,Small-Cap,1787963,ASE
SPIR,"Spire Global, Inc.",Industrials,Small-Cap,1739398,NYQ
VTS,"Vitesse Energy, Inc.",Energy,Small-Cap,530142,NYQ
CGBD,"Carlyle Secured Lending, Inc.",Financial Services,Small-Cap,734358,NMS
OMER,Omeros Corporation,Healthcare,Small-Cap,1314533,NGM
MITK,"Mitek Systems, Inc.",Technology,Small-Cap,1010898,NCM
VOR,Vor Biopharma Inc.,Healthcare,Small-Cap,1023817,NMS
SABR,Sabre Corporation,Technology,Small-Cap,6845260,NMS
AVTX,"Avalo Therapeutics, Inc.",Healthcare,Small-Cap,1524641,NCM
IVR,INVESCO MORTGAGE CAPITAL INC,Real Estate,Small-Cap,2228233,NYQ
EVGO,EVgo Inc.,Consumer Cyclical,Small-Cap,4466703,NMS
GPRK,Geopark Ltd,Energy,Small-Cap,1032912,NYQ
BZH,"Beazer Homes USA, Inc.",Consumer Cyclical,Small-Cap,582715,NYQ
MTA,Metalla Royalty & Streaming Ltd,Basic Materials,Small-Cap,504622,ASE
PD,"PagerDuty, Inc.",Technology,Small-Cap,2672115,NYQ
BRSP,"BrightSpire Capital, Inc.",Real Estate,Small-Cap,947138,NYQ
GROY,Gold Royalty Corp.,Basic Materials,Small-Cap,2281788,ASE
MNTN,"MNTN, Inc.",Technology,Small-Cap,730998,NYQ
NABL,"N-able, Inc.",Technology,Small-Cap,1409461,NYQ
JQC,Nuveen Credit Strategies Income,Financial Services,Small-Cap,752931,NYQ
GDOT,Green Dot Corporation,Financial Services,Small-Cap,519439,NYQ
NTGR,"NETGEAR, Inc.",Technology,Small-Cap,513844,NMS
MRLN,"Merlin, Inc.",Industrials,Small-Cap,1451906,NGM
SERV,Serve Robotics Inc.,Industrials,Small-Cap,4370107,NCM
NAVI,Navient Corporation,Financial Services,Small-Cap,1034584,NMS
CTMX,"CytomX Therapeutics, Inc.",Healthcare,Small-Cap,6866801,NMS
RSKD,Riskified Ltd.,Technology,Small-Cap,882538,NYQ
DGXX,Digi Power X Inc.,Utilities,Small-Cap,9014103,NCM
SCZM,Santacruz Silver Mining Ltd.,Basic Materials,Small-Cap,555261,NCM
JBI,"Janus International Group, Inc.",Industrials,Small-Cap,1855311,NYQ
ALLO,"Allogene Therapeutics, Inc.",Healthcare,Small-Cap,9779777,NMS
IGR,CBRE Clarion Global Real Estate,Financial Services,Small-Cap,635215,NYQ
PFN,PIMCO Income Strategy Fund II,Financial Services,Small-Cap,508246,NYQ
SLDB,Solid Biosciences Inc.,Healthcare,Small-Cap,1315947,NMS
CGNT,Cognyte Software Ltd.,Technology,Small-Cap,619907,NMS
MRAM,"Everspin Technologies, Inc.",Technology,Small-Cap,2937804,NGM
VTEX,VTEX,Technology,Small-Cap,1399873,NYQ
YSWY,"Yesway, Inc.",Consumer Defensive,Small-Cap,758950,NMS
RLMD,"Relmada Therapeutics, Inc.",Healthcare,Small-Cap,1903804,NCM
SWBI,"Smith & Wesson Brands, Inc.",Industrials,Small-Cap,605034,NMS
THM,"International Tower Hill Mines,",Basic Materials,Small-Cap,1133682,ASE
GRPN,"Groupon, Inc.",Communication Services,Small-Cap,2084007,NMS
GRNT,"Granite Ridge Resources, Inc.",Energy,Small-Cap,1030036,NYQ
SB,"Safe Bulkers, Inc",Industrials,Small-Cap,598766,NYQ
ACP,Aberdeen Income Credit Strategi,Financial Services,Small-Cap,542674,NYQ
WRN,Western Copper and Gold Corpora,Basic Materials,Small-Cap,1976185,ASE
QNST,"QuinStreet, Inc.",Communication Services,Small-Cap,821309,NMS
RWT,"Redwood Trust, Inc.",Real Estate,Small-Cap,1328174,NYQ
BTBT,"Bit Digital, Inc.",Financial Services,Small-Cap,21744519,NCM
AHRT,"AH Realty Trust, Inc.",Real Estate,Small-Cap,1392674,NYQ
DSGN,"Design Therapeutics, Inc.",Healthcare,Small-Cap,697809,NMS
BTGO,"BitGo Holdings, Inc.",Financial Services,Small-Cap,995565,NYQ
ASC,Ardmore Shipping Corporation,Industrials,Small-Cap,688146,NYQ
FWRG,"First Watch Restaurant Group, I",Consumer Cyclical,Small-Cap,1556873,NMS
ZVRA,"Zevra Therapeutics, Inc.",Healthcare,Small-Cap,1454192,NMS
TRTX,"TPG RE Finance Trust, Inc.",Real Estate,Small-Cap,639674,NYQ
CRMD,CorMedix Inc.,Healthcare,Small-Cap,1334407,NGM
CADL,"Candel Therapeutics, Inc.",Healthcare,Small-Cap,1763360,NGM
BLMN,"Bloomin' Brands, Inc.",Consumer Cyclical,Small-Cap,2833731,NMS
FBRT,"Franklin BSP Realty Trust, Inc.",Real Estate,Small-Cap,947866,NYQ
EVER,"EverQuote, Inc.",Communication Services,Small-Cap,902100,NGM
INN,"Summit Hotel Properties, Inc.",Real Estate,Small-Cap,1349758,NYQ
UTZ,Utz Brands Inc,Consumer Defensive,Small-Cap,1952661,NYQ
SPPP,"""Sprott Physical Platinum and P",Financial Services,Small-Cap,595242,ASE
VRRM,Verra Mobility Corporation,Technology,Small-Cap,4270400,NCM
BTQ,BTQ Technologies Corp.,Technology,Small-Cap,2568596,NGM
CNNE,"Cannae Holdings, Inc.",Consumer Cyclical,Small-Cap,617536,NYQ
SWIM,"Latham Group, Inc.",Industrials,Small-Cap,757065,NMS
ACRS,"Aclaris Therapeutics, Inc.",Healthcare,Small-Cap,1762419,NMS
OFRM,"Once Upon a Farm, PBC",Consumer Defensive,Small-Cap,541598,NYQ
SIBN,"SI-BONE, Inc.",Healthcare,Small-Cap,705044,NGM
AIV,Apartment Investment and Manage,Real Estate,Small-Cap,1585134,NYQ
TLRY,"Tilray Brands, Inc.",Healthcare,Small-Cap,4505980,NMS
HUYA,HUYA Inc.,Communication Services,Small-Cap,1229471,NYQ
CSHR,CoinShares PLC,Financial Services,Small-Cap,593000,NMS
GCMG,GCM Grosvenor Inc.,Financial Services,Small-Cap,524593,NGM
RR,Richtech Robotics Inc.,Industrials,Small-Cap,10898746,NCM
EROK,"EagleRock Land, LLC",Energy,Small-Cap,861707,NYQ
IMMX,"Immix Biopharma, Inc.",Healthcare,Small-Cap,984104,NCM
CLYM,"Climb Bio, Inc.",Healthcare,Small-Cap,743592,NGM
WTI,"W&T Offshore, Inc.",Energy,Small-Cap,8984303,NYQ
PHR,"Phreesia, Inc.",Healthcare,Small-Cap,2043112,NYQ
IHRT,"iHeartMedia, Inc.",Communication Services,Small-Cap,1223807,NMS
ELMT,The Elmet Group Co.,Industrials,Small-Cap,1113893,NCM
HELE,Helen of Troy Limited,Consumer Defensive,Small-Cap,658428,NMS
PACK,Ranpak Holdings Corp,Consumer Cyclical,Small-Cap,658415,NYQ
NMG,Nouveau Monde Graphite Inc.,Basic Materials,Small-Cap,1151815,NYQ
EGY,"VAALCO Energy, Inc.",Energy,Small-Cap,1629011,NYQ
TDUP,ThredUp Inc.,Consumer Cyclical,Small-Cap,2478787,NMS
ODD,ODDITY Tech Ltd.,Consumer Defensive,Small-Cap,1734598,NGM
GDYN,"Grid Dynamics Holdings, Inc.",Technology,Small-Cap,1934861,NCM
GMRS,GMR Solutions Inc.,Healthcare,Small-Cap,1904340,NYQ
ASTL,Algoma Steel Group Inc.,Basic Materials,Small-Cap,1452047,NGM
RYAM,Rayonier Advanced Materials Inc,Basic Materials,Small-Cap,1079296,NYQ
PAR,PAR Technology Corporation,Technology,Small-Cap,1855346,NYQ
VELO,"Velo3D, Inc.",Technology,Small-Cap,2741230,NCM
NUAI,"New Era Energy & Digital, Inc.",Technology,Small-Cap,5857065,NGM
CABA,"Cabaletta Bio, Inc.",Healthcare,Small-Cap,3084863,NMS
DNUT,"Krispy Kreme, Inc.",Consumer Defensive,Small-Cap,2180211,NMS
GEMI,"Gemini Space Station, Inc.",Financial Services,Small-Cap,2202322,NMS
BVS,Bioventus Inc.,Healthcare,Small-Cap,552487,NMS
DNA,"Ginkgo Bioworks Holdings, Inc.",Healthcare,Small-Cap,1223950,NYQ
PRME,"Prime Medicine, Inc.",Healthcare,Small-Cap,2381568,NGM
GAU,Galiano Gold Inc.,Basic Materials,Small-Cap,3103973,ASE
ALT,"Altimmune, Inc.",Healthcare,Small-Cap,3962088,NGM
BBNX,"Beta Bionics, Inc.",Healthcare,Small-Cap,983536,NGM
INV,"Innventure, Inc.",Financial Services,Small-Cap,2230334,NGM
CRNC,Cerence Inc.,Technology,Small-Cap,909731,NMS
RBBN,Ribbon Communications Inc.,Technology,Small-Cap,947865,NMS
XMAX,"XMAX, Inc.",Consumer Cyclical,Small-Cap,1252422,NCM
ECC,Eagle Point Credit Company Inc.,Financial Services,Small-Cap,1305314,NYQ
MDXG,"MiMedx Group, Inc",Healthcare,Small-Cap,1504709,NCM
SRTA,"Strata Critical Medical, Inc.",Healthcare,Small-Cap,835753,NCM
TASK,"TaskUs, Inc.",Technology,Small-Cap,661673,NMS
OSPN,OneSpan Inc.,Technology,Small-Cap,602842,NCM
IRWD,"Ironwood Pharmaceuticals, Inc.",Healthcare,Small-Cap,2511346,NMS
BDN,Brandywine Realty Trust,Real Estate,Small-Cap,2300807,NYQ
GOGO,Gogo Inc.,Communication Services,Small-Cap,1753982,NMS
CERS,Cerus Corporation,Healthcare,Small-Cap,2277419,NGM
UROY,Uranium Royalty Corp.,Energy,Small-Cap,2503973,NCM
PUBM,"PubMatic, Inc.",Technology,Small-Cap,718211,NGM
NRDS,"NerdWallet, Inc.",Communication Services,Small-Cap,924704,NGM
DDD,3D Systems Corporation,Technology,Small-Cap,3944880,NYQ
PROK,ProKidney Corp.,Healthcare,Small-Cap,920450,NCM
CTKB,"Cytek Biosciences, Inc.",Healthcare,Small-Cap,794436,NMS
FLGT,"Fulgent Genetics, Inc.",Healthcare,Small-Cap,622563,NGM
RPD,"Rapid7, Inc.",Technology,Small-Cap,2266434,NGM
CARS,Cars.com Inc.,Communication Services,Small-Cap,1321371,NYQ
AIOT,"PowerFleet, Inc.",Technology,Small-Cap,1597003,NGM
OPTX,"Syntec Optics Holdings, Inc.",Technology,Small-Cap,1163219,NCM
OIS,"Oil States International, Inc.",Energy,Small-Cap,930219,NYQ
GRRR,Gorilla Technology Group Inc.,Technology,Small-Cap,954871,NCM
ANGX,"Angel Studios, Inc.",Communication Services,Small-Cap,1377215,NYQ
ITRG,Integra Resources Corp.,Basic Materials,Small-Cap,2814476,ASE
AQST,"Aquestive Therapeutics, Inc.",Healthcare,Small-Cap,1623128,NGM
ACHV,"Achieve Life Sciences, Inc.",Healthcare,Small-Cap,1304866,NCM
ABAT,American Battery Technology Com,Industrials,Small-Cap,4566960,NCM
ECX,ECARX Holdings Inc.,Consumer Cyclical,Small-Cap,2659122,NGM
FIP,FTAI Infrastructure Inc.,Industrials,Small-Cap,992782,NMS
BETR,Better Home & Finance Holding C,Financial Services,Small-Cap,549339,NGM
FDMT,"4D Molecular Therapeutics, Inc.",Healthcare,Small-Cap,743503,NMS
TWI,"Titan International, Inc. (DE)",Industrials,Small-Cap,1035919,NYQ
ALMU,"Aeluma, Inc.",Technology,Small-Cap,1597250,NCM
ARVN,"Arvinas, Inc.",Healthcare,Small-Cap,889377,NMS
SES,SES AI Corporation,Consumer Cyclical,Small-Cap,9538815,NYQ
PACB,Pacific Biosciences of Californ,Healthcare,Small-Cap,6117830,NMS
ASPN,"Aspen Aerogels, Inc.",Industrials,Small-Cap,1597209,NYQ
RMAX,"RE/MAX Holdings, Inc.",Real Estate,Small-Cap,704855,NYQ
CAL,"Caleres, Inc.",Consumer Cyclical,Small-Cap,674855,NYQ
MVST,"Microvast Holdings, Inc.",Consumer Cyclical,Small-Cap,5111250,NCM
BLZE,"Backblaze, Inc.",Technology,Small-Cap,1649963,NGM
PANL,Pangaea Logistics Solutions Ltd,Industrials,Small-Cap,650828,NCM
KYTX,"Kyverna Therapeutics, Inc.",Healthcare,Small-Cap,941963,NMS
OSS,"One Stop Systems, Inc.",Technology,Small-Cap,1826995,NCM
SFIX,"Stitch Fix, Inc.",Consumer Cyclical,Small-Cap,2020679,NMS
MEI,"Methode Electronics, Inc.",Technology,Small-Cap,809542,NYQ
MNRO,"Monro, Inc.",Consumer Cyclical,Small-Cap,945677,NMS
LZM,Lifezone Metals Limited,Basic Materials,Small-Cap,631160,NYQ
PRTA,Prothena Corporation plc,Healthcare,Small-Cap,521060,NMS
VVR,Invesco Senior Income Trust  (D,Financial Services,Small-Cap,892826,NYQ
CGC,Canopy Growth Corporation,Healthcare,Small-Cap,9926779,NMS
IMXI,"International Money Express, In",Technology,Small-Cap,534904,NCM
BBBY,"Bed Bath & Beyond, Inc.",N/A,Small-Cap,2993426,NYQ
CWH,"Camping World Holdings, Inc.",Consumer Cyclical,Small-Cap,3223841,NYQ
WEAV,"Weave Communications, Inc.",Healthcare,Small-Cap,1426774,NYQ
KLC,"KinderCare Learning Companies, ",Consumer Defensive,Small-Cap,1407779,NYQ
MAX,"MediaAlpha, Inc.",Communication Services,Small-Cap,585323,NYQ
SPCE,"Virgin Galactic Holdings, Inc.",Industrials,Small-Cap,19457207,NYQ
BCAR,D. Boral ARC Acquisition I Corp,Financial Services,Small-Cap,514041,NGM
OVID,Ovid Therapeutics Inc.,Healthcare,Small-Cap,3232709,NCM
CCCC,"C4 Therapeutics, Inc.",Healthcare,Small-Cap,2874225,NMS
LAB,Standard BioTools Inc.,Healthcare,Small-Cap,2522063,NMS
CLNE,Clean Energy Fuels Corp.,Energy,Small-Cap,1384057,NMS
DBI,Designer Brands Inc.,Consumer Cyclical,Small-Cap,648449,NYQ
RZLT,"Rezolute, Inc.",Healthcare,Small-Cap,2169600,NCM
OCGN,"Ocugen, Inc.",Healthcare,Small-Cap,8631531,NCM
KREF,KKR Real Estate Finance Trust I,Real Estate,Small-Cap,1521206,NYQ
SPT,"Sprout Social, Inc",Technology,Small-Cap,1609446,NCM
REA,"Rare Earths Americas, Inc.",Basic Materials,Small-Cap,562938,ASE
NKLR,Terra Innovatum Global N.V.,Utilities,Small-Cap,553346,NGM
BMBL,Bumble Inc.,Communication Services,Small-Cap,4163617,NMS
ALTO,"Alto Ingredients, Inc.",Basic Materials,Small-Cap,2306626,NCM
EDIT,"Editas Medicine, Inc.",Healthcare,Small-Cap,2081836,NMS
EVH,"Evolent Health, Inc",Healthcare,Small-Cap,2820314,NYQ
GEVO,"Gevo, Inc.",Basic Materials,Small-Cap,4370744,NCM
AUTL,Autolus Therapeutics plc,Healthcare,Small-Cap,1638450,NMS
XRX,Xerox Holdings Corporation,Industrials,Small-Cap,6200793,NMS
SVCO,"Silvaco Group, Inc.",Technology,Small-Cap,634607,NMS
SGMT,Sagimet Biosciences Inc. - Seri,Healthcare,Small-Cap,1453157,NGM
TOI,"The Oncology Institute, Inc.",Healthcare,Small-Cap,1850473,NCM
VITL,"Vital Farms, Inc.",Consumer Defensive,Small-Cap,3261938,NGM
OPTU,"Optimum Communications, Inc.",Communication Services,Small-Cap,5811860,NYQ
SIDU,"Sidus Space, Inc.",Industrials,Small-Cap,23114400,NCM
MYGN,"Myriad Genetics, Inc.",Healthcare,Small-Cap,1923852,NMS
UPB,"Upstream Bio, Inc.",Healthcare,Small-Cap,691953,NMS
ERII,"Energy Recovery, Inc.",Industrials,Small-Cap,1054971,NMS
PLAY,"Dave & Buster's Entertainment, ",Communication Services,Small-Cap,1827071,NMS
OEC,Orion S.A.,Basic Materials,Small-Cap,591988,NYQ
CATX,"Perspective Therapeutics, Inc.",Healthcare,Small-Cap,1399587,ASE
CCRN,"Cross Country Healthcare, Inc.",Healthcare,Small-Cap,683274,NMS
EBS,Emergent BioSolutions Inc.,Healthcare,Small-Cap,772547,NYQ
ALIT,"Alight, Inc.",Technology,Small-Cap,31764293,NYQ
DVLT,Datavault AI Inc.,Technology,Small-Cap,48710198,NCM
DUOT,"Duos Technologies Group, Inc.",Technology,Small-Cap,678853,NCM
EOLS,"Evolus, Inc. Common Stock",Healthcare,Small-Cap,961147,NGM
LAND,Gladstone Land Corporation,Real Estate,Small-Cap,545792,NGM
CLPT,ClearPoint Neuro Inc.,Healthcare,Small-Cap,655601,NCM
BKKT,"Bakkt, Inc.",Technology,Small-Cap,1573822,NYQ
GTN,"Gray Media, Inc.",Communication Services,Small-Cap,1346514,NYQ
CYH,"Community Health Systems, Inc.",Healthcare,Small-Cap,1644503,NYQ
FJET,"Starfighters Space, Inc.",Industrials,Small-Cap,1704163,ASE
TSSI,"TSS, Inc.",Technology,Small-Cap,1956217,NCM
ADCT,ADC Therapeutics SA,Healthcare,Micro-Cap,990022,NYQ
AIRJ,AirJoule Technologies Corporati,Industrials,Small-Cap,725944,NCM
BLND,"Blend Labs, Inc.",Technology,Small-Cap,4380052,NYQ
YEXT,"Yext, Inc.",Technology,Small-Cap,2904220,NYQ
PAYS,"Paysign, Inc.",Technology,Small-Cap,981112,NCM
CDZI,"Cadiz, Inc.",Utilities,Small-Cap,750026,NGM
SMWB,Similarweb Ltd.,Technology,Small-Cap,634861,NYQ
CMPX,"Compass Therapeutics, Inc.",Healthcare,Small-Cap,7494669,NCM
BYND,"Beyond Meat, Inc.",Consumer Defensive,Small-Cap,55237982,NMS
IPSC,"Century Therapeutics, Inc.",Healthcare,Small-Cap,1210611,NCM
CEPT,"Cantor Equity Partners II, Inc.",Financial Services,Small-Cap,596920,NGM
SHMD,SCHMID Group N.V.,Industrials,Small-Cap,1003374,NGM
PDYN,Palladyne AI Corp.,Technology,Small-Cap,2566720,NGM
SNDL,SNDL Inc.,Consumer Defensive,Small-Cap,1992280,NCM
MWC,"Micware Co., Ltd.",Consumer Cyclical,Small-Cap,3350492,NGM
ZURA,Zura Bio Limited,Healthcare,Small-Cap,631280,NCM
VNDA,Vanda Pharmaceuticals Inc.,Healthcare,Small-Cap,1408123,NGM
HNST,"The Honest Company, Inc.",Consumer Defensive,Small-Cap,1726325,NMS
STTK,"Shattuck Labs, Inc.",Healthcare,Small-Cap,591895,NMS
ORBS,Eightco Holdings Inc.,Consumer Cyclical,Small-Cap,29044146,NCM
AIRS,"AirSculpt Technologies, Inc.",Healthcare,Small-Cap,2794733,NGM
FVRR,Fiverr International Ltd.,Communication Services,Small-Cap,897093,NYQ
OABI,"OmniAb, Inc.",Healthcare,Small-Cap,653996,NGM
LX,LexinFintech Holdings Ltd.,Financial Services,Small-Cap,1755985,NMS
LTBR,Lightbridge Corporation,Industrials,Small-Cap,878261,NCM
RILY,"BRC Group Holdings, Inc.",Financial Services,Small-Cap,945393,NGM
LXEO,"Lexeo Therapeutics, Inc.",Healthcare,Small-Cap,912663,NGM
GSIT,"GSI Technology, Inc.",Technology,Small-Cap,1621311,NMS
ATOM,Atomera Incorporated,Technology,Small-Cap,2112385,NCM
SENS,"Senseonics Holdings, Inc.",Healthcare,Small-Cap,711060,NMS
TRX,TRX Gold Corporation,Basic Materials,Small-Cap,3780504,ASE
RGNX,REGENXBIO Inc.,Healthcare,Small-Cap,1206655,NMS
REAX,"The Real Brokerage, Inc.",Real Estate,Small-Cap,2865639,NCM
NNDM,Nano Dimension Ltd.,Technology,Small-Cap,2304279,NCM
ENHA,Enhanced Group Inc.,Consumer Defensive,Small-Cap,1525166,NYQ
REI,"Ring Energy, Inc.",Energy,Small-Cap,5703796,ASE
IRD,"Opus Genetics, Inc.",Healthcare,Small-Cap,896658,NCM
VUZI,Vuzix Corporation,Technology,Small-Cap,1601069,NCM
VLN,Valens Semiconductor Ltd.,Technology,Micro-Cap,2407831,NYQ
GETY,"Getty Images Holdings, Inc.",Communication Services,Small-Cap,1963088,NYQ
PALI,"Palisade Bio, Inc.",Healthcare,Small-Cap,3821920,NCM
LTRX,"Lantronix, Inc.",Technology,Small-Cap,891380,NCM
LRMR,"Larimar Therapeutics, Inc.",Healthcare,Small-Cap,1779126,NGM
VGZ,Vista Gold Corp,Basic Materials,Small-Cap,1500634,ASE
CION,CION Investment Corporation,Financial Services,Small-Cap,650349,NYQ
TLS,Telos Corporation,Technology,Small-Cap,793071,NGM
SSP,E.W. Scripps Company (The),Communication Services,Small-Cap,719153,NMS
BGS,"B&G Foods, Inc.",Consumer Defensive,Small-Cap,2021523,NYQ
MX,Magnachip Semiconductor Corpora,Technology,Small-Cap,2094644,NYQ
IVVD,"Invivyd, Inc.",Healthcare,Small-Cap,3068755,NGM
ABEO,Abeona Therapeutics Inc.,Healthcare,Small-Cap,1228557,NCM
EVTL,Vertical Aerospace Ltd.,Industrials,Small-Cap,3297709,NYQ
NMRA,"Neumora Therapeutics, Inc.",Healthcare,Small-Cap,1251428,NMS
WNC,Wabash National Corporation,Industrials,Small-Cap,666963,NYQ
RPAY,Repay Holdings Corporation,Technology,Small-Cap,1601138,NCM
RCKT,"Rocket Pharmaceuticals, Inc.",Healthcare,Small-Cap,3234598,NGM
VSTM,"Verastem, Inc.",Healthcare,Small-Cap,2259349,NCM
FWDI,"Forward Industries, Inc.",Consumer Cyclical,Small-Cap,924766,NCM
TCPC,BlackRock TCP Capital Corp.,Financial Services,Small-Cap,1046733,NMS
HLLY,Holley Inc.,Consumer Cyclical,Small-Cap,880633,NYQ
HUMA,"Humacyte, Inc.",Healthcare,Small-Cap,7433152,NMS
SIGA,SIGA Technologies Inc.,Healthcare,Small-Cap,663641,NGM
UIS,Unisys Corporation New,Technology,Small-Cap,812306,NYQ
EU,enCore Energy Corp.,Energy,Small-Cap,2765853,NCM
FWRD,Forward Air Corporation,Industrials,Small-Cap,1170619,NMS
IFRX,InflaRx N.V.,Healthcare,Small-Cap,1644801,NMS
ISSC,Innovative Solutions and Suppor,Industrials,Small-Cap,617558,NMS
HRZN,Horizon Technology Finance Corp,Financial Services,Small-Cap,989804,NMS
TTGT,"TechTarget, Inc.",Technology,Small-Cap,519498,NMS
ORGO,Organogenesis Holdings Inc.,Healthcare,Small-Cap,1484938,NCM
LCTX,"Lineage Cell Therapeutics, Inc.",Healthcare,Small-Cap,1226826,ASE
AIRO,"AIRO Group Holdings, Inc.",Industrials,Small-Cap,632009,NGM
LODE,Comstock Inc.,Basic Materials,Small-Cap,1256014,ASE
IMRX,Immuneering Corporation,Healthcare,Small-Cap,1313746,NGM
DSX,Diana Shipping inc.,Industrials,Small-Cap,804839,NYQ
ACGC,ACP Holdings Acquisition Corp. Class A Ordinary Shares,Financial Services,Small-Cap,518420,NGM
FNKO,"Funko, Inc.",Consumer Cyclical,Small-Cap,871911,NMS
AACP,Apogee Acquisition Corp,Financial Services,Small-Cap,826340,NGM
FUBO,fuboTV Inc.,Communication Services,Small-Cap,1807547,NYQ
GTE,Gran Tierra Energy Inc.,Energy,Small-Cap,607000,ASE
EGHT,8x8 Inc,Technology,Small-Cap,1481741,NMS
PTLO,Portillo's Inc.,Consumer Cyclical,Small-Cap,1661349,NMS
TENX,"Tenax Therapeutics, Inc.",Healthcare,Small-Cap,581642,NCM
CAN,Canaan Inc.,Technology,Small-Cap,9916214,NGM
CRNT,Ceragon Networks Ltd.,Technology,Small-Cap,551873,NMS
XPOF,"Xponential Fitness, Inc.",Consumer Cyclical,Small-Cap,562069,NYQ
FLWS,"1-800-FLOWERS.COM, Inc.",Consumer Cyclical,Small-Cap,791107,NMS
VFF,"Village Farms International, In",Consumer Defensive,Micro-Cap,1183160,NCM
NAGE,"Niagen Bioscience, Inc.",Healthcare,Small-Cap,1108660,NCM
GCTS,"GCT Semiconductor Holding, Inc.",Technology,Micro-Cap,5087923,NYQ
OSUR,"OraSure Technologies, Inc.",Healthcare,Small-Cap,596388,NMS
ELDN,"Eledon Pharmaceuticals, Inc.",Healthcare,Small-Cap,1462788,NCM
AREC,American Resources Corporation,Basic Materials,Micro-Cap,2901160,NCM
MGNX,"MacroGenics, Inc.",Healthcare,Micro-Cap,1294628,NMS
RWAY,Runway Growth Finance Corp.,Financial Services,Small-Cap,673298,NMS
ZNTL,"Zentalis Pharmaceuticals, Inc.",Healthcare,Small-Cap,2011422,NGM
TYGO,"Tigo Energy, Inc.",Technology,Micro-Cap,582033,NCM
AKBA,"Akebia Therapeutics, Inc.",Healthcare,Small-Cap,3600993,NCM
QSI,Quantum-Si Incorporated,Healthcare,Micro-Cap,5392092,NGM
FATE,"Fate Therapeutics, Inc.",Healthcare,Micro-Cap,2735977,NGM
BZAI,"Blaize Holdings, Inc.",Technology,Micro-Cap,10141441,NGM
RC,Ready Capital Corporation,Real Estate,Small-Cap,1844569,NYQ
LPRO,Open Lending Corporation,Financial Services,Micro-Cap,829514,NGM
SABS,"SAB Biotherapeutics, Inc.",Healthcare,Small-Cap,787485,NCM
NUS,"Nu Skin Enterprises, Inc.",Consumer Defensive,Small-Cap,549426,NYQ
SITC,SITE Centers Corp.,Real Estate,Small-Cap,758252,NYQ
DPRO,Draganfly Inc.,Technology,Micro-Cap,2012585,NCM
PNNT,PennantPark Investment Corporat,Financial Services,Small-Cap,798971,NYQ
ZIP,"ZipRecruiter, Inc.",Communication Services,Small-Cap,1061703,NYQ
CNDT,Conduent Incorporated,Technology,Micro-Cap,1380404,NMS
AVXL,Anavex Life Sciences Corp.,Healthcare,Micro-Cap,1378179,NMS
CDXS,"Codexis, Inc.",Healthcare,Micro-Cap,2209915,NMS
CNCK,Coincheck Group N.V.,Financial Services,Micro-Cap,1043346,NGM
DHY,146692,Financial Services,Micro-Cap,772292,ASE
SLNH,"Soluna Holdings, Inc.",Financial Services,Micro-Cap,16754996,NCM
ANGI,Angi Inc.,Communication Services,Micro-Cap,1373333,NMS
TARA,"Protara Therapeutics, Inc.",Healthcare,Micro-Cap,754298,NGM
FOSL,"Fossil Group, Inc.",Consumer Cyclical,Micro-Cap,837706,NMS
FLYX,"flyExclusive, Inc.",Industrials,Micro-Cap,831339,ASE
CMRC,"Commerce.com, Inc. - Series 1",Technology,Micro-Cap,731295,NGM
POWW,Outdoor Holding Company,Industrials,Micro-Cap,537755,NCM
IMPP,Imperial Petroleum Inc.,Energy,Micro-Cap,697395,NCM
QMCO,Quantum Corporation,Technology,Micro-Cap,627088,NGM
OSG,"Octave Specialty Group, Inc.",Financial Services,Micro-Cap,690250,NYQ
GLDG,GoldMining Inc.,Basic Materials,Micro-Cap,2117115,ASE
STEX,Streamex Corp.,Financial Services,Micro-Cap,1787936,NCM
JACK,Jack In The Box Inc.,Consumer Cyclical,Micro-Cap,902222,NMS
CHRS,"Coherus Oncology, Inc.",Healthcare,Micro-Cap,1275701,NGM
SMRT,"SmartRent, Inc.",Technology,Micro-Cap,994074,NYQ
ALXO,ALX Oncology Holdings Inc.,Healthcare,Micro-Cap,963130,NMS
DEFT,"Defi Technologies, Inc.",Financial Services,Micro-Cap,6529784,NCM
TMCI,"Treace Medical Concepts, Inc.",Healthcare,Micro-Cap,781014,NMS
LFMD,"LifeMD, Inc.",Healthcare,Micro-Cap,1241604,NGM
IKT,"Inhibikase Therapeutics, Inc.",Healthcare,Micro-Cap,1134566,NCM
LENZ,"LENZ Therapeutics, Inc.",Healthcare,Micro-Cap,935995,NMS
WALD,Waldencast plc,Consumer Defensive,Micro-Cap,1202769,NCM
VYGR,"Voyager Therapeutics, Inc.",Healthcare,Micro-Cap,682709,NMS
OPRT,Oportun Financial Corporation,Financial Services,Micro-Cap,534909,NMS
FULC,"Fulcrum Therapeutics, Inc.",Healthcare,Micro-Cap,1488498,NGM
HELP,Cybin Inc.,Healthcare,Micro-Cap,1188915,NGM
IMMR,Immersion Corporation,Technology,Micro-Cap,547752,NMS
KLTR,"Kaltura, Inc.",Technology,Micro-Cap,725920,NMS
PLG,Platinum Group Metals Ltd.,Basic Materials,Micro-Cap,1690982,ASE
KULR,"KULR Technology Group, Inc.",Technology,Micro-Cap,1958057,ASE
QTTB,Q32 Bio Inc.,Healthcare,Micro-Cap,709273,NCM
GORO,Gold Resource Corporation,Basic Materials,Micro-Cap,1825860,ASE
TGEN,Tecogen Inc.,Industrials,Micro-Cap,561517,ASE
KPTI,Karyopharm Therapeutics Inc.,Healthcare,Micro-Cap,900149,NMS
CHPT,"ChargePoint Holdings, Inc.",Consumer Cyclical,Micro-Cap,519142,NYQ
NGEN,NervGen Pharma Corp.,Healthcare,Micro-Cap,555463,NCM
ENLV,Enlivex Ltd.,Healthcare,Micro-Cap,593077,NCM
ACB,Aurora Cannabis Inc.,Healthcare,Micro-Cap,918669,NCM
NBP,NovaBridge Biosciences,Healthcare,Micro-Cap,1000765,NGM
CRBU,"Caribou Biosciences, Inc.",Healthcare,Micro-Cap,1473001,NMS
RXST,"RxSight, Inc.",Healthcare,Micro-Cap,751526,NGM
ACH,"Accendra Health, Inc.",Healthcare,Micro-Cap,838158,NYQ
EMBC,Embecta Corp.,Healthcare,Micro-Cap,1858669,NMS
EQ,"Equillium, Inc.",Healthcare,Micro-Cap,643825,NCM
ALEC,"Alector, Inc.",Healthcare,Micro-Cap,701312,NMS
SY,So-Young International Inc. - A,Healthcare,Micro-Cap,599753,NCM
AMPY,Amplify Energy Corp.,Energy,Micro-Cap,963531,NYQ
CVGI,"Commercial Vehicle Group, Inc.",Consumer Cyclical,Micro-Cap,1370879,NMS
NKTX,"Nkarta, Inc.",Healthcare,Micro-Cap,769344,NMS
UNCY,"Unicycive Therapeutics, Inc.",Healthcare,Micro-Cap,574723,NCM
LUCD,Lucid Diagnostics Inc.,Healthcare,Micro-Cap,805025,NCM
NCI,Neo-Concept International Group,Consumer Cyclical,Micro-Cap,539705,NCM
MNTS,Momentus Inc.,Industrials,Micro-Cap,4702277,NCM
CNTX,Context Therapeutics Inc.,Healthcare,Micro-Cap,862755,NCM
GPRO,"GoPro, Inc.",Technology,Micro-Cap,8153465,NMS
ELME,Elme Communities,Real Estate,Micro-Cap,1254292,NYQ
BRCC,BRC Inc.,Consumer Defensive,Micro-Cap,1131560,NYQ
JELD,"JELD-WEN Holding, Inc.",Industrials,Micro-Cap,1956568,NYQ
BRR,"ProCap Financial, Inc.",Financial Services,Micro-Cap,1157601,NGM
TNYA,"Tenaya Therapeutics, Inc.",Healthcare,Micro-Cap,4731557,NMS
AMTX,"Aemetis, Inc",Basic Materials,Micro-Cap,1819412,NGM
CNTN,"Canton Strategic Holdings, Inc.",Healthcare,Micro-Cap,603634,NCM
VERI,"Veritone, Inc.",Technology,Micro-Cap,2887353,NGM
DOMO,"Domo, Inc.",Technology,Micro-Cap,1635671,NGM
NPWR,NET Power Inc.,Industrials,Micro-Cap,805358,NYQ
SLQT,"SelectQuote, Inc.",Financial Services,Micro-Cap,1797749,NYQ
QTRX,Quanterix Corporation,Healthcare,Micro-Cap,1120833,NGM
CANG,Cango Inc.,Financial Services,Micro-Cap,1307517,NYQ
ABOS,"Acumen Pharmaceuticals, Inc.",Healthcare,Micro-Cap,536973,NMS
INVZ,Innoviz Technologies Ltd.,Consumer Cyclical,Micro-Cap,2975628,NCM
SPRO,"Spero Therapeutics, Inc.",Healthcare,Micro-Cap,523742,NMS
THRY,"Thryv Holdings, Inc.",Technology,Micro-Cap,931641,NCM
VHUB,"VenHub Global, Inc.",Consumer Defensive,Micro-Cap,665014,NGM
MIST,Milestone Pharmaceuticals Inc.,Healthcare,Micro-Cap,2016890,NMS
PLX,"Protalix BioTherapeutics, Inc. ",Healthcare,Micro-Cap,867036,ASE
SKYX,SKYX Platforms Corp.,Industrials,Micro-Cap,1517515,NCM
NNBR,"NN, Inc.",Industrials,Micro-Cap,1074636,NMS
PRQR,ProQR Therapeutics N.V.,Healthcare,Micro-Cap,610876,NCM
DOUG,Douglas Elliman Inc.,Real Estate,Micro-Cap,679947,NYQ
PLBY,"Playboy, Inc.",Consumer Cyclical,Micro-Cap,946490,NGM
SPWR,SunPower Inc.,Technology,Micro-Cap,1993549,NGM
SKLZ,Skillz Inc.,Communication Services,Micro-Cap,1236288,NYQ
ANTX,"AN2 Therapeutics, Inc.",Healthcare,Micro-Cap,1457498,NMS
CPSH,CPS Technologies Corp.,Technology,Micro-Cap,1267650,NCM
SAFX,"XCF Global, Inc.",Utilities,Micro-Cap,20043728,NCM
GRO,Brazil Potash Corp.,Basic Materials,Micro-Cap,841226,ASE
OGI,Organigram Global Inc.,Healthcare,Micro-Cap,685300,NMS
BRCB,"Black Rock Coffee Bar, Inc.",Consumer Cyclical,Micro-Cap,609365,NGM
HYPR,"Hyperfine, Inc.",Healthcare,Micro-Cap,627563,NGM
NRXP,"NRX Pharmaceuticals, Inc.",Healthcare,Micro-Cap,1189655,NCM
NFE,New Fortress Energy Inc.,Energy,Micro-Cap,11851555,NMS
CURV,Torrid Holdings Inc.,Consumer Cyclical,Micro-Cap,853838,NYQ
SMJF,SMJ International Holdings Inc.,Consumer Cyclical,Micro-Cap,564373,ASE
MVIS,"Microvision, Inc.",Technology,Micro-Cap,6993763,NGM
SDA,SunCar Technology Group Inc.,Consumer Cyclical,Micro-Cap,915815,NCM
VWAV,"VisionWave Holdings, Inc.",Industrials,Micro-Cap,571012,NGM
BYRN,"Byrna Technologies, Inc.",Industrials,Micro-Cap,549185,NCM
CIK,106937,Financial Services,Micro-Cap,590893,ASE
ANNA,"AleAnna, Inc.",Energy,Micro-Cap,4521841,NCM
ARBE,Arbe Robotics Ltd.,Technology,Micro-Cap,2256482,NCM
CHGG,"Chegg, Inc.",Consumer Defensive,Micro-Cap,1886788,NYQ
TLYS,"Tilly's, Inc.",Consumer Cyclical,Micro-Cap,1441488,NYQ
HOVR,New Horizon Aircraft Ltd.,Industrials,Micro-Cap,2002133,NCM
HURA,"TuHURA Biosciences, Inc.",Healthcare,Micro-Cap,912579,NCM
AGEN,Agenus Inc.,Healthcare,Micro-Cap,837461,NCM
RYDE,Ryde Group Ltd.,Technology,Micro-Cap,857217,ASE
YOOV,Concorde International Group Lt,Industrials,Micro-Cap,1187912,NCM
PUSA,Aureus Greenway Holdings Inc.,Consumer Cyclical,Micro-Cap,1986717,NCM
PSIG,PS International Group Ltd.,Industrials,Micro-Cap,572026,NCM
MBOT,Microbot Medical Inc.,Healthcare,Micro-Cap,1758757,NCM
CRDL,Cardiol Therapeutics Inc.,Healthcare,Micro-Cap,688792,NCM
AMPG,"Amplitech Group, Inc.",Technology,Micro-Cap,2162403,NCM
NNOX,NANO-X IMAGING LTD,Healthcare,Micro-Cap,1394538,NGM
ZENA,"ZenaTech, Inc.",Technology,Micro-Cap,2904365,NCM
CYPH,Cypherpunk Technologies Inc.,Financial Services,Micro-Cap,3325290,NCM
MXCT,"MaxCyte, Inc.",Healthcare,Micro-Cap,997530,NMS
NAMM,Namib Minerals,Basic Materials,Micro-Cap,1250158,NGM
CGTX,"Cognition Therapeutics, Inc.",Healthcare,Micro-Cap,1193523,NCM
OXSQ,Oxford Square Capital Corp.,Financial Services,Micro-Cap,2053157,NMS
ATLX,Atlas Lithium Corporation,Basic Materials,Micro-Cap,662071,NCM
GLND,Greenland Energy Company,Energy,Micro-Cap,2120168,NGM
PLYX,"Polaryx Therapeutics, Inc.",Healthcare,Micro-Cap,938769,NCM
TRT,Trio-Tech International,Technology,Micro-Cap,1221339,ASE
GUTS,"Fractyl Health, Inc.",Healthcare,Micro-Cap,2123782,NGM
OTLK,"Outlook Therapeutics, Inc.",Healthcare,Micro-Cap,14346312,NCM
RANI,"Rani Therapeutics Holdings, Inc",Healthcare,Micro-Cap,1145047,NGM
LASE,Laser Photonics Corporation,Industrials,Micro-Cap,9872566,NCM
BDTX,"Black Diamond Therapeutics, Inc",Healthcare,Micro-Cap,1204304,NMS
NXTT,Next Technology Holding Inc.,Technology,Micro-Cap,1393465,NCM
IPWR,Ideal Power Inc.,Technology,Micro-Cap,585892,NCM
BAER,Bridger Aerospace Group Holding,Industrials,Micro-Cap,701739,NGM
USBC,"USBC, Inc.",Technology,Micro-Cap,1917603,ASE
CBUS,"Cibus, Inc.",Healthcare,Micro-Cap,530425,NCM
ENGN,enGene Therapeutics Inc.,Healthcare,Micro-Cap,1602246,NCM
PZG,Paramount Gold Nevada Corp.,Basic Materials,Micro-Cap,801723,ASE
BZFD,"BuzzFeed, Inc.",Communication Services,Micro-Cap,3300458,NCM
ARQ,"Arq, Inc.",Industrials,Micro-Cap,828885,NGM
EXFY,"Expensify, Inc.",Technology,Micro-Cap,755926,NMS
GPUS,"Hyperscale Data, Inc.",Industrials,Micro-Cap,41543768,ASE
FATN,"FatPipe, Inc.",Technology,Micro-Cap,1199842,NCM
TTEC,"TTEC Holdings, Inc.",Technology,Micro-Cap,604552,NMS
ALDX,"Aldeyra Therapeutics, Inc.",Healthcare,Micro-Cap,3095115,NCM
AIFC,AI Financial Corporation,Technology,Micro-Cap,2392722,NCM
BLNK,Blink Charging Co.,Industrials,Micro-Cap,2430038,NCM
VIDA,VIDA Global Inc.,Technology,Micro-Cap,5797807,ASE
SRFM,Surf Air Mobility Inc.,Industrials,Micro-Cap,3732441,NYQ
REKR,"Rekor Systems, Inc.",Technology,Micro-Cap,3159698,NCM
NEOV,NeoVolta Inc.,Industrials,Micro-Cap,795315,NCM
CUE,"Cue Biopharma, Inc.",Healthcare,Micro-Cap,754432,NCM
NTCL,NETCLASS TECHNOLOGY INC,Technology,Micro-Cap,3242450,NCM
ONCY,Oncolytics Biotech Inc.,Healthcare,Micro-Cap,1180211,NCM
AISP,"Airship AI Holdings, Inc",Technology,Micro-Cap,522806,NGM
FFAI,Faraday Future Intelligent Elec,Consumer Cyclical,Micro-Cap,35729295,NCM
EMPD,Empery Digital Inc.,Consumer Cyclical,Micro-Cap,557877,NMS
QTEX,QTREX Quantum Ltd.,Technology,Micro-Cap,22699312,NCM
CCLD,"CareCloud, Inc.",Healthcare,Micro-Cap,668804,NGM
ZVIA,Zevia PBC,Consumer Defensive,Micro-Cap,725042,NYQ
HCAT,"Health Catalyst, Inc",Healthcare,Micro-Cap,666303,NMS
PEPG,PepGen Inc.,Healthcare,Micro-Cap,1437474,NMS
GRWG,GrowGeneration Corp.,Consumer Cyclical,Micro-Cap,515747,NCM
STIM,"Neuronetics, Inc.",Healthcare,Micro-Cap,2404093,NGM
VIVO,VivoPower PLC,Technology,Micro-Cap,1322430,NCM
CRDF,"Cardiff Oncology, Inc.",Healthcare,Micro-Cap,923349,NCM
BWEN,"Broadwind, Inc.",Industrials,Micro-Cap,731533,NCM
LGO,Largo Inc.,Basic Materials,Micro-Cap,1169598,NMS
BMEA,"Biomea Fusion, Inc.",Healthcare,Micro-Cap,1514120,NMS
NXXT,"NextNRG, Inc.",Utilities,Micro-Cap,16577176,NCM
INO,"Inovio Pharmaceuticals, Inc.",Healthcare,Micro-Cap,2629001,NCM
OPRX,OptimizeRx Corporation,Healthcare,Micro-Cap,533792,NCM
LIDR,"AEye, Inc.",Technology,Micro-Cap,4747255,NCM
IBIO,"iBio, Inc.",Healthcare,Micro-Cap,938926,NCM
DFDV,DeFi Development Corp.,Financial Services,Micro-Cap,990506,NCM
BNAI,Brand Engagement Network Inc.,Technology,Micro-Cap,605509,NCM
XOS,"Xos, Inc.",Industrials,Micro-Cap,2238257,NCM
OPTT,"Ocean Power Technologies, Inc.",Industrials,Micro-Cap,4826328,ASE
PROP,Prairie Operating Co.,Energy,Micro-Cap,4817560,NCM
RNTX,"Rein Therapeutics, Inc.",Healthcare,Micro-Cap,592693,NCM
MAIA,"MAIA Biotechnology, Inc.",Healthcare,Micro-Cap,754306,ASE
ATRA,"Atara Biotherapeutics, Inc.",Healthcare,Micro-Cap,1529300,NMS
IDN,"Intellicheck, Inc.",Technology,Micro-Cap,533766,NGM
HRTX,"Heron Therapeutics, Inc.",Healthcare,Micro-Cap,2597869,NCM
CPIX,Cumberland Pharmaceuticals Inc.,Healthcare,Micro-Cap,974769,NMS
AGPU,Axe Compute Inc.,Technology,Micro-Cap,3427023,NCM
WETO,Wetour Robotics Limited,Technology,Micro-Cap,1867765,NCM
SKIN,SkinHealth Systems Inc.,Consumer Defensive,Micro-Cap,998857,NCM
PLCE,"Children's Place, Inc. (The)",Consumer Cyclical,Micro-Cap,528225,NMS
OSTX,OS Therapies Incorporated,Healthcare,Micro-Cap,747739,ASE
GAMB,Gambling.com Group Limited,Consumer Cyclical,Micro-Cap,873241,NGM
AIB,BlockchAIn Digital Infrastructu,Technology,Micro-Cap,2601370,ASE
ANVS,"Annovis Bio, Inc.",Healthcare,Micro-Cap,1049141,NYQ
GANX,"Gain Therapeutics, Inc.",Healthcare,Micro-Cap,683426,NGM
XTIA,"XTI Aerospace, Inc.",Industrials,Micro-Cap,2194557,NCM
PLRX,"Pliant Therapeutics, Inc.",Healthcare,Micro-Cap,529409,NMS
HAIN,"The Hain Celestial Group, Inc.",Consumer Defensive,Micro-Cap,1147636,NMS
CTM,"Castellum, Inc.",Technology,Micro-Cap,1408055,ASE
UPXI,"Upexi, Inc.",Communication Services,Micro-Cap,4234479,NCM
FRMM,"Forum Markets, Incorporated",Technology,Micro-Cap,1220539,NCM
ELBM,Electra Battery Materials Corpo,Basic Materials,Micro-Cap,987595,NCM
SRXH,"SRX Health Solutions, Inc.",Consumer Defensive,Micro-Cap,31364485,ASE
WSHP,WeShop Holdings Limited,Communication Services,Micro-Cap,899731,NCM
ASTC,Astrotech Corporation,Technology,Micro-Cap,5966998,NCM
STAK,STAK Inc.,Energy,Micro-Cap,3553338,NCM
WWR,"Westwater Resources, Inc.",Basic Materials,Micro-Cap,979415,ASE
ODYS,Odysight.ai Inc.,Technology,Micro-Cap,686650,NCM
BTCS,BTCS Inc.,Financial Services,Micro-Cap,801276,NCM
CING,Cingulate Inc.,Healthcare,Micro-Cap,675103,NCM
MYPS,"PLAYSTUDIOS, Inc.",Communication Services,Micro-Cap,539165,NCM
ACRV,"Acrivon Therapeutics, Inc.",Healthcare,Micro-Cap,654247,NGM
OMEX,"Odyssey Marine Exploration, Inc",Basic Materials,Micro-Cap,5733957,NCM
LUNG,Pulmonx Corporation,Healthcare,Micro-Cap,548326,NMS
TCRX,"TScan Therapeutics, Inc.",Healthcare,Micro-Cap,864226,NGM
UAVS,"AgEagle Aerial Systems, Inc.",Technology,Micro-Cap,3130301,ASE
EDSA,"Edesa Biotech, Inc.",Healthcare,Nano-Cap,1459414,NCM
MDAI,"Spectral AI, Inc.",Healthcare,Micro-Cap,986361,NCM
ROLR,"High Roller Technologies, Inc.",Consumer Cyclical,Micro-Cap,1961979,ASE
PDSB,PDS Biotechnology Corporation,Healthcare,Micro-Cap,945715,NCM
IMMP,Immutep Limited,Healthcare,Micro-Cap,14319269,NGM
CSTE,Caesarstone Ltd.,Industrials,Micro-Cap,1059919,NMS
PCLA,PicoCELA Inc.,Communication Services,Micro-Cap,1407325,NCM
GCL,GCL Global Holdings Ltd,Communication Services,Micro-Cap,2737031,NMS
AMSS,AMASS Brands Inc.,Consumer Defensive,Micro-Cap,1983550,NGM
MERC,Mercer International Inc.,Basic Materials,Micro-Cap,525146,NMS
IBO,"Impact BioMedical, Inc.",Healthcare,Micro-Cap,3660566,ASE
DCGO,DocGo Inc.,Healthcare,Micro-Cap,1009776,NCM
SPWH,"Sportsman's Warehouse Holdings,",Consumer Cyclical,Nano-Cap,736396,NMS
QUCY,Quantum Cyber N.V.,Healthcare,Micro-Cap,17527430,NCM
USEG,U.S. Energy Corp.,Energy,Micro-Cap,7521979,NCM
LFS,"LEIFRAS Co., Ltd.",Communication Services,Micro-Cap,1431634,NCM
GNS,Genius Group Limited,Consumer Defensive,Nano-Cap,8696612,ASE
AIIO,Robo.ai Inc.,Consumer Cyclical,Micro-Cap,12177256,NCM
MREO,Mereo BioPharma Group plc,Healthcare,Nano-Cap,3175595,NCM
ATYR,"aTyr Pharma, Inc.",Healthcare,Nano-Cap,2191061,NCM
BEAT,"Heartbeam, Inc.",Healthcare,Nano-Cap,1493590,NCM
GNTA,Genenta Science S.p.A.,Healthcare,Nano-Cap,1362392,NCM
PN,Skycorp Solar Group Limited,Technology,Nano-Cap,1438582,NCM
EHTH,"eHealth, Inc.",Financial Services,Micro-Cap,502838,NMS
INDO,Indonesia Energy Corporation Li,Energy,Nano-Cap,1775211,ASE
RKTO,Rocket One Inc.,N/A,Nano-Cap,8090496,NCM
GOSS,"Gossamer Bio, Inc.",Healthcare,Nano-Cap,10640565,NMS
KSCP,"Knightscope, Inc.",Industrials,Nano-Cap,582655,NCM
LESL,"Leslie's, Inc.",Consumer Cyclical,Nano-Cap,954004,NMS
VCIG,VCI Global Limited,Industrials,Nano-Cap,2829707,NCM
BGDE,"Big Digital Energy, Inc.",Financial Services,Nano-Cap,564768,NCM
ILLR,Triller Group Inc.,Technology,Nano-Cap,1927717,NCM
ARAY,Accuray Incorporated,Healthcare,Nano-Cap,3253468,NMS
LTRN,Lantern Pharma Inc.,Healthcare,Nano-Cap,663396,NCM
HOLO,MicroCloud Hologram Inc.,Technology,Nano-Cap,832360,NCM
ONMD,OneMedNet Corp,Healthcare,Nano-Cap,538130,NCM
TOP,TOP Financial Group Limited,Financial Services,Nano-Cap,696346,NCM
GRML,Greenland Mines Ltd,Basic Materials,Nano-Cap,3270250,NCM
MAMO,Massimo Group,Consumer Cyclical,Nano-Cap,1144780,NCM
GAME,"GameSquare Holdings, Inc.",Communication Services,Nano-Cap,8050809,NCM
GRCE,"Grace Therapeutics, Inc.",Healthcare,Nano-Cap,781257,NCM
FUSE,Fusemachines Inc.,Technology,Nano-Cap,2419722,NGM
BLNE,"Beeline Holdings, Inc.",Financial Services,Nano-Cap,723758,NCM
HPAI,Helport AI Limited,Technology,Nano-Cap,794793,NCM
CDLX,"Cardlytics, Inc. Common Stock",Communication Services,Nano-Cap,1236068,NGM
SPPL,SIMPPLE LTD.,Industrials,Nano-Cap,954779,NCM
BBGI,"Beasley Broadcast Group, Inc.",Communication Services,Nano-Cap,1251001,NCM
RCT,RedCloud Holdings plc,Technology,Nano-Cap,3933826,NCM
UCAR,U Power Limited,Consumer Cyclical,Nano-Cap,13374192,NCM
BIRD,"Allbirds, Inc.",Consumer Cyclical,Nano-Cap,6053869,NMS
OPAD,Offerpad Solutions Inc.,Real Estate,Nano-Cap,711215,NYQ
BTAI,"BioXcel Therapeutics, Inc.",Healthcare,Nano-Cap,1639760,NCM
MOBX,"Mobix Labs, Inc.",Technology,Nano-Cap,5624411,NCM
RYOJ,"rYojbaba Co., Ltd.",Industrials,Nano-Cap,939706,NCM
LOCL,Local Bounti Corporation,Consumer Defensive,Nano-Cap,1417117,NYQ
NNVC,"NanoViricides, Inc.",Healthcare,Nano-Cap,867053,ASE
ATCH,"AtlasClear Holdings, Inc.",Financial Services,Nano-Cap,2916061,ASE
SNAL,"Snail, Inc.",Communication Services,Nano-Cap,21883487,NCM
MLSS,"Milestone Scientific, Inc.",Healthcare,Nano-Cap,2095495,ASE
NTIP,"Network-1 Technologies, Inc.",Industrials,Nano-Cap,511531,ASE
UZX,Linkage Global Inc,Consumer Cyclical,Nano-Cap,6581492,NCM
BURU,"Nuburu, Inc.",Industrials,Nano-Cap,36568234,ASE
BATL,Battalion Oil Corporation,Energy,Nano-Cap,11123703,ASE
SST,"System1, Inc.",Industrials,Nano-Cap,3372753,NYQ
EONR,EON Resources Inc.,Energy,Nano-Cap,23467619,ASE
MRNO,Murano Global Investments PLC,Real Estate,Nano-Cap,7480807,NCM
AHMA,Ambitions Enterprise Management,Consumer Cyclical,Nano-Cap,3556611,NCM
DGNX,Diginex Limited,Industrials,Nano-Cap,728281,NCM
BEEM,Beam Global,Technology,Nano-Cap,522434,NCM
QNTM,Quantum Biopharma Ltd.,Healthcare,Nano-Cap,544066,NCM
MDXH,MDxHealth SA,Healthcare,Nano-Cap,570353,NCM
CAST,"FreeCast, Inc.",Communication Services,Nano-Cap,591446,NGM
DARE,"Dare Bioscience, Inc.",Healthcare,Nano-Cap,603620,NCM
QCLS,"Q/C Technologies, Inc.",Technology,Nano-Cap,694614,NCM
WIMI,WiMi Hologram Cloud Inc.,Communication Services,Nano-Cap,504519,NGM
IGC,"IGC Pharma, Inc.",Healthcare,Nano-Cap,1154885,ASE
BIOX,Bioceres Crop Solutions Corp.,Basic Materials,Nano-Cap,688382,NMS
PMI,"Picard Medical, Inc.",Healthcare,Nano-Cap,25112517,ASE
ARAI,Arrive AI Inc.,Technology,Nano-Cap,9517565,NGM
PMEC,Primech Holdings Ltd.,Industrials,Nano-Cap,556441,NCM
HTCO,High-Trend International Group,Industrials,Nano-Cap,979890,NCM
NPT,Texxon Holding Limited,Consumer Cyclical,Nano-Cap,616053,NCM
PSQH,"PSQ Holdings, Inc.",Technology,Nano-Cap,710174,NYQ
SEGG,Sports Entertainment Gaming Glo,Consumer Cyclical,Nano-Cap,2806093,NGM
SKYE,"Skye Bioscience, Inc.",Healthcare,Nano-Cap,508271,NGM
GWH,"ESS Tech, Inc.",Industrials,Nano-Cap,633404,NYQ
PAPL,Pineapple Financial Inc.,Financial Services,Nano-Cap,3692609,ASE
SER,"Serina Therapeutics, Inc.",Healthcare,Nano-Cap,3235482,ASE
FABC,"Fabric.AI, Inc.",Consumer Cyclical,Nano-Cap,2135938,NCM
BCG,"Binah Capital Group, Inc.",Financial Services,Nano-Cap,609914,NGM
AIFF,"Firefly Neuroscience, Inc.",Technology,Nano-Cap,5382325,NCM
YXT,YXT.COM GROUP HOLDING LIMITED -,Technology,Nano-Cap,3025255,NGM
JOB,GEE Group Inc.,Industrials,Nano-Cap,1536817,ASE
LGVN,Longeveron Inc.,Healthcare,Nano-Cap,5498768,NCM
DBGI,"Digital Brands Group, Inc.",Consumer Cyclical,Nano-Cap,4267730,NCM
YMAT,"J-Star Holding Co., Ltd.",Basic Materials,Nano-Cap,9673882,NCM
SNBR,Sleep Number Corporation,Consumer Cyclical,Nano-Cap,2782282,NMS
EFOI,"Energy Focus, Inc.",Consumer Cyclical,Nano-Cap,2850609,NCM
ANY,Sphere 3D Corp.,Financial Services,Nano-Cap,3257366,NCM
EVTV,"Envirotech Vehicles, Inc.",Consumer Cyclical,Nano-Cap,736766,NCM
YAAS,Youxin Technology Ltd,Technology,Nano-Cap,3040253,NCM
MYND,"Mynd.ai, Inc.",Consumer Defensive,Nano-Cap,567260,ASE
TOMZ,"TOMI Environmental Solutions, I",Industrials,Nano-Cap,589734,NCM
FEMY,Femasys Inc.,Healthcare,Nano-Cap,1015803,NCM
VTGN,"VistaGen Therapeutics, Inc.",Healthcare,Nano-Cap,761512,NCM
TRAW,"Traws Pharma, Inc.",Healthcare,Nano-Cap,2182909,NCM
AEHL,Antelope Enterprise Holdings Li,Industrials,Nano-Cap,9184290,NCM
NIXX,"Nixxy, Inc.",Industrials,Nano-Cap,942719,NCM
TGHL,The GrowHub Limited,Technology,Nano-Cap,2281276,NCM
TURB,"Turbo Energy, S.A.",Technology,Nano-Cap,3863071,NCM
CLRB,"Cellectar Biosciences, Inc.",Healthcare,Nano-Cap,1010192,NCM
MDCX,Medicus Pharma Ltd.,Healthcare,Nano-Cap,6877633,NCM
QNCX,"Quince Therapeutics, Inc.",Healthcare,Nano-Cap,5581662,NMS
CYN,Cyngn Inc.,Technology,Nano-Cap,1446400,NCM
SELX,Semilux International Ltd.,Technology,Nano-Cap,4754849,NCM
RECT,Rectitude Holdings Ltd,Consumer Cyclical,Nano-Cap,2138603,NCM
CODX,"Co-Diagnostics, Inc.",Healthcare,Nano-Cap,6555473,NCM
PRZO,ParaZero Technologies Ltd.,Industrials,Nano-Cap,2848250,NCM
DFNS,T3 Defense Inc.,Industrials,Nano-Cap,3054234,NGM
JZ,Jianzhi Education Technology Gr,Technology,Nano-Cap,2225792,NCM
THH,TryHard Holdings Limited,Industrials,Nano-Cap,526198,NCM
TMDE,TMD Energy Limited,Energy,Nano-Cap,3303961,ASE
GFAI,"Guardforce AI Co., Limited",Industrials,Nano-Cap,1034496,NCM
AKTX,Akari Therapeutics Plc,Healthcare,Nano-Cap,763951,NCM
VNRX,VolitionRX Limited,Healthcare,Nano-Cap,637180,ASE
SAGT,SAGTEC GLOBAL LIMITED,Technology,Nano-Cap,2079084,NCM
MWYN,"Marwynn Holdings, Inc.",Consumer Cyclical,Nano-Cap,1123522,NCM
AIFA,"All In FutureTech Alliance, Inc",Technology,Nano-Cap,12674860,NCM
CTXR,"Citius Pharmaceuticals, Inc.",Healthcare,Nano-Cap,809069,NCM
GTBP,"GT Biopharma, Inc.",Healthcare,Nano-Cap,1211800,NCM
PRSO,Peraso Inc.,Technology,Nano-Cap,8688604,NCM
BRN,"Barnwell Industries, Inc.",Energy,Nano-Cap,727861,ASE
CXAI,CXApp Inc.,Technology,Nano-Cap,16057128,NCM
SCNX,"Scienture Holdings, Inc.",Healthcare,Nano-Cap,2958733,NCM
KWM,"K Wave Media, Ltd.",Communication Services,Nano-Cap,665515,NGM
JSPR,"Jasper Therapeutics, Inc.",Healthcare,Nano-Cap,508646,NCM
COCP,"Cocrystal Pharma, Inc.",Healthcare,Nano-Cap,2416450,NCM
OSRH,"OSR Holdings, Inc.",Healthcare,Nano-Cap,6439150,NCM
GXAI,Gaxos.ai Inc.,Communication Services,Nano-Cap,6268112,NCM
CHOW,ChowChow Cloud International Ho,Technology,Nano-Cap,809653,ASE
ONEG,OneConstruction Group Limited,Industrials,Nano-Cap,1099725,NCM
BFRG,"Bullfrog AI Holdings, Inc.",Healthcare,Nano-Cap,11271088,NCM
MTVA,MetaVia Inc.,Healthcare,Nano-Cap,3388069,NCM
OBAI,"Our Bond, Inc.",Technology,Nano-Cap,811101,NGM
POM,POMDOCTOR LIMITED,Healthcare,Nano-Cap,7339290,NGM
COSM,Cosmos Health Inc.,Healthcare,Nano-Cap,1059674,NCM
SOAR,"Volato Group, Inc.",Industrials,Nano-Cap,20719973,ASE
TOVX,"Theriva Biologics, Inc.",Healthcare,Nano-Cap,21018238,ASE
TPET,Trio Petroleum Corp.,Energy,Nano-Cap,23547279,ASE
SLAI,SOLAI Limited,Technology,Nano-Cap,566282,NYQ
CYCN,"Cyclerion Therapeutics, Inc.",Healthcare,Nano-Cap,4577588,NCM
LNAI,Lunai Bioworks Inc.,Healthcare,Nano-Cap,2685598,NCM
QH,Quhuo Limited - American Deposi,Technology,Nano-Cap,2355615,NCM
HCAI,Huachen AI Parking Management T,Industrials,Nano-Cap,1441213,NCM
PMNT,Perfect Moment Ltd.,Consumer Cyclical,Nano-Cap,10508860,ASE
HCWB,HCW Biologics Inc.,Healthcare,Nano-Cap,20328915,NCM
DKI,DarkIris Inc.,Communication Services,Nano-Cap,5042406,NCM
MTEK,Maris-Tech Ltd.,Technology,Nano-Cap,1102177,NCM
ATER,"Aterian, Inc.",Consumer Cyclical,Nano-Cap,4492011,NCM
LOBO,LOBO TECHNOLOGIES LTD.,Consumer Cyclical,Nano-Cap,5180580,NCM
AMOD,"Alpha Modus Holdings, Inc.",Technology,Nano-Cap,1300749,NCM
NXL,"Nexalin Technology, Inc.",Healthcare,Nano-Cap,802258,NCM
WGRX,"Wellgistics Health, Inc.",Healthcare,Nano-Cap,763294,NCM
JUNS,"Jupiter Neurosciences, Inc.",Healthcare,Nano-Cap,5844780,NCM
RIME,"Algorhythm Holdings, Inc.",Technology,Nano-Cap,929147,NCM
AIM,AIM ImmunoTech Inc.,Healthcare,Nano-Cap,27357885,ASE
BANL,CBL International Limited,Energy,Nano-Cap,931714,NCM
GOVX,"GeoVax Labs, Inc.",Healthcare,Nano-Cap,4838246,NCM
SMX,SMX (Security Matters) Public L,Industrials,Nano-Cap,1089030,NCM
TDIC,Dreamland Limited,Communication Services,Nano-Cap,11546170,NCM
OLOX,Olenox Industries Inc.,Industrials,Nano-Cap,655790,NCM
GVH,Globavend Holdings Limited - Or,Industrials,Nano-Cap,762569,NCM
RMSG,Real Messenger Corporation,Technology,Nano-Cap,14177266,NCM
SKK,SKK Holdings Limited,Industrials,Nano-Cap,779750,NCM
LHSW,Lianhe Sowell International Gro,Technology,Nano-Cap,1873747,NCM
IOTR,iOThree Limited,Communication Services,Nano-Cap,794582,NCM
ERNA,Ernexa Therapeutics Inc.,Healthcare,Nano-Cap,1624260,NCM
SKYQ,Sky Quarry Inc.,Energy,Nano-Cap,7483248,NCM
AIXI,XIAO-I Corporation,Technology,Nano-Cap,54698509,NGM
LABT,Lakewood-Amedex Biotherapeutics,Healthcare,Nano-Cap,3490131,NCM
CGTL,Creative Global Technology Hold,Consumer Cyclical,Nano-Cap,2666501,NCM
PBM,Psyence Biomedical Ltd.,Healthcare,Nano-Cap,2567998,NCM
BRTX,"BioRestorative Therapies, Inc.",Healthcare,Nano-Cap,13846463,NCM
CYAB,"Cyabra, Inc.",Technology,Nano-Cap,781170,NGM
DXST,Decent Holding Inc.,Industrials,Nano-Cap,2401217,NCM
PHGE,BiomX Inc.,Industrials,Nano-Cap,5801023,ASE
KITT,"Nauticus Robotics, Inc.",Industrials,Nano-Cap,536581,NCM
AKAN,Akanda Corp.,Healthcare,Nano-Cap,2311903,NCM
CREG,Smart Powerr Corp.,Utilities,Nano-Cap,27526268,NCM
DEVS,DevvStream Corp.,Industrials,Nano-Cap,18190080,NCM
DLXY,Delixy Holdings Limited,Energy,Nano-Cap,2108317,NCM
HCWC,Healthy Choice Wellness Corp.,Consumer Defensive,Nano-Cap,2358174,ASE
ELAB,PMGC Holdings Inc.,Healthcare,Nano-Cap,7683442,NCM
GLE,Global Engine Group Holding Lim,Technology,Nano-Cap,3966490,NCM
CNEY,CN Energy Group Inc.,Basic Materials,Nano-Cap,1226190,NCM
VSEE,"VSee Health, Inc.",Healthcare,Nano-Cap,1587619,NCM
MYSE,"Myseum.AI, Inc.",Technology,Nano-Cap,4716260,NCM
MIMI,Mint Incorporation Limited,Industrials,Nano-Cap,786616,NCM
NCPL,Netcapital Inc.,Financial Services,Nano-Cap,3635350,NCM
AMST,Amesite Inc.,Technology,Nano-Cap,3272471,NCM
GMM,Global Mofy AI Limited,Technology,Nano-Cap,5291571,NCM
IQST,iQSTEL Inc.,Communication Services,Nano-Cap,579328,NCM
BIAF,"bioAffinity Technologies, Inc.",Healthcare,Nano-Cap,8613301,NCM
SYNX,Silynxcom Ltd.,Technology,Nano-Cap,1371038,ASE
GNPX,"Genprex, Inc.",Healthcare,Nano-Cap,629261,NCM
ACXP,"Acurx Pharmaceuticals, Inc.",Healthcare,Nano-Cap,3101342,NCM
ORGN,"Origin Materials, Inc.",Basic Materials,Nano-Cap,560540,NCM
POLA,"Polar Power, Inc.",Industrials,Nano-Cap,1444288,NCM
CYCU,"Cycurion, Inc.",Technology,Nano-Cap,2008003,NGM
ASBP,"Aspire Biopharma Holdings, Inc.",Healthcare,Nano-Cap,13075579,NCM
BTBD,"BT Brands, Inc.",Consumer Cyclical,Nano-Cap,939346,NCM
WCT,Wellchange Holdings Company Lim,Technology,Nano-Cap,1463106,NCM
CNSP,"CNS Pharmaceuticals, Inc.",Healthcare,Nano-Cap,1419614,NCM
YCBD,"cbdMD, Inc.",Healthcare,Nano-Cap,1442631,ASE
OXBR,Oxbridge Re Holdings Limited,Financial Services,Nano-Cap,636368,NCM
ENVB,"Enveric Biosciences, Inc.",Healthcare,Nano-Cap,3800677,NCM
SNGX,"Soligenix, Inc.",Healthcare,Nano-Cap,7033330,NCM
AUUD,Auddia Inc.,Technology,Nano-Cap,4598182,NCM
ITOC,iTonic Holdings Ltd,Healthcare,Nano-Cap,3183712,NCM
JCSE,JE Cleantech Holdings Limited,Industrials,Nano-Cap,675461,NCM
RBNE,Robin Energy Ltd.,Energy,Nano-Cap,4941561,NCM
LIMN,"Liminatus Pharma, Inc.",Healthcare,Nano-Cap,10090161,NGM
FMFC,Kandal M Venture Limited,Consumer Cyclical,Nano-Cap,515974,NCM
CANF,Can-Fite Biopharma Ltd,Healthcare,Nano-Cap,518788,ASE
AMZE,"Amaze Holdings, Inc.",Technology,Nano-Cap,8104322,ASE
CETX,Cemtrex Inc.,Technology,Nano-Cap,3482115,NCM
OLB,"The OLB Group, Inc.",Technology,Nano-Cap,553896,NCM
ALP,Alpha Compute Corp,Financial Services,Nano-Cap,19855255,NCM
JYD,Jayud Global Logistics Limited,Industrials,Nano-Cap,501944,NCM
MGRX,"Mangoceuticals, Inc.",Healthcare,Nano-Cap,6529260,NCM
CRE,Cre8 Enterprise Limited,Industrials,Nano-Cap,830739,NCM
AGRZ,Agroz Inc.,Consumer Defensive,Nano-Cap,5828147,NCM
GDC,GD Culture Group Limited,Communication Services,Nano-Cap,25268528,NCM
CLIK,CLICK HOLDINGS LIMITED,Consumer Cyclical,Nano-Cap,2357422,NCM
EEIQ,EpicQuest Education Group Inter,Consumer Defensive,Nano-Cap,2432684,NCM
ABTS,Abits Group Inc,Financial Services,Nano-Cap,2405588,NCM
SMTK,"SmartKem, Inc.",Technology,Nano-Cap,698868,NCM
EVGN,Evogene Ltd.,Healthcare,Nano-Cap,509074,NCM
ZONE,CleanCore Solutions Inc.,Industrials,Nano-Cap,2373047,ASE
TOPS,"TOP Ships, Inc.",Energy,Nano-Cap,889936,ASE
NCT,Intercont (Cayman) Limited,Industrials,Nano-Cap,856785,NCM
POAS,Phaos Technology Holdings (Caym,Healthcare,Nano-Cap,1263231,ASE
WLDS,Wearable Devices Ltd.,Technology,Nano-Cap,2544074,NCM
WBUY,WEBUY GLOBAL LTD.,Consumer Cyclical,Nano-Cap,1266419,NCM
SPRC,SciSparc Ltd.,Healthcare,Nano-Cap,993639,NCM
INHD,Inno Holdings Inc.,Basic Materials,Nano-Cap,1091829,NCM
MGN,Megan Holdings Limited,Industrials,Nano-Cap,13979763,NCM
XTLB,XTL Biopharmaceuticals Ltd.,Healthcare,Nano-Cap,1890404,NCM
CHNR,"China Natural Resources, Inc.",Basic Materials,Nano-Cap,723326,NCM
INM,InMed Pharmaceuticals Inc.,Healthcare,Nano-Cap,1674173,NCM
FEED,"ENvue Medical, Inc.",Healthcare,Nano-Cap,2985982,NCM
HXHX,Haoxin Holdings Limited,Industrials,Nano-Cap,548957,NCM
MNDR,Mobile-health Network Solutions,Healthcare,Nano-Cap,2535531,NCM
CTNT,Cheetah Net Supply Chain Servic,Industrials,Nano-Cap,1118479,NCM
DRMA,"Dermata Therapeutics, Inc.",Healthcare,Nano-Cap,805673,NCM
SLE,"Super League Enterprise, Inc.",Communication Services,Nano-Cap,768636,NCM
ARTL,"Artelo Biosciences, Inc.",Healthcare,Nano-Cap,4324706,NCM
SUNE,"SUNation Energy, Inc.",Technology,Nano-Cap,1353761,NCM
SDOT,Sadot Group Inc.,Consumer Defensive,Nano-Cap,1365714,NCM
BJDX,"Bluejay Diagnostics, Inc.",Healthcare,Nano-Cap,1238911,NCM
IZM,ICZOOM Group Inc.,Technology,Nano-Cap,1916257,NCM
MASK,3 E Network Technology Group Lt,Technology,Nano-Cap,7172319,NCM
ALBT,Avalon GloboCare Corp.,Real Estate,Nano-Cap,1063685,NCM
GLMD,Galmed Pharmaceuticals Ltd.,Healthcare,Nano-Cap,3015447,NCM
RENX,RenX Enterprises Corp.,Real Estate,Nano-Cap,2161193,NCM
WNW,Meiwu Technology Company Limite,Consumer Cyclical,Nano-Cap,1834979,NCM
AMIX,"Autonomix Medical, Inc.",Healthcare,Nano-Cap,710125,NCM
ATPC,Agape ATP Corporation,Consumer Defensive,Nano-Cap,3896347,NCM
ISPC,iSpecimen Inc.,Healthcare,Nano-Cap,982672,NCM
SBFM,Sunshine Biopharma Inc.,Healthcare,Nano-Cap,1544360,NCM
UGRO,"urban-gro, Inc.",Industrials,Nano-Cap,4959544,NCM
NOTV,"Inotiv, Inc.",Healthcare,Nano-Cap,1151642,NCM
GCTK,"GlucoTrack, Inc.",Healthcare,Nano-Cap,4700577,NCM
CAPS,Capstone Holding Corp.,Basic Materials,Nano-Cap,4156160,NCM
IVDA,"Iveda Solutions, Inc.",Industrials,Nano-Cap,556812,NCM
HKIT,Hitek Global Inc.,Technology,Nano-Cap,2467873,NCM
GSUN,Golden Sun Technology Group Lim,Consumer Defensive,Nano-Cap,2053988,NCM
CIIT,"Tianci International, Inc.",Industrials,Nano-Cap,751793,NCM
ENSC,"Ensysce Biosciences, Inc.",Healthcare,Nano-Cap,2212252,NCM
CDT,CDT Equity Inc.,Healthcare,Nano-Cap,911429,NCM
ONFO,Onfolio Holdings Inc.,Communication Services,Nano-Cap,4930538,NCM
SXTP,"60 Degrees Pharmaceuticals, Inc",Healthcare,Nano-Cap,1161796,NCM
XRTX,XORTX Therapeutics Inc.,Healthcare,Nano-Cap,1234148,NCM
VSA,VisionSys AI Inc.,Consumer Defensive,Nano-Cap,1324088,NCM
GBR,"New Concept Energy, Inc",Real Estate,Nano-Cap,1070304,ASE
SNYR,Synergy CHC Corp.,Healthcare,Nano-Cap,3579307,NCM
AZTR,Azitra Inc,Healthcare,Nano-Cap,11654622,ASE
BIYA,Baiya International Group Inc.,Technology,Nano-Cap,8171169,NCM
PMAX,Powell Max Limited,Financial Services,Nano-Cap,1465534,NCM
RAYA,Erayak Power Solution Group Inc,Industrials,Nano-Cap,795188,NCM
EZGO,EZGO Technologies Ltd.,Consumer Cyclical,Nano-Cap,606880,NCM
MI,NFT Limited,Consumer Cyclical,Nano-Cap,1481522,ASE
NCRA,"Nocera, Inc.",Consumer Defensive,Nano-Cap,5834119,NCM
SQFT,"Presidio Property Trust, Inc.",Real Estate,Nano-Cap,813107,NCM
OCG,Oriental Culture Holding LTD,Consumer Cyclical,Nano-Cap,1066920,NCM
BNBX,BNB Plus Corp.,Financial Services,Nano-Cap,894469,NCM
AZI,Autozi Internet Technology (Glo,Consumer Cyclical,Nano-Cap,964167,NGM
AEMD,"Aethlon Medical, Inc.",Healthcare,Nano-Cap,545396,NCM
CLDI,"Calidi Biotherapeutics, Inc.",Healthcare,Nano-Cap,4502584,ASE
LBGJ,Li Bang International Corporati,Industrials,Nano-Cap,675827,NCM
SOBR,"SOBR Safe, Inc.",Technology,Nano-Cap,6815517,NCM
ITP,"IT Tech Packaging, Inc.",Basic Materials,Nano-Cap,1352620,ASE
SHPH,Shuttle Pharmaceuticals Holding,Healthcare,Nano-Cap,915273,NCM
CMND,Clearmind Medicine Inc.,Healthcare,Nano-Cap,1339797,NCM
MEHA,"Functional Brands, Inc.",Consumer Defensive,Nano-Cap,42672033,NCM
KIDZ,KIDZ AI Inc.,Consumer Defensive,Nano-Cap,7675831,NCM
ORIS,Oriental Rise Holdings Limited,Consumer Defensive,Nano-Cap,1164358,NCM
BTOG,Bit Origin Limited,Financial Services,Nano-Cap,572730,NCM
CHSN,Chanson International Holding,Consumer Cyclical,Nano-Cap,603114,NCM
JEM,707 Cayman Holdings Limited,Consumer Cyclical,Nano-Cap,608015,NCM
BDRX,Biodexa Pharmaceuticals plc,Healthcare,Nano-Cap,738333,NCM
VTAK,"Catheter Precision, Inc.",Healthcare,Nano-Cap,1115393,ASE
SBEV,"Splash Beverage Group, Inc. (NV",Consumer Defensive,Nano-Cap,11782968,ASE
ELPW,Elong Power Holding Limited,Industrials,Nano-Cap,5008467,NCM
LNKS,Linkers Industries Limited,Industrials,Nano-Cap,1600221,NCM
NIVF,NewGenIvf Group Limited,Healthcare,Nano-Cap,2314326,NCM
VSME,VS Media Holdings Limited,Communication Services,Nano-Cap,685495,NCM
FGL,Founder Group Limited,Industrials,Nano-Cap,841796,NCM
XXII,"22nd Century Group, Inc",Consumer Defensive,Nano-Cap,1334025,NCM
WTO,UTime Limited,Technology,Nano-Cap,646403,NCM
RKDA,"Arcadia Biosciences, Inc.",Consumer Defensive,Nano-Cap,1031568,NCM
SLXN,Silexion Therapeutics Corp,Healthcare,Nano-Cap,572691,NCM
IBG,Innovation Beverage Group Limit,Consumer Defensive,Nano-Cap,675265,NCM
RUBI,Rubico Inc.,Industrials,Nano-Cap,1896206,NCM
TRNR,Interactive Strength Inc.,Consumer Cyclical,Nano-Cap,865884,NCM
NVVE,Nuvve Holding Corp.,Consumer Cyclical,Nano-Cap,783431,NCM
DXF,Dunxin Financial Holdings Limit,Financial Services,Nano-Cap,4262012,ASE
IMCC,IM Cannabis Corp.,Healthcare,Nano-Cap,711293,NCM
SCNI,Scinai Immunotherapeutics Ltd.,Healthcare,Nano-Cap,3363239,NCM
VRAX,Virax Biolabs Group Limited,Healthcare,Nano-Cap,30371858,NCM
FCHL,Fitness Champs Holdings Limited,Consumer Defensive,Nano-Cap,1611850,NCM
EDBL,Edible Garden AG Incorporated,Consumer Defensive,Nano-Cap,4141600,NCM
WHLR,Wheeler Real Estate Investment ,Real Estate,Nano-Cap,914515,NCM
FCUV,Focus Universal Inc.,Technology,Nano-Cap,1329426,NCM
GIPR,Generation Income Properties In,Real Estate,Nano-Cap,9165357,NCM
GMEX,GMEX ROBOTICS CORPORATION,Technology,Nano-Cap,1710300,NCM
JZXN,"Jiuzi Holdings, Inc.",Consumer Cyclical,Nano-Cap,2284626,NCM
RDGT,"Ridgetech, Inc.",Healthcare,Nano-Cap,589525,NCM
PRFX,PRF Technologies Ltd.,Healthcare,Nano-Cap,1831123,NCM
PFSA,"Profusa, Inc.",Healthcare,Nano-Cap,4805761,NCM
GV,Visionary Holdings Inc.,Consumer Defensive,Nano-Cap,17311373,NCM
LRHC,La Rosa Holdings Corp.,Real Estate,Nano-Cap,628986,NCM
ONCO,"Onconetix, Inc.",Healthcare,Nano-Cap,1184705,NCM
CISS,C3is Inc.,Industrials,Nano-Cap,651483,NCM
PAVS,Paranovus Entertainment Technol,Consumer Defensive,Nano-Cap,1091261,NCM
BNRG,Brenmiller Energy Ltd,Utilities,Nano-Cap,889253,NCM
HUBC,Hub Cyber Security Ltd.,Technology,Nano-Cap,55696635,NCM
NEXR,Nexera Technologies Ltd,Consumer Cyclical,Nano-Cap,2113628,NCM
VMAR,Vision Marine Technologies Inc.,Consumer Cyclical,Nano-Cap,502858,NCM
LGHL,Lion Group Holding Ltd.,Financial Services,Nano-Cap,921984,NCM
YYGH,YY Group Holding Limited,Consumer Cyclical,Nano-Cap,5679464,NCM
ZCMD,Zhongchao Inc.,Healthcare,Nano-Cap,12644092,NCM
WOK,WORK Medical Technology Group L,Healthcare,Nano-Cap,36843020,NCM
ADTX,"Aditxt, Inc.",Healthcare,Nano-Cap,3287349,NCM
BHYP,BITWISE HYPERLIQUID ETF,N/A,Nano-Cap,669969,PCX
BOT,"RoboStrategy, Inc.",Financial Services,Nano-Cap,867382,NGM
MSBT,Common,N/A,Nano-Cap,581851,PCX
BSOL,Bitwise Solana Staking ETF,N/A,Nano-Cap,2287695,PCX
PWRL,Powerlaw Corp.,,Nano-Cap,582833,NGM
THYP,21shares Hyperliquid ETF,N/A,Nano-Cap,581800,NGM
ETH,Grayscale Ethereum Staking Mini,N/A,Nano-Cap,3705592,PCX
ETHW,Bitwise Ethereum ETF,N/A,Nano-Cap,1012361,PCX
PBK,PowerBank Corporation,N/A,Nano-Cap,1414652,NGM
BTC,Grayscale Bitcoin Mini Trust (B,N/A,Nano-Cap,2547663,PCX
XRP,Bitwise XRP ETF,N/A,Nano-Cap,554758,PCX
GSOL,Grayscale Solana Staking ETF,N/A,Nano-Cap,1732580,PCX
IBIT,iShares Bitcoin Trust ETF,N/A,Nano-Cap,45256615,NGM
PSUS,N/A,Financial Services,Nano-Cap,1277112,NYQ
ETHA,iShares Ethereum Trust ETF,N/A,Nano-Cap,30975565,NGM
ETHE,Grayscale Ethereum Staking ETF ,N/A,Nano-Cap,2782198,PCX
BITB,Bitwise Bitcoin ETF,N/A,Nano-Cap,2109144,PCX
IAUM,iShares Gold Trust Micro Shares,N/A,Nano-Cap,3579969,PCX
GLDM,SPDR Gold MiniShares Trust,N/A,Nano-Cap,5211342,PCX
BPRE,N/A,Financial Services,Nano-Cap,568387,NYQ
OUNZ,VanEck Merk Gold ETF,N/A,Nano-Cap,949530,PCX
GBTC,Grayscale Bitcoin Trust (BTC),N/A,Nano-Cap,2537826,PCX
QQQ,"Invesco QQQ Trust, Series 1",N/A,Nano-Cap,50735353,NGM
SPY,State Street SPDR S&P 500 ETF T,N/A,Nano-Cap,67208025,PCX
TSM,Taiwan Semiconductor Manufactur,Technology,Mega-Cap,13600944,NYQ
ACCO,Acco Brands Corporation,Industrials,Small-Cap,1193676,NYQ
WDS,Woodside Energy Group Limited,Energy,Nano-Cap,1163371,NYQ
PALL,abrdn Physical Palladium Shares,N/A,Nano-Cap,1086626,PCX
BNO,"United States Brent Oil Fund, L",N/A,Nano-Cap,6429803,PCX
DBA,Invesco DB Agriculture Fund,N/A,Nano-Cap,1815592,PCX
USO,United States Oil Fund,N/A,Nano-Cap,32364747,PCX
GLD,SPDR Gold Shares,N/A,Nano-Cap,9311688,PCX
ASTI,"Ascent Solar Technologies, Inc",Technology,Nano-Cap,1599525,NCM
DBO,Invesco DB Oil Fund,N/A,Nano-Cap,1686819,PCX
UUP,Invesco DB USD Index Bullish Fu,N/A,Nano-Cap,2815349,PCX
MDY,State Street SPDR S&P MIDCAP 40,N/A,Nano-Cap,964747,PCX
DIA,State Street SPDR Dow Jones Ind,N/A,Nano-Cap,5612714,PCX
SIVR,abrdn Physical Silver Shares ET,N/A,Nano-Cap,2103317,PCX
DBC,Invesco DB Commodity Index Trac,N/A,Nano-Cap,1709169,PCX
SGOL,abrdn Physical Gold Shares ETF,N/A,Nano-Cap,3687195,PCX
IAU,iShares Gold Trust Shares,N/A,Nano-Cap,8925758,PCX
PPLT,abrdn Physical Platinum Shares ,N/A,Nano-Cap,3091798,PCX
GSG,iShares GSCI Commodity-Indexed ,N/A,Nano-Cap,1522449,PCX
AADX,N/A,Industrials,Nano-Cap,17847251,NYQ
SLV,iShares Silver Trust,N/A,Nano-Cap,30296388,PCX
UNG,United States Natural Gas Fund ,N/A,Nano-Cap,10224379,PCX
GOOG,Alphabet Inc.,Communication Services,Mega-Cap,19781560,NMS
BK,The Bank of New York Mellon Cor,Financial Services,Large-Cap,3628666,NYQ
NGG,"National Grid Transco, PLC Nati",Utilities,Large-Cap,1329066,NYQ
PBR-A,Petroleo Brasileiro S.A. Petrob,Energy,Large-Cap,11757869,NYQ
FOX,Fox Corporation,Communication Services,Large-Cap,1420698,NMS
FWONK,Liberty Media Corporation - Ser,Communication Services,Large-Cap,2032855,NMS
Z,"Zillow Group, Inc.",Communication Services,Mid-Cap,3958582,NMS
BIP,Brookfield Infrastructure Partn,Utilities,Large-Cap,967509,NYQ
NWS,News Corporation,Communication Services,Large-Cap,1470677,NMS
LBRDK,Liberty Broadband Corporation,Communication Services,Mid-Cap,1731234,NMS
BF-B,Brown Forman Inc,Consumer Defensive,Large-Cap,5164261,NYQ
VSCO,Victorias Secret & Co.,Consumer Cyclical,Mid-Cap,2665115,NYQ
LBTYK,Liberty Global Ltd.,Communication Services,Mid-Cap,1347138,NMS
UA,"Under Armour, Inc.",Consumer Cyclical,Mid-Cap,2859042,NYQ
THR,"Thermon Group Holdings, Inc.",Industrials,Mid-Cap,571034,NYQ
VRE,"Veris Residential, Inc.",Real Estate,Small-Cap,1171534,NYQ
LILAK,Liberty Latin America Ltd.,Communication Services,Small-Cap,865296,NMS
SUUN,PowerBank Corporation,Utilities,Micro-Cap,1414652,NGM
STRC,Strategy Inc - Variable Rate Se,Technology,Nano-Cap,3418668,NMS
HOTH,"Hoth Therapeutics, Inc.",Healthcare,Nano-Cap,8119849,NCM
AGAE,Allied Gaming & Entertainment I,Technology,Nano-Cap,12677779,NGM
IINN,Inspira Technologies Oxy B.H.N.,Healthcare,Nano-Cap,17435764,NGM
ABVE,Above Food Ingredients Inc.,Consumer Defensive,Nano-Cap,4415997,NGM
BTM,Bitcoin Depot Inc.,Financial Services,Nano-Cap,635833,NGM
AGQ,ProShares Ultra Silver,N/A,Nano-Cap,3961831,PCX
BOIL,ProShares Ultra Bloomberg Natur,N/A,Nano-Cap,5421106,PCX
GLL,ProShares UltraShort Gold,N/A,Nano-Cap,4341439,PCX
ZSL,ProShares UltraShort Silver,N/A,Nano-Cap,8228684,PCX
UGL,ProShares Ultra Gold,N/A,Nano-Cap,2779788,PCX
SCO,ProShares UltraShort Bloomberg ,N/A,Nano-Cap,13708519,PCX
UCO,ProShares Ultra Bloomberg Crude,N/A,Nano-Cap,9721707,PCX
KOLD,ProShares UltraShort Bloomberg ,N/A,Nano-Cap,4716520,PCX
ORCL-PD,Oracle Corporation Depositary S,Technology,Nano-Cap,1315328,NYQ
CPER,United States Copper Index Fund,N/A,Nano-Cap,813690,PCX
NEE-PV,"NextEra Energy, Inc. 7.375% Cor",Utilities,Nano-Cap,634542,NYQ
FNGU,MicroSectors FANG+ 3X Leveraged,N/A,Nano-Cap,6437849,PCX
GDXD,MicroSectors Gold Miners -3X In,N/A,Nano-Cap,1049571,PCX
BULZ,MicroSectors FANG & Innovation ,N/A,Nano-Cap,1599260,PCX
SHNY,MicroSectors Gold 3X Leveraged ,N/A,Nano-Cap,811442,PCX
GDXU,MicroSectors Gold Miners 3X Lev,N/A,Nano-Cap,1284514,PCX
AESPU,Aeon Acquisition I Corp.,Financial Services,Nano-Cap,5390300,NGM
GUACU,Berto Acquisition Corp. II,Financial Services,Nano-Cap,593123,NGM
APMCU,AmperCap Acquisition Company,Financial Services,Nano-Cap,4624000,NGM
ARCLR,ARC Group Acquisition I Corp,,Nano-Cap,628400,NGM
AACPR,N/A,,Nano-Cap,862880,NGM
DGAC-UN,Disciplined Growth Acquisition ,Financial Services,Nano-Cap,1442466,NYQ
KEYYU,Keystone Acquisition Corp.,Financial Services,Nano-Cap,6925800,NGM
PTACU,Patriot Acquisition Corp.,Financial Services,Nano-Cap,784123,NGM
BIDWU,Tribeca Strategic Acquisition C,Financial Services,Nano-Cap,1296850,NGM
BA-PA,Boeing Company (The) Depositary,N/A,Nano-Cap,1089308,NYQ
GLIBK,Liberty Capital Corporation - S,Communication Services,Small-Cap,607496,NMS
OHACU,Oceanhawk Acquisition Corp.,Financial Services,Nano-Cap,683511,NCM
OCTVV,Octave Intelligence plc,Technology,Mid-Cap,1604332,NMS
GSRVU,GSR V Acquisition Corp.,Financial Services,Nano-Cap,694471,NGM
CANE,Teucrium Sugar Fund ETV,N/A,Nano-Cap,692682,PCX
WEAT,Teucrium Wheat Fund ETV,N/A,Nano-Cap,1074623,PCX
CORN,Teucrium Corn Fund ETV,N/A,Nano-Cap,1035055,PCX
