ticker,name,sector,cap_tier,avg_volume,exchange
NVDA,NVIDIA Corporation,Technology,Mega-Cap,135569020,NMS
AAPL,Apple Inc.,Technology,Mega-Cap,54390470,NMS
GOOGL,Alphabet Inc.,Communication Services,Mega-Cap,30215019,NMS
MSFT,Microsoft Corporation,Technology,Mega-Cap,37048623,NMS
AMZN,"Amazon.com, Inc.",Consumer Cyclical,Mega-Cap,48102811,NMS
AVGO,Broadcom Inc.,Technology,Mega-Cap,24443645,NMS
META,"Meta Platforms, Inc.",Communication Services,Mega-Cap,17881983,NMS
TSLA,"Tesla, Inc.",Consumer Cyclical,Mega-Cap,41456369,NMS
BRK-B,Berkshire Hathaway Inc. New,Financial Services,Mega-Cap,4563774,NYQ
MU,"Micron Technology, Inc.",Technology,Mega-Cap,43346337,NMS
LLY,Eli Lilly and Company,Healthcare,Mega-Cap,2843609,NYQ
JPM,JP Morgan Chase & Co.,Financial Services,Mega-Cap,8211035,NYQ
WMT,Walmart Inc.,Consumer Defensive,Mega-Cap,24416948,NMS
AMD,"Advanced Micro Devices, Inc.",Technology,Mega-Cap,26255970,NMS
V,Visa Inc.,Financial Services,Mega-Cap,7727870,NYQ
XOM,ExxonMobil Holdings Corporation,Energy,Mega-Cap,15569330,NYQ
JNJ,Johnson & Johnson,Healthcare,Mega-Cap,7847438,NYQ
ASML,ASML Holding N.V. - New York Re,Technology,Mega-Cap,1817106,NMS
MA,Mastercard Incorporated,Financial Services,Mega-Cap,3331750,NYQ
INTC,Intel Corporation,Technology,Mega-Cap,114035954,NMS
ABBV,AbbVie Inc.,Healthcare,Mega-Cap,6404939,NYQ
PLTR,Palantir Technologies Inc.,Technology,Mega-Cap,41034975,NMS
BAC,Bank of America Corporation,Financial Services,Mega-Cap,32527664,NYQ
CSCO,"Cisco Systems, Inc.",Technology,Mega-Cap,21939416,NMS
COST,Costco Wholesale Corporation,Consumer Defensive,Mega-Cap,2169235,NMS
CVX,Chevron Corporation,Energy,Mega-Cap,8502433,NYQ
ORCL,Oracle Corporation,Technology,Mega-Cap,31605964,NYQ
KO,Coca-Cola Company (The),Consumer Defensive,Mega-Cap,17419585,NYQ
MRK,"Merck & Company, Inc.",Healthcare,Mega-Cap,10632569,NYQ
LRCX,Lam Research Corporation,Technology,Mega-Cap,11234280,NMS
CAT,"Caterpillar, Inc.",Industrials,Mega-Cap,3182707,NYQ
UNH,UnitedHealth Group Incorporated,Healthcare,Mega-Cap,5346243,NYQ
HSBC,"HSBC Holdings, plc.",Financial Services,Mega-Cap,1341043,NYQ
AMAT,"Applied Materials, Inc.",Technology,Mega-Cap,9453187,NMS
GE,GE Aerospace,Industrials,Mega-Cap,4164290,NYQ
PG,Procter & Gamble Company (The),Consumer Defensive,Mega-Cap,9026884,NYQ
NFLX,"Netflix, Inc.",Communication Services,Mega-Cap,41445888,NMS
MS,Morgan Stanley,Financial Services,Mega-Cap,5360669,NYQ
HD,"Home Depot, Inc. (The)",Consumer Cyclical,Mega-Cap,4227341,NYQ
NVS,Novartis AG,Healthcare,Mega-Cap,1912972,NYQ
PM,Philip Morris International Inc,Consumer Defensive,Mega-Cap,4960383,NYQ
GS,"Goldman Sachs Group, Inc. (The)",Financial Services,Mega-Cap,2058169,NYQ
PANW,"Palo Alto Networks, Inc.",Technology,Mega-Cap,6745001,NMS
BABA,Alibaba Group Holding Limited,Consumer Cyclical,Mega-Cap,12649267,NYQ
RY,Royal Bank Of Canada,Financial Services,Mega-Cap,1558724,NYQ
DELL,Dell Technologies Inc.,Technology,Mega-Cap,7647492,NYQ
RTX,RTX Corporation,Industrials,Mega-Cap,4914745,NYQ
WFC,Wells Fargo & Company,Financial Services,Mega-Cap,14635898,NYQ
SHEL,Shell PLC,Energy,Mega-Cap,6389242,NYQ
MUFG,"Mitsubishi UFJ Financial Group,",Financial Services,Mega-Cap,3120472,NYQ
AZN,AstraZeneca PLC,Healthcare,Mega-Cap,3110288,NYQ
ARM,Arm Holdings plc,Technology,Mega-Cap,6966871,NMS
SAP,SAP  SE,Technology,Mega-Cap,2826466,NYQ
ANET,"Arista Networks, Inc.",Technology,Mega-Cap,7456788,NYQ
GEV,GE Vernova Inc.,Industrials,Mega-Cap,2757055,NYQ
BHP,BHP Group Limited,Basic Materials,Mega-Cap,2721338,NYQ
AMGN,Amgen Inc.,Healthcare,Mega-Cap,2673777,NMS
TXN,Texas Instruments Incorporated,Technology,Mega-Cap,7944664,NMS
SNDK,Sandisk Corporation,Technology,Mega-Cap,13974153,NMS
LIN,Linde plc,Basic Materials,Mega-Cap,2206593,NMS
TMO,Thermo Fisher Scientific Inc,Healthcare,Mega-Cap,2038130,NYQ
C,"Citigroup, Inc.",Financial Services,Mega-Cap,11661067,NYQ
KLAC,KLA Corporation,Technology,Mega-Cap,12520130,NMS
AXP,American Express Company,Financial Services,Mega-Cap,2861284,NYQ
CRWD,"CrowdStrike Holdings, Inc.",Technology,Mega-Cap,10127258,NMS
IBM,International Business Machines,Technology,Mega-Cap,8994266,NYQ
CRM,"Salesforce, Inc.",Technology,Mega-Cap,15219000,NYQ
VZ,Verizon Communications Inc.,Communication Services,Mega-Cap,26475179,NYQ
SAN,"Banco Santander, S.A. Sponsored",Financial Services,Mega-Cap,12717423,NYQ
TTE,TotalEnergies SE,Energy,Large-Cap,1658562,NYQ
NVO,Novo Nordisk A/S,Healthcare,Mega-Cap,12073550,NYQ
APH,Amphenol Corporation,Technology,Mega-Cap,14753119,NYQ
TMUS,"T-Mobile US, Inc.",Communication Services,Large-Cap,5109172,NMS
TD,Toronto Dominion Bank (The),Financial Services,Large-Cap,2501714,NYQ
PEP,"Pepsico, Inc.",Consumer Defensive,Large-Cap,8403480,NMS
ABT,Abbott Laboratories,Healthcare,Large-Cap,11298032,NYQ
MRVL,"Marvell Technology, Inc.",Technology,Mega-Cap,35064577,NMS
SCHW,Charles Schwab Corporation (The,Financial Services,Large-Cap,9159808,NYQ
STX,Seagate Technology Holdings PLC,Technology,Large-Cap,4769366,NMS
MCD,McDonald's Corporation,Consumer Cyclical,Large-Cap,4598893,NYQ
GILD,"Gilead Sciences, Inc.",Healthcare,Large-Cap,7101427,NMS
DIS,Walt Disney Company (The),Communication Services,Large-Cap,10429493,NYQ
BLK,"BlackRock, Inc.",Financial Services,Large-Cap,739453,NYQ
SHOP,Shopify Inc.,Technology,Large-Cap,8911900,NMS
DE,Deere & Company,Industrials,Large-Cap,1238742,NYQ
T,AT&T Inc.,Communication Services,Large-Cap,60559993,NYQ
QCOM,QUALCOMM Incorporated,Technology,Large-Cap,14737822,NMS
WELL,Welltower Inc.,Real Estate,Large-Cap,3171903,NYQ
UNP,Union Pacific Corporation,Industrials,Large-Cap,2760396,NYQ
NEE,"NextEra Energy, Inc.",Utilities,Large-Cap,11046115,NYQ
SCCO,Southern Copper Corporation,Basic Materials,Large-Cap,1252975,NYQ
ADI,"Analog Devices, Inc.",Technology,Large-Cap,4368272,NMS
RIO,Rio Tinto Plc,Basic Materials,Large-Cap,2618927,NYQ
UBS,UBS Group AG Registered,Financial Services,Large-Cap,1850651,NYQ
SMFG,Sumitomo Mitsui Financial Group,Financial Services,Large-Cap,1750261,NYQ
COP,ConocoPhillips,Energy,Large-Cap,7105974,NYQ
BX,Blackstone Inc.,Financial Services,Large-Cap,4647069,NYQ
WDC,Western Digital Corporation,Technology,Large-Cap,8432727,NMS
BA,Boeing Company (The),Industrials,Large-Cap,5665479,NYQ
PFE,"Pfizer, Inc.",Healthcare,Large-Cap,42619945,NYQ
BBVA,Banco Bilbao Vizcaya Argentaria,Financial Services,Large-Cap,1569761,NYQ
BUD,Anheuser-Busch Inbev SA Sponsor,Consumer Defensive,Large-Cap,2086743,NYQ
IBKR,"Interactive Brokers Group, Inc.",Financial Services,Large-Cap,4505653,NMS
UBER,"Uber Technologies, Inc.",Technology,Large-Cap,19262922,NYQ
ETN,"Eaton Corporation, PLC",Industrials,Large-Cap,2243262,NYQ
BKNG,Booking Holdings Inc. Common St,Consumer Cyclical,Large-Cap,6677025,NMS
NOW,"ServiceNow, Inc.",Technology,Large-Cap,22333053,NYQ
TJX,"TJX Companies, Inc. (The)",Consumer Cyclical,Large-Cap,6244517,NYQ
DHR,Danaher Corporation,Healthcare,Large-Cap,4670111,NYQ
SONY,Sony Group Corporation,Technology,Large-Cap,5136756,NYQ
UL,Unilever PLC,Consumer Defensive,Large-Cap,4235411,NYQ
VRTX,Vertex Pharmaceuticals Incorpor,Healthcare,Large-Cap,1490259,NMS
BMY,Bristol-Myers Squibb Company,Healthcare,Large-Cap,11469311,NYQ
PLD,"Prologis, Inc.",Real Estate,Large-Cap,4254004,NYQ
ISRG,"Intuitive Surgical, Inc.",Healthcare,Large-Cap,2995734,NMS
SPGI,S&P Global Inc.,Financial Services,Large-Cap,2214369,NYQ
PBR,Petroleo Brasileiro S.A. Petrob,Energy,Large-Cap,16769303,NYQ
CB,Chubb Limited,Financial Services,Large-Cap,1777754,NYQ
MFG,"Mizuho Financial Group, Inc. Sp",Financial Services,Large-Cap,3714601,NYQ
NEM,Newmont Corporation,Basic Materials,Large-Cap,8299104,NYQ
COF,Capital One Financial Corporati,Financial Services,Large-Cap,4126593,NYQ
PGR,Progressive Corporation (The),Financial Services,Large-Cap,2947348,NYQ
LMT,Lockheed Martin Corporation,Industrials,Large-Cap,1192938,NYQ
GLW,Corning Incorporated,Technology,Large-Cap,13517873,NYQ
CVS,CVS Health Corporation,Healthcare,Large-Cap,7875359,NYQ
SYK,Stryker Corporation,Healthcare,Large-Cap,2449311,NYQ
BTI,British American Tobacco  Indus,Consumer Defensive,Large-Cap,4358974,NYQ
SBUX,Starbucks Corporation,Consumer Cyclical,Large-Cap,7155233,NMS
PH,Parker-Hannifin Corporation,Industrials,Large-Cap,633975,NYQ
MDT,Medtronic plc.,Healthcare,Large-Cap,8314149,NYQ
PDD,PDD Holdings Inc.,Consumer Cyclical,Large-Cap,7110235,NMS
FTNT,"Fortinet, Inc.",Technology,Large-Cap,5533311,NMS
HDB,HDFC Bank Limited,Financial Services,Large-Cap,9522954,NYQ
MO,"Altria Group, Inc.",Consumer Defensive,Large-Cap,8677025,NYQ
BMO,Bank Of Montreal,Financial Services,Large-Cap,813176,NYQ
ACN,Accenture plc,Technology,Large-Cap,8426900,NYQ
BP,BP p.l.c.,Energy,Large-Cap,9093139,NYQ
ADBE,Adobe Inc.,Technology,Large-Cap,6198782,NMS
ADP,"Automatic Data Processing, Inc.",Technology,Large-Cap,2485225,NMS
LOW,"Lowe's Companies, Inc.",Consumer Cyclical,Large-Cap,3049301,NYQ
SPOT,Spotify Technology S.A.,Communication Services,Large-Cap,1817536,NYQ
BNS,Bank Nova Scotia Halifax Pfd 3,Financial Services,Large-Cap,2538348,NYQ
SNOW,Snowflake Inc.,Technology,Large-Cap,5648014,NYQ
ABNB,"Airbnb, Inc.",Consumer Cyclical,Large-Cap,4378470,NMS
ENB,Enbridge Inc,Energy,Large-Cap,4404016,NYQ
BNY,The Bank of New York Mellon Cor,Financial Services,Large-Cap,3467565,NYQ
IBN,ICICI Bank Limited,Financial Services,Large-Cap,6629633,NYQ
CNQ,Canadian Natural Resources Limi,Energy,Large-Cap,7959680,NYQ
SNY,Sanofi,Healthcare,Large-Cap,3321667,NMS
MPC,Marathon Petroleum Corporation,Energy,Large-Cap,2377244,NYQ
MCK,McKesson Corporation,Healthcare,Large-Cap,1029856,NYQ
FCX,"Freeport-McMoRan, Inc.",Basic Materials,Large-Cap,14767179,NYQ
EQNR,Equinor ASA,Energy,Large-Cap,3482480,NYQ
APP,Applovin Corporation,Communication Services,Large-Cap,6018296,NMS
VLO,Valero Energy Corporation,Energy,Large-Cap,2842442,NYQ
CME,CME Group Inc.,Financial Services,Large-Cap,2893675,NMS
NET,"Cloudflare, Inc.",Technology,Large-Cap,3489145,NYQ
EQIX,"Equinix, Inc.",Real Estate,Large-Cap,601216,NMS
HWM,Howmet Aerospace Inc.,Industrials,Large-Cap,2805204,NYQ
CM,Canadian Imperial Bank of Comme,Financial Services,Large-Cap,1323293,NYQ
SO,Southern Company (The),Utilities,Large-Cap,5849077,NYQ
GSK,GSK plc,Healthcare,Large-Cap,3851677,NYQ
ING,"ING Group, N.V.",Financial Services,Large-Cap,2995304,NYQ
PSX,Phillips 66,Energy,Large-Cap,2747476,NYQ
GD,General Dynamics Corporation,Industrials,Large-Cap,1162530,NYQ
AEM,Agnico Eagle Mines Limited,Basic Materials,Large-Cap,3135777,NYQ
CEG,Constellation Energy Corporatio,Utilities,Large-Cap,3114769,NMS
KKR,KKR & Co. Inc.,Financial Services,Large-Cap,4429351,NYQ
DASH,"DoorDash, Inc.",Consumer Cyclical,Large-Cap,4420033,NMS
VRT,"Vertiv Holdings, LLC",Industrials,Large-Cap,5877940,NYQ
TT,Trane Technologies plc,Industrials,Large-Cap,1205145,NYQ
ASX,"ASE Technology Holding Co., Ltd",Technology,Large-Cap,9758888,NYQ
USB,U.S. Bancorp,Financial Services,Large-Cap,8146461,NYQ
PNC,"PNC Financial Services Group, I",Financial Services,Large-Cap,1945879,NYQ
INTU,Intuit Inc.,Technology,Large-Cap,4602982,NMS
CMCSA,Comcast Corporation,Communication Services,Large-Cap,32386206,NMS
DUK,Duke Energy Corporation (Holdin,Utilities,Large-Cap,4011734,NYQ
HOOD,"Robinhood Markets, Inc.",Financial Services,Large-Cap,24758644,NMS
WMB,"Williams Companies, Inc. (The)",Energy,Large-Cap,7126752,NYQ
PWR,"Quanta Services, Inc.",Industrials,Large-Cap,1234691,NYQ
CSX,CSX Corporation,Industrials,Large-Cap,11853798,NMS
ICE,Intercontinental Exchange Inc.,Financial Services,Large-Cap,4247029,NYQ
HCA,"HCA Healthcare, Inc.",Healthcare,Large-Cap,1528826,NYQ
MRSH,Marsh,Financial Services,Large-Cap,2420922,NYQ
BN,Brookfield Corporation,Financial Services,Large-Cap,3986388,NYQ
MNST,Monster Beverage Corporation,Consumer Defensive,Large-Cap,11241104,NMS
MMM,3M Company,Industrials,Large-Cap,3463327,NYQ
WM,"Waste Management, Inc.",Industrials,Large-Cap,2110082,NYQ
BCS,Barclays PLC,Financial Services,Large-Cap,4412327,NYQ
MAR,Marriott International,Consumer Cyclical,Large-Cap,1597304,NMS
ELV,"Elevance Health, Inc.",Healthcare,Large-Cap,1381806,NYQ
UPS,"United Parcel Service, Inc.",Industrials,Large-Cap,4963866,NYQ
MCO,Moody's Corporation,Financial Services,Large-Cap,881706,NYQ
CDNS,"Cadence Design Systems, Inc.",Technology,Large-Cap,2324644,NMS
SLB,SLB Limited,Energy,Large-Cap,13818625,NYQ
LYG,Lloyds Banking Group Plc,Financial Services,Large-Cap,19055936,NYQ
ITUB,Itau Unibanco Banco Holding SA,Financial Services,Large-Cap,21468524,NYQ
EPD,Enterprise Products Partners L.,Energy,Large-Cap,2943869,NYQ
REGN,"Regeneron Pharmaceuticals, Inc.",Healthcare,Large-Cap,851117,NMS
JCI,Johnson Controls International ,Industrials,Large-Cap,3887535,NYQ
EMR,Emerson Electric Company,Industrials,Large-Cap,2717520,NYQ
MSI,"Motorola Solutions, Inc.",Technology,Large-Cap,1018933,NYQ
AMT,American Tower Corporation (REI,Real Estate,Large-Cap,2935622,NYQ
SU,Suncor Energy  Inc.,Energy,Large-Cap,4613817,NYQ
DDOG,"Datadog, Inc.",Technology,Large-Cap,4706384,NMS
SPG,"Simon Property Group, Inc.",Real Estate,Large-Cap,1796333,NYQ
CTAS,Cintas Corporation,Industrials,Large-Cap,2182127,NMS
SHW,Sherwin-Williams Company (The),Basic Materials,Large-Cap,2192951,NYQ
SNPS,"Synopsys, Inc.",Technology,Large-Cap,1899870,NMS
NGG,"National Grid Transco, PLC Nati",Utilities,Large-Cap,906553,NYQ
BAM,Brookfield Asset Management Inc,Financial Services,Large-Cap,2497003,NYQ
CVNA,Carvana Co.,Consumer Cyclical,Large-Cap,10160332,NYQ
MDLZ,"Mondelez International, Inc.",Consumer Defensive,Large-Cap,8975819,NMS
ECL,Ecolab Inc.,Basic Materials,Large-Cap,1479835,NYQ
CP,Canadian Pacific Kansas City Li,Industrials,Large-Cap,2530577,NYQ
EOG,"EOG Resources, Inc.",Energy,Large-Cap,3379972,NYQ
APO,"Apollo Global Management, Inc. ",Financial Services,Large-Cap,3988475,NYQ
LITE,Lumentum Holdings Inc.,Technology,Large-Cap,4864977,NMS
GM,General Motors Company,Consumer Cyclical,Large-Cap,7073967,NYQ
NTES,"NetEase, Inc.",Communication Services,Large-Cap,903911,NMS
ITW,Illinois Tool Works Inc.,Industrials,Large-Cap,1332500,NYQ
TRV,"The Travelers Companies, Inc.",Financial Services,Large-Cap,1963259,NYQ
CMI,Cummins Inc.,Industrials,Large-Cap,1033222,NYQ
FDX,FedEx Corporation,Industrials,Large-Cap,1807034,NYQ
NOC,Northrop Grumman Corporation,Industrials,Large-Cap,881934,NYQ
DB,Deutsche Bank AG,Financial Services,Large-Cap,2206722,NYQ
NSC,Norfolk Southern Corporation,Industrials,Large-Cap,1152459,NYQ
ET,Energy Transfer LP,Energy,Large-Cap,8746990,NYQ
CI,The Cigna Group,Healthcare,Large-Cap,1672303,NYQ
TGT,Target Corporation,Consumer Defensive,Large-Cap,4423880,NYQ
ROST,"Ross Stores, Inc.",Consumer Cyclical,Large-Cap,2800508,NMS
NWG,NatWest Group plc,Financial Services,Large-Cap,4273208,NYQ
CNI,Canadian National Railway Compa,Industrials,Large-Cap,1557615,NYQ
CL,Colgate-Palmolive Company,Consumer Defensive,Large-Cap,4725056,NYQ
B,Barrick Mining Corporation,Basic Materials,Large-Cap,10655329,NYQ
KMI,"Kinder Morgan, Inc.",Energy,Large-Cap,10270470,NYQ
RCL,Royal Caribbean Cruises Ltd.,Consumer Cyclical,Large-Cap,2206287,NYQ
WBD,"Warner Bros. Discovery, Inc. - ",Communication Services,Large-Cap,22299293,NMS
ORLY,"O'Reilly Automotive, Inc.",Consumer Cyclical,Large-Cap,7298569,NMS
HLT,Hilton Worldwide Holdings Inc.,Consumer Cyclical,Large-Cap,2129082,NYQ
NU,Nu Holdings Ltd.,Financial Services,Large-Cap,76058038,NYQ
MFC,Manulife Financial Corporation,Financial Services,Large-Cap,2165328,NYQ
BSX,Boston Scientific Corporation,Healthcare,Large-Cap,19841929,NYQ
AON,Aon plc,Financial Services,Large-Cap,1416046,NYQ
DLR,"Digital Realty Trust, Inc.",Real Estate,Large-Cap,2995917,NYQ
AMX,"America Movil, S.A.B. de C.V.",Communication Services,Large-Cap,2107906,NYQ
APD,"Air Products and Chemicals, Inc",Basic Materials,Large-Cap,1243475,NYQ
RSG,"Republic Services, Inc.",Industrials,Large-Cap,1491798,NYQ
HPE,Hewlett Packard Enterprise Comp,Technology,Large-Cap,21208941,NYQ
AJG,Arthur J. Gallagher & Co.,Financial Services,Large-Cap,1606401,NYQ
WPM,Wheaton Precious Metals Corp,Basic Materials,Large-Cap,2218998,NYQ
AEP,American Electric Power Company,Utilities,Large-Cap,4501634,NMS
HON,Honeywell International Inc.,Industrials,Large-Cap,4081158,NMS
ALL,Allstate Corporation (The),Financial Services,Large-Cap,1718500,NYQ
VALE,VALE S.A.,Basic Materials,Large-Cap,23948116,NYQ
PCAR,PACCAR Inc.,Industrials,Large-Cap,3276950,NMS
TRGP,"Targa Resources, Inc.",Energy,Large-Cap,1252906,NYQ
BKR,Baker Hughes Company,Energy,Large-Cap,8250093,NMS
COR,"Cencora, Inc.",Healthcare,Large-Cap,1447848,NYQ
RELX,RELX PLC PLC,Industrials,Large-Cap,2536877,NYQ
CRH,CRH PLC,Basic Materials,Large-Cap,4507014,NYQ
OXY,Occidental Petroleum Corporatio,Energy,Large-Cap,8770976,NYQ
CVE,Cenovus Energy Inc,Energy,Large-Cap,7507791,NYQ
BE,Bloom Energy Corporation,Industrials,Large-Cap,14820824,NYQ
LNG,"Cheniere Energy, Inc.",Energy,Large-Cap,1915796,NYQ
TFC,Truist Financial Corporation,Financial Services,Large-Cap,8219416,NYQ
OKE,"ONEOK, Inc.",Energy,Large-Cap,3682470,NYQ
MPWR,"Monolithic Power Systems, Inc.",Technology,Large-Cap,910296,NMS
MRNA,"Moderna, Inc.",Healthcare,Large-Cap,15597834,NMS
MET,"MetLife, Inc.",Financial Services,Large-Cap,3654875,NYQ
MPLX,MPLX LP,Energy,Large-Cap,1410598,NYQ
TEL,TE Connectivity plc,Technology,Large-Cap,2428893,NYQ
CTVA,"Corteva, Inc.",Basic Materials,Large-Cap,4576346,NYQ
TAK,Takeda Pharmaceutical Company L,Healthcare,Large-Cap,3196427,NYQ
AFL,AFLAC Incorporated,Financial Services,Large-Cap,2283080,NYQ
D,"Dominion Energy, Inc.",Utilities,Large-Cap,4908280,NYQ
O,Realty Income Corporation,Real Estate,Large-Cap,5626422,NYQ
NUE,Nucor Corporation,Basic Materials,Large-Cap,1561679,NYQ
FANG,"Diamondback Energy, Inc.",Energy,Large-Cap,2128808,NMS
PSA,Public Storage,Real Estate,Large-Cap,1026093,NYQ
NKE,"Nike, Inc.",Consumer Cyclical,Large-Cap,24923942,NYQ
FAST,Fastenal Company,Industrials,Large-Cap,7721574,NMS
NXPI,NXP Semiconductors N.V.,Technology,Large-Cap,4018072,NMS
CAH,"Cardinal Health, Inc.",Healthcare,Large-Cap,2167969,NYQ
NOK,Nokia Corporation Sponsored,Technology,Large-Cap,88639854,NYQ
MT,Arcelor Mittal NY Registry Shar,Basic Materials,Large-Cap,1592825,NYQ
SRE,DBA Sempra,Utilities,Large-Cap,3963680,NYQ
F,Ford Motor Company,Consumer Cyclical,Large-Cap,49621125,NYQ
AU,AngloGold Ashanti PLC,Basic Materials,Large-Cap,3225156,NYQ
NDAQ,"Nasdaq, Inc.",Financial Services,Large-Cap,3825041,NMS
NBIS,Nebius Group N.V.,Communication Services,Large-Cap,21010500,NMS
KEYS,Keysight Technologies Inc.,Technology,Large-Cap,1428065,NYQ
DVN,Devon Energy Corporation,Energy,Large-Cap,12161514,NYQ
GRMN,Garmin Ltd.,Technology,Large-Cap,935516,NYQ
COHR,Coherent Corp.,Technology,Large-Cap,6029648,NYQ
AME,"AMETEK, Inc.",Industrials,Large-Cap,1248364,NYQ
EW,Edwards Lifesciences Corporatio,Healthcare,Large-Cap,4271573,NYQ
ADSK,"Autodesk, Inc.",Technology,Large-Cap,2498387,NMS
TER,"Teradyne, Inc.",Technology,Large-Cap,3953082,NMS
STT,State Street Corporation,Financial Services,Large-Cap,2093444,NYQ
CIEN,Ciena Corporation,Technology,Large-Cap,2650432,NYQ
BDX,"Becton, Dickinson and Company",Healthcare,Large-Cap,2120672,NYQ
UMC,United Microelectronics Corpora,Technology,Large-Cap,15607619,NYQ
VMRK,Vivmark Residential,Real Estate,Large-Cap,3863188,NYQ
DAL,"Delta Air Lines, Inc.",Industrials,Large-Cap,6500266,NYQ
DEO,Diageo plc,Consumer Defensive,Large-Cap,1138564,NYQ
ETR,Entergy Corporation,Utilities,Large-Cap,2755771,NYQ
MSTR,Strategy Inc,Technology,Large-Cap,23339256,NMS
FNV,Franco-Nevada Corporation,Basic Materials,Large-Cap,868187,NYQ
HONA,Honeywell Aerospace Inc.,Industrials,Large-Cap,3528371,NMS
LHX,"L3Harris Technologies, Inc.",Industrials,Large-Cap,1554166,NYQ
INFY,Infosys Limited,Technology,Large-Cap,21402519,NYQ
ALAB,"Astera Labs, Inc.",Technology,Large-Cap,4892687,NMS
FITB,Fifth Third Bancorp,Financial Services,Large-Cap,6237751,NYQ
AMP,"Ameriprise Financial, Inc.",Financial Services,Large-Cap,581657,NYQ
WDAY,"Workday, Inc.",Technology,Large-Cap,4864019,NMS
CMG,"Chipotle Mexican Grill, Inc.",Consumer Cyclical,Large-Cap,18286279,NYQ
CCEP,Coca-Cola Europacific Partners ,Consumer Defensive,Large-Cap,1855404,NMS
TEAM,Atlassian Corporation,Technology,Large-Cap,4584255,NMS
MDLN,Medline Inc.,Healthcare,Large-Cap,7822812,NMS
XYZ,"Block, Inc.",Technology,Large-Cap,5207638,NYQ
XEL,Xcel Energy Inc.,Utilities,Large-Cap,5370106,NMS
WAB,Westinghouse Air Brake Technolo,Industrials,Large-Cap,938412,NYQ
CARR,Carrier Global Corporation,Industrials,Large-Cap,6107736,NYQ
VTR,"Ventas, Inc.",Real Estate,Large-Cap,3578356,NYQ
HUM,Humana Inc.,Healthcare,Large-Cap,1360798,NYQ
EBAY,eBay Inc.,Consumer Cyclical,Large-Cap,3900098,NMS
NTRA,"Natera, Inc.",Healthcare,Large-Cap,1391850,NMS
ROK,"Rockwell Automation, Inc.",Industrials,Large-Cap,819785,NYQ
COIN,"Coinbase Global, Inc.",Financial Services,Large-Cap,8617888,NMS
VST,Vistra Corp.,Utilities,Large-Cap,4384960,NYQ
TRI,Thomson Reuters Corp,Industrials,Large-Cap,2064914,NMS
ARES,Ares Management Corporation,Financial Services,Large-Cap,2256350,NYQ
VEEV,Veeva Systems Inc.,Healthcare,Large-Cap,2066730,NYQ
PYPL,"PayPal Holdings, Inc.",Financial Services,Large-Cap,16000365,NMS
EXC,Exelon Corporation,Utilities,Large-Cap,8174725,NMS
ABEV,Ambev S.A.,Consumer Defensive,Large-Cap,28665951,NYQ
PAYX,"Paychex, Inc.",Technology,Large-Cap,3119472,NMS
RVMD,"Revolution Medicines, Inc.",Healthcare,Large-Cap,2329036,NMS
CRWV,"CoreWeave, Inc.",Technology,Large-Cap,27906319,NMS
HLN,Haleon plc,Healthcare,Large-Cap,9881846,NYQ
STM,STMicroelectronics N.V.,Technology,Large-Cap,10904730,NYQ
KDP,Keurig Dr Pepper Inc.,Consumer Defensive,Large-Cap,13705985,NMS
SLF,Sun Life Financial Inc.,Financial Services,Large-Cap,776095,NYQ
IDXX,"IDEXX Laboratories, Inc.",Healthcare,Large-Cap,621661,NMS
BSBR,Banco Santander Brasil SA,Financial Services,Large-Cap,3167598,NYQ
IQV,"IQVIA Holdings, Inc.",Healthcare,Large-Cap,1445474,NYQ
AXON,"Axon Enterprise, Inc.",Industrials,Large-Cap,966770,NMS
FERG,Ferguson Enterprises Inc.,Industrials,Large-Cap,2339108,NYQ
A,"Agilent Technologies, Inc.",Healthcare,Large-Cap,2219577,NYQ
TEVA,Teva Pharmaceutical Industries ,Healthcare,Large-Cap,5512572,NYQ
CCJ,Cameco Corporation,Energy,Large-Cap,3332201,NYQ
CBRE,CBRE Group Inc,Real Estate,Large-Cap,1750198,NYQ
YUM,"Yum! Brands, Inc.",Consumer Cyclical,Large-Cap,2535722,NYQ
FER,Ferrovial N.V.,Industrials,Large-Cap,1501537,NMS
HMC,"Honda Motor Company, Ltd.",Consumer Cyclical,Large-Cap,1389146,NYQ
LYV,"Live Nation Entertainment, Inc.",Communication Services,Large-Cap,2185000,NYQ
ROP,"Roper Technologies, Inc.",Technology,Large-Cap,959050,NMS
CBRS,Cerebras Systems Inc.,Technology,Large-Cap,7042082,NMS
WCN,"Waste Connections, Inc.",Industrials,Large-Cap,1405583,NYQ
FMX,Fomento Economico Mexicano S.A.,Consumer Defensive,Large-Cap,505474,NYQ
MSCI,MSCI Inc.,Financial Services,Large-Cap,669845,NYQ
TTWO,"Take-Two Interactive Software, ",Communication Services,Large-Cap,2529622,NMS
PRU,"Prudential Financial, Inc.",Financial Services,Large-Cap,1825695,NYQ
ADM,Archer-Daniels-Midland Company,Consumer Defensive,Large-Cap,3661511,NYQ
GFI,Gold Fields Limited,Basic Materials,Large-Cap,3930912,NYQ
RKLB,Rocket Lab Corporation,Industrials,Large-Cap,21878661,NMS
WAT,Waters Corporation,Healthcare,Large-Cap,846698,NYQ
ED,"Consolidated Edison, Inc.",Utilities,Large-Cap,2276158,NYQ
CRDO,Credo Technology Group Holding ,Technology,Large-Cap,7502687,NMS
AIG,"American International Group, I",Financial Services,Large-Cap,3782827,NYQ
DHI,"D.R. Horton, Inc.",Consumer Cyclical,Large-Cap,2287006,NYQ
FLEX,Flex Ltd.,Technology,Large-Cap,5799390,NMS
SYY,Sysco Corporation,Consumer Defensive,Large-Cap,3249940,NYQ
ODFL,"Old Dominion Freight Line, Inc.",Industrials,Large-Cap,1764976,NMS
MCHP,Microchip Technology Incorporat,Technology,Large-Cap,11064090,NMS
VIK,Viking Holdings Ltd,Consumer Cyclical,Large-Cap,2840520,NYQ
VG,"Venture Global, Inc.",Energy,Large-Cap,14337622,NYQ
JD,"JD.com, Inc.",Consumer Cyclical,Large-Cap,8183812,NMS
VOD,Vodafone Group Plc,Communication Services,Large-Cap,4004441,NMS
HIG,"The Hartford Insurance Group, I",Financial Services,Large-Cap,1605495,NYQ
NTR,Nutrien Ltd.,Basic Materials,Large-Cap,2779095,NYQ
RKT,"Rocket Companies, Inc.",Financial Services,Large-Cap,29768882,NYQ
EXPE,"Expedia Group, Inc.",Consumer Cyclical,Large-Cap,1571512,NMS
CLS,"Celestica, Inc.",Technology,Large-Cap,2376372,NYQ
PEG,Public Service Enterprise Group,Utilities,Large-Cap,2912658,NYQ
EL,"Estee Lauder Companies, Inc. (T",Consumer Defensive,Large-Cap,3158970,NYQ
MLM,"Martin Marietta Materials, Inc.",Basic Materials,Large-Cap,616764,NYQ
KVUE,Kenvue Inc.,Consumer Defensive,Large-Cap,20233308,NYQ
EC,Ecopetrol S.A.,Energy,Large-Cap,2426703,NYQ
RPRX,Royalty Pharma plc,Healthcare,Large-Cap,3008608,NMS
NTAP,"NetApp, Inc.",Technology,Large-Cap,2748049,NMS
KR,Kroger Company (The),Consumer Defensive,Large-Cap,7540080,NYQ
QSR,Restaurant Brands International,Consumer Cyclical,Large-Cap,2870117,NYQ
HSY,The Hershey Company,Consumer Defensive,Large-Cap,1800027,NYQ
KMB,Kimberly-Clark Corporation,Consumer Defensive,Large-Cap,3907298,NMS
KGC,Kinross Gold Corporation,Basic Materials,Large-Cap,8763704,NYQ
BBD,Banco Bradesco Sa,Financial Services,Large-Cap,31619903,NYQ
MDB,"MongoDB, Inc.",Technology,Large-Cap,1640408,NGM
TWLO,Twilio Inc.,Technology,Large-Cap,2142391,NYQ
ALC,Alcon Inc.,Healthcare,Large-Cap,1895958,NYQ
EQT,EQT Corporation,Energy,Large-Cap,7269351,NYQ
TKO,"TKO Group Holdings, Inc.",Communication Services,Large-Cap,1280007,NYQ
WEC,"WEC Energy Group, Inc.",Utilities,Large-Cap,2208079,NYQ
DXCM,"DexCom, Inc.",Healthcare,Large-Cap,4840301,NMS
UAL,"United Airlines Holdings, Inc.",Industrials,Large-Cap,4406633,NMS
VMC,Vulcan Materials Company (Holdi,Basic Materials,Large-Cap,1095142,NYQ
IRM,Iron Mountain Incorporated (Del,Real Estate,Large-Cap,1806520,NYQ
STLD,"Steel Dynamics, Inc.",Basic Materials,Large-Cap,1249625,NMS
ACGL,Arch Capital Group Ltd.,Financial Services,Large-Cap,2079241,NMS
PUK,Prudential Public Limited Compa,Financial Services,Large-Cap,1146592,NYQ
MTB,M&T Bank Corporation,Financial Services,Large-Cap,1097636,NYQ
NTRS,Northern Trust Corporation,Financial Services,Large-Cap,1063391,NMS
HBAN,Huntington Bancshares Incorpora,Financial Services,Large-Cap,23295839,NMS
RMD,ResMed Inc.,Healthcare,Large-Cap,1484866,NYQ
RJF,"Raymond James Financial, Inc.",Financial Services,Large-Cap,1301396,NYQ
CCI,Crown Castle Inc.,Real Estate,Large-Cap,3981926,NYQ
ERIC,Ericsson,Technology,Large-Cap,11929303,NMS
TECK,Teck Resources Ltd,Basic Materials,Large-Cap,3140074,NYQ
ALNY,"Alnylam Pharmaceuticals, Inc.",Healthcare,Large-Cap,1816787,NMS
CNC,Centene Corporation,Healthcare,Large-Cap,4887388,NYQ
BIDU,"Baidu, Inc.",Communication Services,Large-Cap,2539827,NMS
CCL,Carnival Corporation Ltd.,Consumer Cyclical,Large-Cap,21008893,NYQ
GEHC,GE HealthCare Technologies Inc.,Healthcare,Large-Cap,4458401,NMS
BIIB,Biogen Inc.,Healthcare,Large-Cap,1130177,NMS
ZTS,Zoetis Inc.,Healthcare,Large-Cap,6320914,NYQ
ILMN,"Illumina, Inc.",Healthcare,Large-Cap,1926661,NMS
JBL,Jabil Inc.,Technology,Large-Cap,1227348,NYQ
WTW,Willis Towers Watson Public Lim,Financial Services,Large-Cap,588022,NMS
P,"Everpure, Inc.",Technology,Large-Cap,3068235,NYQ
HAL,Halliburton Company,Energy,Large-Cap,11944161,NYQ
EXR,Extra Space Storage Inc,Real Estate,Large-Cap,1151479,NYQ
FTI,TechnipFMC plc,Energy,Large-Cap,3679190,NYQ
PCG,Pacific Gas & Electric Co.,Utilities,Large-Cap,29072941,NYQ
KHC,The Kraft Heinz Company,Consumer Defensive,Large-Cap,14326950,NMS
CPRT,"Copart, Inc.",Industrials,Large-Cap,11860896,NMS
NMR,Nomura Holdings Inc,Financial Services,Large-Cap,1022061,NYQ
AEE,Ameren Corporation,Utilities,Large-Cap,1604604,NYQ
IR,Ingersoll Rand Inc.,Industrials,Large-Cap,4075908,NYQ
DG,Dollar General Corporation,Consumer Defensive,Large-Cap,2628758,NYQ
RBLX,Roblox Corporation,Communication Services,Large-Cap,12023538,NYQ
ZS,"Zscaler, Inc.",Technology,Large-Cap,2941379,NMS
OKTA,"Okta, Inc.",Technology,Large-Cap,3360077,NMS
TS,Tenaris S.A.,Energy,Large-Cap,1285979,NYQ
CFG,"Citizens Financial Group, Inc.",Financial Services,Large-Cap,4158474,NYQ
CTSH,Cognizant Technology Solutions ,Technology,Large-Cap,10374027,NMS
LVS,Las Vegas Sands Corp.,Consumer Cyclical,Large-Cap,4912438,NYQ
CPNG,"Coupang, Inc.",Consumer Cyclical,Large-Cap,21060091,NYQ
PBA,Pembina Pipeline Corp.,Energy,Large-Cap,1056350,NYQ
ATO,Atmos Energy Corporation,Utilities,Large-Cap,1157611,NYQ
LPLA,LPL Financial Holdings Inc.,Financial Services,Large-Cap,813311,NMS
DTE,DTE Energy Company,Utilities,Large-Cap,1321120,NYQ
ON,ON Semiconductor Corporation,Technology,Large-Cap,10816832,NMS
VICI,VICI Properties Inc.,Real Estate,Large-Cap,9774251,NYQ
RYAAY,Ryanair Holdings plc,Industrials,Large-Cap,1301983,NMS
RDDT,"Reddit, Inc.",Communication Services,Large-Cap,5746536,NYQ
FTS,Fortis Inc.,Utilities,Large-Cap,760408,NYQ
ZM,"Zoom Communications, Inc.",Technology,Large-Cap,3497341,NMS
TCOM,Trip.com Group Limited,Consumer Cyclical,Large-Cap,3100016,NMS
FOXA,Fox Corporation,Communication Services,Large-Cap,6830300,NMS
SUNB,"Sunbelt Rentals Holdings, Inc.",Industrials,Large-Cap,4338371,NYQ
FISV,"Fiserv, Inc.",N/A,Large-Cap,7824656,NMS
HPQ,HP Inc.,Technology,Large-Cap,15654228,NYQ
ATI,ATI Inc.,Industrials,Large-Cap,1782903,NYQ
AWK,"American Water Works Company, I",Utilities,Large-Cap,2272903,NYQ
OTIS,Otis Worldwide Corporation,Industrials,Large-Cap,3653701,NYQ
LH,Labcorp Holdings Inc.,Healthcare,Large-Cap,678658,NYQ
FE,FirstEnergy Corp.,Utilities,Large-Cap,4266816,NYQ
CPAY,"Corpay, Inc.",Technology,Large-Cap,592457,NYQ
ES,Eversource Energy (D/B/A),Utilities,Large-Cap,2377314,NYQ
INSM,Insmed Incorporated,Healthcare,Large-Cap,3298809,NMS
VRSN,"VeriSign, Inc.",Technology,Large-Cap,807316,NMS
DGX,Quest Diagnostics Incorporated,Healthcare,Large-Cap,957654,NYQ
CINF,Cincinnati Financial Corporatio,Financial Services,Large-Cap,767322,NMS
WSM,"Williams-Sonoma, Inc.",Consumer Cyclical,Large-Cap,1114117,NYQ
PHG,Koninklijke Philips N.V. NY Reg,Healthcare,Large-Cap,1048617,NYQ
CNP,"CenterPoint Energy, Inc (Holdin",Utilities,Large-Cap,6421240,NYQ
PPL,PPL Corporation,Utilities,Large-Cap,8769496,NYQ
DOV,Dover Corporation,Industrials,Large-Cap,1145701,NYQ
VRSK,"Verisk Analytics, Inc.",Industrials,Large-Cap,2087824,NMS
BSP,Bending Spoons S.p.A.,Technology,Large-Cap,2640478,NMS
BNTX,BioNTech SE,Healthcare,Large-Cap,1217280,NMS
INCY,Incyte Corporation,Healthcare,Large-Cap,1798203,NMS
WRB,W.R. Berkley Corporation,Financial Services,Large-Cap,1907801,NYQ
SYF,Synchrony Financial,Financial Services,Large-Cap,3579946,NYQ
XYL,Xylem Inc.,Industrials,Large-Cap,1873443,NYQ
ROIV,Roivant Sciences Ltd.,Healthcare,Large-Cap,6269430,NMS
RF,Regions Financial Corporation,Financial Services,Large-Cap,9454470,NYQ
SN,"SharkNinja, Inc.",Consumer Cyclical,Large-Cap,1697430,NYQ
ECHO,EchoStar Corporation,Communication Services,Large-Cap,7293458,NMS
DLTR,"Dollar Tree, Inc.",Consumer Defensive,Large-Cap,2829200,NMS
DRI,"Darden Restaurants, Inc.",Consumer Cyclical,Large-Cap,1312541,NYQ
TPR,"Tapestry, Inc.",Consumer Cyclical,Large-Cap,2948088,NYQ
EXPD,Expeditors International of Was,Industrials,Large-Cap,1169982,NYQ
PPG,"PPG Industries, Inc.",Basic Materials,Large-Cap,1783245,NYQ
CRCL,"Circle Internet Group, Inc.",Financial Services,Large-Cap,13766109,NYQ
JBHT,"J.B. Hunt Transport Services, I",Industrials,Large-Cap,965635,NMS
Q,"Qnity Electronics, Inc.",Technology,Large-Cap,1970777,NYQ
GPN,Global Payments Inc.,Industrials,Large-Cap,3339104,NYQ
GFS,GlobalFoundries Inc.,Technology,Large-Cap,3749798,NMS
SW,Smurfit WestRock plc,Consumer Cyclical,Large-Cap,5503438,NYQ
BRO,"Brown & Brown, Inc.",Financial Services,Large-Cap,2541941,NYQ
WST,"West Pharmaceutical Services, I",Healthcare,Large-Cap,698703,NYQ
VNOM,"Viper Energy, Inc.",Energy,Large-Cap,1717941,NMS
NVT,nVent Electric plc,Industrials,Large-Cap,2291995,NYQ
VLTO,Veralto Corp,Industrials,Large-Cap,1909482,NYQ
SMCI,"Super Micro Computer, Inc.",Technology,Large-Cap,56643540,NMS
CHD,"Church & Dwight Company, Inc.",Consumer Defensive,Large-Cap,1854206,NYQ
OMC,Omnicom Group Inc.,Communication Services,Large-Cap,3563050,NYQ
AMRZ,Amrize Ltd,Basic Materials,Large-Cap,3391761,NYQ
AFRM,"Affirm Holdings, Inc.",Financial Services,Large-Cap,4391916,NMS
PHM,"PulteGroup, Inc.",Consumer Cyclical,Large-Cap,1661945,NYQ
HUBB,Hubbell Inc,Industrials,Large-Cap,573754,NYQ
PFG,Principal Financial Group Inc,Financial Services,Large-Cap,1407338,NMS
CRS,Carpenter Technology Corporatio,Industrials,Large-Cap,805745,NYQ
TW,Tradeweb Markets Inc.,Financial Services,Large-Cap,1537062,NMS
ULTA,"Ulta Beauty, Inc.",Consumer Cyclical,Large-Cap,685103,NMS
TROW,"T. Rowe Price Group, Inc.",Financial Services,Large-Cap,1955320,NMS
ROKU,"Roku, Inc.",Communication Services,Large-Cap,4368014,NMS
EXE,Expand Energy Corporation,Energy,Large-Cap,3495222,NMS
SQM,Sociedad Quimica y Minera S.A.,Basic Materials,Large-Cap,998604,NYQ
USFD,US Foods Holding Corp.,Consumer Defensive,Large-Cap,2503243,NYQ
BG,Bunge Limited,Consumer Defensive,Large-Cap,1524204,NYQ
SYM,Symbotic Inc.,Industrials,Large-Cap,1792017,NGM
NRG,"NRG Energy, Inc.",Utilities,Large-Cap,2775447,NYQ
AER,AerCap Holdings N.V.,Industrials,Large-Cap,1104961,NYQ
IOT,Samsara Inc.,Technology,Large-Cap,5738317,NYQ
KEY,KeyCorp,Financial Services,Large-Cap,10763500,NYQ
TSEM,Tower Semiconductor Ltd.,Technology,Large-Cap,1833270,NMS
EIX,Edison International,Utilities,Large-Cap,3818912,NYQ
RIVN,"Rivian Automotive, Inc.",Consumer Cyclical,Large-Cap,30166306,NMS
STZ,"Constellation Brands, Inc.",Consumer Defensive,Large-Cap,2125322,NYQ
STE,STERIS plc (Ireland),Healthcare,Large-Cap,747738,NYQ
FFIV,"F5, Inc.",Technology,Large-Cap,606219,NMS
ARXS,"Arxis, Inc.",Industrials,Large-Cap,902648,NMS
L,Loews Corporation,Financial Services,Large-Cap,789185,NYQ
SOFI,"SoFi Technologies, Inc.",Financial Services,Large-Cap,70764525,NMS
UTHR,United Therapeutics Corporation,Healthcare,Large-Cap,517164,NMS
DOW,Dow Inc.,Basic Materials,Large-Cap,10526580,NYQ
IFF,International Flavors & Fragran,Basic Materials,Large-Cap,1768853,NYQ
EFX,"Equifax, Inc.",Industrials,Large-Cap,1588558,NYQ
GIS,"General Mills, Inc.",Consumer Defensive,Large-Cap,9779600,NYQ
BCE,"BCE, Inc.",Communication Services,Large-Cap,3672209,NYQ
GH,"Guardant Health, Inc.",Healthcare,Large-Cap,2530987,NMS
ASTS,"AST SpaceMobile, Inc.",Technology,Large-Cap,16536520,NMS
RGLD,"Royal Gold, Inc.",Basic Materials,Large-Cap,744220,NMS
XPO,"XPO, Inc.",Industrials,Large-Cap,1140976,NYQ
FSLR,"First Solar, Inc.",Technology,Large-Cap,2137058,NMS
THC,Tenet Healthcare Corporation,Healthcare,Large-Cap,1174043,NYQ
CMS,CMS Energy Corporation,Utilities,Large-Cap,3555717,NYQ
AMCR,Amcor plc,Consumer Cyclical,Large-Cap,3609241,NYQ
LYB,LyondellBasell Industries NV,Basic Materials,Large-Cap,4728725,NYQ
FIS,Fidelity National Information S,Technology,Large-Cap,6089426,NYQ
HSAI,Hesai Group,Consumer Cyclical,Large-Cap,1790868,NMS
CDE,"Coeur Mining, Inc.",Basic Materials,Large-Cap,38974396,NYQ
PAAS,Pan American Silver Corp.,Basic Materials,Large-Cap,4799242,NYQ
YPF,YPF Sociedad Anonima,Energy,Large-Cap,1323630,NYQ
BR,"Broadridge Financial Solutions,",Technology,Large-Cap,1313907,NYQ
TPG,TPG Inc.,Financial Services,Large-Cap,2550920,NMS
PKG,Packaging Corporation of Americ,Consumer Cyclical,Large-Cap,635696,NYQ
GMAB,Genmab A/S,Healthcare,Large-Cap,2167882,NMS
RL,Ralph Lauren Corporation,Consumer Cyclical,Large-Cap,649722,NYQ
CF,"CF Industries Holdings, Inc.",Basic Materials,Large-Cap,2620953,NYQ
WES,"Western Midstream Partners, LP",Energy,Large-Cap,869079,NYQ
STLA,Stellantis N.V.,Consumer Cyclical,Large-Cap,20575888,NYQ
CNH,CNH Industrial N.V.,Industrials,Large-Cap,15874530,NYQ
LEN,Lennar Corporation,Consumer Cyclical,Large-Cap,2613591,NYQ
SBAC,SBA Communications Corporation,Real Estate,Large-Cap,996725,NMS
WWD,"Woodward, Inc.",Industrials,Large-Cap,724843,NMS
MTSI,MACOM Technology Solutions Hold,Technology,Large-Cap,1558341,NMS
PR,Permian Resources Corporation,Energy,Large-Cap,9997051,NYQ
RCI,"Rogers Communication, Inc.",Communication Services,Large-Cap,1232970,NYQ
NI,NiSource Inc,Utilities,Large-Cap,5199879,NYQ
CHTR,"Charter Communications, Inc.",Communication Services,Large-Cap,3242843,NMS
BEKE,KE Holdings Inc,Real Estate,Large-Cap,3916892,NYQ
ENTG,"Entegris, Inc.",Technology,Large-Cap,3009914,NMS
TOST,"Toast, Inc.",Technology,Large-Cap,11182769,NYQ
FTAI,FTAI Aviation Ltd.,Industrials,Large-Cap,1375753,NMS
TSN,"Tyson Foods, Inc.",Consumer Defensive,Large-Cap,3234815,NYQ
IP,International Paper Company,Consumer Cyclical,Large-Cap,5260182,NYQ
SSNC,"SS&C Technologies Holdings, Inc",Technology,Large-Cap,1858585,NMS
VTRS,Viatris Inc.,Healthcare,Large-Cap,9720870,NMS
ZBH,"Zimmer Biomet Holdings, Inc.",Healthcare,Large-Cap,2202420,NYQ
MTZ,"MasTec, Inc.",Industrials,Large-Cap,1401595,NYQ
FDXF,"FedEx Freight Holding Company, ",Industrials,Large-Cap,1500058,NYQ
CDW,CDW Corporation,Technology,Large-Cap,1929264,NMS
EVRG,"Evergy, Inc.",Utilities,Large-Cap,2049470,NMS
VIV,Telefonica Brasil S.A.,Communication Services,Large-Cap,1357533,NYQ
GPC,Genuine Parts Company,Consumer Cyclical,Large-Cap,1650316,NYQ
LUV,Southwest Airlines Company,Industrials,Large-Cap,5621106,NYQ
OWL,Blue Owl Capital Inc.,Financial Services,Large-Cap,20392401,NYQ
RBRK,"Rubrik, Inc.",Technology,Large-Cap,3462911,NYQ
OVV,Ovintiv Inc. (DE),Energy,Large-Cap,3284935,NYQ
DINO,HF Sinclair Corporation,Energy,Large-Cap,2641941,NYQ
PAA,"Plains All American Pipeline, L",Energy,Large-Cap,2443067,NMS
U,Unity Software Inc.,Technology,Large-Cap,9435454,NYQ
WIT,Wipro Limited,Technology,Large-Cap,10330074,NYQ
TSCO,Tractor Supply Company,Consumer Cyclical,Large-Cap,11345127,NMS
NTNX,"Nutanix, Inc.",Technology,Large-Cap,3204588,NMS
GEN,Gen Digital Inc.,Technology,Large-Cap,5614961,NMS
DD,"DuPont de Nemours, Inc.",Basic Materials,Large-Cap,1463913,NYQ
LNT,Alliant Energy Corporation,Utilities,Large-Cap,2475832,NMS
LDOS,"Leidos Holdings, Inc.",Technology,Large-Cap,1618867,NYQ
SBS,Companhia de saneamento Basico ,Utilities,Large-Cap,8214306,NYQ
ROL,"Rollins, Inc.",Consumer Cyclical,Large-Cap,5138245,NYQ
EWBC,"East West Bancorp, Inc.",Financial Services,Large-Cap,861819,NMS
FTV,Fortive Corporation,Technology,Large-Cap,2684272,NYQ
INVH,Invitation Homes Inc.,Real Estate,Large-Cap,4681022,NYQ
BBY,"Best Buy Co., Inc.",Consumer Cyclical,Large-Cap,3815314,NYQ
CHRW,"C.H. Robinson Worldwide, Inc.",Industrials,Large-Cap,1736877,NMS
AS,"Amer Sports, Inc.",Consumer Cyclical,Large-Cap,5200648,NYQ
J,Jacobs Solutions Inc.,Industrials,Large-Cap,1040847,NYQ
ASND,Ascendis Pharma A/S,Healthcare,Large-Cap,665274,NMS
NLY,Annaly Capital Management Inc.,Real Estate,Large-Cap,7404620,NYQ
MGA,"Magna International, Inc.",Consumer Cyclical,Large-Cap,1243857,NYQ
APG,APi Group Corporation,Industrials,Large-Cap,2891508,NYQ
FLUT,Flutter Entertainment plc,Consumer Cyclical,Large-Cap,2933916,NYQ
BEN,"Franklin Templeton, Inc.",Financial Services,Large-Cap,4229569,NYQ
GWRE,"Guidewire Software, Inc.",Technology,Large-Cap,1493943,NYQ
WY,Weyerhaeuser Company,Real Estate,Large-Cap,5422308,NYQ
FUTU,Futu Holdings Limited,Financial Services,Large-Cap,1599283,NGM
CG,The Carlyle Group Inc.,Financial Services,Large-Cap,3605325,NMS
PTC,PTC Inc.,Technology,Large-Cap,1689562,NMS
MKSI,MKS Inc.,Technology,Large-Cap,1438356,NMS
BURL,"Burlington Stores, Inc.",Consumer Cyclical,Large-Cap,925161,NYQ
RYAN,"Ryan Specialty Holdings, Inc.",Financial Services,Large-Cap,2210011,NYQ
BALL,Ball Corporation,Consumer Cyclical,Large-Cap,2286575,NYQ
SITM,SiTime Corporation,Technology,Large-Cap,517322,NGM
JHX,James Hardie Industries plc.,Basic Materials,Large-Cap,7218320,NYQ
NWSA,News Corporation,Communication Services,Large-Cap,4778550,NMS
IEX,IDEX Corporation,Industrials,Large-Cap,675927,NYQ
ZBRA,Zebra Technologies Corporation,Technology,Large-Cap,780427,NMS
KIM,Kimco Realty Corporation (HC),Real Estate,Large-Cap,4925004,NYQ
WCC,"WESCO International, Inc.",Industrials,Large-Cap,630407,NYQ
TRU,TransUnion,Financial Services,Large-Cap,2358570,NYQ
ALB,Albemarle Corporation,Basic Materials,Large-Cap,2317196,NYQ
ZTO,ZTO Express (Cayman) Inc.,Industrials,Large-Cap,1678508,NYQ
JAZZ,Jazz Pharmaceuticals plc,Healthcare,Large-Cap,911916,NMS
WPC,W. P. Carey Inc. REIT,Real Estate,Large-Cap,1426200,NYQ
NBIX,"Neurocrine Biosciences, Inc.",Healthcare,Large-Cap,1233346,NMS
LSCC,Lattice Semiconductor Corporati,Technology,Large-Cap,1830933,NMS
TIGO,Millicom International Cellular,Communication Services,Large-Cap,1434600,NMS
SOLV,Solventum Corporation,Healthcare,Large-Cap,1227550,NYQ
ONTO,Onto Innovation Inc.,Technology,Large-Cap,1234591,NYQ
PHYS,"""Sprott Physical Gold Trust""",N/A,Large-Cap,4198070,ASE
PFGC,Performance Food Group Company,Consumer Defensive,Large-Cap,1629100,NYQ
APA,APA Corporation,Energy,Large-Cap,5570300,NMS
TYL,"Tyler Technologies, Inc.",Technology,Large-Cap,925325,NYQ
H,Hyatt Hotels Corporation,Consumer Cyclical,Large-Cap,833151,NYQ
MAA,Mid-America Apartment Communiti,Real Estate,Large-Cap,1003230,NYQ
SUI,"Sun Communities, Inc.",Real Estate,Large-Cap,1732143,NYQ
LAMR,Lamar Advertising Company,Real Estate,Large-Cap,633511,NMS
DT,"Dynatrace, Inc.",Technology,Large-Cap,5903249,NYQ
YUMC,"Yum China Holdings, Inc.",Consumer Cyclical,Large-Cap,1686259,NYQ
IONQ,"IonQ, Inc.",Technology,Large-Cap,21173601,NYQ
RBA,"RB Global, Inc.",Industrials,Large-Cap,1542959,NYQ
AKAM,"Akamai Technologies, Inc.",Technology,Large-Cap,3626804,NMS
TU,Telus Corporation,Communication Services,Large-Cap,7288125,NYQ
CX,"Cemex, S.A.B. de C.V. Sponsored",Basic Materials,Large-Cap,5876917,NYQ
BEP,Brookfield Renewable Partners L,Utilities,Large-Cap,881803,NYQ
GFL,GFL Environmental Inc. Subordin,Industrials,Large-Cap,2747043,NYQ
HST,"Host Hotels & Resorts, Inc.",Real Estate,Large-Cap,9633782,NMS
ARMK,Aramark,Industrials,Large-Cap,2496554,NYQ
BBIO,"BridgeBio Pharma, Inc.",Healthcare,Large-Cap,3038472,NMS
KEP,Korea Electric Power Corporatio,Utilities,Large-Cap,1141814,NYQ
OHI,"Omega Healthcare Investors, Inc",Real Estate,Large-Cap,1990225,NYQ
ULS,UL Solutions Inc.,Industrials,Large-Cap,997901,NYQ
DOC,"Healthpeak Properties, Inc.",Real Estate,Large-Cap,6001424,NYQ
INIO,INNIO N.V.,Industrials,Large-Cap,4455854,NMS
AGI,Alamos Gold Inc.,Basic Materials,Large-Cap,4890140,NYQ
PNFP,"Pinnacle Financial Partners, In",Financial Services,Large-Cap,1227098,NYQ
BWXT,"BWX Technologies, Inc.",Industrials,Large-Cap,1015420,NYQ
MKC,"McCormick & Company, Incorporat",Consumer Defensive,Large-Cap,3718219,NYQ
TLK,"PT Telekomunikasi Indonesia, Tb",Communication Services,Large-Cap,896773,NYQ
WMG,Warner Music Group Corp.,Communication Services,Large-Cap,2044147,NMS
FIG,"Figma, Inc.",Technology,Large-Cap,20521951,NYQ
UNM,Unum Group,Financial Services,Large-Cap,1499279,NYQ
JBS,JBS N.V.,Consumer Defensive,Large-Cap,5965674,NYQ
SKM,"SK Telecom Co., Ltd.",Communication Services,Large-Cap,2461469,NYQ
HTHT,H World Group Limited,Consumer Cyclical,Large-Cap,1724026,NMS
FN,Fabrinet,Technology,Large-Cap,991638,NYQ
IREN,IREN LIMITED,Financial Services,Large-Cap,44306640,NMS
EQX,Equinox Gold Corp.,Basic Materials,Large-Cap,14164541,ASE
GRAB,Grab Holdings Limited,Technology,Large-Cap,45413347,NMS
ARCC,Ares Capital Corporation,Financial Services,Large-Cap,4626229,NMS
SWK,"Stanley Black & Decker, Inc.",Industrials,Large-Cap,1782272,NYQ
CRBG,Corebridge Financial Inc.,Financial Services,Large-Cap,4490568,NYQ
REG,Regency Centers Corporation,Real Estate,Large-Cap,1395264,NMS
TLN,Talen Energy Corporation,Utilities,Large-Cap,853187,NMS
RVTY,"Revvity, Inc.",Healthcare,Large-Cap,1524269,NYQ
IVZ,Invesco Ltd,Financial Services,Large-Cap,4844293,NYQ
SJM,The J.M. Smucker Company,Consumer Defensive,Large-Cap,1531147,NYQ
LOGI,Logitech International S.A. - R,Technology,Large-Cap,1003161,NMS
STRL,"Sterling Infrastructure, Inc.",Industrials,Large-Cap,773803,NMS
BMNR,"BitMine Immersion Technologies,",Financial Services,Large-Cap,38685596,NYQ
EXEL,"Exelixis, Inc.",Healthcare,Large-Cap,2556574,NMS
MAS,Masco Corporation,Industrials,Large-Cap,2364498,NYQ
TRMB,Trimble Inc.,Technology,Large-Cap,3334414,NMS
CHKP,Check Point Software Technologi,Technology,Large-Cap,1165379,NMS
TXT,Textron Inc.,Industrials,Large-Cap,1609751,NYQ
GLXY,Galaxy Digital Inc.,Financial Services,Large-Cap,7164792,NMS
AMH,American Homes 4 Rent,Real Estate,Large-Cap,2181056,NYQ
FIVE,"Five Below, Inc.",Consumer Cyclical,Large-Cap,1159754,NMS
AEG,Aegon Ltd. New York Registry Sh,Financial Services,Large-Cap,4967962,NYQ
COO,"The Cooper Companies, Inc.",Healthcare,Large-Cap,2347425,NMS
TME,Tencent Music Entertainment Gro,Communication Services,Large-Cap,9507474,NYQ
AA,Alcoa Corporation,Basic Materials,Large-Cap,5636772,NYQ
CRL,Charles River Laboratories Inte,Healthcare,Large-Cap,893412,NYQ
LULU,lululemon athletica inc.,Consumer Cyclical,Large-Cap,3488508,NMS
MLI,"Mueller Industries, Inc.",Industrials,Large-Cap,1443579,NYQ
UDR,"UDR, Inc.",Real Estate,Large-Cap,3367249,NYQ
CSL,Carlisle Companies Incorporated,Industrials,Large-Cap,545211,NYQ
SGI,Somnigroup International Inc.,Consumer Cyclical,Large-Cap,3060909,NYQ
QXO,"QXO, Inc.",Industrials,Large-Cap,21794945,NYQ
EQH,"Equitable Holdings, Inc.",Financial Services,Large-Cap,3112261,NYQ
PSLV,"""Sprott Physical Silver Trust""",N/A,Large-Cap,8288930,ASE
GL,Globe Life Inc.,Financial Services,Large-Cap,627041,NYQ
BAX,Baxter International Inc.,Healthcare,Large-Cap,6562274,NYQ
AVY,Avery Dennison Corporation,Consumer Cyclical,Large-Cap,891666,NYQ
HAS,"Hasbro, Inc.",Consumer Cyclical,Large-Cap,1967690,NMS
SEIC,SEI Investments Company,Financial Services,Large-Cap,695873,NMS
DTM,"DT Midstream, Inc.",Energy,Large-Cap,858559,NYQ
CSGP,"CoStar Group, Inc.",Real Estate,Large-Cap,7306129,NMS
HL,Hecla Mining Company,Basic Materials,Large-Cap,36528800,NYQ
RPM,RPM International Inc.,Basic Materials,Large-Cap,1134196,NYQ
ALLE,Allegion plc,Industrials,Large-Cap,1353479,NYQ
TOL,"Toll Brothers, Inc.",Consumer Cyclical,Large-Cap,993940,NYQ
COKE,"Coca-Cola Consolidated, Inc.",Consumer Defensive,Large-Cap,509750,NMS
MAIR,Madison Air Solutions Corporati,Industrials,Large-Cap,2481588,NYQ
BWA,BorgWarner Inc.,Consumer Cyclical,Large-Cap,2402083,NYQ
GDDY,GoDaddy Inc.,Technology,Large-Cap,2175295,NYQ
HUBS,"HubSpot, Inc.",Technology,Large-Cap,1750682,NYQ
W,Wayfair Inc.,Consumer Cyclical,Large-Cap,3288862,NYQ
MANH,"Manhattan Associates, Inc.",Technology,Large-Cap,786711,NMS
WSE,Wise Group plc,Technology,Large-Cap,1233367,NMS
EMBJ,Embraer S.A.,Industrials,Large-Cap,1189658,NYQ
ALLY,Ally Financial Inc.,Financial Services,Large-Cap,3141862,NYQ
TXRH,"Texas Roadhouse, Inc.",Consumer Cyclical,Large-Cap,934637,NMS
NXT,Nextpower Inc.,Technology,Large-Cap,3011973,NMS
CCK,"Crown Holdings, Inc.",Consumer Cyclical,Large-Cap,1032517,NYQ
ELS,"Equity Lifestyle Properties, In",Real Estate,Large-Cap,1510980,NYQ
DOCN,"DigitalOcean Holdings, Inc.",Technology,Large-Cap,3207775,NYQ
AGNC,AGNC Investment Corp.,Real Estate,Large-Cap,17100183,NMS
QNT,Quantinuum Inc.,Technology,Large-Cap,2265496,NGM
BMRN,BioMarin Pharmaceutical Inc.,Healthcare,Large-Cap,1972008,NMS
GLPI,"Gaming and Leisure Properties, ",Real Estate,Large-Cap,2964330,NMS
ICLR,ICON plc,Healthcare,Large-Cap,813400,NMS
GGG,Graco Inc.,Industrials,Large-Cap,1772706,NYQ
SMTC,Semtech Corporation,Technology,Large-Cap,3315016,NMS
DOCU,"DocuSign, Inc.",Technology,Large-Cap,3599800,NMS
AHR,"American Healthcare REIT, Inc.",Real Estate,Large-Cap,3368791,NYQ
FNF,"Fidelity National Financial, In",Financial Services,Large-Cap,1636043,NYQ
RTO,Rentokil Initial plc,Industrials,Large-Cap,1228130,NYQ
CPT,Camden Property Trust,Real Estate,Large-Cap,1028966,NYQ
TTMI,"TTM Technologies, Inc.",Technology,Large-Cap,2831406,NMS
HALO,"Halozyme Therapeutics, Inc.",Healthcare,Large-Cap,1980388,NMS
AR,Antero Resources Corporation,Energy,Large-Cap,4428893,NYQ
BF-B,Brown Forman Inc,Consumer Defensive,Large-Cap,2513201,NYQ
BXP,"BXP, Inc.",Real Estate,Large-Cap,1419280,NYQ
SNN,"Smith & Nephew SNATS, Inc.",Healthcare,Large-Cap,1634454,NYQ
CORT,Corcept Therapeutics Incorporat,Healthcare,Large-Cap,1084401,NCM
IT,"Gartner, Inc.",Technology,Large-Cap,1418143,NYQ
FMS,Fresenius Medical Care AG,Healthcare,Large-Cap,669433,NYQ
HRL,Hormel Foods Corporation,Consumer Defensive,Large-Cap,4420237,NYQ
HBM,Hudbay Minerals Inc.,Basic Materials,Large-Cap,4945227,NYQ
HMY,Harmony Gold Mining Company Lim,Basic Materials,Large-Cap,3699887,NYQ
MICC,The Magnum Ice Cream Company N.,Consumer Defensive,Large-Cap,1080374,NYQ
PINS,"Pinterest, Inc.",Communication Services,Large-Cap,13316274,NYQ
ELAN,Elanco Animal Health Incorporat,Healthcare,Large-Cap,6026269,NYQ
CHYM,"Chime Financial, Inc.",Technology,Large-Cap,7049090,NMS
EHC,Encompass Health Corporation,Healthcare,Large-Cap,1008183,NYQ
SF,Stifel Financial Corporation,Financial Services,Large-Cap,1215919,NYQ
DKS,Dick's Sporting Goods Inc,Consumer Cyclical,Large-Cap,2466609,NYQ
PSKY,Paramount Skydance Corporation,Communication Services,Large-Cap,10391633,NMS
PNW,Pinnacle West Capital Corporati,Utilities,Large-Cap,1189980,NYQ
JKHY,"Jack Henry & Associates, Inc.",Technology,Large-Cap,1260179,NMS
BTSG,"BrightSpring Health Services, I",Healthcare,Large-Cap,3574780,NMS
LI,Li Auto Inc.,Consumer Cyclical,Large-Cap,3467573,NMS
DKNG,DraftKings Inc.,Consumer Cyclical,Large-Cap,12283153,NMS
ARWR,"Arrowhead Pharmaceuticals, Inc.",Healthcare,Large-Cap,2019085,NMS
WTRG,"Essential Utilities, Inc.",Utilities,Large-Cap,2089119,NYQ
BJ,"BJ's Wholesale Club Holdings, I",Consumer Defensive,Large-Cap,1880385,NYQ
CLX,Clorox Company (The),Consumer Defensive,Large-Cap,2643224,NYQ
CART,Maplebear Inc.,Consumer Cyclical,Large-Cap,4152396,NMS
DECK,Deckers Outdoor Corporation,Consumer Cyclical,Large-Cap,2363496,NYQ
SMMT,Summit Therapeutics Inc.,Healthcare,Large-Cap,5301803,NGM
DPZ,Domino's Pizza Inc,Consumer Cyclical,Large-Cap,939329,NMS
FROG,JFrog Ltd.,Technology,Large-Cap,2698512,NMS
TECH,Bio-Techne Corp,Healthcare,Large-Cap,4761495,NMS
FHN,First Horizon Corporation,Financial Services,Large-Cap,5071039,NYQ
AMKR,"Amkor Technology, Inc.",Technology,Large-Cap,5593230,NMS
DVA,DaVita Inc.,Healthcare,Large-Cap,834319,NYQ
EGO,Eldorado Gold Corporation,Basic Materials,Large-Cap,2804640,NYQ
TEM,"Tempus AI, Inc.",Healthcare,Large-Cap,6459337,NMS
SCI,Service Corporation Internation,Consumer Cyclical,Large-Cap,1212712,NYQ
IAG,Iamgold Corporation,Basic Materials,Large-Cap,5685875,NYQ
SAIL,"SailPoint, Inc.",Technology,Large-Cap,4162509,NMS
ALGN,"Align Technology, Inc.",Healthcare,Large-Cap,965100,NMS
AUR,"Aurora Innovation, Inc.",Consumer Cyclical,Large-Cap,28404019,NMS
NYT,New York Times Company (The),Communication Services,Large-Cap,1932774,NYQ
SUZ,Suzano S.A.,Basic Materials,Large-Cap,3234846,NYQ
FDS,FactSet Research Systems Inc.,Financial Services,Large-Cap,923688,NYQ
BSY,"Bentley Systems, Incorporated",Technology,Large-Cap,2937787,NMS
KNX,Knight-Swift Transportation Hol,Industrials,Large-Cap,3824346,NYQ
NVMI,Nova Ltd.,Technology,Large-Cap,537338,NMS
XPEV,XPeng Inc.,Consumer Cyclical,Large-Cap,7338320,NYQ
GMED,"Globus Medical, Inc.",Healthcare,Large-Cap,1594363,NYQ
AEIS,"Advanced Energy Industries, Inc",Industrials,Large-Cap,782840,NMS
PAYC,"Paycom Software, Inc.",Technology,Large-Cap,926243,NYQ
GNRC,Generac Holdlings Inc.,Industrials,Large-Cap,1064203,NYQ
AXSM,"Axsome Therapeutics, Inc.",Healthcare,Large-Cap,849151,NGM
AM,Antero Midstream Corporation,Energy,Large-Cap,2360074,NYQ
BPOP,"Popular, Inc.",Financial Services,Large-Cap,509088,NMS
JEF,Jefferies Financial Group Inc.,Financial Services,Large-Cap,2101677,NYQ
OC,Owens Corning Inc,Industrials,Large-Cap,1067446,NYQ
MOH,Molina Healthcare Inc,Healthcare,Large-Cap,1079706,NYQ
AES,The AES Corporation,Utilities,Large-Cap,7863240,NYQ
UMBF,UMB Financial Corporation,Financial Services,Large-Cap,638300,NMS
GSAT,"Globalstar, Inc.",Communication Services,Large-Cap,1127845,NMS
MGM,MGM Resorts International,Consumer Cyclical,Large-Cap,2656924,NYQ
RRX,Regal Rexnord Corporation,Industrials,Large-Cap,1202141,NYQ
GKOS,Glaukos Corporation,Healthcare,Large-Cap,820985,NYQ
DAR,Darling Ingredients Inc.,Consumer Defensive,Large-Cap,2450855,NYQ
ARW,"Arrow Electronics, Inc.",Technology,Large-Cap,568217,NYQ
PODD,Insulet Corporation,Healthcare,Large-Cap,1624391,NMS
APGE,"Apogee Therapeutics, Inc.",Healthcare,Large-Cap,2793516,NGM
FRT,Federal Realty Investment Trust,Real Estate,Large-Cap,865148,NYQ
NIO,NIO Inc.,Consumer Cyclical,Mid-Cap,28907658,NYQ
RDY,Dr. Reddy's Laboratories Ltd,Healthcare,Mid-Cap,2727216,NYQ
PAYP,PayPay Corporation - American D,Technology,Large-Cap,1009996,NMS
ENSG,"The Ensign Group, Inc.",Healthcare,Mid-Cap,719341,NMS
DRS,"Leonardo DRS, Inc.",Industrials,Mid-Cap,980312,NMS
SANM,Sanmina Corporation,Technology,Large-Cap,1028159,NMS
ALSN,"Allison Transmission Holdings, ",Consumer Cyclical,Large-Cap,1058606,NYQ
SSB,SouthState Bank Corporation,Financial Services,Large-Cap,847093,NYQ
ORI,Old Republic International Corp,Financial Services,Large-Cap,1346232,NYQ
WTFC,Wintrust Financial Corporation,Financial Services,Large-Cap,585547,NMS
IONS,"Ionis Pharmaceuticals, Inc.",Healthcare,Mid-Cap,3017259,NMS
SWKS,"Skyworks Solutions, Inc.",Technology,Large-Cap,5691100,NMS
CGNX,Cognex Corporation,Technology,Large-Cap,2189417,NMS
CYTK,"Cytokinetics, Incorporated",Healthcare,Large-Cap,2084827,NMS
EAT,"Brinker International, Inc.",Consumer Cyclical,Mid-Cap,1018853,NYQ
UHS,"Universal Health Services, Inc.",Healthcare,Mid-Cap,864775,NYQ
FRO,Frontline Plc,Energy,Large-Cap,2597072,NYQ
PSO,"Pearson, Plc",Communication Services,Mid-Cap,743233,NYQ
WMS,"Advanced Drainage Systems, Inc.",Industrials,Large-Cap,763595,NYQ
AG,First Majestic Silver Corp.,Basic Materials,Large-Cap,10983337,NYQ
CFR,"Cullen/Frost Bankers, Inc.",Financial Services,Large-Cap,599333,NYQ
RRC,Range Resources Corporation,Energy,Mid-Cap,2963079,NYQ
ABVX,Abivax SA,Healthcare,Large-Cap,1468177,NGM
HSIC,"Henry Schein, Inc.",Healthcare,Large-Cap,1257322,NMS
PNR,Pentair plc.,Industrials,Mid-Cap,3249880,NYQ
ESTC,Elastic N.V.,Technology,Mid-Cap,2276945,NYQ
LINE,"Lineage, Inc.",Real Estate,Mid-Cap,954001,NMS
SOLS,Solstice Advanced Materials Inc,Basic Materials,Large-Cap,3345080,NMS
FLS,Flowserve Corporation,Industrials,Mid-Cap,1841654,NYQ
CHWY,"Chewy, Inc.",Consumer Cyclical,Mid-Cap,8685858,NYQ
MTCH,"Match Group, Inc.",Communication Services,Mid-Cap,3339441,NMS
SPXC,"SPX Technologies, Inc.",Industrials,Mid-Cap,663723,NYQ
ZION,Zions Bancorporation N.A.,Financial Services,Large-Cap,1616947,NMS
KYMR,"Kymera Therapeutics, Inc.",Healthcare,Mid-Cap,858108,NGM
AVTR,"Avantor, Inc.",Healthcare,Large-Cap,9393876,NYQ
ONB,Old National Bancorp,Financial Services,Mid-Cap,4175682,NMS
MOD,Modine Manufacturing Company,Consumer Cyclical,Large-Cap,1545466,NYQ
JAN,"Janus Living, Inc.",Real Estate,Mid-Cap,1666943,NYQ
MP,MP Materials Corp.,Basic Materials,Mid-Cap,5830645,NYQ
XP,XP Inc.,Financial Services,Large-Cap,5333501,NMS
RGEN,Repligen Corporation,Healthcare,Mid-Cap,1130396,NMS
HUT,Hut 8 Corp.,Financial Services,Large-Cap,4549850,NMS
PTGX,"Protagonist Therapeutics, Inc.",Healthcare,Mid-Cap,671550,NGM
HLI,"Houlihan Lokey, Inc.",Financial Services,Mid-Cap,854936,NYQ
OGE,OGE Energy Corp,Utilities,Mid-Cap,1393058,NYQ
WLK,Westlake Corporation,Basic Materials,Mid-Cap,1053846,NYQ
PATH,"UiPath, Inc.",Technology,Mid-Cap,68038074,NYQ
WYNN,"Wynn Resorts, Limited",Consumer Cyclical,Mid-Cap,1539493,NMS
APTV,Aptiv PLC,Consumer Cyclical,Mid-Cap,3770254,NYQ
KT,KT Corporation,Communication Services,Mid-Cap,1593253,NYQ
CTRE,"CareTrust REIT, Inc.",Real Estate,Mid-Cap,2693940,NYQ
GIL,"Gildan Activewear, Inc.",Consumer Cyclical,Mid-Cap,1646191,NYQ
SIRI,SiriusXM Holdings Inc.,Communication Services,Mid-Cap,4755141,NMS
KNTK,Kinetik Holdings Inc.,Energy,Mid-Cap,1045850,NYQ
ONON,On Holding AG,Consumer Cyclical,Mid-Cap,6188580,NYQ
LTH,"Life Time Group Holdings, Inc.",Consumer Cyclical,Mid-Cap,2918203,NYQ
KTOS,Kratos Defense & Security Solut,Industrials,Mid-Cap,4305508,NMS
PCOR,"Procore Technologies, Inc.",Technology,Mid-Cap,3320898,NYQ
GGB,Gerdau S.A.,Basic Materials,Mid-Cap,14631126,NYQ
TTEK,"Tetra Tech, Inc.",Industrials,Mid-Cap,3100777,NMS
VOYA,"Voya Financial, Inc.",Financial Services,Mid-Cap,1066259,NYQ
VSAT,"ViaSat, Inc.",Technology,Large-Cap,2461024,NMS
OSK,Oshkosh Corporation (Holding Co,Industrials,Mid-Cap,720169,NYQ
BAH,Booz Allen Hamilton Holding Cor,Industrials,Mid-Cap,2190480,NYQ
ARE,Alexandria Real Estate Equities,Real Estate,Mid-Cap,1905351,NYQ
RMBS,"Rambus, Inc.",Technology,Mid-Cap,2876677,NMS
PCVX,"Vaxcyte, Inc.",Healthcare,Mid-Cap,1302974,NMS
TTAN,"ServiceTitan, Inc.",Technology,Mid-Cap,1462562,NMS
SM,SM Energy Company,Energy,Mid-Cap,3828004,NYQ
ADC,Agree Realty Corporation,Real Estate,Mid-Cap,1305522,NYQ
CRNX,"Crinetics Pharmaceuticals, Inc.",Healthcare,Mid-Cap,4237126,NMS
JXN,Jackson Financial Inc.,Financial Services,Mid-Cap,620577,NYQ
OSCR,"Oscar Health, Inc.",Healthcare,Mid-Cap,5773546,NYQ
BRX,Brixmor Property Group Inc.,Real Estate,Mid-Cap,2335041,NYQ
SNAP,Snap Inc.,Communication Services,Mid-Cap,41040633,NYQ
CUBE,CubeSmart,Real Estate,Mid-Cap,2082103,NYQ
FPS,"Forgent Power Solutions, Inc.",Industrials,Mid-Cap,7614072,NYQ
QGEN,Qiagen N.V.,Healthcare,Mid-Cap,2904864,NYQ
PBF,PBF Energy Inc.,Energy,Mid-Cap,2945203,NYQ
YMM,Full Truck Alliance Co. Ltd.,Technology,Mid-Cap,7010279,NYQ
ALV,"Autoliv, Inc.",Consumer Cyclical,Mid-Cap,679961,NYQ
AAOI,"Applied Optoelectronics, Inc.",Technology,Mid-Cap,11276777,NGM
PCTY,Paylocity Holding Corporation,Technology,Mid-Cap,755046,NMS
VIAV,Viavi Solutions Inc.,Technology,Mid-Cap,6168575,NMS
DY,"Dycom Industries, Inc.",Industrials,Mid-Cap,600904,NYQ
AAL,"American Airlines Group, Inc.",Industrials,Mid-Cap,105643298,NMS
SFD,"Smithfield Foods, Inc.",Consumer Defensive,Mid-Cap,1382954,NMS
ACM,AECOM,Industrials,Mid-Cap,2057627,NYQ
NNN,"NNN REIT, Inc.",Real Estate,Mid-Cap,1521787,NYQ
KMX,CarMax Inc,Consumer Cyclical,Mid-Cap,2832893,NYQ
LGN,Legence Corp.,Industrials,Mid-Cap,1377761,NMS
FR,"First Industrial Realty Trust, ",Real Estate,Mid-Cap,1075556,NYQ
TGTX,"TG Therapeutics, Inc.",Healthcare,Mid-Cap,2465591,NCM
BRKR,Bruker Corporation,Healthcare,Mid-Cap,2197196,NMS
BVN,Buenaventura Mining Company Inc,Basic Materials,Mid-Cap,1143675,NYQ
PB,"Prosperity Bancshares, Inc.",Financial Services,Mid-Cap,1135206,NYQ
SBSW,D/B/A Sibanye-Stillwater Limite,Basic Materials,Mid-Cap,5472082,NYQ
RHP,"Ryman Hospitality Properties, I",Real Estate,Mid-Cap,732741,NYQ
REXR,"Rexford Industrial Realty, Inc.",Real Estate,Mid-Cap,2685782,NYQ
MHK,"Mohawk Industries, Inc.",Consumer Cyclical,Mid-Cap,871290,NYQ
AGCO,AGCO Corporation,Industrials,Mid-Cap,912677,NYQ
WAL,Western Alliance Bancorporation,Financial Services,Mid-Cap,1031585,NYQ
QRVO,"Qorvo, Inc.",Technology,Mid-Cap,1201700,NMS
IBRX,"ImmunityBio, Inc.",Healthcare,Mid-Cap,10193198,NMS
TWST,Twist Bioscience Corporation,Healthcare,Mid-Cap,1779775,NMS
COLB,"Columbia Banking System, Inc.",Financial Services,Mid-Cap,2990138,NMS
VIST,Vista Energy S.A.B. de C.V.,Energy,Mid-Cap,965214,NYQ
GME,GameStop Corporation,Consumer Cyclical,Mid-Cap,5569627,NYQ
PRMB,Primo Brands Corporation,Consumer Defensive,Mid-Cap,3668198,NYQ
LEA,Lear Corporation,Consumer Cyclical,Mid-Cap,648424,NYQ
HESM,Hess Midstream LP,Energy,Mid-Cap,1134448,NYQ
ESI,Element Solutions Inc.,Basic Materials,Mid-Cap,5103457,NYQ
TKR,Timken Company (The),Industrials,Mid-Cap,964612,NYQ
SNEX,StoneX Group Inc.,Financial Services,Mid-Cap,1255004,NMS
UGI,UGI Corporation,Utilities,Mid-Cap,1775514,NYQ
CBSH,"Commerce Bancshares, Inc.",Financial Services,Mid-Cap,1155330,NMS
VICR,Vicor Corporation,Technology,Mid-Cap,867104,NMS
CHRD,Chord Energy Corporation,Energy,Mid-Cap,799082,NMS
LNC,Lincoln National Corporation,Financial Services,Mid-Cap,1920669,NYQ
IMVT,"Immunovant, Inc.",Healthcare,Mid-Cap,1271174,NMS
CNM,"Core & Main, Inc.",Industrials,Mid-Cap,2351454,NYQ
SARO,"StandardAero, Inc.",Industrials,Mid-Cap,3640601,NYQ
HQY,"HealthEquity, Inc.",Healthcare,Mid-Cap,875577,NMS
EMN,Eastman Chemical Company,Basic Materials,Mid-Cap,1128755,NYQ
BROS,Dutch Bros Inc.,Consumer Cyclical,Mid-Cap,3746840,NYQ
AOS,A.O. Smith Corporation,Industrials,Mid-Cap,1678438,NYQ
SIMO,Silicon Motion Technology Corpo,Technology,Mid-Cap,986020,NMS
TXG,"10x Genomics, Inc.",Healthcare,Mid-Cap,3162774,NMS
NFG,National Fuel Gas Company,Energy,Mid-Cap,635790,NYQ
SSL,Sasol Ltd.,Basic Materials,Mid-Cap,1440025,NYQ
COMP,"Compass, Inc.",Real Estate,Mid-Cap,12884995,NYQ
ALKS,Alkermes plc,Healthcare,Mid-Cap,1929658,NMS
MOS,Mosaic Company (The),Basic Materials,Mid-Cap,8739377,NYQ
RUSHA,"Rush Enterprises, Inc.",Consumer Cyclical,Mid-Cap,749281,NMS
ZETA,Zeta Global Holdings Corp.,Technology,Mid-Cap,8843616,NYQ
IDA,"IDACORP, Inc.",Utilities,Mid-Cap,550490,NYQ
LEVI,Levi Strauss & Co,Consumer Cyclical,Mid-Cap,2561604,NYQ
BZ,KANZHUN LIMITED - American Depo,Communication Services,Mid-Cap,4597871,NMS
SOBO,South Bow Corporation,Energy,Mid-Cap,735979,NYQ
FIGR,"Figure Technology Solutions, In",Financial Services,Mid-Cap,4093650,NMS
ZG,"Zillow Group, Inc.",Communication Services,Mid-Cap,1269767,NMS
SYRE,"Spyre Therapeutics, Inc.",Healthcare,Mid-Cap,1322509,NMS
CELH,"Celsius Holdings, Inc.",Consumer Defensive,Mid-Cap,9787358,NCM
CWEN,"Clearway Energy, Inc.",Utilities,Mid-Cap,1342524,NYQ
ZWS,Zurn Elkay Water Solutions Corp,Industrials,Mid-Cap,960332,NYQ
CEF,"""Sprott Physical Gold and Silve",N/A,Mid-Cap,723542,ASE
GAP,"Gap, Inc. (The)",Consumer Cyclical,Mid-Cap,7637082,NYQ
CAG,"ConAgra Brands, Inc.",Consumer Defensive,Mid-Cap,16335700,NYQ
NOV,NOV Inc.,Energy,Mid-Cap,3744729,NYQ
GTLB,GitLab Inc.,Technology,Mid-Cap,5054672,NMS
SFM,"Sprouts Farmers Market, Inc.",Consumer Defensive,Mid-Cap,2000650,NMS
CBC,"Central Bancompany, Inc.",Financial Services,Mid-Cap,752951,NMS
CAE,CAE Inc,Industrials,Mid-Cap,696446,NMS
AXTA,Axalta Coating Systems Ltd.,Basic Materials,Mid-Cap,1771379,NYQ
ETSY,"Etsy, Inc.",Consumer Cyclical,Mid-Cap,2916383,NYQ
SSRM,SSR Mining Inc.,Basic Materials,Mid-Cap,3205746,NMS
FAF,First American Corporation (New,Financial Services,Mid-Cap,860173,NYQ
FORM,"FormFactor, Inc.",Technology,Mid-Cap,1544261,NMS
DBX,"Dropbox, Inc.",Technology,Mid-Cap,3948020,NMS
TAP,Molson Coors Beverage Company,Consumer Defensive,Mid-Cap,3053687,NYQ
FLR,Fluor Corporation,Industrials,Mid-Cap,2582154,NYQ
GGAL,Grupo Financiero Galicia S.A.,Financial Services,Mid-Cap,1021012,NCM
VLY,Valley National Bancorp,Financial Services,Mid-Cap,6786470,NMS
NE,Noble Corporation plc A,Energy,Mid-Cap,1506504,NYQ
STAG,"Stag Industrial, Inc.",Real Estate,Mid-Cap,1632976,NYQ
KEX,Kirby Corporation,Industrials,Mid-Cap,560858,NYQ
PPC,Pilgrim's Pride Corporation,Consumer Defensive,Mid-Cap,1604322,NMS
UGP,Ultrapar Participacoes S.A. (Ne,Energy,Mid-Cap,3584777,NYQ
DUOL,"Duolingo, Inc.",Technology,Mid-Cap,1317056,NMS
WULF,TeraWulf Inc.,Financial Services,Mid-Cap,32978658,NCM
HNGE,"Hinge Health, Inc.",Healthcare,Mid-Cap,1988028,NYQ
MTDR,Matador Resources Company,Energy,Mid-Cap,1936074,NYQ
AVAV,"AeroVironment, Inc.",Industrials,Mid-Cap,1608288,NMS
LW,"Lamb Weston Holdings, Inc.",Consumer Defensive,Mid-Cap,1586879,NYQ
VNO,Vornado Realty Trust,Real Estate,Mid-Cap,1596183,NYQ
AXS,Axis Capital Holdings Limited,Financial Services,Mid-Cap,699106,NYQ
AVT,"Avnet, Inc.",Technology,Mid-Cap,1237880,NMS
TRNO,Terreno Realty Corporation,Real Estate,Mid-Cap,884132,NYQ
RYTM,"Rhythm Pharmaceuticals, Inc.",Healthcare,Mid-Cap,758868,NGM
S,"SentinelOne, Inc.",Technology,Mid-Cap,7311052,NYQ
OKLO,Oklo Inc.,Utilities,Mid-Cap,9552879,NYQ
CAVA,"CAVA Group, Inc.",Consumer Cyclical,Mid-Cap,3234788,NYQ
ACA,"Arcosa, Inc.",Industrials,Mid-Cap,778454,NYQ
NCLH,Norwegian Cruise Line Holdings ,Consumer Cyclical,Mid-Cap,15861782,NYQ
CPB,The Campbell's Company,Consumer Defensive,Mid-Cap,8294269,NMS
MBLY,Mobileye Global Inc.,Consumer Cyclical,Mid-Cap,6123050,NMS
OMF,"OneMain Holdings, Inc.",Financial Services,Mid-Cap,1023982,NYQ
PDI,PIMCO Dynamic Income Fund,Financial Services,Mid-Cap,3070672,NYQ
HXL,Hexcel Corporation,Industrials,Mid-Cap,969288,NYQ
CAI,"Caris Life Sciences, Inc.",Healthcare,Mid-Cap,4282233,NMS
NAVN,"Navan, Inc.",Technology,Mid-Cap,3952059,NMS
FSS,Federal Signal Corporation,Industrials,Mid-Cap,516953,NYQ
VCTR,"Victory Capital Holdings, Inc. ",Financial Services,Mid-Cap,543443,NMS
MAC,Macerich Company (The),Real Estate,Mid-Cap,3569664,NYQ
BTG,B2Gold Corp,Basic Materials,Mid-Cap,25820567,ASE
DSGX,The Descartes Systems Group Inc,Technology,Mid-Cap,551415,NMS
APLD,Applied Digital Corporation,Technology,Mid-Cap,19079658,NMS
PL,Planet Labs PBC,Industrials,Mid-Cap,9964367,NYQ
SGHC,Super Group (SGHC) Limited,Consumer Cyclical,Mid-Cap,2854601,NYQ
TEX,Terex Corporation,Industrials,Mid-Cap,1325311,NYQ
TAL,TAL Education Group,Consumer Defensive,Mid-Cap,4510717,NYQ
WFRD,Weatherford International plc,Energy,Mid-Cap,1253395,NMS
SRRK,Scholar Rock Holding Corporatio,Healthcare,Mid-Cap,1312856,NMS
TFPM,Triple Flag Precious Metals Cor,Basic Materials,Mid-Cap,653008,NYQ
RIOT,"Riot Platforms, Inc.",Financial Services,Mid-Cap,18516346,NCM
BLDR,"Builders FirstSource, Inc.",Industrials,Mid-Cap,2232446,NYQ
HR,Healthcare Realty Trust Incorpo,Real Estate,Mid-Cap,3866687,NYQ
PACS,"PACS Group, Inc.",Healthcare,Mid-Cap,874561,NYQ
OR,OR Royalties Inc.,Basic Materials,Mid-Cap,1089975,NYQ
RAL,Ralliant Corporation,Technology,Mid-Cap,1561841,NYQ
AUGO,Aura Minerals Inc.,Basic Materials,Mid-Cap,1024290,NMS
MGY,Magnolia Oil & Gas Corporation,Energy,Mid-Cap,4445914,NYQ
RIG,Transocean Ltd (Switzerland),Energy,Mid-Cap,39350238,NYQ
HIMS,"Hims & Hers Health, Inc.",Healthcare,Mid-Cap,15095038,NYQ
NXE,Nexgen Energy Ltd.,Energy,Mid-Cap,5262816,NYQ
URBN,"Urban Outfitters, Inc.",Consumer Cyclical,Mid-Cap,1178564,NMS
CGON,"CG Oncology, Inc.",Healthcare,Mid-Cap,965906,NMS
VSXY,Victorias Secret & Co.,Consumer Cyclical,Mid-Cap,1814225,NYQ
PAGP,"Plains GP Holdings, L.P.",Energy,Mid-Cap,1500129,NMS
POOL,Pool Corporation,Industrials,Mid-Cap,909030,NMS
BILI,Bilibili Inc.,Communication Services,Mid-Cap,2485988,NMS
CLF,Cleveland-Cliffs Inc.,Basic Materials,Mid-Cap,20417833,NYQ
JOBY,"Joby Aviation, Inc.",Industrials,Mid-Cap,38965987,NYQ
LNTH,"Lantheus Holdings, Inc.",Healthcare,Mid-Cap,1344059,NGM
ORA,"Ormat Technologies, Inc.",Utilities,Mid-Cap,841938,NYQ
INGR,Ingredion Incorporated,Consumer Defensive,Mid-Cap,810272,NYQ
ALGM,"Allegro MicroSystems, Inc.",Technology,Mid-Cap,2756653,NMS
DOX,Amdocs Limited,Technology,Mid-Cap,1401533,NMS
EPRT,Essential Properties Realty Tru,Real Estate,Mid-Cap,1808161,NYQ
LUMN,"Lumen Technologies, Inc.",Communication Services,Mid-Cap,13217377,NYQ
ENS,EnerSys,Industrials,Mid-Cap,554275,NYQ
SWX,"Southwest Gas Holdings, Inc.",Utilities,Mid-Cap,521432,NYQ
WEX,WEX Inc.,Technology,Mid-Cap,684640,NYQ
TTD,"The Trade Desk, Inc.",Communication Services,Mid-Cap,21944930,NGM
LOAR,Loar Holdings Inc.,Industrials,Mid-Cap,718153,NYQ
INGM,Ingram Micro Holding Corporatio,Technology,Mid-Cap,1191848,NYQ
STEP,StepStone Group Inc.,Financial Services,Mid-Cap,1392711,NMS
MBGL,Mobility Global Inc.,Technology,Mid-Cap,7881910,NYQ
MMED,"MiniMed Group, Inc.",Healthcare,Mid-Cap,1385509,NMS
FNB,F.N.B. Corporation,Financial Services,Mid-Cap,4789546,NYQ
G,Genpact Limited,Technology,Mid-Cap,2453988,NYQ
UBSI,"United Bankshares, Inc.",Financial Services,Mid-Cap,986703,NMS
LYFT,"Lyft, Inc.",Technology,Mid-Cap,11853533,NMS
HRB,"H&R Block, Inc.",Consumer Cyclical,Mid-Cap,2183044,NYQ
MTG,MGIC Investment Corporation,Financial Services,Mid-Cap,1764820,NYQ
NICE,NICE Ltd,Technology,Mid-Cap,593241,NMS
POWL,"Powell Industries, Inc.",Industrials,Mid-Cap,742050,NMS
RSI,"Rush Street Interactive, Inc.",Consumer Cyclical,Mid-Cap,2852662,NYQ
VIPS,Vipshop Holdings Limited,Consumer Cyclical,Mid-Cap,2538709,NYQ
ELF,"e.l.f. Beauty, Inc.",Consumer Defensive,Mid-Cap,2780682,NYQ
GTES,Gates Industrial Corporation Lt,Industrials,Mid-Cap,1937082,NYQ
ANF,Abercrombie & Fitch Company,Consumer Cyclical,Mid-Cap,1533111,NYQ
GDS,GDS Holdings Limited,Technology,Mid-Cap,1985652,NGM
DPC,DPC Holdings PLC,Industrials,Mid-Cap,1629976,NYQ
GLBE,Global-E Online Ltd.,Consumer Cyclical,Mid-Cap,1539072,NMS
AAON,"AAON, Inc.",Industrials,Mid-Cap,1090324,NMS
TVTX,"Travere Therapeutics, Inc.",Healthcare,Mid-Cap,1754460,NGM
LKQ,LKQ Corporation,Consumer Cyclical,Mid-Cap,3120966,NMS
QLYS,"Qualys, Inc.",Technology,Mid-Cap,765301,NMS
KVYO,"Klaviyo, Inc. Series A",Technology,Mid-Cap,5819633,NYQ
VAL,Valaris Limited,Energy,Mid-Cap,988483,NYQ
KNSA,Kiniksa Pharmaceuticals Interna,Healthcare,Mid-Cap,732330,NMS
AMRX,"Amneal Pharmaceuticals, Inc.",Healthcare,Mid-Cap,2008993,NMS
RYN,Rayonier Inc. REIT,Real Estate,Mid-Cap,2839687,NYQ
QBTS,D-Wave Quantum Inc.,Technology,Mid-Cap,20507304,NMS
ESNT,Essent Group Ltd.,Financial Services,Mid-Cap,724195,NYQ
ORKA,"Oruka Therapeutics, Inc.",Healthcare,Mid-Cap,1186635,NGM
JBTM,JBT Marel Corporation,Industrials,Mid-Cap,579453,NYQ
CHDN,"Churchill Downs, Incorporated",Consumer Cyclical,Mid-Cap,1017282,NMS
CIFR,Cipher Digital Inc.,Technology,Mid-Cap,29514059,NMS
KGS,"Kodiak Gas Services, Inc.",Energy,Mid-Cap,1822840,NYQ
CZR,"Caesars Entertainment, Inc.",Consumer Cyclical,Mid-Cap,4116167,NMS
TBBB,BBB Foods Inc.,Consumer Defensive,Mid-Cap,677320,NYQ
ACI,"Albertsons Companies, Inc.",Consumer Defensive,Mid-Cap,8529077,NYQ
MIRM,"Mirum Pharmaceuticals, Inc.",Healthcare,Mid-Cap,779412,NGM
PEGA,Pegasystems Inc.,Technology,Mid-Cap,2681285,NMS
EPAM,"EPAM Systems, Inc.",Technology,Mid-Cap,1613948,NYQ
ENIC,Enel Chile S.A.,Utilities,Mid-Cap,597475,NYQ
COGT,"Cogent Biosciences, Inc.",Healthcare,Mid-Cap,2311687,NMS
DNTH,"Dianthus Therapeutics, Inc.",Healthcare,Mid-Cap,1030614,NCM
LQDA,Liquidia Corporation,Healthcare,Mid-Cap,1829780,NCM
TXNM,"TXNM Energy, Inc.",Utilities,Mid-Cap,1443406,NYQ
ERAS,"Erasca, Inc.",Healthcare,Mid-Cap,4602125,NMS
ST,Sensata Technologies Holding pl,Technology,Mid-Cap,1660803,NYQ
TFX,Teleflex Incorporated,Healthcare,Mid-Cap,525943,NYQ
GBCI,"Glacier Bancorp, Inc.",Financial Services,Mid-Cap,1178370,NYQ
RDNT,"RadNet, Inc.",Healthcare,Mid-Cap,826809,NGM
CIG,Comp En De Mn Cemig,Utilities,Mid-Cap,5865480,NYQ
STWD,"STARWOOD PROPERTY TRUST, INC. S",Real Estate,Mid-Cap,4003290,NYQ
PTCT,"PTC Therapeutics, Inc.",Healthcare,Mid-Cap,1647077,NMS
CWST,"Casella Waste Systems, Inc.",Industrials,Mid-Cap,631293,NMS
HWC,Hancock Whitney Corporation,Financial Services,Mid-Cap,860100,NMS
YOU,"Clear Secure, Inc.",Technology,Mid-Cap,1568675,NYQ
FRVO,Fervo Energy Company,Utilities,Mid-Cap,4099901,NMS
SNDR,"Schneider National, Inc.",Industrials,Mid-Cap,878072,NYQ
RNG,"Ringcentral, Inc.",Technology,Mid-Cap,1868037,NYQ
HOMB,"Home BancShares, Inc.",Financial Services,Mid-Cap,1770195,NYQ
BEPC,Brookfield Renewable Corporatio,Utilities,Mid-Cap,1661538,NYQ
VIRT,"Virtu Financial, Inc.",Financial Services,Mid-Cap,1351711,NYQ
XENE,Xenon Pharmaceuticals Inc.,Healthcare,Mid-Cap,1157396,NGM
RLI,RLI Corp.,Financial Services,Mid-Cap,838485,NYQ
UEC,Uranium Energy Corp.,Energy,Mid-Cap,9587345,ASE
ECG,"Everus Construction Group, Inc.",Industrials,Mid-Cap,607661,NYQ
BXSL,Blackstone Secured Lending Fund,Financial Services,Mid-Cap,1620323,NYQ
OTEX,Open Text Corporation,Technology,Mid-Cap,1800769,NMS
BGC,"BGC Group, Inc.",Financial Services,Mid-Cap,3101798,NMS
DLB,Dolby Laboratories,Industrials,Mid-Cap,950687,NYQ
POR,Portland General Electric Co,Utilities,Mid-Cap,1128251,NYQ
M,Macy's Inc,Consumer Cyclical,Mid-Cap,5447804,NYQ
MKTX,"MarketAxess Holdings, Inc.",Financial Services,Mid-Cap,1040223,NMS
EXLS,"ExlService Holdings, Inc.",Technology,Mid-Cap,2545374,NMS
HLNE,Hamilton Lane Incorporated,Financial Services,Mid-Cap,801796,NMS
NTSK,"Netskope, Inc.",Technology,Mid-Cap,5606164,NMS
RRR,"Red Rock Resorts, Inc.",Consumer Cyclical,Mid-Cap,755037,NMS
AUB,Atlantic Union Bankshares Corpo,Financial Services,Mid-Cap,1083325,NYQ
ASB,Associated Banc-Corp,Financial Services,Mid-Cap,1980209,NYQ
OBDC,Blue Owl Capital Corporation,Financial Services,Mid-Cap,3768161,NYQ
ROAD,"Construction Partners, Inc.",Industrials,Mid-Cap,911460,NMS
HCC,"Warrior Met Coal, Inc.",Basic Materials,Mid-Cap,667009,NYQ
BIRK,Birkenstock Holding plc,Consumer Cyclical,Mid-Cap,2325119,NYQ
VSNT,"Versant Media Group, Inc.",Communication Services,Mid-Cap,1875211,NMS
AROC,"Archrock, Inc.",Energy,Mid-Cap,1958061,NYQ
BYD,Boyd Gaming Corporation,Consumer Cyclical,Mid-Cap,937137,NYQ
NIQ,NIQ Global Intelligence plc,N/A,Mid-Cap,1579991,NYQ
CNX,CNX Resources Corporation,Energy,Mid-Cap,1727585,NYQ
CROX,"Crocs, Inc.",Consumer Cyclical,Mid-Cap,1062058,NMS
KRMN,Karman Holdings Inc.,Industrials,Mid-Cap,3279812,NYQ
RITM,Rithm Capital Corp.,Real Estate,Mid-Cap,5348930,NYQ
CRGY,Crescent Energy Company,Energy,Mid-Cap,5883667,NYQ
BKH,Black Hills Corporation,Utilities,Mid-Cap,894477,NYQ
PECO,"Phillips Edison & Company, Inc.",Real Estate,Mid-Cap,984572,NMS
RELY,"Remitly Global, Inc.",Technology,Mid-Cap,3641661,NMS
NJR,NewJersey Resources Corporation,Utilities,Mid-Cap,678033,NYQ
CRSP,CRISPR Therapeutics AG,Healthcare,Mid-Cap,1591096,NGM
FTDR,"frontdoor, inc.",Consumer Cyclical,Mid-Cap,576012,NMS
CRUS,"Cirrus Logic, Inc.",Technology,Mid-Cap,722675,NMS
FLG,"Flagstar Bank, N.A.",Financial Services,Mid-Cap,4734451,NYQ
MAIN,Main Street Capital Corporation,Financial Services,Mid-Cap,608479,NYQ
SIGI,"Selective Insurance Group, Inc.",Financial Services,Mid-Cap,529162,NMS
MMSI,"Merit Medical Systems, Inc.",Healthcare,Mid-Cap,892232,NMS
CAKE,The Cheesecake Factory Incorpor,Consumer Cyclical,Mid-Cap,1671024,NMS
CVLT,"Commvault Systems, Inc.",Technology,Mid-Cap,726748,NMS
KLAR,Klarna Group plc,Financial Services,Mid-Cap,5605941,NYQ
MUR,Murphy Oil Corporation,Energy,Mid-Cap,1777093,NYQ
CMBT,CMB.TECH NV,Energy,Mid-Cap,1049240,NYQ
PIPR,Piper Sandler Companies,Financial Services,Mid-Cap,580687,NYQ
WPP,WPP plc,Communication Services,Mid-Cap,504861,NYQ
SON,Sonoco Products Company,Consumer Cyclical,Mid-Cap,1141932,NYQ
KRG,Kite Realty Group Trust,Real Estate,Mid-Cap,2575293,NYQ
ADT,ADT Inc.,Industrials,Mid-Cap,8034204,NYQ
GLNG,Golar LNG Limited,Energy,Mid-Cap,1237798,NMS
OTF,Blue Owl Technology Finance Cor,Financial Services,Mid-Cap,2592204,NYQ
SBRA,"Sabra Health Care REIT, Inc.",Real Estate,Mid-Cap,2980932,NMS
SHC,Sotera Health Company,Healthcare,Mid-Cap,2782251,NMS
SAIC,Science Applications Internatio,Technology,Mid-Cap,516440,NMS
GXO,"GXO Logistics, Inc.",Industrials,Mid-Cap,1410856,NYQ
XE,"X-Energy, Inc.",Industrials,Mid-Cap,5425022,NMS
WH,"Wyndham Hotels & Resorts, Inc.",Consumer Cyclical,Mid-Cap,1357704,NYQ
GRFS,"Grifols, S.A.",Healthcare,Mid-Cap,623630,NMS
MMYT,MakeMyTrip Limited,Consumer Cyclical,Mid-Cap,897791,NMS
OZK,Bank OZK,Financial Services,Mid-Cap,1175252,NMS
XMTR,"Xometry, Inc.",Industrials,Mid-Cap,720438,NMS
GVA,Granite Construction Incorporat,Industrials,Mid-Cap,848832,NYQ
OCTV,Octave Intelligence plc,Technology,Mid-Cap,1713519,NMS
OUT,OUTFRONT Media Inc.,Real Estate,Mid-Cap,1791626,NYQ
ACIW,"ACI Worldwide, Inc.",Technology,Mid-Cap,1047266,NMS
MXL,"MaxLinear, Inc",Technology,Mid-Cap,3360406,NMS
DFTX,"Definium Therapeutics, Inc.",Healthcare,Mid-Cap,2940142,NMS
LAUR,"Laureate Education, Inc.",Consumer Defensive,Mid-Cap,1162217,NMS
CORZ,"Core Scientific, Inc.",Technology,Mid-Cap,12249700,NMS
VFC,V.F. Corporation,Consumer Cyclical,Mid-Cap,7162038,NYQ
OII,"Oceaneering International, Inc.",Energy,Mid-Cap,1077051,NYQ
MIDD,The Middleby Corporation,Industrials,Mid-Cap,703305,NMS
FND,"Floor & Decor Holdings, Inc.",Consumer Cyclical,Mid-Cap,2554961,NYQ
HASI,HA Sustainable Infrastructure C,Financial Services,Mid-Cap,1034059,NYQ
FBIN,"Fortune Brands Innovations, Inc",Industrials,Mid-Cap,2577675,NYQ
ALM,Almonty Industries Inc.,Basic Materials,Mid-Cap,6441687,NCM
MC,Moelis & Company,Financial Services,Mid-Cap,904835,NYQ
CNO,"CNO Financial Group, Inc.",Financial Services,Mid-Cap,802174,NYQ
CNR,"Core Natural Resources, Inc.",Energy,Mid-Cap,597525,NYQ
MWH,"SOLV Energy, Inc.",Utilities,Mid-Cap,2024138,NMS
MRP,"Millrose Properties, Inc.",Real Estate,Mid-Cap,1374954,NYQ
BLSH,Bullish,Technology,Mid-Cap,1620416,NYQ
GTX,Garrett Motion Inc.,Consumer Cyclical,Mid-Cap,2624896,NMS
OGS,"ONE Gas, Inc.",Utilities,Mid-Cap,589633,NYQ
MRCY,Mercury Systems Inc,Industrials,Mid-Cap,743282,NMS
PSN,Parsons Corporation,Technology,Mid-Cap,1357683,NYQ
RGTI,"Rigetti Computing, Inc.",Technology,Mid-Cap,23764953,NCM
ACAD,ACADIA Pharmaceuticals Inc.,Healthcare,Mid-Cap,1644145,NMS
PRM,"Perimeter Solutions, SA",Basic Materials,Mid-Cap,1626017,NYQ
GBTG,"Global Business Travel Group, I",Consumer Cyclical,Mid-Cap,2062761,NYQ
IRDM,Iridium Communications Inc,Communication Services,Mid-Cap,2010653,NMS
WAY,Waystar Holding Corp.,Healthcare,Mid-Cap,2749558,NMS
INSW,"International Seaways, Inc.",Energy,Mid-Cap,560532,NYQ
WHD,"Cactus, Inc. Class A Common Sto",Energy,Mid-Cap,804208,NYQ
SEI,"Solaris Energy Infrastructure, ",Energy,Mid-Cap,2872811,NYQ
EBC,"Eastern Bankshares, Inc.",Financial Services,Mid-Cap,3275190,NMS
CAR,"Avis Budget Group, Inc.",Industrials,Mid-Cap,523345,NMS
AMTM,"Amentum Holdings, Inc.",Industrials,Mid-Cap,2113669,NYQ
CE,Celanese Corporation,Basic Materials,Mid-Cap,1741012,NYQ
TFSL,TFS Financial Corporation,Financial Services,Mid-Cap,904377,NMS
PTEN,"Patterson-UTI Energy, Inc.",Energy,Mid-Cap,9111112,NMS
SR,Spire Inc.,Utilities,Mid-Cap,563514,NYQ
ACMR,"ACM Research, Inc.",Technology,Mid-Cap,1293334,NGM
SLM,SLM Corporation,Financial Services,Mid-Cap,2694755,NMS
IEP,Icahn Enterprises L.P. - Deposi,Energy,Mid-Cap,997466,NMS
VRNS,"Varonis Systems, Inc.",Technology,Mid-Cap,2004711,NMS
REYN,Reynolds Consumer Products Inc.,Consumer Cyclical,Mid-Cap,1274823,NMS
TDW,Tidewater Inc.,Energy,Mid-Cap,728270,NYQ
SPHR,Sphere Entertainment Co.,Communication Services,Mid-Cap,731703,NYQ
BOX,"Box, Inc.",Technology,Mid-Cap,2778641,NYQ
PBLS,"Parabilis Medicines, Inc.",Healthcare,Mid-Cap,648068,NMS
LPX,Louisiana-Pacific Corporation,Industrials,Mid-Cap,1153698,NYQ
JMKE,Jersey Mike's Subs Inc.,Consumer Cyclical,Mid-Cap,4274530,NYQ
BULL,Webull Corporation,Technology,Mid-Cap,13062604,NCM
ATAT,Atour Lifestyle Holdings Limite,Consumer Cyclical,Mid-Cap,937014,NMS
LFST,"LifeStance Health Group, Inc.",Healthcare,Mid-Cap,3886754,NMS
CRC,California Resources Corporatio,Energy,Mid-Cap,815166,NYQ
BETA,"Beta Technologies, Inc.",Industrials,Mid-Cap,1660935,NYQ
CHEF,"The Chefs' Warehouse, Inc.",Consumer Defensive,Mid-Cap,647473,NMS
BC,Brunswick Corporation,Consumer Cyclical,Mid-Cap,696562,NYQ
BILL,"BILL Holdings, Inc.",Technology,Mid-Cap,2478629,NYQ
RDN,Radian Group Inc.,Financial Services,Mid-Cap,1196879,NYQ
MTN,"Vail Resorts, Inc.",Consumer Cyclical,Mid-Cap,725640,NYQ
CUZ,Cousins Properties Incorporated,Real Estate,Mid-Cap,1625712,NYQ
CENX,Century Aluminum Company,Basic Materials,Mid-Cap,2176970,NMS
DYN,"Dyne Therapeutics, Inc.",Healthcare,Mid-Cap,2237277,NMS
DOCS,"Doximity, Inc.",Healthcare,Mid-Cap,4693177,NYQ
HRI,Herc Holdings Inc.,Industrials,Mid-Cap,524903,NYQ
SKY,"Champion Homes, Inc.",Consumer Cyclical,Mid-Cap,729082,NYQ
FFIN,"First Financial Bankshares, Inc",Financial Services,Mid-Cap,848525,NMS
HAE,Haemonetics Corporation,Healthcare,Mid-Cap,832527,NYQ
GNTX,Gentex Corporation,Consumer Cyclical,Mid-Cap,2623217,NMS
KBR,"KBR, Inc.",Industrials,Mid-Cap,1576493,NYQ
MEOH,Methanex Corporation,Basic Materials,Mid-Cap,888027,NMS
ENPH,"Enphase Energy, Inc.",Technology,Mid-Cap,5274453,NGM
ESAB,ESAB Corporation,Industrials,Mid-Cap,769358,NYQ
CRK,"Comstock Resources, Inc.",Energy,Mid-Cap,2583971,NYQ
FHI,"Federated Hermes, Inc.",Financial Services,Mid-Cap,586556,NYQ
MDA,MDA Space Ltd.,Industrials,Mid-Cap,1579480,NYQ
HP,"Helmerich & Payne, Inc.",Energy,Mid-Cap,1291783,NYQ
EWTX,"Edgewise Therapeutics, Inc.",Healthcare,Mid-Cap,1322622,NMS
BB,BlackBerry Limited,Technology,Mid-Cap,21160980,NYQ
TPC,Tutor Perini Corporation,Industrials,Mid-Cap,715267,NYQ
BCO,Brinks Company (The),Industrials,Mid-Cap,504472,NYQ
SKT,Tanger Inc.,Real Estate,Mid-Cap,1027137,NYQ
BOOT,"Boot Barn Holdings, Inc.",Consumer Cyclical,Mid-Cap,679577,NYQ
BIPC,Brookfield Infrastructure Corpo,Utilities,Mid-Cap,1039830,NYQ
VSH,"Vishay Intertechnology, Inc.",Technology,Mid-Cap,6262080,NYQ
EPR,EPR Properties,Real Estate,Mid-Cap,691493,NYQ
ALK,"Alaska Air Group, Inc.",Industrials,Mid-Cap,2937809,NYQ
SFBS,"ServisFirst Bancshares, Inc.",Financial Services,Mid-Cap,592855,NYQ
RHI,Robert Half Inc.,Industrials,Mid-Cap,2305849,NYQ
CHH,"Choice Hotels International, In",Consumer Cyclical,Mid-Cap,581108,NYQ
NP,Neptune Insurance Holdings Inc.,Financial Services,Mid-Cap,728326,NYQ
PAY,"Paymentus Holdings, Inc.",Technology,Mid-Cap,1277812,NYQ
BNL,"Broadstone Net Lease, Inc.",Real Estate,Mid-Cap,2093741,NYQ
MTH,Meritage Homes Corporation,Consumer Cyclical,Mid-Cap,859433,NYQ
DK,"Delek US Holdings, Inc.",Energy,Mid-Cap,1364022,NYQ
CLMT,"Calumet, Inc",Basic Materials,Mid-Cap,1113435,NMS
FULT,Fulton Financial Corporation,Financial Services,Mid-Cap,1884175,NMS
ALH,Alliance Laundry Holdings Inc.,Consumer Cyclical,Mid-Cap,1072226,NYQ
TREX,"Trex Company, Inc.",Industrials,Mid-Cap,1986500,NYQ
CELC,Celcuity Inc.,Healthcare,Mid-Cap,1276051,NCM
BLLN,"BillionToOne, Inc.",Healthcare,Mid-Cap,732755,NMS
HTFL,"Heartflow, Inc.",Healthcare,Mid-Cap,1823860,NMS
LIVN,LivaNova PLC,Healthcare,Mid-Cap,705940,NMS
SLGN,Silgan Holdings Inc.,Consumer Cyclical,Mid-Cap,1203703,NYQ
OLLI,Ollie's Bargain Outlet Holdings,Consumer Defensive,Mid-Cap,1985938,NGM
TKC,Turkcell Iletisim Hizmetleri AS,Communication Services,Mid-Cap,2294459,NYQ
AQN,Algonquin Power & Utilities Cor,Utilities,Mid-Cap,3971795,NYQ
KFY,Korn Ferry,Industrials,Mid-Cap,505998,NYQ
CON,Concentra Group Holdings Parent,Healthcare,Mid-Cap,956511,NYQ
BDC,Belden Inc,Technology,Mid-Cap,522207,NYQ
DLO,DLocal Limited,Technology,Mid-Cap,2594658,NMS
HAFN,Hafnia Limited,Industrials,Mid-Cap,1477349,NYQ
NVST,Envista Holdings Corporation,Healthcare,Mid-Cap,2698122,NYQ
CVI,CVR Energy Inc.,Energy,Mid-Cap,1015404,NYQ
ACHR,Archer Aviation Inc.,Industrials,Mid-Cap,36935703,NYQ
CGAU,Centerra Gold Inc.,Basic Materials,Mid-Cap,1651841,NYQ
VNT,Vontier Corporation,Technology,Mid-Cap,1590156,NYQ
ARX,Accelerant Holdings,Financial Services,Mid-Cap,3773425,NYQ
CCC,CCC Intelligent Solutions Holdi,Technology,Mid-Cap,9835253,NMS
OPLN,"OPENLANE, Inc.",Consumer Cyclical,Mid-Cap,1211912,NYQ
ITGR,Integer Holdings Corporation,Healthcare,Mid-Cap,892025,NYQ
DAVE,Dave Inc.,Technology,Mid-Cap,506165,NGM
SITE,"SiteOne Landscape Supply, Inc.",Industrials,Mid-Cap,810895,NYQ
COLD,"Americold Realty Trust, Inc.",Real Estate,Mid-Cap,4044008,NYQ
EQPT,EquipmentShare.com Inc,Industrials,Mid-Cap,2856579,NMS
KRC,Kilroy Realty Corporation,Real Estate,Mid-Cap,1341758,NYQ
USAR,"USA Rare Earth, Inc.",Basic Materials,Mid-Cap,12440754,NGM
ELVN,"Enliven Therapeutics, Inc.",Healthcare,Mid-Cap,1420760,NMS
RUM,RUM Group Inc.,Communication Services,Mid-Cap,3480803,NGM
MIAX,"Miami International Holdings, I",Financial Services,Mid-Cap,1857117,NYQ
FBP,First BanCorp. New,Financial Services,Mid-Cap,1481800,NYQ
WK,Workiva Inc.,Technology,Mid-Cap,889682,NYQ
SLG,SL Green Realty Corp,Real Estate,Mid-Cap,1053152,NYQ
MDU,"MDU Resources Group, Inc.",Utilities,Mid-Cap,1517025,NYQ
LAZ,"Lazard, Inc.",Financial Services,Mid-Cap,2168971,NYQ
MAT,"Mattel, Inc.",Consumer Cyclical,Mid-Cap,4333391,NMS
CBT,Cabot Corporation,Basic Materials,Mid-Cap,510846,NYQ
LEGN,Legend Biotech Corporation,Healthcare,Mid-Cap,2433919,NMS
CECO,CECO Environmental Corp.,Industrials,Mid-Cap,875209,NMS
ITRI,"Itron, Inc.",Technology,Mid-Cap,767103,NMS
MANE,"Veradermics, Incorporated",Healthcare,Mid-Cap,723053,NYQ
TCBI,"Texas Capital Bancshares, Inc.",Financial Services,Mid-Cap,504391,NMS
CDP,COPT Defense Properties,Real Estate,Mid-Cap,954340,NYQ
KTB,"Kontoor Brands, Inc.",Consumer Cyclical,Mid-Cap,796900,NYQ
INDV,"Indivior Pharmaceuticals, Inc.",Healthcare,Mid-Cap,2044928,NMS
DNP,"DNP Select Income Fund, Inc.",Financial Services,Mid-Cap,630396,NYQ
UCB,"United Community Banks, Inc.",Financial Services,Mid-Cap,944140,NYQ
MNDY,monday.com Ltd.,Technology,Mid-Cap,1393603,NMS
RLAY,"Relay Therapeutics, Inc.",Healthcare,Mid-Cap,3061217,NGM
IRTC,"iRhythm Holdings, Inc.",Healthcare,Mid-Cap,598303,NMS
TNL,Travel   Leisure Co.,Consumer Cyclical,Mid-Cap,742396,NYQ
VVV,Valvoline Inc.,Consumer Cyclical,Mid-Cap,2114382,NYQ
KLIC,"Kulicke and Soffa Industries, I",Technology,Mid-Cap,1049206,NMS
WBI,WaterBridge Infrastructure LLC,Energy,Mid-Cap,1143311,NYQ
CNK,Cinemark Holdings Inc Cinemark ,Communication Services,Mid-Cap,2522467,NYQ
PTRN,Pattern Group Inc. - Series A,Consumer Cyclical,Mid-Cap,2053148,NMS
ONDS,Ondas Inc,Technology,Mid-Cap,81401980,NCM
DIOD,Diodes Incorporated,Technology,Mid-Cap,624100,NMS
QTWO,"Q2 Holdings, Inc.",Technology,Mid-Cap,806104,NYQ
PARR,"Par Pacific Holdings, Inc. Comm",Energy,Mid-Cap,971332,NYQ
UWMC,UWM Holdings Corporation,Financial Services,Mid-Cap,21573362,NYQ
MARA,"MARA Holdings, Inc.",Financial Services,Mid-Cap,46730901,NCM
GEO,Geo Group Inc (The) REIT,Industrials,Mid-Cap,2112508,NYQ
STNG,Scorpio Tankers Inc.,Energy,Mid-Cap,783543,NYQ
LMND,"Lemonade, Inc.",Financial Services,Mid-Cap,1402679,NYQ
BFH,"Bread Financial Holdings, Inc.",Financial Services,Mid-Cap,619587,NYQ
AVNT,Avient Corporation,Basic Materials,Mid-Cap,903784,NYQ
TENB,"Tenable Holdings, Inc.",Technology,Mid-Cap,3646658,NMS
PRIM,Primoris Services Corporation,Industrials,Mid-Cap,1799145,NYQ
ARIS,Aris Mining Corporation,Basic Materials,Mid-Cap,1568229,NYQ
IRT,"Independence Realty Trust, Inc.",Real Estate,Mid-Cap,2806732,NYQ
ADPT,Adaptive Biotechnologies Corpor,Healthcare,Mid-Cap,2918998,NMS
THO,"Thor Industries, Inc.",Consumer Cyclical,Mid-Cap,669567,NYQ
VKTX,"Viking Therapeutics, Inc.",Healthcare,Mid-Cap,2249658,NCM
AYA,Aya Gold & Silver Inc.,Basic Materials,Mid-Cap,766020,NMS
IDYA,"IDEAYA Biosciences, Inc.",Healthcare,Mid-Cap,1084454,NMS
CVBF,CVB Financial Corporation,Financial Services,Mid-Cap,1453075,NMS
SKE,Skeena Resources Limited,Basic Materials,Mid-Cap,801164,NYQ
MIR,"Mirion Technologies, Inc.",Industrials,Mid-Cap,4039861,NYQ
SEZL,Sezzle Inc.,Financial Services,Mid-Cap,692817,NCM
TDS,"Telephone and Data Systems, Inc",Communication Services,Mid-Cap,1126553,NYQ
PLNT,"Planet Fitness, Inc.",Consumer Cyclical,Mid-Cap,1907311,NYQ
WIX,Wix.com Ltd.,Technology,Mid-Cap,1608217,NMS
OLED,Universal Display Corporation,Technology,Mid-Cap,756545,NMS
ATMU,Atmus Filtration Technologies I,Consumer Cyclical,Mid-Cap,744227,NYQ
POST,"Post Holdings, Inc.",Consumer Defensive,Mid-Cap,922823,NYQ
WSBC,"WesBanco, Inc.",Financial Services,Mid-Cap,1326659,NMS
GNW,Genworth Financial Inc,Financial Services,Mid-Cap,2953524,NYQ
UUUU,Energy Fuels Inc,Energy,Mid-Cap,7857482,ASE
TNGX,"Tango Therapeutics, Inc.",Healthcare,Mid-Cap,3718303,NGM
SMR,NuScale Power Corporation,Industrials,Mid-Cap,32235647,NYQ
SYNA,Synaptics Incorporated,Technology,Mid-Cap,964548,NMS
BBWI,"Bath & Body Works, Inc.",Consumer Cyclical,Mid-Cap,5821493,NYQ
AMLX,"Amylyx Pharmaceuticals, Inc.",Healthcare,Mid-Cap,2494154,NMS
WT,"WisdomTree, Inc.",Financial Services,Mid-Cap,2825517,NYQ
DNLI,Denali Therapeutics Inc.,Healthcare,Mid-Cap,1650843,NMS
TAC,TransAlta Corporation,Utilities,Mid-Cap,1767503,NYQ
NMRK,"Newmark Group, Inc.",Real Estate,Mid-Cap,1387290,NMS
GPGI,"GPGI, Inc.",Industrials,Mid-Cap,1612184,NYQ
MWA,MUELLER WATER PRODUCTS,Industrials,Mid-Cap,1145524,NYQ
PFSI,"PennyMac Financial Services, In",Financial Services,Mid-Cap,565142,NYQ
APLE,"Apple Hospitality REIT, Inc.",Real Estate,Mid-Cap,2863023,NYQ
BRZE,"Braze, Inc.",Technology,Mid-Cap,2414038,NMS
CALM,"Cal-Maine Foods, Inc.",Consumer Defensive,Mid-Cap,901350,NMS
IOVA,"Iovance Biotherapeutics, Inc.",Healthcare,Mid-Cap,16312130,NGM
RCUS,"Arcus Biosciences, Inc.",Healthcare,Mid-Cap,1301717,NYQ
AXTI,AXT Inc,Technology,Mid-Cap,10302375,NMS
CSTM,Constellium SE,Basic Materials,Mid-Cap,1697896,NYQ
ERO,Ero Copper Corp.,Basic Materials,Mid-Cap,1322472,NYQ
RNST,Renasant Corporation,Financial Services,Mid-Cap,677631,NYQ
SRAD,Sportradar Group AG,Technology,Mid-Cap,2522093,NMS
OGN,Organon & Co.,Healthcare,Mid-Cap,2723067,NYQ
LBTYA,Liberty Global Ltd.,Communication Services,Mid-Cap,2226358,NMS
ABCL,AbCellera Biologics Inc.,Healthcare,Mid-Cap,7558333,NMS
LRN,"Stride, Inc.",Consumer Defensive,Mid-Cap,915036,NYQ
LXP,LXP Industrial Trust,Real Estate,Mid-Cap,718504,NYQ
WSC,WillScot Holdings Corporation,Industrials,Mid-Cap,2472125,NCM
NG,Novagold Resources Inc.,Basic Materials,Mid-Cap,5078845,ASE
GRAL,"GRAIL, Inc.",Healthcare,Mid-Cap,630383,NMS
BFAM,Bright Horizons Family Solution,Consumer Cyclical,Mid-Cap,850975,NYQ
BTU,Peabody Energy Corporation,Energy,Mid-Cap,2542079,NYQ
NHI,"National Health Investors, Inc.",Real Estate,Mid-Cap,568490,NYQ
OPCH,"Option Care Health, Inc.",Healthcare,Mid-Cap,2448929,NMS
FRSH,Freshworks Inc.,Technology,Mid-Cap,15287769,NMS
KNF,Knife Riv Holding Co.,Basic Materials,Mid-Cap,713779,NYQ
NESR,National Energy Services Reunit,Energy,Mid-Cap,2207514,NCM
FSM,Fortuna Mining Corp.,Basic Materials,Mid-Cap,5430538,NYQ
ZGN,Ermenegildo Zegna N.V.,Consumer Cyclical,Mid-Cap,1210209,NYQ
SBLK,Star Bulk Carriers Corp.,Industrials,Mid-Cap,1362296,NMS
PII,Polaris Inc.,Consumer Cyclical,Mid-Cap,839645,NYQ
BTE,Baytex Energy Corp,Energy,Mid-Cap,17374270,NYQ
VCYT,"Veracyte, Inc.",Healthcare,Mid-Cap,1334768,NGM
ASH,Ashland Inc.,Basic Materials,Mid-Cap,870235,NYQ
FLY,Firefly Aerospace Inc.,Industrials,Mid-Cap,4375591,NGM
FIBK,"First Interstate BancSystem, In",Financial Services,Mid-Cap,1082596,NMS
SMG,Scotts Miracle-Gro Company (The,Basic Materials,Mid-Cap,933840,NYQ
FA,First Advantage Corporation,Industrials,Mid-Cap,2177800,NMS
MCHB,Mechanics Bancorp,Financial Services,Mid-Cap,569782,NMS
NATL,NCR Atleos Corporation,Technology,Mid-Cap,666379,NYQ
HNI,HNI Corporation,Consumer Cyclical,Mid-Cap,660159,NYQ
LIF,"Life360, Inc.",Technology,Mid-Cap,787987,NMS
TRMD,TORM plc,Energy,Mid-Cap,717700,NMS
HIW,"Highwoods Properties, Inc.",Real Estate,Mid-Cap,1668006,NYQ
ACLS,"Axcelis Technologies, Inc.",Technology,Mid-Cap,505645,NMS
CURB,Curbline Properties Corp.,Real Estate,Mid-Cap,1421403,NYQ
FSK,FS KKR Capital Corp.,Financial Services,Mid-Cap,2416062,NYQ
FSLY,"Fastly, Inc.",Technology,Mid-Cap,5552307,NMS
FRPT,"Freshpet, Inc.",Consumer Defensive,Mid-Cap,1363670,NGM
EXPO,"Exponent, Inc.",Industrials,Mid-Cap,528841,NMS
COCO,"The Vita Coco Company, Inc.",Consumer Defensive,Mid-Cap,1103846,NMS
GPCR,Structure Therapeutics Inc.,Healthcare,Mid-Cap,746835,NGM
GBDC,"Golub Capital BDC, Inc.",Financial Services,Mid-Cap,1114048,NMS
FFBC,First Financial Bancorp.,Financial Services,Mid-Cap,969654,NMS
LIFE,Ethos Technologies Inc.,Financial Services,Mid-Cap,963748,NMS
NEA,N/A,Financial Services,Mid-Cap,816196,NYQ
QS,QuantumScape Corporation,Consumer Cyclical,Mid-Cap,22489988,NMS
LEU,Centrus Energy Corp.,Energy,Mid-Cap,752990,NYQ
NMIH,NMI Holdings Inc,Financial Services,Mid-Cap,523293,NGM
QURE,uniQure N.V.,Healthcare,Mid-Cap,1847574,NMS
HTGC,"Hercules Capital, Inc.",Financial Services,Mid-Cap,1507304,NYQ
RXO,"RXO, Inc.",Industrials,Mid-Cap,1893251,NYQ
XXI,"Twenty One Capital, Inc.",Consumer Defensive,Mid-Cap,1470712,NYQ
LPL,"LG Display Co, Ltd AMERICAN DEP",Technology,Mid-Cap,2916631,NYQ
LION,Lionsgate Studios Corp,N/A,Mid-Cap,2922139,NYQ
FOUR,"Shift4 Payments, Inc.",Technology,Mid-Cap,1712606,NYQ
LBRT,Liberty Energy Inc.,Energy,Mid-Cap,4362038,NYQ
MGNI,"Magnite, Inc.",Communication Services,Mid-Cap,2946601,NMS
IOND,Ionic Digital Inc.,Financial Services,Mid-Cap,878582,NMS
SA,"Seabridge Gold, Inc.",Basic Materials,Mid-Cap,774359,NYQ
ZIM,ZIM Integrated Shipping Service,Industrials,Mid-Cap,1408639,NYQ
TARS,"Tarsus Pharmaceuticals, Inc.",Healthcare,Mid-Cap,956390,NMS
INTA,"Intapp, Inc.",Technology,Mid-Cap,794659,NMS
VGNT,Versigent PLC,Consumer Cyclical,Mid-Cap,1209947,NYQ
KBH,KB Home,Consumer Cyclical,Mid-Cap,1147669,NYQ
SFNC,Simmons First National Corporat,Financial Services,Mid-Cap,1445547,NMS
SBCF,Seacoast Banking Corporation of,Financial Services,Mid-Cap,1015479,NMS
GPK,Graphic Packaging Holding Compa,Consumer Cyclical,Mid-Cap,4965806,NYQ
HGV,Hilton Grand Vacations Inc.,Consumer Cyclical,Mid-Cap,1166612,NYQ
DHT,"DHT Holdings, Inc.",Energy,Mid-Cap,3325243,NYQ
AAUC,Allied Gold Corporation,Basic Materials,Mid-Cap,711575,NYQ
BKU,"BankUnited, Inc.",Financial Services,Mid-Cap,901798,NYQ
CXW,"CoreCivic, Inc.",Industrials,Mid-Cap,1475033,NYQ
CWK,Cushman & Wakefield Ltd.,Real Estate,Mid-Cap,2026298,NYQ
ATKR,Atkore Inc.,Industrials,Mid-Cap,756409,NYQ
DX,"Dynex Capital, Inc.",Real Estate,Mid-Cap,5321033,NYQ
AVA,Avista Corporation,Utilities,Mid-Cap,718796,NYQ
LFTO,"Liftoff Mobile, Inc.",Communication Services,Mid-Cap,826456,NMS
ATRO,Astronics Corporation,Industrials,Mid-Cap,727593,NMS
DAN,Dana Incorporated,Consumer Cyclical,Mid-Cap,1714541,NYQ
TGB,Trekor Metals Limited,Basic Materials,Mid-Cap,5592969,ASE
CARG,"CarGurus, Inc.",Communication Services,Mid-Cap,1115777,NMS
EROC,"ERock, Inc.",Industrials,Mid-Cap,2609930,NYQ
BBAR,Banco BBVA Argentina S.A.,Financial Services,Mid-Cap,722393,NYQ
KC,Kingsoft Cloud Holdings Limited,Technology,Mid-Cap,1501609,NMS
SDRL,Seadrill Limited,Energy,Mid-Cap,795669,NYQ
CLDX,"Celldex Therapeutics, Inc.",Healthcare,Mid-Cap,1006067,NCM
FHB,"First Hawaiian, Inc.",Financial Services,Mid-Cap,2120090,NMS
SHOO,"Steven Madden, Ltd.",Consumer Cyclical,Mid-Cap,1061279,NMS
CWT,California Water Service Group,Utilities,Mid-Cap,532245,NYQ
EXK,Endeavour Silver Corporation,Basic Materials,Mid-Cap,7555243,NYQ
FG,"F&G Annuities & Life, Inc.",Financial Services,Mid-Cap,638567,NYQ
PONY,Pony AI Inc.,Technology,Mid-Cap,3816941,NMS
PK,Park Hotels & Resorts Inc.,Real Estate,Mid-Cap,4751412,NYQ
BHF,"Brighthouse Financial, Inc.",Financial Services,Mid-Cap,736850,NMS
IMNM,"Immunome, Inc.",Healthcare,Mid-Cap,1352427,NCM
AMBP,Ardagh Metal Packaging S.A.,Consumer Cyclical,Mid-Cap,2431938,NYQ
CSQR,"Csquare, Inc.",Technology,Mid-Cap,1527702,NYQ
SOUN,"SoundHound AI, Inc.",Technology,Mid-Cap,30269446,NGM
MMS,"Maximus, Inc.",Industrials,Mid-Cap,663522,NYQ
IRON,"Disc Medicine, Inc.",Healthcare,Mid-Cap,535395,NGM
XNDU,Xanadu Quantum Technologies Lim,Technology,Mid-Cap,1843854,NGM
KYIV,Kyivstar Group Ltd.,Communication Services,Mid-Cap,532709,NMS
BEAM,Beam Therapeutics Inc.,Healthcare,Mid-Cap,2069506,NMS
PFS,"Provident Financial Services, I",Financial Services,Mid-Cap,981046,NYQ
SPSC,"SPS Commerce, Inc.",Technology,Mid-Cap,634982,NMS
WING,Wingstop Inc.,Consumer Cyclical,Mid-Cap,1198174,NMS
DBRG,"DigitalBridge Group, Inc.",Financial Services,Mid-Cap,3352651,NYQ
CSAN,Cosan S.A.,Energy,Mid-Cap,1826174,NYQ
WRBY,Warby Parker Inc.,Healthcare,Mid-Cap,2966022,NYQ
PPTA,Perpetua Resources Corp.,Basic Materials,Mid-Cap,1443437,NCM
FRMI,Fermi Inc.,Real Estate,Mid-Cap,19889725,NMS
ARQT,"Arcutis Biotherapeutics, Inc.",Healthcare,Mid-Cap,1677895,NMS
CLBT,Cellebrite DI Ltd.,Technology,Mid-Cap,2742966,NMS
APAM,Artisan Partners Asset Manageme,Financial Services,Mid-Cap,870353,NYQ
AKR,Acadia Realty Trust,Real Estate,Mid-Cap,1653737,NYQ
OPEN,Opendoor Technologies Inc,Real Estate,Mid-Cap,56469175,NMS
CBZ,"CBIZ, Inc.",Industrials,Mid-Cap,1275616,NYQ
UCTT,"Ultra Clean Holdings, Inc.",Technology,Mid-Cap,1347163,NMS
BWIN,"The Baldwin Insurance Group, In",Financial Services,Mid-Cap,1462066,NMS
KN,Knowles Corporation,Technology,Mid-Cap,1021870,NYQ
AVAH,Aveanna Healthcare Holdings Inc,Healthcare,Mid-Cap,2689564,NMS
MBX,"MBX Biosciences, Inc.",Healthcare,Mid-Cap,746520,NMS
AMBA,"Ambarella, Inc.",Technology,Mid-Cap,1633658,NMS
UE,Urban Edge Properties,Real Estate,Mid-Cap,927176,NYQ
REZI,"Resideo Technologies, Inc.",Industrials,Mid-Cap,2428895,NYQ
DNN,Denison Mines Corp,Energy,Mid-Cap,25262296,ASE
NAMS,NewAmsterdam Pharma Company N.V,Healthcare,Mid-Cap,1072217,NGM
YETI,"YETI Holdings, Inc.",Consumer Cyclical,Mid-Cap,1455719,NYQ
COLM,Columbia Sportswear Company,Consumer Cyclical,Mid-Cap,618840,NMS
SHAK,"Shake Shack, Inc.",Consumer Cyclical,Mid-Cap,1764862,NYQ
HAYW,"Hayward Holdings, Inc.",Industrials,Mid-Cap,2612548,NYQ
FUL,H. B. Fuller Company,Basic Materials,Mid-Cap,756317,NYQ
APPN,Appian Corporation,Technology,Mid-Cap,831014,NGM
TALO,"Talos Energy, Inc.",Energy,Mid-Cap,1991817,NYQ
PLUG,"Plug Power, Inc.",Industrials,Mid-Cap,55074596,NCM
BANC,"Banc of California, Inc.",Financial Services,Mid-Cap,2941814,NYQ
DNOW,DNOW Inc.,Industrials,Mid-Cap,2661926,NYQ
AVPT,"AvePoint, Inc.",Technology,Mid-Cap,2223525,NMS
TMDX,"TransMedics Group, Inc.",Healthcare,Mid-Cap,942633,NGM
WTTR,"Select Water Solutions, Inc.",Energy,Mid-Cap,1741517,NYQ
INFQ,"Infleqtion, Inc.",Technology,Mid-Cap,11792370,NYQ
MAN,ManpowerGroup,Industrials,Mid-Cap,1254417,NYQ
MNSO,MINISO Group Holding Limited,Consumer Cyclical,Mid-Cap,792545,NYQ
NVTS,Navitas Semiconductor Corporati,Technology,Mid-Cap,17410112,NGM
IHS,IHS Holding Limited,Real Estate,Mid-Cap,1308075,NYQ
HOG,"Harley-Davidson, Inc.",Consumer Cyclical,Mid-Cap,2513351,NYQ
KD,"Kyndryl Holdings, Inc.",Technology,Mid-Cap,4204150,NYQ
EXTR,"Extreme Networks, Inc.",Technology,Mid-Cap,1914093,NMS
BKD,Brookdale Senior Living Inc.,Healthcare,Mid-Cap,5172719,NYQ
ALHC,"Alignment Healthcare, Inc.",Healthcare,Mid-Cap,5420127,NMS
CLSK,"CleanSpark, Inc.",Financial Services,Mid-Cap,21275672,NCM
ZLAB,Zai Lab Limited,Healthcare,Mid-Cap,998993,NGM
PPLI,People Incorporated,Communication Services,Mid-Cap,946722,NMS
CXT,"Crane NXT, Co.",Industrials,Mid-Cap,823401,NYQ
SPNT,SiriusPoint Ltd.,Financial Services,Mid-Cap,741569,NYQ
IMAX,Imax Corporation,Communication Services,Mid-Cap,1263251,NYQ
NOG,"Northern Oil and Gas, Inc.",Energy,Mid-Cap,2966746,NYQ
POWI,"Power Integrations, Inc.",Technology,Mid-Cap,862082,NMS
BTDR,Bitdeer Technologies Group,Technology,Mid-Cap,11995238,NCM
AEO,"American Eagle Outfitters, Inc.",Consumer Cyclical,Mid-Cap,4630553,NYQ
CALY,Callaway Golf Company,Consumer Cyclical,Mid-Cap,2056272,NYQ
JPC,Nuveen Preferred & Income Oppor,Financial Services,Mid-Cap,966661,NYQ
NTCT,"NetScout Systems, Inc.",Technology,Mid-Cap,627157,NMS
SLDE,"Slide Insurance Holdings, Inc.",Financial Services,Mid-Cap,1147961,NMS
FCPT,"Four Corners Property Trust, In",Real Estate,Mid-Cap,814320,NYQ
STDN,"Standard Nuclear, Inc.",Basic Materials,Mid-Cap,1168633,NYQ
ATAI,AtaiBeckley Inc.,Healthcare,Mid-Cap,12325641,NGM
ABM,ABM Industries Incorporated,Industrials,Mid-Cap,528939,NYQ
MRVI,"Maravai LifeSciences Holdings, ",Healthcare,Mid-Cap,3520777,NMS
BKV,BKV Corporation,Energy,Mid-Cap,895388,NYQ
UNFI,"United Natural Foods, Inc.",Consumer Defensive,Mid-Cap,627196,NYQ
GRND,Grindr Inc.,Technology,Mid-Cap,1653091,NYQ
NAD,Nuveen Quality Municipal Income,Financial Services,Mid-Cap,588240,NYQ
AXGN,"AxoGen, Inc.",Healthcare,Mid-Cap,1243274,NCM
RH,RH,Consumer Cyclical,Mid-Cap,830068,NYQ
VC,Visteon Corporation,Consumer Cyclical,Mid-Cap,539771,NMS
NRIX,"Nurix Therapeutics, Inc.",Healthcare,Mid-Cap,2020614,NGM
ADEA,Adeia Inc.,Technology,Mid-Cap,1393959,NMS
PRVA,"Privia Health Group, Inc.",Healthcare,Mid-Cap,1223650,NMS
SVM,Silvercorp Metals Inc.,Basic Materials,Mid-Cap,3166498,ASE
TDC,Teradata Corporation,Technology,Mid-Cap,3067437,NYQ
WLY,"John Wiley & Sons, Inc.",Communication Services,Mid-Cap,559698,NYQ
UPST,"Upstart Holdings, Inc.",Financial Services,Mid-Cap,4310941,NMS
ASO,"Academy Sports and Outdoors, In",Consumer Cyclical,Mid-Cap,1608912,NMS
ACHC,"Acadia Healthcare Company, Inc.",Healthcare,Mid-Cap,2688095,NMS
SLS,"SELLAS Life Sciences Group, Inc",Healthcare,Mid-Cap,8305791,NCM
VRDN,"Viridian Therapeutics, Inc.",Healthcare,Mid-Cap,1902231,NCM
PATK,"Patrick Industries, Inc.",Consumer Cyclical,Mid-Cap,615685,NMS
WAFD,"WaFd, Inc.",Financial Services,Mid-Cap,570279,NMS
NN,NextNav Inc.,Technology,Mid-Cap,2573720,NCM
VECO,Veeco Instruments Inc.,Technology,Mid-Cap,1203512,NMS
AAP,Advance Auto Parts Inc.,Consumer Cyclical,Mid-Cap,1943061,NYQ
ETOR,eToro Group Ltd.,Financial Services,Mid-Cap,994674,NMS
RDW,Redwire Corporation,Industrials,Mid-Cap,22077029,NYQ
BBT,Beacon Financial Corporation,Financial Services,Mid-Cap,821306,NYQ
SUPN,"Supernus Pharmaceuticals, Inc.",Healthcare,Mid-Cap,846209,NGM
TMC,TMC the metals company Inc.,Basic Materials,Mid-Cap,5580620,NMS
EEFT,"Euronet Worldwide, Inc.",Technology,Mid-Cap,686856,NMS
WGS,GeneDx Holdings Corp.,Healthcare,Mid-Cap,805775,NMS
ATHM,Autohome Inc.,Communication Services,Mid-Cap,836208,NYQ
RARE,Ultragenyx Pharmaceutical Inc.,Healthcare,Small-Cap,2859696,NMS
NEOG,Neogen Corporation,Healthcare,Mid-Cap,1956196,NMS
NWL,Newell Brands Inc.,Consumer Defensive,Mid-Cap,11058319,NMS
PAGS,PagSeguro Digital Ltd.,Technology,Mid-Cap,2978585,NYQ
IVT,InvenTrust Properties Corp.,Real Estate,Mid-Cap,990751,NYQ
CDNA,"CareDx, Inc.",Healthcare,Mid-Cap,1123079,NGM
FIVN,"Five9, Inc.",Technology,Mid-Cap,2658000,NGM
FIGS,"FIGS, Inc.",Consumer Cyclical,Mid-Cap,3016444,NYQ
DJT,Trump Media & Technology Group ,Communication Services,Mid-Cap,4666990,NGM
BCRX,"BioCryst Pharmaceuticals, Inc.",Healthcare,Mid-Cap,4289475,NMS
PTY,Pimco Corporate & Income Opport,Financial Services,Mid-Cap,1128741,NYQ
AEHR,Aehr Test Systems,Technology,Mid-Cap,2548609,NCM
PBH,Prestige Consumer Healthcare In,Healthcare,Mid-Cap,582874,NYQ
MH,"McGraw Hill, Inc.",Consumer Defensive,Mid-Cap,808798,NYQ
RNW,ReNew Energy Global plc,Utilities,Mid-Cap,2124766,NMS
ATRC,"AtriCure, Inc.",Healthcare,Mid-Cap,904870,NGM
EFXT,Enerflex Ltd,Energy,Mid-Cap,589298,NYQ
INTR,Inter & Co. Inc.,Financial Services,Mid-Cap,4976075,NMS
WHR,Whirlpool Corporation,Consumer Cyclical,Mid-Cap,2386085,NYQ
PGEN,"Precigen, Inc.",Healthcare,Mid-Cap,5184051,NMS
COTY,Coty Inc.,Consumer Defensive,Mid-Cap,11558353,NYQ
VERA,"Vera Therapeutics, Inc.",Healthcare,Mid-Cap,2117116,NGM
DRH,Diamondrock Hospitality Company,Real Estate,Mid-Cap,2476625,NMS
BUSE,First Busey Corporation,Financial Services,Mid-Cap,813527,NMS
BHC,Bausch Health Companies Inc.,Healthcare,Mid-Cap,3601827,NYQ
NKTR,Nektar Therapeutics,Healthcare,Mid-Cap,852598,NCM
VVX,"V2X, Inc.",Industrials,Mid-Cap,655196,NYQ
GSHD,"Goosehead Insurance, Inc.",Financial Services,Mid-Cap,507458,NMS
MPT,"Medical Properties Trust, Inc.",Real Estate,Mid-Cap,6939556,NYQ
PHVS,Pharvaris N.V.,Healthcare,Mid-Cap,515484,NMS
PAYO,Payoneer Global Inc.,Technology,Mid-Cap,6829867,NGM
PENG,"Penguin Solutions, Inc.",Technology,Mid-Cap,3171315,NMS
BHVN,Biohaven Ltd.,Healthcare,Mid-Cap,3020803,NYQ
OUST,"Ouster, Inc.",Technology,Mid-Cap,3854961,NMS
HRMY,"Harmony Biosciences Holdings, I",Healthcare,Mid-Cap,819109,NGM
STUB,"StubHub Holdings, Inc.",Communication Services,Mid-Cap,7274817,NYQ
NUVB,Nuvation Bio Inc.,Healthcare,Mid-Cap,6829454,NYQ
CALX,"Calix, Inc",Technology,Mid-Cap,1157054,NYQ
TRVI,"Trevi Therapeutics, Inc.",Healthcare,Mid-Cap,2179709,NGM
KOD,Kodiak Sciences Inc,Healthcare,Mid-Cap,677287,NGM
FLOC,Flowco Holdings Inc.,Energy,Mid-Cap,639766,NYQ
LUNR,"Intuitive Machines, Inc.",Industrials,Mid-Cap,10692780,NGM
NZF,Nuveen Municipal Credit Income ,Financial Services,Mid-Cap,543780,NYQ
NCNO,"nCino, Inc.",Technology,Mid-Cap,2955338,NMS
PBI,Pitney Bowes Inc.,Industrials,Mid-Cap,2144985,NYQ
UNIT,Uniti Group Inc.,Real Estate,Mid-Cap,2337244,NMS
VIA,"Via Transportation, Inc.",Technology,Mid-Cap,952690,NYQ
LASR,"nLIGHT, Inc.",Technology,Mid-Cap,1338787,NMS
SKWD,Skyward Specialty Insurance Gro,Financial Services,Mid-Cap,557964,NMS
HUBG,"Hub Group, Inc.",Industrials,Mid-Cap,975719,NMS
BXMT,"Blackstone Mortgage Trust, Inc.",Real Estate,Mid-Cap,2009561,NYQ
HIMX,"Himax Technologies, Inc.",Technology,Mid-Cap,1968770,NMS
OCUL,"Ocular Therapeutix, Inc.",Healthcare,Mid-Cap,2655509,NGM
OSW,OneSpaWorld Holdings Limited,Consumer Cyclical,Mid-Cap,957838,NCM
RAMP,"LiveRamp Holdings, Inc.",Technology,Mid-Cap,1056788,NYQ
AMC,"AMC Entertainment Holdings, Inc",Communication Services,Mid-Cap,40533814,NYQ
DEI,"Douglas Emmett, Inc.",Real Estate,Mid-Cap,1914150,NYQ
ARR,"ARMOUR Residential REIT, Inc.",Real Estate,Mid-Cap,3806308,NYQ
CHA,Chagee Holdings Limited,Consumer Cyclical,Mid-Cap,703274,NMS
TRLV,Trulieve Cannabis Corp. Subordi,Healthcare,Mid-Cap,1334669,NYQ
CLOV,"Clover Health Investments, Corp",Healthcare,Mid-Cap,5915396,NMS
NEO,"NeoGenomics, Inc.",Healthcare,Mid-Cap,2848468,NCM
CC,Chemours Company (The),Basic Materials,Mid-Cap,2568224,NYQ
ASAN,"Asana, Inc.",Technology,Mid-Cap,5228474,NYQ
SRPT,"Sarepta Therapeutics, Inc.",Healthcare,Mid-Cap,3346309,NMS
VERX,"Vertex, Inc.",Technology,Mid-Cap,1999019,NGM
STNE,StoneCo Ltd.,Technology,Mid-Cap,4800283,NMS
WERN,"Werner Enterprises, Inc.",Industrials,Mid-Cap,1109208,NMS
PTON,"Peloton Interactive, Inc.",Consumer Cyclical,Mid-Cap,8539551,NMS
LTC,"LTC Properties, Inc.",Real Estate,Mid-Cap,567411,NYQ
FLYW,Flywire Corporation - Voting,Technology,Mid-Cap,2120165,NMS
MLYS,"Mineralys Therapeutics, Inc.",Healthcare,Mid-Cap,1182234,NMS
KMT,Kennametal Inc.,Industrials,Mid-Cap,1282860,NYQ
NWBI,"Northwest Bancshares, Inc.",Financial Services,Mid-Cap,1088322,NMS
KLRA,"Kailera Therapeutics, Inc.",Healthcare,Mid-Cap,778782,NMS
PENN,"PENN Entertainment, Inc.",Consumer Cyclical,Mid-Cap,3103395,NMS
PURR,Hyperliquid Strategies Inc,Financial Services,Mid-Cap,15641875,NCM
TRN,"Trinity Industries, Inc.",Industrials,Mid-Cap,719392,NYQ
TDTH,Trident Digital Tech Holdings L,Technology,Mid-Cap,1334227,NCM
LPG,Dorian LPG Ltd.,Energy,Mid-Cap,658095,NYQ
ASST,"Strive, Inc.",Financial Services,Mid-Cap,5301150,NGM
WU,Western Union Company (The),Financial Services,Mid-Cap,9813688,NYQ
RLX,RLX Technology Inc.,Consumer Defensive,Mid-Cap,2628885,NYQ
BLKB,"Blackbaud, Inc.",Technology,Mid-Cap,736875,NMS
XRAY,DENTSPLY SIRONA Inc.,Healthcare,Mid-Cap,5087540,NMS
AADX,"Applied Aerospace & Defense, In",Industrials,Mid-Cap,1374034,NYQ
MD,"Pediatrix Medical Group, Inc.",Healthcare,Mid-Cap,799638,NYQ
NMZ,Nuveen Municipal High Income Op,Financial Services,Mid-Cap,658477,NYQ
ZYME,Zymeworks Inc.,Healthcare,Mid-Cap,620059,NMS
TILE,"Interface, Inc.",Consumer Cyclical,Mid-Cap,513058,NMS
INVX,"Innovex International, Inc.",Energy,Mid-Cap,580530,NYQ
AUPH,Aurinia Pharmaceuticals Inc,Healthcare,Mid-Cap,1393055,NGM
BOBS,"Bob's Discount Furniture, Inc.",Consumer Cyclical,Mid-Cap,971861,NYQ
URGN,UroGen Pharma Ltd.,Healthcare,Mid-Cap,814763,NGM
ALKT,"Alkami Technology, Inc.",Technology,Mid-Cap,1604143,NMS
UAA,"Under Armour, Inc.",Consumer Cyclical,Mid-Cap,8367040,NYQ
BFLY,"Butterfly Network, Inc.",Healthcare,Small-Cap,8334226,NYQ
DRVN,Driven Brands Holdings Inc.,Consumer Cyclical,Mid-Cap,913066,NMS
GNL,"Global Net Lease, Inc.",Real Estate,Mid-Cap,2717558,NYQ
GOF,N/A,Financial Services,Mid-Cap,2083262,NYQ
ESTA,Establishment Labs Holdings Inc,Healthcare,Mid-Cap,598460,NCM
ADMA,ADMA Biologics Inc,Healthcare,Mid-Cap,2800353,NGM
COHU,"Cohu, Inc.",Technology,Mid-Cap,1190562,NMS
STGW,Stagwell Inc.,Communication Services,Mid-Cap,1399954,NMS
VCEL,Vericel Corporation,Healthcare,Mid-Cap,567152,NGM
ZBIO,"Zenas BioPharma, Inc.",Healthcare,Mid-Cap,853520,NMS
NTST,NetSTREIT Corp.,Real Estate,Small-Cap,2051691,NYQ
FCF,First,Financial Services,Mid-Cap,773491,NYQ
DV,"DoubleVerify Holdings, Inc.",Communication Services,Mid-Cap,3605077,NYQ
XNCR,"Xencor, Inc.",Healthcare,Small-Cap,1150814,NGM
PRDO,Perdoceo Education Corporation,Consumer Defensive,Mid-Cap,706877,NMS
CTRI,"Centuri Holdings, Inc.",Utilities,Mid-Cap,1702967,NYQ
CLM,Cornerstone Strategic Value Fd,Financial Services,Mid-Cap,2010077,ASE
HYMC,Hycroft Mining Holding Corporat,Basic Materials,Mid-Cap,2027285,NCM
UTZ,Utz Brands Inc,Consumer Defensive,Mid-Cap,3619072,NYQ
NVCR,NovoCure Limited,Healthcare,Mid-Cap,1602233,NMS
BXDC,Blackstone Digital Infrastructu,Real Estate,Mid-Cap,944054,NYQ
GENB,"Generate Biomedicines, Inc.",Healthcare,Mid-Cap,997441,NMS
TIC,"TIC Solutions, Inc.",Industrials,Mid-Cap,2023359,NYQ
SHO,"Sunstone Hotel Investors, Inc. ",Real Estate,Mid-Cap,2713835,NYQ
AGIO,"Agios Pharmaceuticals, Inc.",Healthcare,Small-Cap,1150025,NMS
VOYG,"Voyager Technologies, Inc.",Industrials,Mid-Cap,1941356,NYQ
MFP,"Midera Food Processing, Inc.",Industrials,Mid-Cap,960681,NMS
BRSL,Brightstar Lottery PLC Trading ,Consumer Cyclical,Mid-Cap,1713109,NYQ
NEXT,NextDecade Corporation,Energy,Small-Cap,2753891,NCM
STOK,"Stoke Therapeutics, Inc.",Healthcare,Small-Cap,878570,NMS
CTOS,"Custom Truck One Source, Inc.",Industrials,Mid-Cap,1080924,NYQ
VET,Vermilion Energy Inc.,Energy,Small-Cap,1445614,NYQ
GTY,Getty Realty Corporation,Real Estate,Mid-Cap,520280,NYQ
RUN,Sunrun Inc.,Technology,Mid-Cap,9941787,NMS
XPRO,Expro Ltd,Energy,Mid-Cap,1097772,NYQ
SEDG,"SolarEdge Technologies, Inc.",Technology,Mid-Cap,2950588,NMS
NSP,"Insperity, Inc.",Industrials,Small-Cap,620756,NYQ
ALGT,Allegiant Travel Company,Industrials,Mid-Cap,570058,NMS
PRGO,Perrigo Company plc,Healthcare,Mid-Cap,3410954,NYQ
KSS,Kohl's Corporation,Consumer Cyclical,Mid-Cap,4385868,NYQ
CNXC,Concentrix Corporation,Technology,Small-Cap,1706238,NMS
PEB,Pebblebrook Hotel Trust,Real Estate,Mid-Cap,2500785,NYQ
PGNY,"Progyny, Inc.",Healthcare,Small-Cap,1208858,NMS
VIR,"Vir Biotechnology, Inc.",Healthcare,Small-Cap,1934566,NMS
IQMX,IQM Quantum Computers Oyj,Technology,Mid-Cap,586338,NMS
OLN,Olin Corporation,Basic Materials,Small-Cap,3229455,NYQ
HAPN,"Happen, Inc.",Financial Services,Mid-Cap,1751119,NMS
PRCH,"Porch Group, Inc.",Financial Services,Mid-Cap,1794356,NCM
EZPW,"EZCORP, Inc.",Financial Services,Mid-Cap,1093292,NMS
ICHR,Ichor Holdings,Technology,Mid-Cap,1039990,NMS
FLNC,"Fluence Energy, Inc.",Utilities,Small-Cap,8488330,NMS
MLCO,Melco Resorts & Entertainment L,Consumer Cyclical,Small-Cap,2333361,NMS
SGRY,"Surgery Partners, Inc.",Healthcare,Small-Cap,1846891,NMS
KRP,Kimbell Royalty Partners,Energy,Small-Cap,792443,NYQ
GENI,Genius Sports Limited,Communication Services,Mid-Cap,6269870,NYQ
ASTH,Astrana Health Inc.,Healthcare,Small-Cap,591830,NCM
BLBD,Blue Bird Corporation,Industrials,Mid-Cap,515320,NGM
HE,"Hawaiian Electric Industries, I",Utilities,Small-Cap,1902229,NYQ
KEEL,Keel Infrastructure Corp.,Technology,Mid-Cap,43184625,NGM
IMCR,Immunocore Holdings plc,Healthcare,Small-Cap,517488,NMS
ZD,"Ziff Davis, Inc.",Communication Services,Small-Cap,626906,NMS
TSHA,"Taysha Gene Therapies, Inc.",Healthcare,Small-Cap,3157222,NMS
INOD,Innodata Inc.,Technology,Small-Cap,1285966,NGM
WRD,WERIDE INC.,Technology,Small-Cap,2418185,NGM
BL,"BlackLine, Inc.",Technology,Small-Cap,1117574,NMS
ALVO,Alvotech,Healthcare,Small-Cap,983567,NGM
PRGS,Progress Software Corporation,Technology,Small-Cap,675841,NMS
SHAZ,"SharonAI Holdings, Inc.",Technology,Mid-Cap,1919200,NCM
SNDA,"Sonida Senior Living, Inc.",Healthcare,Small-Cap,616175,NYQ
BRVE,"Braveheart Bio, Inc.",Healthcare,Small-Cap,501357,NGM
DHC,Diversified Healthcare Trust,Real Estate,Small-Cap,1704807,NMS
AMPL,"Amplitude, Inc.",Technology,Small-Cap,2242914,NCM
CMPS,COMPASS Pathways Plc - American,Healthcare,Small-Cap,3395650,NMS
PAX,Patria Investments Limited,Financial Services,Small-Cap,1010193,NMS
PSNL,"Personalis, Inc.",Healthcare,Small-Cap,4139406,NGM
XHR,"Xenia Hotels & Resorts, Inc.",Real Estate,Small-Cap,799983,NYQ
ATEN,"A10 Networks, Inc.",Technology,Small-Cap,1337585,NYQ
LCID,"Lucid Group, Inc.",Consumer Cyclical,Small-Cap,17125593,NMS
SNDX,"Syndax Pharmaceuticals, Inc.",Healthcare,Small-Cap,1697093,NMS
SMA,"SmartStop Self Storage REIT, In",Real Estate,Small-Cap,725695,NYQ
OCFC,OceanFirst Financial Corp.,Financial Services,Small-Cap,1018929,NMS
CXM,"Sprinklr, Inc.",Technology,Small-Cap,3602019,NYQ
WKC,World Kinect Corporation,Energy,Small-Cap,1180301,NYQ
RXRX,"Recursion Pharmaceuticals, Inc.",Healthcare,Small-Cap,19082203,NMS
HAWK,"HawkEye 360, Inc.",Industrials,Small-Cap,1086600,NYQ
TH,Target Hospitality Corp.,Industrials,Small-Cap,1243406,NCM
NTLA,"Intellia Therapeutics, Inc.",Healthcare,Small-Cap,4630420,NGM
SONO,"Sonos, Inc.",Technology,Small-Cap,1944640,NMS
INSP,"Inspire Medical Systems, Inc.",Healthcare,Small-Cap,841263,NYQ
COUR,"Coursera, Inc.",Consumer Defensive,Small-Cap,6452700,NYQ
SBET,"SharpLink, Inc.",Financial Services,Small-Cap,9427193,NCM
QUBT,Quantum Computing Inc.,Technology,Small-Cap,10555658,NCM
PDO,N/A,Financial Services,Small-Cap,662929,NYQ
TSLX,"Sixth Street Specialty Lending,",Financial Services,Small-Cap,571850,NYQ
SGLD,Scorpio Gold Corporation American Depositary Shares,Basic Materials,Small-Cap,4531300,NCM
DXC,DXC Technology Company,Technology,Small-Cap,4420633,NYQ
VNET,"VNET Group, Inc.",Technology,Small-Cap,4795032,NMS
PDFS,"PDF Solutions, Inc.",Technology,Small-Cap,668363,NMS
ETON,"Eton Pharmaceuticals, Inc.",Healthcare,Small-Cap,549898,NGM
EVTC,"Evertec, Inc.",Technology,Small-Cap,506537,NYQ
PRKS,United Parks & Resorts Inc.,Consumer Cyclical,Small-Cap,718170,NYQ
DMRA,"Damora Therapeutics, Inc.",Healthcare,Small-Cap,569674,NCM
EFC,Ellington Financial Inc.,Real Estate,Small-Cap,1217458,NYQ
KOS,Kosmos Energy Ltd.,Energy,Small-Cap,14572869,NYQ
NEXA,Nexa Resources S.A.,Basic Materials,Small-Cap,736519,NYQ
GT,The Goodyear Tire & Rubber Comp,Consumer Cyclical,Small-Cap,9715512,NMS
USAS,Americas Gold and Silver Corpor,Basic Materials,Small-Cap,4392216,ASE
HOPE,"Hope Bancorp, Inc.",Financial Services,Small-Cap,1065603,NMS
PGY,Pagaya Technologies Ltd.,Technology,Small-Cap,3190408,NCM
SFL,SFL Corporation Ltd,Industrials,Small-Cap,1466890,NYQ
BLFS,"BioLife Solutions, Inc.",Healthcare,Small-Cap,1112080,NCM
GLOB,Globant S.A.,Technology,Small-Cap,1917020,NYQ
GCT,GigaCloud Technology Inc,Technology,Small-Cap,663300,NGM
AGRO,Adecoagro S.A.,Consumer Defensive,Small-Cap,866766,NYQ
FTRE,Fortrea Holdings Inc.,Healthcare,Small-Cap,1410404,NMS
ARCO,Arcos Dorados Holdings Inc.,Consumer Cyclical,Small-Cap,1249262,NYQ
LIND,Lindblad Expeditions Holdings I,Consumer Cyclical,Small-Cap,897887,NCM
JBLU,JetBlue Airways Corporation,Industrials,Small-Cap,29668348,NMS
WB,Weibo Corporation,Communication Services,Small-Cap,1142146,NMS
MQ,"Marqeta, Inc.",Technology,Small-Cap,1088393,NMS
RLJ,RLJ Lodging Trust,Real Estate,Small-Cap,1907548,NYQ
LILA,Liberty Latin America Ltd.,Communication Services,Small-Cap,738699,NMS
NVAX,"Novavax, Inc.",Healthcare,Small-Cap,4275150,NMS
PWP,Perella Weinberg Partners,Financial Services,Small-Cap,1212816,NMS
BCAT,N/A,Financial Services,Small-Cap,685435,NYQ
HUN,Huntsman Corporation,Basic Materials,Small-Cap,4898736,NYQ
TRIN,Trinity Capital Inc.,Financial Services,Small-Cap,1035540,NYQ
ANAB,"AnaptysBio, Inc.",Healthcare,Small-Cap,583195,NMS
KMPR,Kemper Corporation,Financial Services,Small-Cap,1065190,NYQ
RQI,N/A,Financial Services,Small-Cap,804429,NYQ
AI,"C3.ai, Inc.",Technology,Small-Cap,5626496,NYQ
NOMD,Nomad Foods Limited,Consumer Defensive,Small-Cap,1542877,NYQ
FRNM,"Freenome, Inc.",Healthcare,Small-Cap,570235,NCM
MBC,"MasterBrand, Inc.",Consumer Cyclical,Small-Cap,2269326,NYQ
LYNX,Lyntris Inc.,Industrials,Small-Cap,1622475,NYQ
VSTS,Vestis Corporation,Industrials,Small-Cap,1343485,NYQ
PLAB,"Photronics, Inc.",Technology,Small-Cap,1372488,NMS
UROY,Uranium Royalty Corp.,Energy,Small-Cap,2790170,NCM
IE,Ivanhoe Electric Inc.,Basic Materials,Small-Cap,2196367,ASE
RVLV,"Revolve Group, Inc.",Consumer Cyclical,Small-Cap,880679,NYQ
CSWC,Capital Southwest Corporation,Financial Services,Small-Cap,663000,NMS
WWW,"Wolverine World Wide, Inc.",Consumer Cyclical,Small-Cap,857108,NYQ
AESI,Atlas Energy Solutions Inc.,Energy,Small-Cap,3114477,NYQ
BAND,Bandwidth Inc.,Technology,Small-Cap,1235950,NMS
WEN,Wendy's Company (The),Consumer Cyclical,Small-Cap,16479820,NMS
HLX,"Helix Energy Solutions Group, I",Energy,Small-Cap,1625393,NYQ
ADIG,ADI Global Distribution Inc.,Technology,Small-Cap,1195092,NYQ
SVV,"Savers Value Village, Inc.",Consumer Cyclical,Small-Cap,1266595,NYQ
OMCL,"Omnicell, Inc.",Healthcare,Small-Cap,774148,NMS
SDGR,"Schrodinger, Inc.",Healthcare,Small-Cap,1171501,NMS
XERS,"Xeris Biopharma Holdings, Inc.",Healthcare,Small-Cap,1869537,NMS
BCAX,Bicara Therapeutics Inc.,Healthcare,Small-Cap,725016,NGM
SLBT,SL Science Holding Limited,Healthcare,Small-Cap,756325,NGM
SBH,"Sally Beauty Holdings, Inc. (Na",Consumer Cyclical,Small-Cap,1408228,NYQ
MLKN,"MillerKnoll, Inc.",Consumer Cyclical,Small-Cap,779422,NMS
INVA,"Innoviva, Inc.",Healthcare,Small-Cap,759117,NMS
TYRA,"Tyra Biosciences, Inc.",Healthcare,Small-Cap,734203,NMS
TNDM,"Tandem Diabetes Care, Inc.",Healthcare,Small-Cap,1972641,NGM
HCSG,"Healthcare Services Group, Inc.",Healthcare,Small-Cap,735356,NMS
ABSI,Absci Corporation,Healthcare,Small-Cap,4690451,NMS
PRG,"PROG Holdings, Inc.",Industrials,Small-Cap,555898,NYQ
IAUX,i-80 Gold Corp.,Basic Materials,Small-Cap,10573522,ASE
CNMD,CONMED Corporation,Healthcare,Small-Cap,581777,NYQ
SID,Companhia Siderurgica Nacional ,Basic Materials,Small-Cap,4114304,NYQ
TRAX,"First Tracks Biotherapeutics, I",Healthcare,Small-Cap,773158,NMS
CPRI,Capri Holdings Limited,Consumer Cyclical,Small-Cap,3585314,NYQ
AVBP,"ArriVent BioPharma, Inc.",Healthcare,Small-Cap,517519,NGM
NAT,Nordic American Tankers Limited,Energy,Small-Cap,3941587,NYQ
FUN,Six Flags Entertainment Corpora,Consumer Cyclical,Small-Cap,2285058,NYQ
DCH,Dauch Corporation,Consumer Cyclical,Small-Cap,3376209,NYQ
FMC,FMC Corporation,Basic Materials,Small-Cap,4076248,NYQ
MAZE,"Maze Therapeutics, Inc.",Healthcare,Small-Cap,551779,NGM
RES,"RPC, Inc.",Energy,Small-Cap,1564988,NYQ
REPL,"Replimune Group, Inc.",Healthcare,Small-Cap,4560212,NMS
HPP,"Hudson Pacific Properties, Inc.",Real Estate,Small-Cap,811854,NYQ
ADNT,Adient plc,Consumer Cyclical,Small-Cap,1005279,NYQ
VISN,"Vistance Networks, Inc.",Technology,Small-Cap,7631627,NMS
ATEC,"Alphatec Holdings, Inc.",Healthcare,Small-Cap,2465561,NMS
HLMN,Hillman Solutions Corp.,Industrials,Small-Cap,1513038,NGM
BORR,Borr Drilling Limited,Energy,Small-Cap,5610554,NYQ
OMDA,"Omada Health, Inc.",Healthcare,Small-Cap,1284496,NMS
AZTA,"Azenta, Inc.",Healthcare,Small-Cap,720643,NMS
BBAI,"BigBear.ai, Inc.",Technology,Small-Cap,25156004,NYQ
FLO,"Flowers Foods, Inc.",Consumer Defensive,Small-Cap,6719309,NYQ
TV,Grupo Televisa S.A.B.,Communication Services,Small-Cap,911380,NYQ
MGTX,MeiraGTx Holdings plc,Healthcare,Small-Cap,848604,NMS
SGML,Sigma Lithium Corporation,Basic Materials,Small-Cap,1815153,NCM
ENR,"Energizer Holdings, Inc.",Industrials,Small-Cap,1034566,NYQ
PUMP,ProPetro Holding Corp.,Energy,Small-Cap,4043695,NYQ
HROW,"Harrow, Inc.",Healthcare,Small-Cap,645585,NGM
AMPX,"Amprius Technologies, Inc.",Industrials,Small-Cap,6234551,NYQ
UMH,"UMH Properties, Inc.",Real Estate,Small-Cap,641458,NYQ
AMSC,American Superconductor Corpora,Industrials,Small-Cap,863726,NMS
GIII,"G-III Apparel Group, LTD.",Consumer Cyclical,Small-Cap,585159,NMS
VZLA,Vizsla Silver Corp.,Basic Materials,Small-Cap,5488362,ASE
ANRO,"Alto Neuroscience, Inc.",Healthcare,Small-Cap,546466,NYQ
AMBQ,"Ambiq Micro, Inc.",Technology,Small-Cap,579345,NYQ
WOLF,"Wolfspeed, Inc.",Technology,Small-Cap,4750777,NYQ
ARLO,"Arlo Technologies, Inc.",Industrials,Small-Cap,1257385,NYQ
OMER,Omeros Corporation,Healthcare,Small-Cap,2076935,NGM
JBIO,"Jade Biosciences, Inc.",Healthcare,Small-Cap,1021804,NCM
ESRT,"Empire State Realty Trust, Inc.",Real Estate,Small-Cap,2234329,NYQ
EYE,"National Vision Holdings, Inc.",Consumer Cyclical,Small-Cap,2171282,NMS
FCEL,"FuelCell Energy, Inc.",Industrials,Small-Cap,11179777,NGM
HYT,Blackrock Corporate High Yield ,Financial Services,Small-Cap,787385,NYQ
WLTH,Wealthfront Corporation,Technology,Small-Cap,1538224,NMS
VOR,Vor Biopharma Inc.,Healthcare,Small-Cap,1162446,NMS
ORIC,"Oric Pharmaceuticals, Inc.",Healthcare,Small-Cap,1566922,NMS
NMAX,"Newsmax, Inc.",Communication Services,Small-Cap,1121580,NYQ
CGEM,"Cullinan Therapeutics, Inc.",Healthcare,Small-Cap,892185,NMS
AORT,"Artivion, Inc.",Healthcare,Small-Cap,739067,NYQ
BRUN,Boost Run Inc.,Technology,Small-Cap,1946969,NGM
BJRI,"BJ's Restaurants, Inc.",Consumer Cyclical,Small-Cap,528925,NMS
LSPD,Lightspeed Commerce Inc. Subord,Technology,Small-Cap,972241,NYQ
DOLE,Dole plc,Consumer Defensive,Small-Cap,1065640,NYQ
CLVT,Clarivate Plc,Technology,Small-Cap,6608946,NYQ
AMN,AMN Healthcare Services Inc,Healthcare,Small-Cap,815569,NYQ
ORC,"Orchid Island Capital, Inc.",Real Estate,Small-Cap,4892875,NYQ
DRTS,Alpha Tau Medical Ltd.,Healthcare,Small-Cap,686461,NCM
MLTX,MoonLake Immunotherapeutics,Healthcare,Small-Cap,1269687,NCM
IART,Integra LifeSciences Holdings C,Healthcare,Small-Cap,860229,NMS
EPC,Edgewell Personal Care Company,Consumer Defensive,Small-Cap,791198,NYQ
HLIT,Harmonic Inc.,Technology,Small-Cap,1864966,NMS
MNKD,MannKind Corporation,Healthcare,Small-Cap,4533730,NGM
ULCC,"Frontier Group Holdings, Inc.",Industrials,Small-Cap,3748912,NMS
ENOV,Enovis Corporation,Healthcare,Small-Cap,1216220,NYQ
CRSR,"Corsair Gaming, Inc.",Technology,Small-Cap,1906143,NMS
RCAT,"Red Cat Holdings, Inc.",Industrials,Small-Cap,9389974,NCM
LZB,La-Z-Boy Incorporated,Consumer Cyclical,Small-Cap,659959,NYQ
TE,T1 Energy Inc.,Industrials,Small-Cap,34638791,NYQ
EFOR,"Everforth, Inc.",Technology,Small-Cap,948638,NYQ
CRON,Cronos Group Inc. Common Share,Healthcare,Small-Cap,1194816,NGM
DFH,"Dream Finders Homes, Inc.",Consumer Cyclical,Small-Cap,650687,NYQ
CERT,"Certara, Inc.",Healthcare,Small-Cap,3894038,NMS
PCT,"PureCycle Technologies, Inc.",Industrials,Small-Cap,5081501,NCM
POET,POET Technologies Inc.,Technology,Small-Cap,15642174,NCM
APPS,"Digital Turbine, Inc.",Technology,Small-Cap,4401662,NCM
ALMS,Alumis Inc.,Healthcare,Small-Cap,1970895,NMS
REAL,"The RealReal, Inc.",Consumer Cyclical,Small-Cap,3222782,NMS
LADR,Ladder Capital Corp,Real Estate,Small-Cap,1109304,NYQ
GTM,ZoomInfo Technologies Inc.,Technology,Small-Cap,8840622,NMS
BRBR,"BellRing Brands, Inc.",Consumer Defensive,Small-Cap,4937101,NYQ
NEWP,New Pacific Metals Corp.,Basic Materials,Small-Cap,728133,ASE
DSL,DoubleLine Income Solutions Fun,Financial Services,Small-Cap,536187,NYQ
GLUE,"Monte Rosa Therapeutics, Inc.",Healthcare,Small-Cap,1444475,NMS
CBRL,Cracker Barrel Old Country Stor,Consumer Cyclical,Small-Cap,1172074,NMS
CCO,"Clear Channel Outdoor Holdings,",Communication Services,Small-Cap,9136224,NYQ
CRCT,"Cricut, Inc.",Technology,Small-Cap,684450,NMS
PRCT,PROCEPT BioRobotics Corporation,Healthcare,Small-Cap,1595019,NGM
YELP,Yelp Inc.,Communication Services,Small-Cap,1142958,NYQ
ASM,Avino Silver & Gold Mines Ltd.,Basic Materials,Small-Cap,3957882,ASE
YSS,York Space Systems Inc.,Industrials,Small-Cap,2258033,NYQ
VYX,NCR Voyix Corporation,Technology,Small-Cap,2430645,NYQ
GDRX,"GoodRx Holdings, Inc.",Healthcare,Small-Cap,1394337,NMS
CRVS,"Corvus Pharmaceuticals, Inc.",Healthcare,Small-Cap,1041140,NGM
GO,Grocery Outlet Holding Corp.,Consumer Defensive,Small-Cap,2609596,NMS
PDM,"Piedmont Realty Trust, Inc.",Real Estate,Small-Cap,1090600,NYQ
CLBK,"Columbia Financial, Inc.",Financial Services,Small-Cap,4887375,NMS
HLF,Herbalife Ltd.,Consumer Defensive,Small-Cap,1681046,NYQ
AMRC,"Ameresco, Inc.",Industrials,Small-Cap,677747,NYQ
ARHS,"Arhaus, Inc.",Consumer Cyclical,Small-Cap,1334500,NMS
STAA,STAAR Surgical Company,Healthcare,Small-Cap,844274,NGM
CRI,"Carter's, Inc.",Consumer Cyclical,Small-Cap,1046648,NYQ
NHP,"National Healthcare Properties,",Real Estate,Small-Cap,794848,NGM
ACVA,ACV Auctions Inc.,Consumer Cyclical,Small-Cap,3617425,NYQ
OCSL,Oaktree Specialty Lending Corpo,Financial Services,Small-Cap,535601,NMS
JANX,"Janux Therapeutics, Inc.",Healthcare,Small-Cap,1016941,NGM
HZO,"MarineMax, Inc.  (FL)",Consumer Cyclical,Small-Cap,543853,NYQ
MUX,McEwen Inc.,Basic Materials,Small-Cap,1175647,NYQ
UTI,Universal Technical Institute I,Consumer Defensive,Small-Cap,1389706,NYQ
TK,Teekay Corporation Ltd.,Energy,Small-Cap,560203,NYQ
SANA,"Sana Biotechnology, Inc.",Healthcare,Small-Cap,3004551,NMS
KURA,"Kura Oncology, Inc.",Healthcare,Small-Cap,1794906,NMS
TDOC,"Teladoc Health, Inc.",Healthcare,Small-Cap,4633700,NYQ
GSBD,"Goldman Sachs BDC, Inc.",Financial Services,Small-Cap,935276,NYQ
PSEC,Prospect Capital Corporation,Financial Services,Small-Cap,4723308,NMS
UPWK,Upwork Inc.,Communication Services,Small-Cap,3435456,NMS
UMAC,"Unusual Machines, Inc.",Technology,Small-Cap,4503041,ASE
SHLS,"Shoals Technologies Group, Inc.",Technology,Small-Cap,5572825,NGM
MRTN,"Marten Transport, Ltd.",Industrials,Small-Cap,712574,NMS
AVO,"Mission Produce, Inc.",Consumer Defensive,Small-Cap,1178384,NMS
IVA,Inventiva S.A. - American Depos,Healthcare,Small-Cap,1042383,NGM
NPKI,NPK International Inc.,Industrials,Small-Cap,983614,NYQ
TUYA,Tuya Inc.,Technology,Small-Cap,878667,NYQ
LMRI,"Lumexa Imaging Holdings, Inc.",Healthcare,Small-Cap,572479,NMS
TRIP,"TripAdvisor, Inc.",Consumer Cyclical,Small-Cap,3613391,NMS
OPK,"Opko Health, Inc.",Healthcare,Small-Cap,3580420,NMS
ECVT,Ecovyst Inc.,Basic Materials,Small-Cap,1523129,NYQ
XIFR,"XPLR Infrastructure, LP",Utilities,Small-Cap,921984,NYQ
SVRA,"Savara, Inc.",Healthcare,Small-Cap,1796251,NMS
EOSE,"Eos Energy Enterprises, Inc.",Industrials,Small-Cap,26012170,NCM
LAR,Lithium Argentina AG,Basic Materials,Small-Cap,1913008,NYQ
CRF,N/A,Financial Services,Small-Cap,1389865,ASE
PD,"PagerDuty, Inc.",Technology,Small-Cap,1680809,NYQ
OI,"O-I Glass, Inc.",Consumer Cyclical,Small-Cap,3278854,NYQ
LAC,Lithium Americas Corp.,Basic Materials,Small-Cap,9417473,NYQ
APMD,"Apnimed, Inc.",Healthcare,Small-Cap,507060,NMS
QNST,"QuinStreet, Inc.",Communication Services,Small-Cap,851680,NMS
UPBD,"Upbound Group, Inc.",Technology,Small-Cap,1000050,NMS
SLDB,Solid Biosciences Inc.,Healthcare,Small-Cap,1602256,NMS
HSLV,Highlander Silver Corp.,Basic Materials,Small-Cap,530798,ASE
FSCO,N/A,Financial Services,Small-Cap,947624,NYQ
LU,Lufax Holding Ltd,Financial Services,Small-Cap,994595,NYQ
CFFN,"Capitol Federal Financial, Inc.",Financial Services,Small-Cap,824827,NMS
LZ,"LegalZoom.com, Inc.",Industrials,Small-Cap,2770855,NMS
DEC,Diversified Energy Company,Energy,Small-Cap,1008151,NYQ
PCRX,"Pacira BioSciences, Inc.",Healthcare,Small-Cap,563943,NMS
BTX,BlackRock Technology and Privat,Financial Services,Small-Cap,630111,NYQ
CRML,Critical Metals Corp.,Basic Materials,Small-Cap,6246254,NGM
BW,"Babcock & Wilcox Enterprises, I",Industrials,Small-Cap,4442016,NYQ
AVTX,"Avalo Therapeutics, Inc.",Healthcare,Small-Cap,1241998,NCM
GPRE,"Green Plains, Inc.",Basic Materials,Small-Cap,1496011,NMS
BV,"BrightView Holdings, Inc.",Industrials,Small-Cap,998704,NYQ
SECZ,Securitize Corp.,Technology,Small-Cap,1704940,NYQ
HPK,"HighPeak Energy, Inc.",Energy,Small-Cap,526040,NGM
QFIN,"Qfin Holdings, Inc.",Financial Services,Small-Cap,1857504,NMS
SMPL,The Simply Good Foods Company,Consumer Defensive,Small-Cap,2304511,NCM
AEVA,"Aeva Technologies, Inc.",Technology,Small-Cap,1918803,NMS
AIP,"Arteris, Inc.",Technology,Small-Cap,842572,NGM
ABR,Arbor Realty Trust,Real Estate,Small-Cap,3880331,NYQ
ABUS,Arbutus Biopharma Corporation,Healthcare,Small-Cap,2878056,NMS
TBLA,Taboola.com Ltd.,Communication Services,Small-Cap,3136487,NMS
IMMX,"Immix Biopharma, Inc.",Healthcare,Small-Cap,1839409,NCM
SBGI,"Sinclair, Inc.",Communication Services,Small-Cap,531153,NMS
SVC,Service Properties Trust,Real Estate,Small-Cap,1788852,NMS
HBNC,"Horizon Bancorp, Inc.",Financial Services,Small-Cap,662453,NMS
CADL,"Candel Therapeutics, Inc.",Healthcare,Small-Cap,1532298,NGM
LXRX,"Lexicon Pharmaceuticals, Inc.",Healthcare,Small-Cap,3358017,NCM
BBDC,"Barings BDC, Inc.",Financial Services,Small-Cap,728320,NYQ
ARDX,"Ardelyx, Inc.",Healthcare,Small-Cap,4245687,NGM
TTI,"Tetra Technologies, Inc.",Energy,Small-Cap,1816859,NYQ
WVE,"Wave Life Sciences, Inc.",Healthcare,Small-Cap,3142557,NGM
RZLV,Rezolve AI PLC,Technology,Small-Cap,15665948,NGM
AVEX,AEVEX Corp.,Industrials,Small-Cap,1998998,NYQ
DXYZ,Destiny Tech100 Inc.,Financial Services,Small-Cap,2090312,NYQ
QDEL,QuidelOrtho Corporation,Healthcare,Small-Cap,1534875,NMS
QMCO,Quantum Corporation,Technology,Small-Cap,1521974,NGM
GERN,Geron Corporation,Healthcare,Small-Cap,11819727,NMS
CIM,Chimera Investment Corporation,Real Estate,Small-Cap,757406,NYQ
DSGN,"Design Therapeutics, Inc.",Healthcare,Small-Cap,692252,NMS
BVS,Bioventus Inc.,Healthcare,Small-Cap,710411,NMS
MNTN,"MNTN, Inc.",Technology,Small-Cap,1229650,NYQ
OXLC,Oxford Lane Capital Corp.,Financial Services,Small-Cap,983461,NGM
NNE,Nano Nuclear Energy Inc.,Industrials,Small-Cap,2293795,NCM
OLMA,"Olema Pharmaceuticals, Inc.",Healthcare,Small-Cap,1313362,NMS
DAKT,"Daktronics, Inc.",Technology,Small-Cap,570038,NMS
RPC,"Ridgepost Capital, Inc.",Financial Services,Small-Cap,520132,NYQ
RERE,ATRenew Inc.,Consumer Cyclical,Small-Cap,1044390,NYQ
ABTC,American Bitcoin Corp.,Financial Services,Small-Cap,1536274,NCM
ANNX,"Annexon, Inc.",Healthcare,Small-Cap,3508444,NMS
BUR,Burford Capital Limited,Financial Services,Small-Cap,1847066,NYQ
JMIA,Jumia Technologies AG,Consumer Cyclical,Small-Cap,1812783,NYQ
JBGS,JBG SMITH Properties,Real Estate,Small-Cap,725320,NYQ
ACDC,ProFrac Holding Corp.,Energy,Small-Cap,1617637,NMS
EVLV,"Evolv Technologies Holdings, In",Industrials,Small-Cap,2138254,NCM
SOC,Sable Offshore Corp.,Energy,Small-Cap,11172877,NYQ
HTLD,"Heartland Express, Inc.",Industrials,Small-Cap,701501,NMS
TDAY,"USA TODAY Co., Inc.",Communication Services,Small-Cap,2074137,NYQ
ABX,"Abacus Global Management, Inc.",Financial Services,Small-Cap,606345,NYQ
SLN,Silence Therapeutics Plc - Amer,Healthcare,Small-Cap,991353,NGM
SB,"Safe Bulkers, Inc",Industrials,Small-Cap,875650,NYQ
BZH,"Beazer Homes USA, Inc.",Consumer Cyclical,Small-Cap,600882,NYQ
TBPH,"Theravance Biopharma, Inc.",Healthcare,Small-Cap,650390,NGM
TIGR,UP Fintech Holding Limited,Financial Services,Small-Cap,2418779,NMS
DQ,DAQO New Energy Corp.,Technology,Small-Cap,1010403,NYQ
BBNX,"Beta Bionics, Inc.",Healthcare,Small-Cap,1151347,NGM
OGG,Osisko Gold Group Inc.,Basic Materials,Small-Cap,2206656,NYQ
METC,"Ramaco Resources, Inc.",Basic Materials,Small-Cap,1920509,NMS
ACRS,"Aclaris Therapeutics, Inc.",Healthcare,Small-Cap,1903638,NMS
NAK,"Northern Dynasty Minerals, Ltd.",Basic Materials,Small-Cap,5259258,ASE
EVER,"EverQuote, Inc.",Communication Services,Small-Cap,674316,NGM
MFA,"MFA Financial, Inc.",Real Estate,Small-Cap,1571250,NYQ
IQ,"iQIYI, Inc.",Communication Services,Small-Cap,7204883,NMS
ARI,Apollo Commercial Real Estate F,Real Estate,Small-Cap,4314850,NYQ
BKSY,BlackSky Technology Inc.,Industrials,Small-Cap,1373522,NYQ
NAVI,Navient Corporation,Financial Services,Small-Cap,1117268,NMS
INMD,InMode Ltd.,Healthcare,Small-Cap,611674,NMS
KODK,Eastman Kodak Company,Industrials,Small-Cap,919468,NYQ
REF,Reformation Inc.,Consumer Cyclical,Small-Cap,679315,NYQ
SXC,"SunCoke Energy, Inc.",Basic Materials,Small-Cap,1473819,NYQ
CODI,D/B/A Compass Diversified Holdi,Industrials,Small-Cap,802861,NYQ
ADAM,"Adamas Trust, Inc.",Real Estate,Small-Cap,876967,NMS
CLYM,"Climb Bio, Inc.",Healthcare,Small-Cap,1439429,NGM
CSIQ,Canadian Solar Inc.,Technology,Small-Cap,2226193,NMS
HELP,Cybin Inc.,Healthcare,Small-Cap,1658495,NGM
ACHV,"Achieve Life Sciences, Inc.",Healthcare,Small-Cap,1818024,NCM
FOXF,Fox Factory Holding Corp.,Consumer Cyclical,Small-Cap,572006,NMS
NXDR,"Nextdoor Holdings, Inc.",Communication Services,Small-Cap,2407396,NYQ
SIBN,"SI-BONE, Inc.",Healthcare,Small-Cap,557229,NGM
BLMN,"Bloomin' Brands, Inc.",Consumer Cyclical,Small-Cap,2109764,NMS
BLZE,"Backblaze, Inc.",Technology,Small-Cap,3563090,NGM
WGO,"Winnebago Industries, Inc.",Consumer Cyclical,Small-Cap,667562,NYQ
AVR,Anteris Technologies Global Cor,Healthcare,Small-Cap,1083040,NGM
PLTK,Playtika Holding Corp.,Communication Services,Small-Cap,1707556,NMS
SUPV,Grupo Supervielle S.A.,Financial Services,Small-Cap,637985,NYQ
RPD,"Rapid7, Inc.",Technology,Small-Cap,2392222,NGM
SABR,Sabre Corporation,Technology,Small-Cap,4187541,NMS
GCMG,GCM Grosvenor Inc.,Financial Services,Small-Cap,529561,NGM
RSKD,Riskified Ltd.,Technology,Small-Cap,1346201,NYQ
BTGO,"BitGo Holdings, Inc.",Financial Services,Small-Cap,1425138,NYQ
ANGX,"Angel Studios, Inc.",Communication Services,Small-Cap,1340296,NYQ
SWIM,"Latham Group, Inc.",Industrials,Small-Cap,847356,NMS
TROX,Tronox Holdings plc,Basic Materials,Small-Cap,2683117,NYQ
OBE,Obsidian Energy Ltd.,Energy,Small-Cap,771733,ASE
CGBD,"Carlyle Secured Lending, Inc.",Financial Services,Small-Cap,579941,NMS
VPG,"Vishay Precision Group, Inc.",Technology,Small-Cap,593198,NYQ
MOMO,Hello Group Inc.,Communication Services,Small-Cap,676643,NMS
MITK,"Mitek Systems, Inc.",Technology,Small-Cap,875424,NCM
FDMT,"4D Molecular Therapeutics, Inc.",Healthcare,Small-Cap,954880,NMS
MFIC,MidCap Financial Investment Cor,Financial Services,Small-Cap,555000,NMS
LXU,"LSB Industries, Inc.",Basic Materials,Small-Cap,801574,NYQ
CTMX,"CytomX Therapeutics, Inc.",Healthcare,Small-Cap,3982036,NMS
CYRX,"CryoPort, Inc.",Industrials,Small-Cap,658724,NCM
GOOS,Canada Goose Holdings Inc. Subo,Consumer Cyclical,Small-Cap,684106,NYQ
HQ,Horizon Quantum Holdings Ltd.,Technology,Small-Cap,700096,NCM
LWLG,"Lightwave Logic, Inc.",Basic Materials,Small-Cap,3733446,NCM
DC,Dakota Gold Corp.,Basic Materials,Small-Cap,1558703,ASE
PAR,PAR Technology Corporation,Technology,Small-Cap,1009779,NYQ
KOPN,Kopin Corporation,Technology,Small-Cap,4981200,NCM
VREX,Varex Imaging Corporation,Healthcare,Small-Cap,791417,NMS
LINC,Lincoln Educational Services Co,Consumer Defensive,Small-Cap,816551,NMS
GILT,Gilat Satellite Networks Ltd.,Technology,Small-Cap,651111,NMS
AURA,"Aura Biosciences, Inc.",Healthcare,Small-Cap,666544,NGM
HNRG,Hallador Energy Company,Utilities,Small-Cap,778651,NCM
RXT,"Rackspace Technology, Inc.",Technology,Small-Cap,14088917,NMS
SG,"Sweetgreen, Inc.",Consumer Cyclical,Small-Cap,5617535,NYQ
SMWB,Similarweb Ltd.,Technology,Small-Cap,974143,NYQ
FINV,FinVolution Group,Financial Services,Small-Cap,727212,NYQ
HTZ,"Hertz Global Holdings, Inc",Industrials,Small-Cap,32616348,NMS
TRON,Tron Inc.,Consumer Cyclical,Small-Cap,974051,NCM
EVEX,"Eve Holding, Inc.",Industrials,Small-Cap,1032472,NYQ
WEST,Westrock Coffee Company,Consumer Defensive,Small-Cap,576603,NGM
PZZA,"Papa John's International, Inc.",Consumer Cyclical,Small-Cap,1223190,NMS
GROY,Gold Royalty Corp.,Basic Materials,Small-Cap,2093335,ASE
COLL,"Collegium Pharmaceutical, Inc.",Healthcare,Small-Cap,596495,NMS
FWRG,"First Watch Restaurant Group, I",Consumer Cyclical,Small-Cap,1110522,NMS
INDI,"indie Semiconductor, Inc.",Technology,Small-Cap,6298625,NCM
GRPN,"Groupon, Inc.",Communication Services,Small-Cap,1484993,NMS
EVC,Entravision Communications Corp,Communication Services,Small-Cap,1794511,NYQ
PHAT,"Phathom Pharmaceuticals, Inc.",Healthcare,Small-Cap,1255714,NMS
VTS,"Vitesse Energy, Inc.",Energy,Small-Cap,527670,NYQ
CDNL,Cardinal Infrastructure Group I,Industrials,Small-Cap,777675,NMS
PROK,ProKidney Corp.,Healthcare,Small-Cap,1204912,NCM
PUBM,"PubMatic, Inc.",Technology,Small-Cap,628023,NGM
AHCO,AdaptHealth Corp.,Healthcare,Small-Cap,2521450,NCM
PFLT,PennantPark Floating Rate Capit,Financial Services,Small-Cap,1103507,NYQ
IVR,INVESCO MORTGAGE CAPITAL INC,Real Estate,Small-Cap,2620626,NYQ
PHR,"Phreesia, Inc.",Healthcare,Small-Cap,893747,NYQ
WOOF,Petco Health and Wellness Compa,Consumer Cyclical,Small-Cap,1888690,NMS
VLRS,Controladora Vuela Compania de ,Industrials,Small-Cap,573040,NYQ
ENVX,Enovix Corporation,Industrials,Small-Cap,6654970,NMS
CEVA,"CEVA, Inc.",Technology,Small-Cap,833577,NMS
MAMA,"Mama's Creations, Inc.",Consumer Defensive,Small-Cap,646537,NCM
HIVE,HIVE Digital Technologies Ltd,Financial Services,Small-Cap,23417556,NCM
CCXI,Churchill Capital Corp XI,Financial Services,Small-Cap,3063001,NGM
OFRM,"Once Upon a Farm, PBC",Consumer Defensive,Small-Cap,516342,NYQ
ASC,Ardmore Shipping Corporation,Industrials,Small-Cap,636700,NYQ
TASK,"TaskUs, Inc.",Technology,Small-Cap,720698,NMS
GPRK,Geopark Ltd,Energy,Small-Cap,523643,NYQ
NABL,"N-able, Inc.",Technology,Small-Cap,2330632,NYQ
KDK,"Kodiak AI, Inc.",Technology,Small-Cap,1148814,NGM
AOSL,Alpha and Omega Semiconductor L,Technology,Small-Cap,687170,NMS
NMFC,New Mountain Finance Corporatio,Financial Services,Small-Cap,603977,NMS
ZVRA,"Zevra Therapeutics, Inc.",Healthcare,Small-Cap,1452353,NMS
IRWD,"Ironwood Pharmaceuticals, Inc.",Healthcare,Small-Cap,2227138,NMS
SATL,Satellogic Inc.,Industrials,Small-Cap,6395957,NCM
UAMY,United States Antimony Corporat,Basic Materials,Small-Cap,7014195,NYQ
PAYS,"Paysign, Inc.",Technology,Small-Cap,652827,NCM
GMRS,GMR Solutions Inc.,Healthcare,Small-Cap,734464,NYQ
STTK,"Shattuck Labs, Inc.",Healthcare,Small-Cap,1355487,NMS
PRAA,"PRA Group, Inc.",Financial Services,Small-Cap,567393,NMS
FBRT,"Franklin BSP Realty Trust, Inc.",Real Estate,Small-Cap,1408448,NYQ
SPT,"Sprout Social, Inc",Technology,Small-Cap,1292616,NCM
NFGC,New Found Gold Corp,Basic Materials,Small-Cap,1576803,ASE
ALOY,REalloys Inc.,Basic Materials,Small-Cap,2887006,NCM
VSTM,"Verastem, Inc.",Healthcare,Small-Cap,2447627,NCM
ALLO,"Allogene Therapeutics, Inc.",Healthcare,Small-Cap,7436690,NMS
WYFI,"WhiteFiber, Inc.",Technology,Small-Cap,2795985,NCM
BLDP,"Ballard Power Systems, Inc.",Industrials,Small-Cap,5510593,NGM
ARRY,"Array Technologies, Inc.",Technology,Small-Cap,6704023,NGM
SSYS,"Stratasys, Ltd.",Technology,Small-Cap,767743,NMS
GRNT,"Granite Ridge Resources, Inc.",Energy,Small-Cap,990987,NYQ
ODD,ODDITY Tech Ltd.,Consumer Defensive,Small-Cap,1082208,NGM
BAK,Braskem SA,Basic Materials,Small-Cap,2586969,NYQ
YEXT,"Yext, Inc.",Technology,Small-Cap,1161560,NYQ
MATV,"Mativ Holdings, Inc.",Basic Materials,Small-Cap,575690,NYQ
MDXG,"MiMedx Group, Inc",Healthcare,Small-Cap,1276835,NCM
AGNT,"AGNT, Inc.",Real Estate,Small-Cap,1424114,NGM
SGMT,Sagimet Biosciences Inc. - Seri,Healthcare,Small-Cap,1249520,NGM
AQST,"Aquestive Therapeutics, Inc.",Healthcare,Small-Cap,2677396,NGM
CRMD,CorMedix Inc.,Healthcare,Small-Cap,1296829,NGM
MAX,"MediaAlpha, Inc.",Communication Services,Small-Cap,840095,NYQ
PRME,"Prime Medicine, Inc.",Healthcare,Small-Cap,3235198,NGM
JKS,JinkoSolar Holding Company Limi,Technology,Small-Cap,739544,NYQ
MEI,"Methode Electronics, Inc.",Technology,Small-Cap,765656,NYQ
IMSR,Terrestrial Energy Inc.,Utilities,Small-Cap,1811404,NMS
GDYN,"Grid Dynamics Holdings, Inc.",Technology,Small-Cap,2048983,NCM
JBI,"Janus International Group, Inc.",Industrials,Small-Cap,1695238,NYQ
OABI,"OmniAb, Inc.",Healthcare,Small-Cap,1209383,NGM
MATW,Matthews International Corporat,Industrials,Small-Cap,513682,NMS
CTGO,Contango Silver & Gold Inc.,Basic Materials,Small-Cap,506996,ASE
KRNY,Kearny Financial,Financial Services,Small-Cap,651929,NMS
VRRM,Verra Mobility Corporation,Technology,Small-Cap,5360370,NCM
EGY,"VAALCO Energy, Inc.",Energy,Small-Cap,1322387,NYQ
SPPP,"""Sprott Physical Platinum and P",N/A,Small-Cap,680703,ASE
CGNT,Cognyte Software Ltd.,Technology,Small-Cap,615608,NMS
MPLT,"MapLight Therapeutics, Inc.",Healthcare,Small-Cap,865196,NMS
SLI,Standard Lithium Ltd.,Basic Materials,Small-Cap,1788183,ASE
RGNX,REGENXBIO Inc.,Healthcare,Small-Cap,1969198,NMS
TLRY,"Tilray Brands, Inc.",Healthcare,Small-Cap,4078315,NMS
BOT,"RoboStrategy, Inc.",Financial Services,Small-Cap,569040,NGM
NRDS,"NerdWallet, Inc.",Communication Services,Small-Cap,689309,NGM
GFUZ,General Fusion Group Ltd.,Industrials,Small-Cap,536824,NGM
AHRT,"AH Realty Trust, Inc.",Real Estate,Small-Cap,705411,NYQ
AUTL,Autolus Therapeutics plc,Healthcare,Small-Cap,1926595,NMS
INN,"Summit Hotel Properties, Inc.",Real Estate,Small-Cap,1356706,NYQ
CARS,Cars.com Inc.,Communication Services,Small-Cap,675041,NYQ
STLN,"Starling Oncology, Inc.",Healthcare,Small-Cap,1770848,NCM
ADTN,"ADTRAN Holdings, Inc.",Technology,Small-Cap,2127287,NMS
HYLN,Hyliion Holdings Corp.,Consumer Cyclical,Small-Cap,3798170,ASE
ETD,Ethan Allen Interiors Inc.,Consumer Cyclical,Small-Cap,632127,NYQ
CAPR,"Capricor Therapeutics, Inc.",Healthcare,Small-Cap,6175692,NMS
LPTH,"LightPath Technologies, Inc.",Technology,Small-Cap,3196742,NCM
EOLS,"Evolus, Inc. Common Stock",Healthcare,Small-Cap,898506,NGM
VTEX,VTEX,Technology,Small-Cap,1150040,NYQ
CTKB,"Cytek Biosciences, Inc.",Healthcare,Small-Cap,1317440,NMS
HNST,"The Honest Company, Inc.",Consumer Defensive,Small-Cap,2058746,NMS
ALT,"Altimmune, Inc.",Healthcare,Small-Cap,4464370,NGM
ARVN,"Arvinas, Inc.",Healthcare,Small-Cap,767638,NMS
BRSP,"BrightSpire Capital, Inc.",Real Estate,Small-Cap,1563698,NYQ
TRTX,"TPG RE Finance Trust, Inc.",Real Estate,Small-Cap,780882,NYQ
ONT,"Onterris, Inc.",Industrials,Small-Cap,709029,NYQ
OPFI,OppFi Inc.,Financial Services,Small-Cap,855431,NYQ
TMQ,Trilogy Metals Inc.,Basic Materials,Small-Cap,1502196,ASE
NRGV,"Energy Vault Holdings, Inc.",Utilities,Small-Cap,5310788,NYQ
WEAV,"Weave Communications, Inc.",Healthcare,Small-Cap,2596036,NYQ
WTI,"W&T Offshore, Inc.",Energy,Small-Cap,4135672,NYQ
SPRY,"ARS Pharmaceuticals, Inc.",Healthcare,Small-Cap,2020340,NGM
NB,NioCorp Developments Ltd.,Basic Materials,Small-Cap,3330980,NGM
ASPI,ASP Isotopes Inc.,Basic Materials,Small-Cap,4012733,NCM
DNUT,"Krispy Kreme, Inc.",Consumer Defensive,Small-Cap,2937132,NMS
SWBI,"Smith & Wesson Brands, Inc.",Industrials,Small-Cap,697385,NMS
CLB,Core Laboratories Inc.,Energy,Small-Cap,838647,NYQ
DCTH,"Delcath Systems, Inc.",Healthcare,Small-Cap,560312,NCM
XMAX,"XMAX, Inc.",Consumer Cyclical,Small-Cap,978169,NCM
GAU,Galiano Gold Inc.,Basic Materials,Small-Cap,3284530,ASE
RYAM,Rayonier Advanced Materials Inc,Basic Materials,Small-Cap,959556,NYQ
FWRD,Forward Air Corporation,Industrials,Small-Cap,904806,NMS
RWT,"Redwood Trust, Inc.",Real Estate,Small-Cap,2622070,NYQ
DDD,3D Systems Corporation,Technology,Small-Cap,3340979,NYQ
OVID,Ovid Therapeutics Inc.,Healthcare,Small-Cap,2281533,NCM
ITRG,Integra Resources Corp.,Basic Materials,Small-Cap,3111861,ASE
ZURA,Zura Bio Limited,Healthcare,Small-Cap,1321355,NCM
WRN,Western Copper and Gold Corpora,Basic Materials,Small-Cap,1427653,ASE
GEMI,"Gemini Space Station, Inc.",Financial Services,Small-Cap,1927369,NMS
URG,Ur Energy Inc,Energy,Small-Cap,9162535,ASE
CABA,"Cabaletta Bio, Inc.",Healthcare,Small-Cap,4825038,NMS
OIS,"Oil States International, Inc.",Energy,Small-Cap,677179,NYQ
SLDP,"Solid Power, Inc.",Consumer Cyclical,Small-Cap,3851340,NMS
CERS,Cerus Corporation,Healthcare,Small-Cap,2581870,NGM
LAES,SEALSQ Corp,Technology,Small-Cap,14130980,NMS
ECC,N/A,Financial Services,Small-Cap,957462,NYQ
ALIT,"Alight, Inc.",Technology,Small-Cap,944283,NYQ
ARKO,ARKO Corp.,Consumer Cyclical,Small-Cap,956312,NCM
WNC,Wabash National Corporation,Industrials,Small-Cap,1144279,NYQ
BDN,Brandywine Realty Trust,Real Estate,Small-Cap,1968361,NYQ
KYTX,"Kyverna Therapeutics, Inc.",Healthcare,Small-Cap,992614,NMS
AMCX,AMC Global Media Inc.,Communication Services,Small-Cap,612249,NMS
NUAI,"New Era Energy & Digital, Inc.",Technology,Small-Cap,7507352,NGM
ENTX,Entera Bio Ltd.,Healthcare,Small-Cap,2629462,NCM
SENS,"Senseonics Holdings, Inc.",Healthcare,Small-Cap,746611,NMS
MEC,"Mayville Engineering Company, I",Industrials,Small-Cap,600411,NYQ
CMCO,Columbus McKinnon Corporation,Industrials,Small-Cap,662667,NMS
PRTA,Prothena Corporation plc,Healthcare,Small-Cap,513106,NMS
GTN,"Gray Media, Inc.",Communication Services,Small-Cap,1265253,NYQ
SPIR,"Spire Global, Inc.",Industrials,Small-Cap,937272,NYQ
BTBT,"Bit Digital, Inc.",Financial Services,Small-Cap,28083051,NCM
EVH,"Evolent Health, Inc",Healthcare,Small-Cap,3087682,NYQ
GORO,Goldgroup Mining Inc.,Basic Materials,Small-Cap,1019959,ASE
HUYA,HUYA Inc.,Communication Services,Small-Cap,890620,NYQ
RLMD,"Relmada Therapeutics, Inc.",Healthcare,Small-Cap,1726328,NCM
EDIT,"Editas Medicine, Inc.",Healthcare,Small-Cap,2349267,NMS
CCCC,"C4 Therapeutics, Inc.",Healthcare,Small-Cap,3000082,NMS
KREF,KKR Real Estate Finance Trust I,Real Estate,Small-Cap,983312,NYQ
SRTA,"Strata Critical Medical, Inc.",Healthcare,Small-Cap,1152929,NCM
TWI,"Titan International, Inc. (DE)",Industrials,Small-Cap,546083,NYQ
NMG,Nouveau Monde Graphite Inc.,Basic Materials,Small-Cap,550508,NYQ
ARCT,Arcturus Therapeutics Holdings ,Healthcare,Small-Cap,824038,NGM
CGC,Canopy Growth Corporation,Healthcare,Small-Cap,4080370,NMS
CCOI,"Cogent Communications Holdings,",Communication Services,Small-Cap,1521548,NMS
DNA,"Ginkgo Bioworks Holdings, Inc.",Healthcare,Small-Cap,1112961,NYQ
ADUR,Aduro Clean Technologies Inc.,Industrials,Small-Cap,543179,NCM
EVMN,"Evommune, Inc.",Healthcare,Small-Cap,796535,NYQ
FWDI,"Forward Industries, Inc.",Consumer Cyclical,Small-Cap,1520947,NCM
CLPT,ClearPoint Neuro Inc.,Healthcare,Small-Cap,723741,NCM
VVR,Invesco Senior Income Trust  (D,Financial Services,Small-Cap,684811,NYQ
OCGN,"Ocugen, Inc.",Healthcare,Small-Cap,6107600,NCM
SPCE,"Virgin Galactic Holdings, Inc.",Industrials,Small-Cap,17500677,NYQ
BIOA,"BioAge Labs, Inc.",Healthcare,Small-Cap,871787,NMS
VITL,"Vital Farms, Inc.",Consumer Defensive,Small-Cap,1818288,NGM
ASTL,Algoma Steel Group Inc.,Basic Materials,Small-Cap,1074634,NGM
IMXI,"International Money Express, In",Technology,Small-Cap,536071,NCM
GALT,Galectin Therapeutics Inc.,Healthcare,Small-Cap,647996,NCM
BTQ,BTQ Technologies Corp.,Technology,Small-Cap,3062877,NGM
QNC,Quantum eMotion Corp.,Technology,Small-Cap,1604958,ASE
RZLT,"Rezolute, Inc.",Healthcare,Small-Cap,1676624,NCM
QTTB,Q32 Bio Inc.,Healthcare,Small-Cap,1138885,NCM
XRX,Xerox Holdings Corporation,Industrials,Small-Cap,3491358,NMS
BMBL,Bumble Inc.,Communication Services,Small-Cap,3126919,NMS
CMPX,"Compass Therapeutics, Inc.",Healthcare,Small-Cap,2979674,NCM
ECX,ECARX Holdings Inc.,Consumer Cyclical,Small-Cap,1399359,NGM
CWH,"Camping World Holdings, Inc.",Consumer Cyclical,Small-Cap,2115803,NYQ
LAND,Gladstone Land Corporation,Real Estate,Small-Cap,719783,NGM
RCKT,"Rocket Pharmaceuticals, Inc.",Healthcare,Small-Cap,2085433,NGM
CYH,"Community Health Systems, Inc.",Healthcare,Small-Cap,1668317,NYQ
RR,Richtech Robotics Inc.,Industrials,Small-Cap,7164491,NCM
SERV,Serve Robotics Inc.,Industrials,Small-Cap,4419822,NCM
LRMR,"Larimar Therapeutics, Inc.",Healthcare,Small-Cap,1883080,NGM
IHRT,"iHeartMedia, Inc.",Communication Services,Small-Cap,766645,NMS
SFIX,"Stitch Fix, Inc.",Consumer Cyclical,Small-Cap,1873300,NMS
XFOR,"X4 Pharmaceuticals, Inc.",Healthcare,Small-Cap,771266,NCM
GEVO,"Gevo, Inc.",Basic Materials,Small-Cap,3304171,NCM
EVGO,EVgo Inc.,Consumer Cyclical,Small-Cap,3641324,NMS
ASPN,"Aspen Aerogels, Inc.",Basic Materials,Small-Cap,1344328,NYQ
SUJA,"Suja Life, Inc.",Consumer Defensive,Small-Cap,608519,NMS
PACB,Pacific Biosciences of Californ,Healthcare,Small-Cap,6584560,NMS
FIP,FTAI Infrastructure Inc.,Industrials,Small-Cap,1182748,NMS
AIOT,"PowerFleet, Inc.",Technology,Small-Cap,1852595,NGM
CAL,"Caleres, Inc.",Consumer Cyclical,Small-Cap,552723,NYQ
REI,"Ring Energy, Inc.",Energy,Small-Cap,4648387,ASE
AIV,Apartment Investment and Manage,Real Estate,Small-Cap,1266927,NYQ
REAX,Real REMAX Group Inc.,Real Estate,Small-Cap,608033,NCM
ACCO,Acco Brands Corporation,Industrials,Small-Cap,775329,NYQ
ERII,"Energy Recovery, Inc.",Industrials,Small-Cap,984463,NMS
LDI,"loanDepot, Inc.",Financial Services,Small-Cap,2470758,NYQ
MNRO,"Monro, Inc.",Consumer Cyclical,Small-Cap,1128716,NMS
LZM,Lifezone Metals Limited,Basic Materials,Small-Cap,530311,NYQ
GRRR,Gorilla Technology Group Inc.,Technology,Small-Cap,1305017,NCM
LXEO,"Lexeo Therapeutics, Inc.",Healthcare,Small-Cap,932638,NGM
PACK,Ranpak Holdings Corp,Consumer Cyclical,Small-Cap,520017,NYQ
MRAM,"Everspin Technologies, Inc.",Technology,Small-Cap,1479423,NGM
EYPT,"EyePoint, Inc.",Healthcare,Small-Cap,3331579,NGM
CRNC,Cerence Inc.,Technology,Small-Cap,794301,NMS
BBW,"Build-A-Bear Workshop, Inc.",Consumer Cyclical,Small-Cap,533930,NYQ
ORN,"Orion Group Holdings, Inc.",Industrials,Small-Cap,526324,NYQ
CION,CION Investment Corporation,Financial Services,Small-Cap,557025,NYQ
IPSC,"Century Therapeutics, Inc.",Healthcare,Small-Cap,1116523,NCM
GTE,Gran Tierra Energy Inc.,Energy,Small-Cap,822011,ASE
UPB,"Upstream Bio, Inc.",Healthcare,Small-Cap,615320,NMS
VELO,"Velo3D, Inc.",Technology,Small-Cap,2855427,NCM
FNKO,"Funko, Inc.",Consumer Cyclical,Small-Cap,976134,NMS
BLND,"Blend Labs, Inc.",Technology,Small-Cap,2448983,NYQ
TRX,TRX Gold Corporation,Basic Materials,Small-Cap,2189346,ASE
ABAT,American Battery Technology Com,Industrials,Small-Cap,4985609,NCM
CLNE,Clean Energy Fuels Corp.,Energy,Small-Cap,1812383,NMS
SHOE,"Shoe Station Group, Inc.",Consumer Cyclical,Small-Cap,707143,NMS
NXH,"Neighborhood Intelligence, Inc.",Consumer Cyclical,Small-Cap,2533861,NMS
OPTU,"Optimum Communications, Inc.",Communication Services,Small-Cap,7543234,NYQ
ZNTL,"Zentalis Pharmaceuticals, Inc.",Healthcare,Small-Cap,1209382,NGM
AGEN,Agenus Inc.,Healthcare,Small-Cap,4201607,NCM
HLLY,Holley Inc.,Consumer Cyclical,Small-Cap,895852,NYQ
CATX,"Perspective Therapeutics, Inc.",Healthcare,Small-Cap,1591330,ASE
DGXX,Digi Power X Inc.,Utilities,Small-Cap,4346200,NCM
RBBN,Ribbon Communications Inc.,Technology,Small-Cap,743224,NMS
BRBS,"Blue Ridge Bankshares, Inc.",Financial Services,Small-Cap,645832,ASE
TLS,Telos Corporation,Technology,Small-Cap,618792,NGM
VFF,"Village Farms International, In",Consumer Defensive,Small-Cap,1022269,NCM
ZIP,"ZipRecruiter, Inc.",Communication Services,Small-Cap,847130,NYQ
AIIO,Robo.ai Inc.,Consumer Cyclical,Micro-Cap,1596903,NCM
PALI,"Palisade Bio, Inc.",Healthcare,Small-Cap,2826241,NCM
DSX,Diana Shipping inc.,Industrials,Small-Cap,805607,NYQ
TCPC,BlackRock TCP Capital Corp.,Financial Services,Small-Cap,797366,NMS
ABEO,Abeona Therapeutics Inc.,Healthcare,Small-Cap,1390558,NCM
GOGO,Gogo Inc.,Communication Services,Small-Cap,2104222,NMS
SABS,"SAB Biotherapeutics, Inc.",Healthcare,Small-Cap,666840,NCM
EH,EHang Holdings Limited,Industrials,Small-Cap,1042956,NGM
CDZI,"Cadiz, Inc.",Industrials,Small-Cap,991593,NGM
SNDL,SNDL Inc.,Consumer Defensive,Small-Cap,1896198,NCM
FVRR,Fiverr International Ltd.,Communication Services,Small-Cap,761804,NYQ
TDUP,ThredUp Inc.,Consumer Cyclical,Small-Cap,2390434,NMS
IKT,"Inhibikase Therapeutics, Inc.",Healthcare,Small-Cap,775425,NCM
IFRX,InflaRx N.V.,Healthcare,Small-Cap,1121944,NMS
OEC,Orion S.A.,Basic Materials,Small-Cap,583277,NYQ
NNDM,Nano Dimension Ltd.,Technology,Small-Cap,3795851,NCM
ARQQ,Arqit Quantum Inc.,Technology,Small-Cap,715050,NCM
VNDA,Vanda Pharmaceuticals Inc.,Healthcare,Small-Cap,918719,NGM
BKKT,"Bakkt, Inc.",Technology,Small-Cap,1344612,NYQ
ELVA,Electrovaya Inc.,Industrials,Small-Cap,1044061,NCM
IMRX,Immuneering Corporation,Healthcare,Small-Cap,1014227,NGM
PTLO,Portillo's Inc.,Consumer Cyclical,Small-Cap,1293669,NMS
IRD,"Opus Genetics, Inc.",Healthcare,Small-Cap,1076539,NCM
EBS,Emergent BioSolutions Inc.,Healthcare,Small-Cap,1076403,NYQ
RPAY,Repay Holdings Corporation,Technology,Small-Cap,555114,NCM
FUBO,fuboTV Inc.,Communication Services,Small-Cap,1510146,NYQ
ALTO,"Alto Ingredients, Inc.",Basic Materials,Small-Cap,2346840,NCM
SSP,E.W. Scripps Company (The),Communication Services,Small-Cap,710843,NMS
RXST,"RxSight, Inc.",Healthcare,Small-Cap,1128783,NGM
HRZN,Horizon Technology Finance Corp,Financial Services,Small-Cap,715203,NMS
TMCI,"Treace Medical Concepts, Inc.",Healthcare,Small-Cap,648759,NMS
JACK,Jack In The Box Inc.,Consumer Cyclical,Small-Cap,940422,NMS
PRQR,ProQR Therapeutics N.V.,Healthcare,Small-Cap,1108553,NCM
KLC,"KinderCare Learning Companies, ",Consumer Defensive,Small-Cap,816562,NYQ
EMBC,Embecta Corp.,Healthcare,Small-Cap,1862703,NMS
MYGN,"Myriad Genetics, Inc.",Healthcare,Small-Cap,1826593,NMS
ORBS,Eightco Holdings Inc.,Consumer Cyclical,Small-Cap,14977482,NCM
FATE,"Fate Therapeutics, Inc.",Healthcare,Small-Cap,2898350,NGM
FULC,"Fulcrum Therapeutics, Inc.",Healthcare,Small-Cap,2255479,NGM
OPTX,"Syntec Optics Holdings, Inc.",Technology,Small-Cap,562693,NCM
PLAY,"Dave & Buster's Entertainment, ",Communication Services,Small-Cap,1684167,NMS
PYXS,"Pyxis Oncology, Inc.",Healthcare,Small-Cap,1206308,NMS
AIBZ,Bitzero Holdings Inc.,Technology,Small-Cap,541849,NCM
SION,"Sionna Therapeutics, Inc.",Healthcare,Small-Cap,1866036,NGM
RC,Ready Capital Corporation,Real Estate,Small-Cap,1314924,NYQ
TII,Titan Mining Corporation,Basic Materials,Small-Cap,1106448,ASE
FOSL,"Fossil Group, Inc.",Consumer Cyclical,Small-Cap,927253,NMS
MRLN,"Merlin, Inc.",Industrials,Small-Cap,2332461,NGM
BGS,"B&G Foods, Inc.",Consumer Defensive,Small-Cap,2113782,NYQ
LTBR,Lightbridge Corporation,Industrials,Small-Cap,853369,NCM
CNDT,Conduent Incorporated,Technology,Small-Cap,1073280,NMS
RWAY,Runway Growth Finance Corp.,Financial Services,Small-Cap,611069,NMS
SY,So-Young International Inc. - A,Healthcare,Small-Cap,565466,NCM
ALXO,ALX Oncology Holdings Inc.,Healthcare,Small-Cap,1276875,NMS
NNBR,"NN, Inc.",Industrials,Small-Cap,3651800,NMS
DUOT,"Duos Technologies Group, Inc.",Technology,Small-Cap,967690,NCM
LCTX,"Lineage Cell Therapeutics, Inc.",Healthcare,Small-Cap,1336390,ASE
RILY,"BRC Group Holdings, Inc.",Financial Services,Small-Cap,698443,NGM
ALEC,"Alector, Inc.",Healthcare,Small-Cap,1032588,NMS
EGHT,8x8 Inc,Technology,Small-Cap,1731161,NMS
PDYN,Palladyne AI Corp.,Technology,Small-Cap,1476449,NGM
MVST,"Microvast Holdings, Inc.",Consumer Cyclical,Small-Cap,5697627,NCM
DBI,Designer Brands Inc.,Consumer Cyclical,Small-Cap,618114,NYQ
AVXL,Anavex Life Sciences Corp.,Healthcare,Small-Cap,1115911,NMS
SLNH,"Soluna Holdings, Inc.",Financial Services,Small-Cap,13714851,NCM
MGNX,"MacroGenics, Inc.",Healthcare,Small-Cap,860598,NMS
AKBA,"Akebia Therapeutics, Inc.",Healthcare,Small-Cap,6212012,NCM
ACB,Aurora Cannabis Inc.,Healthcare,Small-Cap,1463608,NCM
XPOF,"Xponential Fitness, Inc.",Consumer Cyclical,Micro-Cap,776207,NYQ
SMRT,"SmartRent, Inc.",Technology,Small-Cap,1981279,NYQ
NMRA,"Neumora Therapeutics, Inc.",Healthcare,Micro-Cap,1896187,NMS
LAB,Standard BioTools Inc.,Healthcare,Small-Cap,3237433,NMS
NGEN,NervGen Pharma Corp.,Healthcare,Small-Cap,687195,NCM
DEFT,"Defi Technologies, Inc.",Financial Services,Small-Cap,2779347,NCM
POWW,Outdoor Holding Company,Industrials,Small-Cap,792180,NCM
LODE,Comstock Inc.,Basic Materials,Micro-Cap,1380608,ASE
IVVD,"Invivyd, Inc.",Healthcare,Micro-Cap,4798711,NGM
OSS,"One Stop Systems, Inc.",Technology,Micro-Cap,1093551,NCM
AREC,American Resources Corporation,Industrials,Small-Cap,2646022,NCM
IMMR,Immersion Corporation,Technology,Small-Cap,593626,NMS
AIAI,AIAI Holdings Corporation,Industrials,Small-Cap,555933,NGM
NAGE,"Niagen Bioscience, Inc.",Consumer Defensive,Small-Cap,656277,NCM
DVLT,Datavault AI Inc.,Technology,Micro-Cap,28137348,NCM
ELDN,"Eledon Pharmaceuticals, Inc.",Healthcare,Micro-Cap,1309087,NCM
DCX,Digital Currency X Technology I,Consumer Cyclical,Micro-Cap,919514,NCM
PNNT,PennantPark Investment Corporat,Financial Services,Micro-Cap,676420,NYQ
LTRX,"Lantronix, Inc.",Technology,Micro-Cap,1127890,NCM
TNXP,Tonix Pharmaceuticals Holding C,Healthcare,Micro-Cap,529609,NMS
CRDL,Cardiol Therapeutics Inc.,Healthcare,Small-Cap,991007,NCM
CAN,Canaan Inc.,Technology,Small-Cap,14787944,NCM
BETR,Better Home & Finance Holding C,Financial Services,Small-Cap,525177,NGM
LVWR,"LiveWire Group, Inc.",Consumer Cyclical,Small-Cap,4305866,NYQ
KLTR,"Kaltura, Inc.",Technology,Micro-Cap,590714,NMS
EU,enCore Energy Corp.,Energy,Micro-Cap,3418167,NCM
NCMI,"National CineMedia, Inc.",Communication Services,Micro-Cap,794666,NMS
ALMU,"Aeluma, Inc.",Technology,Micro-Cap,575040,NCM
TARA,"Protara Therapeutics, Inc.",Healthcare,Micro-Cap,544950,NGM
SIGA,SIGA Technologies Inc.,Healthcare,Micro-Cap,701641,NGM
EXFY,"Expensify, Inc.",Technology,Micro-Cap,1490582,NMS
GLDG,GoldMining Inc.,Basic Materials,Micro-Cap,791238,ASE
NUS,"Nu Skin Enterprises, Inc.",Consumer Defensive,Micro-Cap,671650,NYQ
TSSI,"TSS, Inc.",Technology,Micro-Cap,872577,NCM
NEOV,NeoVolta Inc.,Industrials,Micro-Cap,2758153,NCM
GPRO,"GoPro, Inc.",Technology,Small-Cap,24370596,NMS
HDSN,"Hudson Technologies, Inc.",Basic Materials,Micro-Cap,582166,NCM
STIM,"Neuronetics, Inc.",Healthcare,Micro-Cap,2117738,NGM
HITI,High Tide Inc.,Healthcare,Micro-Cap,605335,NCM
PEPG,PepGen Inc.,Healthcare,Micro-Cap,928930,NMS
SIDU,"Sidus Space, Inc.",Industrials,Micro-Cap,8817146,NCM
ENHA,Enhanced Group Inc.,Consumer Defensive,Small-Cap,1040701,NYQ
BYND,"Beyond Meat, Inc.",Consumer Defensive,Micro-Cap,1341157,NMS
VYGR,"Voyager Therapeutics, Inc.",Healthcare,Micro-Cap,592814,NMS
ORGO,Organogenesis Holdings Inc.,Healthcare,Micro-Cap,801150,NCM
CHRS,"Coherus Oncology, Inc.",Healthcare,Micro-Cap,987006,NGM
SSTK,"Shutterstock, Inc.",Communication Services,Micro-Cap,1072087,NYQ
PLX,"Protalix BioTherapeutics, Inc. ",Healthcare,Micro-Cap,678785,ASE
CMTG,"Claros Mortgage Trust, Inc.",Real Estate,Micro-Cap,731583,NYQ
AMPY,Amplify Energy Corp.,Energy,Micro-Cap,841862,NYQ
VUZI,Vuzix Corporation,Technology,Micro-Cap,1206062,NCM
SHMD,SCHMID Group N.V.,Industrials,Micro-Cap,773985,NGM
USDE,StablecoinX Inc.,Financial Services,Micro-Cap,5456687,NCM
GSIT,"GSI Technology, Inc.",Technology,Micro-Cap,822211,NMS
VRXA,Veraxa Biotech AG,Healthcare,Micro-Cap,507182,NGM
DPRO,Draganfly Inc.,Technology,Micro-Cap,1195024,NCM
CMRC,"Commerce.com, Inc. - Series 1",Technology,Micro-Cap,905265,NGM
NKTX,"Nkarta, Inc.",Healthcare,Micro-Cap,664083,NMS
UIS,Unisys Corporation New,Technology,Micro-Cap,797664,NYQ
SES,SES AI Corporation,Consumer Cyclical,Micro-Cap,13727041,NYQ
ANGI,Angi Inc.,Communication Services,Micro-Cap,818206,NMS
BRR,"ProCap Financial, Inc.",Financial Services,Micro-Cap,868932,NGM
CRNT,Ceragon Networks Ltd.,Technology,Micro-Cap,578906,NMS
LUCD,Lucid Diagnostics Inc.,Healthcare,Micro-Cap,1392456,NCM
JELD,"JELD-WEN Holding, Inc.",Industrials,Micro-Cap,1825524,NYQ
PLG,Platinum Group Metals Ltd.,Basic Materials,Micro-Cap,1097658,ASE
VLN,Valens Semiconductor Ltd.,Technology,Micro-Cap,1412475,NYQ
CYPH,Cypherpunk Technologies Inc.,Financial Services,Small-Cap,4875116,NCM
CNTN,"Canton Strategic Holdings, Inc.",Healthcare,Micro-Cap,923895,NCM
AIRS,"AirSculpt Technologies, Inc.",Healthcare,Micro-Cap,694738,NGM
TOYO,"TOYO Co., Ltd",Technology,Micro-Cap,941804,NCM
XHG,XChange TEC.INC,Financial Services,Micro-Cap,1449974,NCM
SLE,"Super League Enterprise, Inc.",Communication Services,Micro-Cap,1245771,NCM
ZJYL,JIN MEDICAL INTERNATIONAL LTD.,Healthcare,Micro-Cap,711369,NCM
DOMO,"Domo, Inc.",Technology,Micro-Cap,2298050,NGM
CDXS,"Codexis, Inc.",Healthcare,Micro-Cap,1156277,NMS
SKYX,SKYX Platforms Corp.,Industrials,Micro-Cap,1312723,NCM
OGI,Organigram Global Inc.,Healthcare,Micro-Cap,886793,NMS
QSI,Quantum-Si Incorporated,Healthcare,Micro-Cap,3719556,NGM
CRBU,"Caribou Biosciences, Inc.",Healthcare,Micro-Cap,1700543,NMS
CURI,CuriosityStream Inc.,Communication Services,Micro-Cap,1006937,NCM
FJET,"Starfighters Space, Inc.",Industrials,Micro-Cap,1084770,ASE
FIRY,Firy Inc.,Communication Services,Micro-Cap,518225,NYQ
GCTS,"GCT Semiconductor Holding, Inc.",Technology,Micro-Cap,2642288,NYQ
STEX,Streamex Corp.,Financial Services,Micro-Cap,1310401,NCM
LENZ,"LENZ Therapeutics, Inc.",Healthcare,Micro-Cap,861262,NMS
HUMA,"Humacyte, Inc.",Healthcare,Micro-Cap,11081016,NMS
SAFX,"XCF Global, Inc.",Utilities,Micro-Cap,4160064,NCM
ZSQR,Z Squared Inc.,Technology,Micro-Cap,553203,NGM
SITC,SITE Centers Corp.,Real Estate,Micro-Cap,972651,NYQ
DFDV,DeFi Development Corp.,Financial Services,Micro-Cap,1073603,NCM
NPWR,NET Power Inc.,Industrials,Micro-Cap,821893,NYQ
ADCT,ADC Therapeutics SA,Healthcare,Micro-Cap,1785332,NYQ
ATOM,Atomera Incorporated,Technology,Micro-Cap,732269,NCM
TNYA,"Tenaya Therapeutics, Inc.",Healthcare,Micro-Cap,2201222,NCM
OTLK,"Outlook Therapeutics, Inc.",Healthcare,Micro-Cap,17749816,NCM
CNTB,Connect Biopharma Holdings Limi,Healthcare,Micro-Cap,586685,NGM
LFMD,"LifeMD, Inc.",Healthcare,Micro-Cap,919204,NGM
LX,LexinFintech Holdings Ltd.,Financial Services,Micro-Cap,3205717,NMS
NRXP,"NRX Pharmaceuticals, Inc.",Healthcare,Micro-Cap,992820,NCM
ELME,Elme Communities,Real Estate,Micro-Cap,1323430,NYQ
ZENA,"ZenaTech, Inc.",Technology,Micro-Cap,3602866,NCM
INDP,"Indaptus Therapeutics, Inc.",Healthcare,Micro-Cap,517356,NCM
BHR,Braemar Hotels & Resorts Inc.,Real Estate,Micro-Cap,607417,NYQ
OXSQ,Oxford Square Capital Corp.,Financial Services,Micro-Cap,1604740,NMS
RGP,"Resources Connection, Inc.",Industrials,Micro-Cap,522029,NMS
PLBY,"Playboy, Inc.",Consumer Cyclical,Micro-Cap,834985,NGM
EQ,"Equillium, Inc.",Healthcare,Micro-Cap,630690,NCM
MIST,Milestone Pharmaceuticals Inc.,Healthcare,Micro-Cap,1425022,NMS
UNCY,"Unicycive Therapeutics, Inc.",Healthcare,Micro-Cap,1513285,NCM
STXS,"Stereotaxis, Inc.",Healthcare,Micro-Cap,829480,ASE
CHPT,"ChargePoint Holdings, Inc.",Consumer Cyclical,Small-Cap,1287412,NYQ
INO,"Inovio Pharmaceuticals, Inc.",Healthcare,Micro-Cap,3459019,NCM
AMTX,"Aemetis, Inc",Basic Materials,Micro-Cap,1055798,NGM
HCAT,"Health Catalyst, Inc",Healthcare,Micro-Cap,1137759,NMS
BMEA,"Biomea Fusion, Inc.",Healthcare,Micro-Cap,1121701,NMS
MXCT,"MaxCyte, Inc.",Healthcare,Micro-Cap,1086120,NMS
JLHL,Julong Holding Limited,Industrials,Micro-Cap,2932672,NCM
QUCY,Quantum Cyber N.V.,Healthcare,Micro-Cap,2549612,NCM
ENGN,enGene Therapeutics Inc.,Healthcare,Micro-Cap,879500,NCM
TLSA,Tiziana Life Sciences Ltd,Healthcare,Micro-Cap,559853,NCM
RANI,"Rani Therapeutics Holdings, Inc",Healthcare,Micro-Cap,797166,NGM
QTRX,Quanterix Corporation,Healthcare,Micro-Cap,840642,NGM
ENGS,Energys Group Limited,Industrials,Micro-Cap,1022487,NCM
BDTX,"Black Diamond Therapeutics, Inc",Healthcare,Micro-Cap,1195464,NMS
VIVO,VivoPower PLC,Technology,Micro-Cap,937708,NCM
NAUT,"Nautilus Biotechnology, Inc.",Healthcare,Micro-Cap,885808,NCM
OCC,Optical Cable Corporation,Technology,Micro-Cap,677495,NGM
XHLD,"TEN Holdings, Inc.",Communication Services,Micro-Cap,3613341,NCM
KULR,"KULR Technology Group, Inc.",Technology,Micro-Cap,1408793,ASE
GUTS,"Fractyl Health, Inc.",Healthcare,Micro-Cap,1702804,NGM
MX,Magnachip Semiconductor Corpora,Technology,Micro-Cap,1193842,NYQ
SEER,"Seer, Inc.",Healthcare,Micro-Cap,1065848,NMS
HOVR,New Horizon Aircraft Ltd.,Industrials,Micro-Cap,1125622,NCM
ONCY,Oncolytics Biotech Inc.,Healthcare,Micro-Cap,1128562,NCM
HLP,Hongli Group Inc.,Basic Materials,Micro-Cap,1561912,NCM
PUSA,Aureus Greenway Holdings Inc.,Consumer Cyclical,Micro-Cap,596745,NCM
VENU,Venu Holding Corporation,Consumer Cyclical,Micro-Cap,630873,ASE
EVTL,Vertical Aerospace Ltd.,Industrials,Micro-Cap,5031896,NYQ
YDDL,One and One Green Technologies.,Industrials,Micro-Cap,612301,NCM
TJGC,TJGC Group Limited,Communication Services,Micro-Cap,803185,NCM
INVZ,Innoviz Technologies Ltd.,Consumer Cyclical,Micro-Cap,3528445,NCM
ZVIA,Zevia PBC,Consumer Defensive,Micro-Cap,791458,NYQ
LUNG,Pulmonx Corporation,Healthcare,Micro-Cap,586480,NMS
MBOT,Microbot Medical Inc.,Healthcare,Micro-Cap,725456,NCM
INV,"Innventure, Inc.",Financial Services,Micro-Cap,2969122,NGM
WRAP,"Wrap Technologies, Inc.",Technology,Micro-Cap,1871516,NCM
CIGL,Concorde International Group Lt,Industrials,Micro-Cap,4786356,NCM
BWEN,"Broadwind, Inc.",Industrials,Micro-Cap,561190,NCM
AMPG,"Amplitech Group, Inc.",Technology,Micro-Cap,3601909,NCM
GETY,"Getty Images Holdings, Inc.",Communication Services,Micro-Cap,8387682,NYQ
DH,Definitive Healthcare Corp.,Healthcare,Micro-Cap,501790,NMS
SLQT,"SelectQuote, Inc.",Financial Services,Micro-Cap,1462120,NYQ
CGTX,"Cognition Therapeutics, Inc.",Healthcare,Micro-Cap,1190673,NCM
RNXT,"RenovoRx, Inc.",Healthcare,Micro-Cap,563276,NCM
BZFD,"BuzzFeed, Inc.",Communication Services,Micro-Cap,725774,NCM
FBIO,"Fortress Biotech, Inc.",Healthcare,Micro-Cap,602166,NCM
MNTS,Momentus Inc.,Industrials,Micro-Cap,2296425,NCM
ALDX,"Aldeyra Therapeutics, Inc.",Healthcare,Micro-Cap,1272729,NCM
CHGG,"Chegg, Inc.",Consumer Defensive,Micro-Cap,1323280,NYQ
ACH,"Accendra Health, Inc.",Healthcare,Micro-Cap,1162725,NYQ
SKIN,SkinHealth Systems Inc.,Consumer Defensive,Micro-Cap,2389637,NCM
HYPR,"Hyperfine, Inc.",Healthcare,Micro-Cap,985604,NGM
SRFM,Surf Air Mobility Inc.,Industrials,Micro-Cap,5610075,NYQ
GPUS,"Hyperscale Data, Inc.",Industrials,Nano-Cap,23625433,ASE
ARBE,Arbe Robotics Ltd.,Technology,Micro-Cap,1438754,NCM
TYGO,"Tigo Energy, Inc.",Technology,Micro-Cap,1420845,NCM
NFE,New Fortress Energy Inc.,Energy,Micro-Cap,3047169,NMS
IBIO,"iBio, Inc.",Healthcare,Micro-Cap,842566,NCM
THRY,"Thryv Holdings, Inc.",Technology,Micro-Cap,718446,NCM
CYCU,"Cycurion, Inc.",Technology,Micro-Cap,2313270,NGM
CRDF,"Cardiff Oncology, Inc.",Healthcare,Micro-Cap,1243548,NCM
MAIA,"MAIA Biotechnology, Inc.",Healthcare,Micro-Cap,516545,ASE
CVRX,"CVRx, Inc.",Healthcare,Micro-Cap,753684,NMS
BATL,Battalion Oil Corporation,Energy,Micro-Cap,15567309,ASE
BSIN,Big Sky Industrial Inc.,Energy,Micro-Cap,1760541,NCM
VERI,"Veritone, Inc.",Technology,Micro-Cap,3270587,NGM
GOSS,"Gossamer Bio, Inc.",Healthcare,Micro-Cap,27684130,NMS
NPT,Texxon Holding Limited,Basic Materials,Micro-Cap,2428133,NCM
BYRN,"Byrna Technologies, Inc.",Industrials,Micro-Cap,737345,NCM
GANX,"Gain Therapeutics, Inc.",Healthcare,Micro-Cap,799985,NGM
ZYBT,Zhengye Biotechnology Holding L,Healthcare,Micro-Cap,5335253,NCM
OSTX,OS Therapies Incorporated,Healthcare,Micro-Cap,551769,ASE
AIFC,AI Financial Corporation,Technology,Micro-Cap,1079079,NCM
UPXI,"Upexi, Inc.",Communication Services,Micro-Cap,2264171,NCM
BLNK,Blink Charging Co.,Industrials,Micro-Cap,1576854,NCM
WWR,"Westwater Resources, Inc.",Basic Materials,Micro-Cap,3472496,ASE
REKR,"Rekor Systems, Inc.",Technology,Micro-Cap,1885652,NCM
ANVS,"Annovis Bio, Inc.",Healthcare,Micro-Cap,844533,NYQ
LGO,Largo Inc.,Basic Materials,Micro-Cap,1489554,NMS
MB,MasterBeef Group,Consumer Cyclical,Micro-Cap,549098,NCM
SPRO,"Spero Therapeutics, Inc.",Healthcare,Micro-Cap,1508922,NMS
CPSH,CPS Technologies Corp.,Technology,Micro-Cap,769832,NCM
MDXH,MDxHealth SA,Healthcare,Micro-Cap,6064843,NCM
JRSH,"Jerash Holdings (US), Inc.",Consumer Cyclical,Micro-Cap,746888,NCM
LASE,Laser Photonics Corporation,Industrials,Micro-Cap,5082158,NCM
CAST,"FreeCast, Inc.",Communication Services,Micro-Cap,13037822,NGM
ELTX,"Elicio Therapeutics, Inc.",Healthcare,Micro-Cap,1748406,NCM
TENX,"Tenax Therapeutics, Inc.",Healthcare,Micro-Cap,4910272,NCM
LIDR,"AEye, Inc.",Technology,Micro-Cap,3188290,NCM
PEW,GrabAGun Digital Holdings Inc.,Industrials,Micro-Cap,545472,NYQ
TTEC,"TTEC Holdings, Inc.",Technology,Micro-Cap,576417,NMS
BZAI,"Blaize Holdings, Inc.",Technology,Micro-Cap,4955119,NGM
HAIN,"The Hain Celestial Group, Inc.",Consumer Defensive,Micro-Cap,1033641,NMS
UAVS,"AgEagle Aerial Systems, Inc.",Technology,Micro-Cap,1592158,ASE
BOLD,"Boundless Bio, Inc.",Healthcare,Micro-Cap,1297251,NMS
WNW,Meiwu Technology Company Limite,Consumer Cyclical,Micro-Cap,859161,NCM
CIRC,"Circle8 Group, Inc.",Industrials,Micro-Cap,12414047,NGM
BAER,Bridger Aerospace Group Holding,Industrials,Micro-Cap,931845,NGM
STI,"Solidion Technology, Inc.",Industrials,Micro-Cap,582374,NCM
RNTX,"Rein Therapeutics, Inc.",Healthcare,Micro-Cap,500391,NCM
BTCS,BTCS Inc.,Financial Services,Micro-Cap,1439808,NCM
VIOT,"Viomi Technology Co., Ltd",Consumer Cyclical,Micro-Cap,1125183,NMS
FEAM,"5E Advanced Materials, Inc.",Basic Materials,Micro-Cap,532127,NMS
BIYA,Baiya International Group Inc.,Technology,Micro-Cap,5118364,NCM
INMB,INmune Bio Inc.,Healthcare,Micro-Cap,710744,NCM
NNOX,NANO-X IMAGING LTD,Healthcare,Micro-Cap,1970830,NGM
MYPS,"PLAYSTUDIOS, Inc.",Communication Services,Micro-Cap,706737,NCM
KNDI,"Kandi Technologies Group, Inc.",Consumer Cyclical,Micro-Cap,953148,NMS
GLND,Greenland Energy Company,Energy,Micro-Cap,1164254,NGM
LFS,"LEIFRAS Co., Ltd.",Communication Services,Micro-Cap,1448051,NCM
PROP,Prairie Operating Co.,Energy,Micro-Cap,2272191,NCM
HRTX,"Heron Therapeutics, Inc.",Healthcare,Micro-Cap,3017880,NCM
MYO,Myomo Inc.,Healthcare,Micro-Cap,809230,ASE
APWC,Asia Pacific Wire & Cable Corpo,Industrials,Micro-Cap,813875,NCM
CELU,Celularity Inc.,Healthcare,Nano-Cap,4010725,NCM
SPWR,SunPower Inc.,Technology,Micro-Cap,9356636,NGM
CTM,"Castellum, Inc.",Technology,Micro-Cap,4197679,ASE
TC,Token Cat Limited,Communication Services,Micro-Cap,1819330,NCM
QTEX,QTREX Quantum Ltd.,Technology,Micro-Cap,7905987,NCM
WYHG,Wing Yip Food Holdings Group Li,Consumer Defensive,Micro-Cap,1547438,NCM
MVIS,"Microvision, Inc.",Technology,Micro-Cap,1195278,NCM
XTNT,"Xtant Medical Holdings, Inc.",Healthcare,Micro-Cap,1681966,ASE
GMHS,Gamehaus Holdings Inc.,Communication Services,Nano-Cap,1156447,NCM
HYPD,"Hyperion DeFi, Inc.",Healthcare,Micro-Cap,500190,NCM
CMTL,Comtech Telecommunications Corp,Technology,Nano-Cap,623819,NMS
XTIA,"XTI Aerospace, Inc.",Industrials,Nano-Cap,864929,NCM
ATYR,"aTyr Pharma, Inc.",Healthcare,Nano-Cap,1342290,NCM
HOWL,"Werewolf Therapeutics, Inc.",Healthcare,Nano-Cap,6996200,NCM
OPTT,"Ocean Power Technologies, Inc.",Industrials,Micro-Cap,4828282,ASE
FBDT,First Breach Inc.,Industrials,Nano-Cap,1872009,NCM
TCRX,"TScan Therapeutics, Inc.",Healthcare,Nano-Cap,764809,NGM
XOS,"Xos, Inc.",Industrials,Nano-Cap,3147769,NCM
MREO,Mereo BioPharma Group plc,Healthcare,Nano-Cap,4071151,NCM
VTIX,Virtuix Holdings Inc.,Technology,Nano-Cap,665361,NGM
SDEV,Stablecoin Development Corporat,Financial Services,Nano-Cap,1056998,ASE
KPTI,Karyopharm Therapeutics Inc.,Healthcare,Nano-Cap,1363262,NMS
FSP,Franklin Street Properties Corp,Real Estate,Nano-Cap,608591,ASE
AHMA,Ambitions Enterprise Management,Consumer Cyclical,Nano-Cap,2960344,NCM
PETS,"PetMed Express, Inc.",Healthcare,Nano-Cap,642607,NMS
TOON,"Kartoon Studios, Inc.",Communication Services,Nano-Cap,1584522,ASE
YOUL,Youlife Group Inc.,Consumer Defensive,Nano-Cap,1314300,NCM
CRVO,CervoMed Inc.,Healthcare,Nano-Cap,5729419,NCM
PN,PN Smart Energy Limited,Technology,Nano-Cap,940562,NCM
CPHI,"China Pharma Holdings, Inc.",Healthcare,Nano-Cap,4531522,ASE
DCGO,DocGo Inc.,Healthcare,Nano-Cap,937383,NCM
RDAC,Rising Dragon Acquisition Corp.,Financial Services,Nano-Cap,706700,NCM
MIRA,"MIRA Pharmaceuticals, Inc.",Healthcare,Nano-Cap,564764,NCM
NXXT,"NextNRG, Inc.",Utilities,Nano-Cap,4727601,NCM
WPRT,Westport Fuel Systems Inc,Consumer Cyclical,Nano-Cap,1056993,NMS
DGNX,Diginex Limited,Industrials,Nano-Cap,2160344,NCM
SLND,"Southland Holdings, Inc.",Industrials,Nano-Cap,3935664,ASE
GNS,Genius Group Limited,Consumer Defensive,Nano-Cap,3935914,ASE
NCI,Neo-Concept International Group,Consumer Cyclical,Nano-Cap,503807,NCM
CNTX,Context Therapeutics Inc.,Healthcare,Nano-Cap,2931014,NCM
ZONE,Zone Frontier Inc.,Industrials,Nano-Cap,6376450,ASE
SRXH,SRX Global Inc.,Consumer Defensive,Nano-Cap,4190898,ASE
MCRP,Micropolis AI Robotics,Technology,Nano-Cap,712393,ASE
SWVL,Swvl Holdings Corp,Industrials,Micro-Cap,1419250,NCM
KSCP,"Knightscope, Inc.",Industrials,Nano-Cap,1238460,NCM
MF,MindForge Inc.,Communication Services,Nano-Cap,1312095,NCM
VIP,Vulcan Infrastructure and Power,Financial Services,Nano-Cap,526538,NMS
NWGL,CL Workshop Group Limited,Basic Materials,Nano-Cap,3555029,NCM
BTCT,BTC Digital Ltd.,Technology,Nano-Cap,10954551,NCM
IGC,"IGC Pharma, Inc.",Healthcare,Nano-Cap,680033,ASE
RYET,Ruanyun Edai Technology Inc.,Consumer Defensive,Nano-Cap,1165320,NCM
BEEM,Beam Global,Technology,Nano-Cap,2113791,NCM
NXTC,"NextCure, Inc.",Healthcare,Nano-Cap,2155466,NMS
ARAY,Accuray Incorporated,Healthcare,Nano-Cap,1406163,NCM
YAAS,Youxin Technology Ltd,Technology,Nano-Cap,657498,NCM
SMJF,SMJ International Holdings Inc.,Consumer Cyclical,Nano-Cap,1185022,ASE
PSIG,PS International Group Ltd.,Industrials,Nano-Cap,1142490,NCM
EONR,EON Resources Inc.,Energy,Nano-Cap,919636,ASE
ATCH,"AtlasClear Holdings, Inc.",Financial Services,Nano-Cap,1960667,ASE
AVAT,Avalanche Treasury Corporation,Financial Services,Nano-Cap,653395,NCM
FEMY,Femasys Inc.,Healthcare,Nano-Cap,731893,NCM
HKIT,Hitek Global Inc.,Technology,Nano-Cap,654452,NCM
LGPS,LogProstyle Inc.,Industrials,Nano-Cap,3910050,ASE
FLD,"Fold Holdings, Inc.",Financial Services,Nano-Cap,2451320,NCM
MERC,Mercer International Inc.,Basic Materials,Nano-Cap,3244435,NMS
BYSI,"BeyondSpring, Inc.",Healthcare,Nano-Cap,687311,NCM
STAK,STAK Inc.,Energy,Nano-Cap,4119131,NCM
SKYQ,Sky Quarry Inc.,Energy,Nano-Cap,11344898,NCM
BRLS,Borealis Foods Inc.,Consumer Defensive,Nano-Cap,841024,NCM
RPGL,Republic Power Group Limited,Technology,Nano-Cap,835785,NCM
VAI,Valor Energy Incorporated,Industrials,Nano-Cap,789758,NCM
KMRK,K-Tech Solutions Company Limite,Consumer Cyclical,Nano-Cap,834772,NCM
PRZO,ParaZero Technologies Ltd.,Industrials,Nano-Cap,2276219,NCM
LOOP,"Loop Industries, Inc.",Basic Materials,Nano-Cap,1611756,NGM
CCHH,CCH Holdings Ltd,Consumer Cyclical,Nano-Cap,784290,NCM
TVRD,"Tvardi Therapeutics, Inc.",Healthcare,Nano-Cap,2375367,NCM
DUO,Fangdd Network Group Ltd.,Real Estate,Nano-Cap,1315638,NCM
EXYN,"Exyn Technologies, Inc.",Technology,Nano-Cap,681700,NCM
JSPR,"Jasper Therapeutics, Inc.",Healthcare,Nano-Cap,1449398,NCM
COSM,Cosmos Health Inc.,Healthcare,Nano-Cap,10124082,NCM
PBK,PowerBank Corporation,Utilities,Nano-Cap,2708770,NGM
FTHM,Fathom Holdings Inc.,Real Estate,Nano-Cap,1797820,NCM
INTZ,Intrusion Inc.,Technology,Nano-Cap,2047100,NCM
TGHL,The GrowHub Limited,Technology,Nano-Cap,5453112,NCM
BIRD,"Smartbird, Inc.",Technology,Nano-Cap,1669366,NMS
SLGB,Smart Logistics Global Limited,Industrials,Nano-Cap,7023730,NCM
SCAG,Scage Future,Industrials,Nano-Cap,3140887,NGM
SDOT,Sadot Group Inc.,Consumer Defensive,Nano-Cap,3151238,NCM
EPSM,Epsium Enterprise Limited,Consumer Defensive,Nano-Cap,1244619,NCM
MOBX,"Mobix Labs, Inc.",Technology,Nano-Cap,1310000,NCM
GYGY,"Game Your Game, Inc.",Technology,Nano-Cap,3461319,NCM
HODO,House of Doge Inc.,Technology,Nano-Cap,718288,NCM
AZIO,"Azio AI Holdings, Inc.",Technology,Nano-Cap,671424,NCM
ILLR,Triller Group Inc.,Technology,Nano-Cap,5877805,NCM
ANY,Sphere 3D Corp.,Financial Services,Nano-Cap,650025,NCM
LICN,Lichen International Limited,Industrials,Nano-Cap,941628,NCM
CRMT,"America's Car-Mart, Inc.",Consumer Cyclical,Nano-Cap,1715216,NMS
KTTA,Pasithea Therapeutics Corp.,Healthcare,Nano-Cap,712538,NCM
VNTG,Vantage Corp,Industrials,Nano-Cap,720558,ASE
VWAV,"VisionWave Holdings, Inc.",Industrials,Nano-Cap,1572104,NGM
BIVI,BioVie Inc.,Healthcare,Nano-Cap,4687369,NCM
ZEO,Zeo Energy Corporation,Technology,Nano-Cap,1263712,NCM
FUSE,Fusemachines Inc.,Technology,Nano-Cap,1431931,NGM
DSY,Big Tree Cloud Holdings Limited,Consumer Defensive,Nano-Cap,3332171,NCM
EPOW,E-Power Inc.,Industrials,Nano-Cap,1792527,NCM
TMDE,TMD Energy Limited,Energy,Nano-Cap,893059,ASE
COOT,Australian Oilseeds Holdings Li,Consumer Defensive,Nano-Cap,1846774,NCM
DOGZ,Dogness (International) Corpora,Consumer Cyclical,Nano-Cap,1010633,NCM
WFF,WF Holding Limited,Industrials,Nano-Cap,2693003,NCM
NIXX,"Nixxy, Inc.",Communication Services,Nano-Cap,3620661,NCM
RKTO,Rocket One Inc.,Technology,Nano-Cap,4239548,NCM
YXT,YXT.COM GROUP HOLDING LIMITED -,Technology,Nano-Cap,1226397,NGM
ADVB,Advanced Biomed Inc.,Healthcare,Nano-Cap,1798370,NCM
CHOW,ChowChow Cloud International Ho,Technology,Nano-Cap,12107850,ASE
BCDA,"BioCardia, Inc.",Healthcare,Nano-Cap,675308,NCM
PLSM,Pulsenmore Ltd.,Healthcare,Nano-Cap,1437138,NCM
PASW,"Ping An Biomedical Co., Ltd.",Consumer Cyclical,Nano-Cap,6377053,NCM
MDCX,Medicus Pharma Ltd.,Healthcare,Nano-Cap,3078793,NCM
AIXC,"AIxCrypto Holdings, Inc.",Technology,Nano-Cap,1278020,NCM
CTXR,"Citius Pharmaceuticals, Inc.",Healthcare,Nano-Cap,558964,NCM
UCAR,U Power Limited,Consumer Cyclical,Nano-Cap,581825,NCM
RCT,RedCloud Holdings plc,Technology,Nano-Cap,6200671,NCM
DDC,DDC Enterprise Limited,Consumer Defensive,Nano-Cap,713608,ASE
SUNE,"SUNation Energy, Inc.",Technology,Nano-Cap,7853767,NCM
HUIZ,Huize Holding Limited,Financial Services,Nano-Cap,1872946,NGM
HPAI,Helport AI Limited,Technology,Nano-Cap,558996,NCM
LEDS,SemiLEDS Corporation,Technology,Nano-Cap,944098,NCM
UCL,uCloudlink Group Inc.,Communication Services,Nano-Cap,1712812,NGM
ARTW,"Art's-Way Manufacturing Co., In",Industrials,Nano-Cap,562887,NCM
DARE,"Dare Bioscience, Inc.",Healthcare,Nano-Cap,502388,NCM
SCNX,"Scienture Holdings, Inc.",Healthcare,Nano-Cap,2543888,NCM
FRTT,Fort Technology Inc.,Consumer Cyclical,Nano-Cap,3297398,NCM
HWH,HWH International Inc.,Consumer Cyclical,Nano-Cap,763574,NCM
RGNT,Regentis Biomaterials Ltd.,Healthcare,Nano-Cap,5398517,ASE
HSCS,HeartSciences Inc.,Healthcare,Nano-Cap,2336209,NCM
ALP,Alpha Compute Corp,Financial Services,Nano-Cap,5866829,NCM
LHAI,Linkhome Holdings Inc.,Real Estate,Nano-Cap,9607011,NCM
CLRO,"ClearOne, Inc.",Technology,Nano-Cap,4551766,NCM
FGI,FGI Industries Ltd.,Consumer Cyclical,Nano-Cap,1765246,NCM
ZTG,Zenta Group Company Limited,Industrials,Nano-Cap,885630,NCM
GWH,"ESS Tech, Inc.",Industrials,Nano-Cap,890565,NYQ
AEON,"AEON Biopharma, Inc.",Healthcare,Nano-Cap,2639122,ASE
FNGR,"FingerMotion, Inc.",Communication Services,Nano-Cap,25384641,NCM
MPU,Mega Matrix Inc.,Communication Services,Nano-Cap,3196695,ASE
SOAR,"Volato Group, Inc.",Industrials,Nano-Cap,29334607,ASE
INHD,Inno Holdings Inc.,Basic Materials,Nano-Cap,4812862,NCM
QNRX,"Quoin Pharmaceuticals, Ltd.",Healthcare,Nano-Cap,764759,NCM
GTBP,"GT Biopharma, Inc.",Healthcare,Nano-Cap,813180,NCM
WXM,WF International Limited,Industrials,Nano-Cap,799407,NCM
MBRX,"Moleculin Biotech, Inc.",Healthcare,Nano-Cap,1261259,NCM
PHIO,Phio Pharmaceuticals Corp.,Healthcare,Nano-Cap,630903,NCM
SAGT,SAGTEC GLOBAL LIMITED,Technology,Nano-Cap,2013815,NCM
BIOT,Instinct Bio Technical Company ,Consumer Defensive,Nano-Cap,1015646,NGM
ARAI,Arrive AI Inc.,Technology,Nano-Cap,613269,NGM
CJMB,Callan JMB Inc.,Industrials,Nano-Cap,2295808,NCM
CLWT,Euro Tech Holdings Company Limi,Industrials,Nano-Cap,1752511,NCM
CLIK,CLICK HOLDINGS LIMITED,Consumer Cyclical,Nano-Cap,884404,NCM
HCTI,"Healthcare Triangle, Inc.",Healthcare,Nano-Cap,1020308,NCM
IOTR,iOThree Limited,Communication Services,Nano-Cap,573929,NCM
YJ,Yunji Inc. - American Depositor,Consumer Cyclical,Nano-Cap,3351745,NCM
QNME,"Quanome Technologies, Inc.",Industrials,Nano-Cap,3948238,NCM
TOVX,"Theriva Biologics, Inc.",Healthcare,Nano-Cap,6066077,ASE
ADGM,"Adagio Medical Holdings, Inc",Healthcare,Nano-Cap,8299958,NCM
KNRX,KNOREX LTD.,Technology,Nano-Cap,2627979,ASE
MMA,MIXED MARTIAL ARTS GROUP LIMITE,Consumer Cyclical,Nano-Cap,6724508,ASE
QH,Quhuo Limited,Technology,Nano-Cap,640388,NCM
PDSB,PDS Biotechnology Corporation,Healthcare,Nano-Cap,1278316,NCM
GXAI,Gaxos.ai Inc.,Communication Services,Nano-Cap,2471588,NCM
HUDI,"Huadi International Group Co., ",Basic Materials,Nano-Cap,1227912,NCM
VTGN,"VistaGen Therapeutics, Inc.",Healthcare,Nano-Cap,4025107,NCM
AZTR,Azitra Inc,Healthcare,Nano-Cap,12367012,ASE
HKPD,"Cellyan Biotechnology Co., Ltd",Healthcare,Nano-Cap,2653500,NCM
GMM,Global Mofy AI Limited,Technology,Nano-Cap,4623164,NCM
LZMH,LZ Technology Holdings Limited,Technology,Nano-Cap,552011,NCM
OBAI,"Our Bond, Inc.",Technology,Nano-Cap,12418760,NGM
LNAI,Lunai Bioworks Inc.,Healthcare,Nano-Cap,970890,NCM
LHSW,Lianhe Sowell International Gro,Technology,Micro-Cap,2092415,NCM
RAIN,Rain Enhancement Technologies H,Industrials,Nano-Cap,623062,NCM
IQST,iQSTEL Inc.,Communication Services,Nano-Cap,4964651,NCM
OSRH,"OSR Health, Inc.",Healthcare,Nano-Cap,10034326,NCM
CISO,"CISO Global, Inc.",Technology,Nano-Cap,606840,NCM
DFNS,T3 Defense Inc.,Industrials,Nano-Cap,3639862,NGM
WOK,WORK Medical Technology Group L,Healthcare,Nano-Cap,935588,NCM
RMCF,Rocky Mountain Chocolate Factor,Consumer Defensive,Nano-Cap,3504200,NCM
PLAG,Planet Green Holdings Corp.,Industrials,Nano-Cap,6324082,ASE
GAUZ,Gauzy Ltd.,Technology,Nano-Cap,4797432,NGM
PMA,Ming Shing Group Holdings Limit,Industrials,Micro-Cap,1992615,NCM
GLE,Global Engine Group Holding Lim,Technology,Nano-Cap,5803612,NCM
MIMI,Mint Incorporation Limited,Industrials,Nano-Cap,5015392,NCM
PMI,"Picard Medical, Inc.",Healthcare,Nano-Cap,1678641,ASE
CYAB,"Cyabra, Inc.",Technology,Nano-Cap,4898083,NGM
CCTG,CCSC Technology International H,Industrials,Nano-Cap,5631977,NCM
WKSP,"Worksport, Ltd.",Consumer Cyclical,Nano-Cap,8905438,NCM
CHAI,"Core AI Holdings, Inc.",Communication Services,Nano-Cap,14071073,NCM
TDIC,Dreamland Limited,Communication Services,Nano-Cap,1271168,NCM
EVGN,Evogene Ltd.,Healthcare,Nano-Cap,1463752,NCM
SNGX,"Soligenix, Inc.",Healthcare,Nano-Cap,668733,NCM
FFAI,Faraday Future Intelligent Elec,Consumer Cyclical,Nano-Cap,815551,NCM
MTEN,Mingteng International Corporat,Industrials,Nano-Cap,4757317,NCM
MGRX,"Mangoceuticals, Inc.",Healthcare,Nano-Cap,13775620,NCM
BGL,Blue Gold Limited,Basic Materials,Nano-Cap,782883,NGM
FCUV,Focus Universal Inc.,Technology,Nano-Cap,3761788,NCM
UZX,Linkage Global Inc,Consumer Cyclical,Nano-Cap,2814614,NCM
CGTL,Creative Global Technology Hold,Consumer Cyclical,Nano-Cap,643135,NCM
AIDX,"20/20 Biolabs, Inc.",Healthcare,Nano-Cap,637798,NCM
ICCM,IceCure Medical Ltd.,Healthcare,Nano-Cap,3307577,NCM
NAMI,Jinxin Technology Holding Compa,Communication Services,Nano-Cap,1044961,NCM
CUPR,Cuprina Holdings (Cayman) Limit,Healthcare,Nano-Cap,3027358,NCM
ENSC,"Ensysce Biosciences, Inc.",Healthcare,Nano-Cap,14802567,NCM
SGLY,Singularity Future Technology L,Industrials,Nano-Cap,1235800,NCM
GITS,Global Interactive Technologies,Communication Services,Nano-Cap,719424,NCM
YMAT,"J-Star Holding Co., Ltd.",Basic Materials,Nano-Cap,836383,NCM
AUID,authID Inc.,Technology,Nano-Cap,522216,NCM
CELZ,Creative Medical Technology Hol,Healthcare,Nano-Cap,9824290,NCM
ITOC,iTonic Holdings Ltd,Healthcare,Nano-Cap,1269314,NCM
AIM,AIM ImmunoTech Inc.,Healthcare,Nano-Cap,6160888,ASE
INM,InMed Pharmaceuticals Inc.,Healthcare,Nano-Cap,937501,NCM
CANF,Can-Fite Biopharma Ltd,Healthcare,Nano-Cap,1766988,ASE
EDHL,Everbright Digital Holding Limi,Communication Services,Nano-Cap,1423152,NCM
LABT,Lakewood-Amedex Biotherapeutics,Healthcare,Nano-Cap,1794195,NCM
BQ,Boqii Holding Limited,Consumer Cyclical,Nano-Cap,3186867,ASE
SVRE,SaverOne 2014 Ltd.,Technology,Nano-Cap,517669,NCM
HXHX,Haoxin Holdings Limited,Industrials,Nano-Cap,2393743,NCM
AZI,Autozi Internet Technology (Glo,Consumer Cyclical,Nano-Cap,8614806,NCM
WETO,Wetour Robotics Limited,Technology,Nano-Cap,3304304,NCM
GDC,GD Culture Group Limited,Communication Services,Nano-Cap,1403886,NCM
GLXG,Galaxy Payroll Group Limited,Industrials,Nano-Cap,3313937,NCM
NCPL,Netcapital Inc.,Financial Services,Nano-Cap,13803919,NCM
DRMA,"Dermata Therapeutics, Inc.",Healthcare,Nano-Cap,752630,NCM
AQB,"AquaBounty Technologies, Inc.",Consumer Defensive,Nano-Cap,504325,NCM
WCT,Wellchange Holdings Company Lim,Technology,Micro-Cap,2484883,NCM
WAFU,Wah Fu Education Group Limited,Consumer Defensive,Nano-Cap,908943,NCM
CRE,Cre8 Enterprise Limited,Industrials,Nano-Cap,1831479,NCM
XPON,"Expion Energy, Inc.",Industrials,Nano-Cap,2544950,NCM
KITT,"Nauticus Robotics, Inc.",Industrials,Nano-Cap,677619,NCM
KUST,"Kustom Entertainment, Inc.",Communication Services,Nano-Cap,6884854,NCM
POLA,"Polar Power, Inc.",Industrials,Nano-Cap,1043138,NCM
SSM,Sono Group N.V.,Consumer Cyclical,Nano-Cap,766804,NCM
AEHL,Antelope Enterprise Holdings Li,Industrials,Nano-Cap,1524553,NCM
AUUD,Auddia Inc.,Technology,Nano-Cap,3113101,NCM
GELS,Gelteq Limited,Healthcare,Nano-Cap,5959938,NCM
JWEL,Jowell Global Ltd.,Consumer Cyclical,Nano-Cap,1401571,NCM
OMH,Ohmyhome Limited,Real Estate,Nano-Cap,700537,NCM
RITR,Reitar Logtech Holdings Limited,Industrials,Nano-Cap,65615090,NCM
DXST,Decent Holding Inc.,Industrials,Nano-Cap,1153404,NCM
WLDS,Wearable Devices Ltd.,Technology,Nano-Cap,1880659,NCM
VEEE,Twin Vee PowerCats Co.,Consumer Cyclical,Nano-Cap,2254456,NCM
ZBAO,Zhibao Technology Inc.,Financial Services,Nano-Cap,27549390,NCM
VNRX,VolitionRX Limited,Healthcare,Nano-Cap,7683224,ASE
RMSG,Real Messenger Corporation,Technology,Nano-Cap,1103082,NCM
WBUY,WEBUY GLOBAL LTD.,Consumer Cyclical,Nano-Cap,3829664,NCM
STFS,Star Fashion Culture Holdings L,Communication Services,Nano-Cap,583500,NCM
ZCMD,Zhongchao Inc.,Healthcare,Nano-Cap,6447895,NCM
RDHL,Redhill Biopharma Ltd.,Healthcare,Nano-Cap,1954085,NCM
CWD,CaliberCos Inc.,Financial Services,Nano-Cap,5866806,NCM
SDST,Stardust Power Inc.,Industrials,Nano-Cap,1074248,NCM
EZGO,EZGO Technologies Ltd.,Consumer Cyclical,Nano-Cap,713966,NCM
SCKT,"Socket Mobile, Inc.",Technology,Nano-Cap,4484650,NCM
LIMN,"Liminatus Pharma, Inc.",Healthcare,Nano-Cap,696251,NCM
NCRA,"Nocera, Inc.",Consumer Defensive,Nano-Cap,4088370,NCM
GCDT,Green Circle Decarbonize Techno,Industrials,Nano-Cap,2012438,ASE
LESL,"Leslie's, Inc.",Consumer Cyclical,Nano-Cap,1240674,NMS
DAIC,"CID HoldCo, Inc.",Technology,Nano-Cap,6378446,NGM
CNEY,CN Energy Group Inc.,Basic Materials,Nano-Cap,1948458,NCM
YYGH,YY Group Holding Limited,Industrials,Nano-Cap,3442735,NCM
AMIX,"Autonomix Medical, Inc.",Healthcare,Nano-Cap,4502466,NCM
FRSX,Foresight Autonomous Holdings L,Consumer Cyclical,Nano-Cap,987882,NCM
HUBC,Hub Cyber Security Ltd.,Technology,Nano-Cap,1741646,NCM
AGRZ,Agroz Inc.,Consumer Defensive,Nano-Cap,4255553,NCM
BOXL,Boxlight Corporation,Technology,Nano-Cap,1735426,NCM
FAMI,"Farmmi, Inc. Ordinary Shares",Consumer Defensive,Nano-Cap,18637755,NCM
INLF,INLIF LIMITED,Industrials,Nano-Cap,3151952,NCM
HYFM,"Hydrofarm Holdings Group, Inc.",Industrials,Nano-Cap,2687793,NCM
BTTC,Black Titan Corp,N/A,Nano-Cap,1307107,NCM
JUNS,"Jupiter Neurosciences, Inc.",Healthcare,Nano-Cap,997577,NCM
SBFM,Sunshine Biopharma Inc.,Healthcare,Nano-Cap,533164,NCM
CETX,Cemtrex Inc.,Technology,Nano-Cap,505993,NCM
MASK,3 E Network Technology Group Lt,Technology,Nano-Cap,830200,NCM
DFSC,DEFSEC Technologies Inc.,Industrials,Nano-Cap,2571267,NCM
PAVS,Paranovus Entertainment Technol,Consumer Defensive,Nano-Cap,1306597,NCM
HIHO,Highway Holdings Limited,Industrials,Nano-Cap,1784490,NCM
FMFC,Kandal M Venture Limited,Consumer Cyclical,Nano-Cap,6685658,NCM
FLZH,"Flash Sports & Media Holdings, ",Communication Services,Nano-Cap,1444509,NCM
RIME,"Algorhythm Holdings, Inc.",Technology,Nano-Cap,782788,NCM
CTNT,Cheetah Net Supply Chain Servic,Industrials,Nano-Cap,1141067,NCM
TOPP,Toppoint Holdings Inc.,Industrials,Nano-Cap,753095,ASE
MSGY,Masonglory Limited,Industrials,Nano-Cap,811758,NCM
SURG,"SurgePays, Inc.",Communication Services,Nano-Cap,15843658,NCM
BIAF,"bioAffinity Technologies, Inc.",Healthcare,Nano-Cap,2024988,NCM
LGHL,Lion Group Holding Ltd.,Financial Services,Nano-Cap,4641055,NCM
CPOP,"Pop Culture Group Co., Ltd",Communication Services,Nano-Cap,5870208,NCM
FLYE,"Fly-E Group, Inc.",Consumer Cyclical,Nano-Cap,1467174,NCM
BTAI,"BioXcel Therapeutics, Inc.",Healthcare,Nano-Cap,5526372,NCM
EHGO,Eshallgo Inc.,Industrials,Nano-Cap,8705522,NCM
PHGE,BiomX Inc.,Industrials,Nano-Cap,2977601,ASE
VIVS,"VivoSim Labs, Inc.",Healthcare,Nano-Cap,5732867,NCM
KIDZ,KIDZ AI Inc.,Consumer Defensive,Nano-Cap,1087558,NCM
VVOS,"Vivos Therapeutics, Inc.",Healthcare,Nano-Cap,10840698,NCM
NXGL,"NexGel, Inc",Healthcare,Nano-Cap,770835,NCM
IVDA,"Iveda Solutions, Inc.",Industrials,Nano-Cap,11541943,NCM
RDGT,"Ridgetech, Inc.",Healthcare,Nano-Cap,4121160,NCM
RUBI,Rubico Inc.,Industrials,Nano-Cap,1059668,NCM
GOVX,"GeoVax Labs, Inc.",Healthcare,Nano-Cap,684890,NCM
GCTK,"GlucoTrack, Inc.",Healthcare,Nano-Cap,754932,NCM
ONFO,Onfolio Holdings Inc.,Communication Services,Nano-Cap,2148728,NCM
IPST,"IP Strategy Holdings, Inc.",Financial Services,Nano-Cap,2442308,NCM
ELPW,Elong Power Holding Limited,Industrials,Nano-Cap,593716,NCM
CDTG,CDT Environmental Technology In,Industrials,Nano-Cap,2773861,NCM
TNON,"Tenon Medical, Inc.",Healthcare,Nano-Cap,1391603,NCM
STKH,Steakholder Foods Ltd.,Consumer Defensive,Nano-Cap,3234052,NCM
UPC,Universe Pharmaceuticals Inc,Healthcare,Nano-Cap,2210603,NCM
IZM,ICZOOM Group Inc.,Technology,Nano-Cap,1497733,NCM
PRFX,PRF Technologies Ltd.,Healthcare,Nano-Cap,1333309,NCM
EDBL,Edible Garden AG Incorporated,Consumer Defensive,Nano-Cap,1560501,NCM
MTNB,"Matinas Biopharma Holdings, Inc",Healthcare,Nano-Cap,5584822,ASE
JEM,707 Cayman Holdings Limited,Consumer Cyclical,Nano-Cap,1507441,NCM
GSUN,Golden Sun Technology Group Lim,Consumer Defensive,Nano-Cap,10932320,NCM
VSME,VS Media Holdings Limited,Communication Services,Nano-Cap,6492695,NCM
CIIT,"Tianci International, Inc.",Industrials,Nano-Cap,845041,NCM
ITP,"IT Tech Packaging, Inc.",Basic Materials,Nano-Cap,823033,ASE
CMND,Clearmind Medicine Inc.,Healthcare,Nano-Cap,501283,NCM
JZ,Jianzhi Education Technology Gr,Technology,Nano-Cap,957469,NCM
PPBT,Purple Biotech Ltd.,Healthcare,Nano-Cap,1483879,NCM
PPCB,"Propanc Biopharma, Inc.",Healthcare,Nano-Cap,5507350,NCM
ONCO,"Onconetix, Inc.",Healthcare,Nano-Cap,527935,NCM
IVF,"INVO Fertility, Inc.",Healthcare,Nano-Cap,4235987,NCM
BRNX,BrenX Ltd.,Utilities,Nano-Cap,923412,NCM
NXTS,Nexentis Technologies Inc.,Basic Materials,Nano-Cap,1320296,NCM
SOBR,"SOBR Safe, Inc.",Technology,Nano-Cap,8258343,NCM
NUWE,"Nuwellis, Inc.",Healthcare,Nano-Cap,3481291,NCM
CHSN,Chanson International Holding,Consumer Cyclical,Nano-Cap,1091843,NCM
GVH,Globavend Holdings Limited - Or,Industrials,Nano-Cap,1110047,NCM
ATPC,Agape ATP Corporation,Consumer Defensive,Nano-Cap,2130190,NCM
EZRA,"Reliance Global Group, Inc.",Financial Services,Nano-Cap,1877931,NCM
BTOG,Bit Origin Limited,Financial Services,Nano-Cap,574320,NCM
BYAH,Park Ha Biological Technology C,Consumer Defensive,Nano-Cap,906743,NCM
VIVK,"Vivakor, Inc.",Energy,Nano-Cap,8336704,NCM
VRAX,Virax Biolabs Group Limited,Healthcare,Nano-Cap,1826064,NCM
SHPH,Shuttle Pharmaceuticals Holding,Healthcare,Nano-Cap,2154269,NCM
EDVA,"Endovia Health Sciences, Inc.",Healthcare,Nano-Cap,4555073,ASE
JTAI,Jet.AI Inc.,Technology,Nano-Cap,1740942,NCM
AKAN,Akanda Corp.,Healthcare,Nano-Cap,734232,NCM
SHFS,"SHF Holdings, Inc.",Financial Services,Nano-Cap,3405242,NCM
PWCM,"PowerCompute, Inc.",Financial Services,Nano-Cap,563315,NCM
OLOX,Olenox Industries Inc.,Industrials,Nano-Cap,1055983,NCM
IPDN,"Professional Diversity Network,",Industrials,Nano-Cap,861574,NCM
PFSA,"Profusa, Inc.",Healthcare,Nano-Cap,1119599,NCM
PMAX,Powell Max Limited,Financial Services,Nano-Cap,573422,NCM
OFAL,OFA Group,Industrials,Nano-Cap,4768622,NCM
SUGP,SU Group Holdings Limited,Industrials,Nano-Cap,2717200,NCM
SNYR,Synergy CHC Corp.,Healthcare,Nano-Cap,4876371,NCM
ZNB,Zeta Network Group,Communication Services,Nano-Cap,784043,NCM
DXF,Dunxin Financial Holdings Limit,Financial Services,Nano-Cap,5186138,ASE
LRHC,La Rosa Holdings Corp.,Real Estate,Nano-Cap,901050,NCM
SXTC,"China SXT Pharmaceuticals, Inc.",Healthcare,Nano-Cap,1053103,NCM
TNMG,TNL Mediagene,Communication Services,Nano-Cap,14303608,NCM
AEMD,"Aethlon Medical, Inc.",Healthcare,Nano-Cap,1072980,NCM
MSS,Maison Solutions Inc.,Consumer Defensive,Nano-Cap,2838615,NCM
LNKS,Linkers Industries Limited,Industrials,Nano-Cap,1530306,NCM
RKDA,"Arcadia Biosciences, Inc.",Consumer Defensive,Nano-Cap,2121428,NCM
CDT,CDT Equity Inc.,Healthcare,Nano-Cap,736057,NCM
AMZE,"Amaze Holdings, Inc.",Technology,Nano-Cap,4166961,ASE
GIPR,Generation Income Properties In,Real Estate,Nano-Cap,8005067,NCM
NEXR,Nexera Technologies Ltd,Consumer Cyclical,Nano-Cap,903947,NCM
BJDX,"Bluejay Diagnostics, Inc.",Healthcare,Nano-Cap,4858811,NCM
TRUG,"TruGolf Holdings, Inc.",Communication Services,Nano-Cap,2900359,NCM
GMEX,GMEX ROBOTICS CORPORATION,Technology,Nano-Cap,1344774,NCM
VTAK,"Catheter Precision, Inc.",Healthcare,Nano-Cap,10883898,ASE
RCON,"Recon Technology, Ltd.",Energy,Nano-Cap,587857,NCM
JZXN,"Jiuzi Holdings, Inc.",Consumer Cyclical,Nano-Cap,4479453,NCM
WHLR,Wheeler Real Estate Investment ,Real Estate,Nano-Cap,1165000,NCM
BAOS,Baosheng Media Group Holdings L,Communication Services,Nano-Cap,2988850,NCM
CISS,C3is Inc.,Industrials,Nano-Cap,986879,NCM
AIXI,XIAO-I Corporation,Technology,Nano-Cap,6106682,NGM
MGN,Megan Holdings Limited,Industrials,Nano-Cap,33520940,NCM
LBGJ,Li Bang International Corporati,Industrials,Nano-Cap,608653,NCM
YYAI,AiRWA Inc.,Technology,Nano-Cap,1604562,NCM
IBIT,iShares Bitcoin Trust ETF,N/A,Nano-Cap,47294038,NGM
BTC,Grayscale Bitcoin Mini Trust (B,N/A,Nano-Cap,1858629,PCX
XRP,Bitwise XRP ETF,N/A,Nano-Cap,1046201,PCX
NCT,Intercont (Cayman) Limited,Industrials,Nano-Cap,1476968,NCM
MRX,Marex Group Limited,Financial Services,Nano-Cap,825303,NMS
ETHW,Bitwise Ethereum ETF,N/A,Nano-Cap,906882,PCX
ETH,Grayscale Ethereum Staking Mini,N/A,Nano-Cap,2648450,PCX
MSBT,Common,N/A,Nano-Cap,599350,PCX
SNSC,SunScout Holding Limited,Technology,Nano-Cap,838076,ASE
BSOL,Bitwise Solana Staking ETF,N/A,Nano-Cap,3037712,PCX
ADBT,"Advasa Holdings, Inc.",Technology,Nano-Cap,17858912,NGM
TRBG,TurboGen Ltd. Ordinary Shares,Industrials,Micro-Cap,755738,NGM
GSOL,Grayscale Solana Staking ETF,N/A,Nano-Cap,4017593,PCX
IAUM,iShares Gold Trust Micro Shares,N/A,Nano-Cap,2597533,PCX
GIXI,Gix Internet Ltd. Ordinary Shares,Communication Services,Nano-Cap,850000,NCM
BITB,Bitwise Bitcoin ETF,N/A,Nano-Cap,1424954,PCX
GLDM,SPDR Gold MiniShares Trust,N/A,Nano-Cap,4554803,PCX
GSM,Ferroglobe PLC,Basic Materials,Small-Cap,1694183,NCM
ASTI,"Ascent Solar Technologies, Inc",Technology,Nano-Cap,688748,NCM
UUP,Invesco DB USD Index Bullish Fu,N/A,Nano-Cap,1857267,PCX
PZG,Paramount Gold Nevada Corp.,Basic Materials,Micro-Cap,554970,ASE
GBTC,Grayscale Bitcoin Trust (BTC),N/A,Nano-Cap,1942493,PCX
GSG,iShares GSCI Commodity-Indexed ,N/A,Nano-Cap,733212,PCX
DBC,Invesco DB Commodity Index Trac,N/A,Nano-Cap,983004,PCX
TTC,Toro Company (The),Industrials,Mid-Cap,732506,NYQ
IMO,Imperial Oil Limited,Energy,Nano-Cap,530316,ASE
ICL,ICL Group Ltd.,Basic Materials,Nano-Cap,1296588,NYQ
PPLT,abrdn Physical Platinum Shares ,N/A,Nano-Cap,2624103,PCX
ITT,ITT Inc.,Industrials,Nano-Cap,930291,NYQ
QQQ,"Invesco QQQ Trust, Series 1",N/A,Nano-Cap,40886125,NGM
GAB,N/A,Financial Services,Nano-Cap,884208,NYQ
WDS,Woodside Energy Group Limited,Energy,Nano-Cap,818841,NYQ
PVH,PVH Corp.,Consumer Cyclical,Mid-Cap,984493,NYQ
DCI,"Donaldson Company, Inc.",Industrials,Nano-Cap,739817,NYQ
IHT,InnSuites Hospitality Trust Sha,Real Estate,Nano-Cap,513214,ASE
CMC,Commercial Metals Company,Industrials,Nano-Cap,1262159,NYQ
SIG,Signet Jewelers Limited,Consumer Cyclical,Nano-Cap,751875,NYQ
USA,N/A,Financial Services,Nano-Cap,1463966,NYQ
VGZ,Vista Gold Corp,Basic Materials,Nano-Cap,1968261,ASE
DSS,"DSS, Inc.",Consumer Cyclical,Nano-Cap,2916050,ASE
SIVR,abrdn Physical Silver Shares ET,N/A,Nano-Cap,1202591,PCX
SNX,TD SYNNEX Corporation,Technology,Nano-Cap,776895,NYQ
DHY,N/A,Financial Services,Nano-Cap,779814,ASE
JFR,Nuveen Floating Rate Income Fun,Financial Services,Small-Cap,554169,NYQ
IAU,iShares Gold Trust Shares,N/A,Nano-Cap,6089353,PCX
JQC,N/A,Financial Services,Nano-Cap,588930,NYQ
PHK,N/A,Financial Services,Small-Cap,858359,NYQ
GGN,N/A,Financial Services,Nano-Cap,591312,ASE
SPCX,Space Exploration Technologies ,Industrials,Mega-Cap,110763648,NMS
UNG,United States Natural Gas Fund ,N/A,Nano-Cap,8255071,PCX
EDU,New Oriental Education & Techno,Consumer Defensive,Nano-Cap,733927,NYQ
SLV,iShares Silver Trust,N/A,Nano-Cap,18444365,PCX
MDY,State Street SPDR S&P MIDCAP 40,N/A,Nano-Cap,671182,PCX
THM,"International Tower Hill Mines,",Basic Materials,Nano-Cap,1109026,ASE
ETHE,Grayscale Ethereum Staking ETF ,N/A,Nano-Cap,2150011,PCX
BNO,"United States Brent Oil Fund, L",N/A,Nano-Cap,2041571,PCX
PALL,abrdn Physical Palladium Shares,N/A,Nano-Cap,895644,PCX
TX,Ternium S.A. Ternium S.A.,Basic Materials,Nano-Cap,603700,NYQ
DBA,Invesco DB Agriculture Fund,N/A,Nano-Cap,1175155,PCX
PMT,PennyMac Mortgage Investment Tr,Real Estate,Small-Cap,1501416,NYQ
MSM,"MSC Industrial Direct Company, ",Industrials,Mid-Cap,730454,NYQ
DIA,State Street SPDR Dow Jones Ind,N/A,Nano-Cap,4059912,PCX
LTM,LATAM Airlines Group S.A.,Industrials,Nano-Cap,797395,NYQ
TSM,Taiwan Semiconductor Manufactur,Technology,Mega-Cap,12993933,NYQ
SGOL,abrdn Physical Gold Shares ETF,N/A,Nano-Cap,2464155,PCX
SPY,State Street SPDR S&P 500 ETF T,N/A,Nano-Cap,49314745,PCX
USO,United States Oil Fund,N/A,Nano-Cap,5999837,PCX
GLD,SPDR Gold Shares,N/A,Nano-Cap,9169864,PCX
OUNZ,VanEck Merk Gold ETF,N/A,Nano-Cap,700796,PCX
BPRE,N/A,Financial Services,Nano-Cap,879541,NYQ
YRD,Yiren Digital Ltd.,Financial Services,Nano-Cap,1027641,NYQ
SKHY,SK hynix Inc.,Technology,Mega-Cap,34070867,NMS
AIB,AIB Data Centers Inc.,Technology,Micro-Cap,1267358,ASE
ETHA,iShares Ethereum Trust ETF,N/A,Nano-Cap,33841972,NGM
GOOG,Alphabet Inc.,Communication Services,Mega-Cap,20243135,NMS
PBR-A,Petroleo Brasileiro S.A. Petrob,Energy,Large-Cap,7674119,NYQ
TRP,TC Energy Corporation,Energy,Large-Cap,2355709,NYQ
BIP,Brookfield Infrastructure Partn,Utilities,Large-Cap,871816,NYQ
FOX,Fox Corporation,Communication Services,Large-Cap,1748656,NMS
FWONK,Liberty Media Corporation - Ser,Communication Services,Large-Cap,2004164,NMS
Z,"Zillow Group, Inc.",Communication Services,Mid-Cap,3981428,NMS
NWS,News Corporation,Communication Services,Large-Cap,1490835,NMS
LBTYK,Liberty Global Ltd.,Communication Services,Mid-Cap,1288933,NMS
BATRK,"Atlanta Braves Holdings, Inc. -",Communication Services,Mid-Cap,583340,NMS
UA,"Under Armour, Inc.",Consumer Cyclical,Mid-Cap,3004896,NYQ
LILAK,Liberty Latin America Ltd.,Communication Services,Small-Cap,1666274,NMS
FBRX,"Forte Biosciences, Inc.",Healthcare,Small-Cap,1426016,NCM
TWO,Two Harbors Investment Corp,Real Estate,Small-Cap,2721698,NYQ
LEG,"Leggett & Platt, Incorporated",Consumer Cyclical,Small-Cap,2505174,NYQ
BBBY,"Bed Bath & Beyond, Inc.",N/A,Small-Cap,2583903,NYQ
AIRJ,AirJoule Technologies Corporati,Industrials,Small-Cap,1583664,NCM
STRC,Strategy Inc - Variable Rate Se,Technology,Nano-Cap,2339701,NMS
ONMD,OneMedNet Corp,Healthcare,Nano-Cap,1079371,NCM
BEAT,"Heartbeam, Inc.",Healthcare,Nano-Cap,694943,NCM
AIHS,Senmiao Technology Limited,Industrials,Nano-Cap,774922,NCM
LUCY,"Innovative Eyewear, Inc.",Healthcare,Nano-Cap,7928845,NCM
BGI,Birks Group Inc.,Consumer Cyclical,Nano-Cap,552318,ASE
SBEV,"Splash Beverage Group, Inc. (NV",Consumer Defensive,Nano-Cap,8007099,ASE
BRTMU,B&R Technology Merger Corp.,Financial Services,Nano-Cap,530615,NGM
GLIBK,Liberty Capital Corporation - S,Communication Services,Small-Cap,641417,NMS
GOOGM,Alphabet Inc. - Depositary Shar,N/A,Nano-Cap,3137823,NMS
GOOGN,Alphabet Inc. - Depositary Shar,N/A,Nano-Cap,2740195,NMS
FNGU,MicroSectors FANG+ 3X Leveraged,N/A,Nano-Cap,4760438,PCX
GDXD,MicroSectors Gold Miners -3X In,N/A,Nano-Cap,1579527,PCX
BULZ,MicroSectors FANG & Innovation ,N/A,Nano-Cap,852429,PCX
SHNY,MicroSectors Gold 3X Leveraged ,N/A,Nano-Cap,891576,PCX
GDXU,MicroSectors Gold Miners 3X Lev,N/A,Nano-Cap,1692550,PCX
DUKU,Duke Energy Corporation Corpora,Utilities,Nano-Cap,1437500,NYQ
WEAT,Teucrium Wheat Fund ETV,N/A,Nano-Cap,573671,PCX
SMCIP,"Super Micro Computer, Inc. - De",Technology,Nano-Cap,1883342,NMS
AGQ,ProShares Ultra Silver,N/A,Nano-Cap,2518198,PCX
BOIL,ProShares Ultra Bloomberg Natur,N/A,Nano-Cap,4192493,PCX
GLL,ProShares UltraShort Gold,N/A,Nano-Cap,2611183,PCX
ZSL,ProShares UltraShort Silver,N/A,Nano-Cap,2751800,PCX
UGL,ProShares Ultra Gold,N/A,Nano-Cap,2567837,PCX
SCO,ProShares UltraShort Bloomberg ,N/A,Nano-Cap,5040975,PCX
UCO,ProShares Ultra Bloomberg Crude,N/A,Nano-Cap,3008263,PCX
KOLD,ProShares UltraShort Bloomberg ,N/A,Nano-Cap,2592554,PCX
BBBYW,"Neighborhood Intelligence, Inc. Warrants",,Nano-Cap,952185,NMS
ORCL-PD,Oracle Corporation Depositary S,Technology,Nano-Cap,1852576,NYQ
BA-PA,Boeing Company (The) Depositary,N/A,Nano-Cap,954462,NYQ
TBCVU,Thunder Bridge Capital Partners,Financial Services,Nano-Cap,873606,NGM
TLACU,Three Lions Acquisition Corp. Units,,Nano-Cap,1300900,NGM
IPHXU,Inflection Point Acquisition Co,Financial Services,Nano-Cap,1772480,NGM
XTERU,Karman Line Acquisition Corp.,Financial Services,Nano-Cap,828246,NGM
