ticker,name,sector,cap_tier,avg_volume,exchange
NVDA,NVIDIA Corporation,Technology,Mega-Cap,122423909,NMS
AAPL,Apple Inc.,Technology,Mega-Cap,46212088,NMS
GOOGL,Alphabet Inc.,Communication Services,Mega-Cap,27176487,NMS
MSFT,Microsoft Corporation,Technology,Mega-Cap,28411866,NMS
AMZN,"Amazon.com, Inc.",Consumer Cyclical,Mega-Cap,39280969,NMS
META,"Meta Platforms, Inc.",Communication Services,Mega-Cap,19469114,NMS
AVGO,Broadcom Inc.,Technology,Mega-Cap,22484898,NMS
TSLA,"Tesla, Inc.",Consumer Cyclical,Mega-Cap,37888965,NMS
MU,"Micron Technology, Inc.",Technology,Mega-Cap,33911561,NMS
BRK-B,Berkshire Hathaway Inc. New,Financial Services,Mega-Cap,4329785,NYQ
LLY,Eli Lilly and Company,Healthcare,Mega-Cap,2503255,NYQ
AMD,"Advanced Micro Devices, Inc.",Technology,Mega-Cap,23753182,NMS
JPM,JP Morgan Chase & Co.,Financial Services,Mega-Cap,7677139,NYQ
WMT,Walmart Inc.,Consumer Defensive,Mega-Cap,23821742,NMS
ASML,ASML Holding N.V. - New York Re,Technology,Mega-Cap,1499357,NMS
V,Visa Inc.,Financial Services,Mega-Cap,6827265,NYQ
XOM,ExxonMobil Holdings Corporation,Energy,Mega-Cap,14267160,NYQ
JNJ,Johnson & Johnson,Healthcare,Mega-Cap,6978412,NYQ
INTC,Intel Corporation,Technology,Mega-Cap,107991866,NMS
MA,Mastercard Incorporated,Financial Services,Mega-Cap,2889136,NYQ
ABBV,AbbVie Inc.,Healthcare,Mega-Cap,4922441,NYQ
PLTR,Palantir Technologies Inc.,Technology,Mega-Cap,34830420,NMS
CSCO,"Cisco Systems, Inc.",Technology,Mega-Cap,19615166,NMS
ORCL,Oracle Corporation,Technology,Mega-Cap,32597326,NYQ
COST,Costco Wholesale Corporation,Consumer Defensive,Mega-Cap,2119012,NMS
LRCX,Lam Research Corporation,Technology,Mega-Cap,9668580,NMS
AMAT,"Applied Materials, Inc.",Technology,Mega-Cap,7312404,NMS
CVX,Chevron Corporation,Energy,Mega-Cap,8469947,NYQ
BAC,Bank of America Corporation,Financial Services,Mega-Cap,33392233,NYQ
CAT,"Caterpillar, Inc.",Industrials,Mega-Cap,2676496,NYQ
KO,Coca-Cola Company (The),Consumer Defensive,Mega-Cap,15793704,NYQ
MRK,"Merck & Company, Inc.",Healthcare,Mega-Cap,9830417,NYQ
DELL,Dell Technologies Inc.,Technology,Mega-Cap,7710131,NYQ
PG,Procter & Gamble Company (The),Consumer Defensive,Mega-Cap,8573796,NYQ
HSBC,"HSBC Holdings, plc.",Financial Services,Mega-Cap,1327296,NYQ
UNH,UnitedHealth Group Incorporated,Healthcare,Mega-Cap,4927314,NYQ
GE,GE Aerospace,Industrials,Mega-Cap,3936198,NYQ
SMFG,Sumitomo Mitsui Financial Group,Financial Services,Large-Cap,1545057,NYQ
ARM,Arm Holdings plc,Technology,Mega-Cap,5340715,NMS
PANW,"Palo Alto Networks, Inc.",Technology,Mega-Cap,6370603,NMS
MS,Morgan Stanley,Financial Services,Mega-Cap,5132061,NYQ
PM,Philip Morris International Inc,Consumer Defensive,Mega-Cap,4647804,NYQ
NFLX,"Netflix, Inc.",Communication Services,Mega-Cap,37129093,NMS
HD,"Home Depot, Inc. (The)",Consumer Cyclical,Mega-Cap,4176787,NYQ
RY,Royal Bank Of Canada,Financial Services,Mega-Cap,1258039,NYQ
NVS,Novartis AG,Healthcare,Mega-Cap,1959838,NYQ
SHEL,Shell PLC,Energy,Mega-Cap,6405157,NYQ
BABA,Alibaba Group Holding Limited,Consumer Cyclical,Mega-Cap,11033871,NYQ
CRWD,"CrowdStrike Holdings, Inc.",Technology,Mega-Cap,9714880,NMS
GS,"Goldman Sachs Group, Inc. (The)",Financial Services,Mega-Cap,1990431,NYQ
MUFG,"Mitsubishi UFJ Financial Group,",Financial Services,Mega-Cap,3059830,NYQ
TXN,Texas Instruments Incorporated,Technology,Mega-Cap,6535479,NMS
ANET,"Arista Networks, Inc.",Technology,Mega-Cap,6478226,NYQ
GEV,GE Vernova Inc.,Industrials,Mega-Cap,2389058,NYQ
AZN,AstraZeneca PLC,Healthcare,Mega-Cap,3412212,NYQ
KLAC,KLA Corporation,Technology,Mega-Cap,10456420,NMS
SNDK,Sandisk Corporation,Technology,Mega-Cap,13182669,NMS
RTX,RTX Corporation,Industrials,Mega-Cap,4462450,NYQ
TMO,Thermo Fisher Scientific Inc,Healthcare,Mega-Cap,2049823,NYQ
WFC,Wells Fargo & Company,Financial Services,Mega-Cap,14188341,NYQ
SAP,SAP  SE,Technology,Mega-Cap,2622568,NYQ
MRVL,"Marvell Technology, Inc.",Technology,Mega-Cap,22371809,NMS
AMGN,Amgen Inc.,Healthcare,Mega-Cap,2704103,NMS
C,"Citigroup, Inc.",Financial Services,Mega-Cap,10387361,NYQ
LIN,Linde plc,Basic Materials,Mega-Cap,2047490,NMS
BHP,BHP Group Limited,Basic Materials,Mega-Cap,2604379,NYQ
APH,Amphenol Corporation,Technology,Mega-Cap,12548311,NYQ
IBM,International Business Machines,Technology,Mega-Cap,8273903,NYQ
STX,Seagate Technology Holdings PLC,Technology,Large-Cap,4408461,NMS
AXP,American Express Company,Financial Services,Mega-Cap,2918753,NYQ
SAN,"Banco Santander, S.A. Sponsored",Financial Services,Large-Cap,12322685,NYQ
QCOM,QUALCOMM Incorporated,Technology,Large-Cap,12537719,NMS
TD,Toronto Dominion Bank (The),Financial Services,Large-Cap,2257720,NYQ
TTE,TotalEnergies SE,Energy,Large-Cap,1591222,NYQ
ADI,"Analog Devices, Inc.",Technology,Mega-Cap,3606236,NMS
SHOP,Shopify Inc.,Technology,Large-Cap,9475507,NMS
VZ,Verizon Communications Inc.,Communication Services,Large-Cap,22788685,NYQ
GILD,"Gilead Sciences, Inc.",Healthcare,Large-Cap,6235128,NMS
CRM,"Salesforce, Inc.",Technology,Large-Cap,13711898,NYQ
DE,Deere & Company,Industrials,Large-Cap,1214979,NYQ
DIS,Walt Disney Company (The),Communication Services,Large-Cap,9559144,NYQ
TMUS,"T-Mobile US, Inc.",Communication Services,Large-Cap,4736333,NMS
PEP,"Pepsico, Inc.",Consumer Defensive,Large-Cap,8188577,NMS
BLK,"BlackRock, Inc.",Financial Services,Large-Cap,633569,NYQ
ABT,Abbott Laboratories,Healthcare,Large-Cap,9629347,NYQ
SCCO,Southern Copper Corporation,Basic Materials,Large-Cap,1115166,NYQ
SCHW,Charles Schwab Corporation (The,Financial Services,Large-Cap,8131968,NYQ
NVO,Novo Nordisk A/S,Healthcare,Large-Cap,12379814,NYQ
T,AT&T Inc.,Communication Services,Large-Cap,50903068,NYQ
ETN,"Eaton Corporation, PLC",Industrials,Large-Cap,2096307,NYQ
WELL,Welltower Inc.,Real Estate,Large-Cap,2820463,NYQ
MCD,McDonald's Corporation,Consumer Cyclical,Large-Cap,4952482,NYQ
WDC,Western Digital Corporation,Technology,Large-Cap,7218012,NMS
PFE,"Pfizer, Inc.",Healthcare,Large-Cap,36791039,NYQ
UNP,Union Pacific Corporation,Industrials,Large-Cap,2672461,NYQ
DHR,Danaher Corporation,Healthcare,Large-Cap,4710042,NYQ
NEE,"NextEra Energy, Inc.",Utilities,Large-Cap,11159479,NYQ
BBVA,Banco Bilbao Vizcaya Argentaria,Financial Services,Large-Cap,1437323,NYQ
RIO,Rio Tinto Plc,Basic Materials,Large-Cap,2331909,NYQ
COP,ConocoPhillips,Energy,Large-Cap,6690457,NYQ
UBS,UBS Group AG Registered,Financial Services,Large-Cap,1894117,NYQ
BA,Boeing Company (The),Industrials,Large-Cap,6359295,NYQ
IBKR,"Interactive Brokers Group, Inc.",Financial Services,Large-Cap,4147774,NMS
TJX,"TJX Companies, Inc. (The)",Consumer Cyclical,Large-Cap,7092561,NYQ
ISRG,"Intuitive Surgical, Inc.",Healthcare,Large-Cap,2969411,NMS
BUD,Anheuser-Busch Inbev SA Sponsor,Consumer Defensive,Large-Cap,2065938,NYQ
UBER,"Uber Technologies, Inc.",Technology,Large-Cap,17992441,NYQ
GLW,Corning Incorporated,Technology,Large-Cap,10535573,NYQ
SONY,Sony Group Corporation,Technology,Large-Cap,4406142,NYQ
BX,Blackstone Inc.,Financial Services,Large-Cap,4319992,NYQ
NOW,"ServiceNow, Inc.",Technology,Large-Cap,18356744,NYQ
VRTX,Vertex Pharmaceuticals Incorpor,Healthcare,Large-Cap,1218947,NMS
MFG,"Mizuho Financial Group, Inc. Sp",Financial Services,Large-Cap,3515547,NYQ
PBR,Petroleo Brasileiro S.A. Petrob,Energy,Large-Cap,18779557,NYQ
UL,Unilever PLC,Consumer Defensive,Large-Cap,3914858,NYQ
BMY,Bristol-Myers Squibb Company,Healthcare,Large-Cap,11032941,NYQ
PLD,"Prologis, Inc.",Real Estate,Large-Cap,4079046,NYQ
FTNT,"Fortinet, Inc.",Technology,Large-Cap,4699577,NMS
CB,Chubb Limited,Financial Services,Large-Cap,1765274,NYQ
NET,"Cloudflare, Inc.",Technology,Large-Cap,3400001,NYQ
NEM,Newmont Corporation,Basic Materials,Large-Cap,7437809,NYQ
BKNG,Booking Holdings Inc. Common St,Consumer Cyclical,Large-Cap,6656463,NMS
PH,Parker-Hannifin Corporation,Industrials,Large-Cap,611904,NYQ
PGR,Progressive Corporation (The),Financial Services,Large-Cap,2683685,NYQ
COF,Capital One Financial Corporati,Financial Services,Large-Cap,3710849,NYQ
ASX,"ASE Technology Holding Co., Ltd",Technology,Large-Cap,7786309,NYQ
LMT,Lockheed Martin Corporation,Industrials,Large-Cap,1131385,NYQ
BMO,Bank Of Montreal,Financial Services,Large-Cap,770173,NYQ
BTI,British American Tobacco  Indus,Consumer Defensive,Large-Cap,4544033,NYQ
HDB,HDFC Bank Limited,Financial Services,Large-Cap,9829763,NYQ
SNOW,Snowflake Inc.,Technology,Large-Cap,4847144,NYQ
SPGI,S&P Global Inc.,Financial Services,Large-Cap,1948255,NYQ
MO,"Altria Group, Inc.",Consumer Defensive,Large-Cap,8416098,NYQ
BNS,Bank Nova Scotia Halifax Pfd 3,Financial Services,Large-Cap,2263869,NYQ
BP,BP p.l.c.,Energy,Large-Cap,8744276,NYQ
MDT,Medtronic plc.,Healthcare,Large-Cap,9106979,NYQ
VLO,Valero Energy Corporation,Energy,Large-Cap,3041320,NYQ
CVS,CVS Health Corporation,Healthcare,Large-Cap,7673511,NYQ
PDD,PDD Holdings Inc.,Consumer Cyclical,Large-Cap,6470666,NMS
MPC,Marathon Petroleum Corporation,Energy,Large-Cap,2533912,NYQ
SBUX,Starbucks Corporation,Consumer Cyclical,Large-Cap,6855779,NMS
ACN,Accenture plc,Technology,Large-Cap,6543125,NYQ
SYK,Stryker Corporation,Healthcare,Large-Cap,2616801,NYQ
LOW,"Lowe's Companies, Inc.",Consumer Cyclical,Large-Cap,3132679,NYQ
HOOD,"Robinhood Markets, Inc.",Financial Services,Large-Cap,21020615,NMS
ENB,Enbridge Inc,Energy,Large-Cap,4996241,NYQ
ADP,"Automatic Data Processing, Inc.",Technology,Large-Cap,2254680,NMS
APP,Applovin Corporation,Communication Services,Large-Cap,5838963,NMS
ING,"ING Group, N.V.",Financial Services,Large-Cap,2107769,NYQ
FCX,"Freeport-McMoRan, Inc.",Basic Materials,Large-Cap,13613438,NYQ
SPOT,Spotify Technology S.A.,Communication Services,Large-Cap,1677523,NYQ
CM,Canadian Imperial Bank of Comme,Financial Services,Large-Cap,1259388,NYQ
PSX,Phillips 66,Energy,Large-Cap,2901057,NYQ
BNY,The Bank of New York Mellon Cor,Financial Services,Large-Cap,3446703,NYQ
TT,Trane Technologies plc,Industrials,Large-Cap,1116387,NYQ
EQIX,"Equinix, Inc.",Real Estate,Large-Cap,544938,NMS
MCK,McKesson Corporation,Healthcare,Large-Cap,943795,NYQ
GSK,GSK plc,Healthcare,Large-Cap,3653785,NYQ
PWR,"Quanta Services, Inc.",Industrials,Large-Cap,1020777,NYQ
EQNR,Equinor ASA,Energy,Large-Cap,3486207,NYQ
IBN,ICICI Bank Limited,Financial Services,Large-Cap,5722207,NYQ
SNY,Sanofi,Healthcare,Large-Cap,2875312,NMS
CNQ,Canadian Natural Resources Limi,Energy,Large-Cap,6917074,NYQ
DDOG,"Datadog, Inc.",Technology,Large-Cap,4255290,NMS
SO,Southern Company (The),Utilities,Large-Cap,5631326,NYQ
VRT,"Vertiv Holdings, LLC",Industrials,Large-Cap,5275369,NYQ
CME,CME Group Inc.,Financial Services,Large-Cap,2130277,NMS
ABNB,"Airbnb, Inc.",Consumer Cyclical,Large-Cap,4702550,NMS
MAR,Marriott International,Consumer Cyclical,Large-Cap,1576530,NMS
AEM,Agnico Eagle Mines Limited,Basic Materials,Large-Cap,2680203,NYQ
CEG,Constellation Energy Corporatio,Utilities,Large-Cap,2786561,NMS
HCA,"HCA Healthcare, Inc.",Healthcare,Large-Cap,1494647,NYQ
HWM,Howmet Aerospace Inc.,Industrials,Large-Cap,2714931,NYQ
ADBE,Adobe Inc.,Technology,Large-Cap,5161814,NMS
JCI,Johnson Controls International ,Industrials,Large-Cap,3274903,NYQ
USB,U.S. Bancorp,Financial Services,Large-Cap,7480207,NYQ
GD,General Dynamics Corporation,Industrials,Large-Cap,1109098,NYQ
DUK,Duke Energy Corporation (Holdin,Utilities,Large-Cap,4086426,NYQ
ITUB,Itau Unibanco Banco Holding SA,Financial Services,Large-Cap,21801753,NYQ
CDNS,"Cadence Design Systems, Inc.",Technology,Large-Cap,2395865,NMS
PNC,"PNC Financial Services Group, I",Financial Services,Large-Cap,1736768,NYQ
EMR,Emerson Electric Company,Industrials,Large-Cap,2562631,NYQ
LITE,Lumentum Holdings Inc.,Technology,Large-Cap,4646828,NMS
MMM,3M Company,Industrials,Large-Cap,3141479,NYQ
CSX,CSX Corporation,Industrials,Large-Cap,11296234,NMS
BE,Bloom Energy Corporation,Industrials,Large-Cap,15687128,NYQ
KKR,KKR & Co. Inc.,Financial Services,Large-Cap,4168196,NYQ
ICE,Intercontinental Exchange Inc.,Financial Services,Large-Cap,3588771,NYQ
ELV,"Elevance Health, Inc.",Healthcare,Large-Cap,1216263,NYQ
WMB,"Williams Companies, Inc. (The)",Energy,Large-Cap,7011547,NYQ
WM,"Waste Management, Inc.",Industrials,Large-Cap,2027085,NYQ
MNST,Monster Beverage Corporation,Consumer Defensive,Large-Cap,10683704,NMS
LYG,Lloyds Banking Group Plc,Financial Services,Large-Cap,14537484,NYQ
HPE,Hewlett Packard Enterprise Comp,Technology,Large-Cap,20239695,NYQ
BCS,Barclays PLC,Financial Services,Large-Cap,4261961,NYQ
MRSH,Marsh,Financial Services,Large-Cap,2486287,NYQ
BN,Brookfield Corporation,Financial Services,Large-Cap,4334782,NYQ
DASH,"DoorDash, Inc.",Consumer Cyclical,Large-Cap,4149166,NMS
UPS,"United Parcel Service, Inc.",Industrials,Large-Cap,4857009,NYQ
SHW,Sherwin-Williams Company (The),Basic Materials,Large-Cap,1822944,NYQ
MRNA,"Moderna, Inc.",Healthcare,Large-Cap,17231822,NMS
SU,Suncor Energy  Inc.,Energy,Large-Cap,4318993,NYQ
SNPS,"Synopsys, Inc.",Technology,Large-Cap,1950442,NMS
CTAS,Cintas Corporation,Industrials,Large-Cap,2162623,NMS
MCO,Moody's Corporation,Financial Services,Large-Cap,781623,NYQ
EPD,Enterprise Products Partners L.,Energy,Large-Cap,3046793,NYQ
ECL,Ecolab Inc.,Basic Materials,Large-Cap,1278790,NYQ
NTES,"NetEase, Inc.",Communication Services,Large-Cap,802050,NMS
AMT,American Tower Corporation (REI,Real Estate,Large-Cap,2644457,NYQ
SPG,"Simon Property Group, Inc.",Real Estate,Large-Cap,1346442,NYQ
REGN,"Regeneron Pharmaceuticals, Inc.",Healthcare,Large-Cap,748704,NMS
WBD,"Warner Bros. Discovery, Inc. - ",Communication Services,Large-Cap,30035828,NMS
CMCSA,Comcast Corporation,Communication Services,Large-Cap,29195114,NMS
ITW,Illinois Tool Works Inc.,Industrials,Large-Cap,1296582,NYQ
CP,Canadian Pacific Kansas City Li,Industrials,Large-Cap,2437079,NYQ
MDLZ,"Mondelez International, Inc.",Consumer Defensive,Large-Cap,8274352,NMS
TRV,"The Travelers Companies, Inc.",Financial Services,Large-Cap,1707403,NYQ
ROST,"Ross Stores, Inc.",Consumer Cyclical,Large-Cap,2331836,NMS
NGG,"National Grid Transco, PLC Nati",Utilities,Large-Cap,838041,NYQ
MSI,"Motorola Solutions, Inc.",Technology,Large-Cap,924869,NYQ
SLB,SLB Limited,Energy,Large-Cap,12694485,NYQ
EOG,"EOG Resources, Inc.",Energy,Large-Cap,3060142,NYQ
CNI,Canadian National Railway Compa,Industrials,Large-Cap,1426138,NYQ
GM,General Motors Company,Consumer Cyclical,Large-Cap,6711850,NYQ
HLT,Hilton Worldwide Holdings Inc.,Consumer Cyclical,Large-Cap,1887090,NYQ
CI,The Cigna Group,Healthcare,Large-Cap,1665673,NYQ
NWG,NatWest Group plc,Financial Services,Large-Cap,3378230,NYQ
CMI,Cummins Inc.,Industrials,Large-Cap,1012401,NYQ
BAM,Brookfield Asset Management Inc,Financial Services,Large-Cap,2604561,NYQ
MFC,Manulife Financial Corporation,Financial Services,Large-Cap,2078863,NYQ
NOC,Northrop Grumman Corporation,Industrials,Large-Cap,812676,NYQ
TGT,Target Corporation,Consumer Defensive,Large-Cap,4009879,NYQ
INTU,Intuit Inc.,Technology,Large-Cap,3984569,NMS
APO,"Apollo Global Management, Inc. ",Financial Services,Large-Cap,3404720,NYQ
CVNA,Carvana Co.,Consumer Cyclical,Large-Cap,8882603,NYQ
NSC,Norfolk Southern Corporation,Industrials,Large-Cap,1124506,NYQ
RCL,Royal Caribbean Cruises Ltd.,Consumer Cyclical,Large-Cap,2405514,NYQ
ORLY,"O'Reilly Automotive, Inc.",Consumer Cyclical,Large-Cap,6520238,NMS
CL,Colgate-Palmolive Company,Consumer Defensive,Large-Cap,4704946,NYQ
ET,Energy Transfer LP,Energy,Large-Cap,8857663,NYQ
FDX,FedEx Corporation,Industrials,Large-Cap,1575926,NYQ
DB,Deutsche Bank AG,Financial Services,Large-Cap,1911276,NYQ
B,Barrick Mining Corporation,Basic Materials,Large-Cap,9596519,NYQ
KMI,"Kinder Morgan, Inc.",Energy,Large-Cap,10904877,NYQ
MPWR,"Monolithic Power Systems, Inc.",Technology,Large-Cap,761841,NMS
HON,Honeywell International Inc.,Industrials,Large-Cap,3196568,NMS
DLR,"Digital Realty Trust, Inc.",Real Estate,Large-Cap,2371414,NYQ
NBIS,Nebius Group N.V.,Communication Services,Large-Cap,20120747,NMS
AMX,"America Movil, S.A.B. de C.V.",Communication Services,Large-Cap,2536730,NYQ
AEP,American Electric Power Company,Utilities,Large-Cap,3873614,NMS
RSG,"Republic Services, Inc.",Industrials,Large-Cap,1467993,NYQ
ALAB,"Astera Labs, Inc.",Technology,Large-Cap,4167514,NMS
TER,"Teradyne, Inc.",Technology,Large-Cap,2959995,NMS
BSX,Boston Scientific Corporation,Healthcare,Large-Cap,19755225,NYQ
UMC,United Microelectronics Corpora,Technology,Large-Cap,13073415,NYQ
APD,"Air Products and Chemicals, Inc",Basic Materials,Large-Cap,1094122,NYQ
TEL,TE Connectivity plc,Technology,Large-Cap,2214377,NYQ
MSTR,Strategy Inc,Technology,Large-Cap,21602036,NMS
WPM,Wheaton Precious Metals Corp,Basic Materials,Large-Cap,2008192,NYQ
KEYS,Keysight Technologies Inc.,Technology,Large-Cap,1238485,NYQ
SE,Sea Limited,Consumer Cyclical,Large-Cap,4313109,NYQ
MET,"MetLife, Inc.",Financial Services,Large-Cap,3367655,NYQ
NU,Nu Holdings Ltd.,Financial Services,Large-Cap,83041585,NYQ
NXPI,NXP Semiconductors N.V.,Technology,Large-Cap,3705768,NMS
NTRA,"Natera, Inc.",Healthcare,Large-Cap,1383331,NMS
TAK,Takeda Pharmaceutical Company L,Healthcare,Large-Cap,3013382,NYQ
PCAR,PACCAR Inc.,Industrials,Large-Cap,3338619,NMS
AJG,Arthur J. Gallagher & Co.,Financial Services,Large-Cap,1427012,NYQ
TRGP,"Targa Resources, Inc.",Energy,Large-Cap,1181049,NYQ
NOK,Nokia Corporation Sponsored,Technology,Large-Cap,83862830,NYQ
COR,"Cencora, Inc.",Healthcare,Large-Cap,1384488,NYQ
AON,Aon plc,Financial Services,Large-Cap,1519728,NYQ
AME,"AMETEK, Inc.",Industrials,Large-Cap,1300984,NYQ
MPLX,MPLX LP,Energy,Large-Cap,1424920,NYQ
RELX,RELX PLC PLC,Industrials,Large-Cap,2372542,NYQ
FAST,Fastenal Company,Industrials,Large-Cap,7572096,NMS
COHR,Coherent Corp.,Technology,Large-Cap,6247869,NYQ
CVE,Cenovus Energy Inc,Energy,Large-Cap,7073836,NYQ
ALL,Allstate Corporation (The),Financial Services,Large-Cap,1892326,NYQ
AFL,AFLAC Incorporated,Financial Services,Large-Cap,2053057,NYQ
VALE,VALE S.A.,Basic Materials,Large-Cap,26050504,NYQ
TFC,Truist Financial Corporation,Financial Services,Large-Cap,7194363,NYQ
GRMN,Garmin Ltd.,Technology,Large-Cap,903423,NYQ
DAL,"Delta Air Lines, Inc.",Industrials,Large-Cap,6206823,NYQ
CRH,CRH PLC,Basic Materials,Large-Cap,4660906,NYQ
BKR,Baker Hughes Company,Energy,Large-Cap,8237073,NMS
LNG,"Cheniere Energy, Inc.",Energy,Large-Cap,1876960,NYQ
OXY,Occidental Petroleum Corporatio,Energy,Large-Cap,8685974,NYQ
OKE,"ONEOK, Inc.",Energy,Large-Cap,3619260,NYQ
NUE,Nucor Corporation,Basic Materials,Large-Cap,1362836,NYQ
PSA,Public Storage,Real Estate,Large-Cap,976334,NYQ
D,"Dominion Energy, Inc.",Utilities,Large-Cap,4371492,NYQ
NKE,"Nike, Inc.",Consumer Cyclical,Large-Cap,27666104,NYQ
O,Realty Income Corporation,Real Estate,Large-Cap,6358847,NYQ
CTVA,"Corteva, Inc.",Basic Materials,Mid-Cap,5802200,NYQ
CAH,"Cardinal Health, Inc.",Healthcare,Large-Cap,1983642,NYQ
NDAQ,"Nasdaq, Inc.",Financial Services,Large-Cap,3331646,NMS
FANG,"Diamondback Energy, Inc.",Energy,Large-Cap,2319087,NMS
MT,Arcelor Mittal NY Registry Shar,Basic Materials,Large-Cap,1451415,NYQ
SRE,DBA Sempra,Utilities,Large-Cap,3652157,NYQ
DVN,Devon Energy Corporation,Energy,Large-Cap,11387561,NYQ
EW,Edwards Lifesciences Corporatio,Healthcare,Large-Cap,3872934,NYQ
COIN,"Coinbase Global, Inc.",Financial Services,Large-Cap,8784807,NMS
BDX,"Becton, Dickinson and Company",Healthcare,Large-Cap,1784111,NYQ
CIEN,Ciena Corporation,Technology,Large-Cap,2260265,NYQ
A,"Agilent Technologies, Inc.",Healthcare,Large-Cap,2269939,NYQ
HONA,Honeywell Aerospace Inc.,Industrials,Large-Cap,3960482,NMS
WAB,Westinghouse Air Brake Technolo,Industrials,Large-Cap,897250,NYQ
F,Ford Motor Company,Consumer Cyclical,Large-Cap,48094085,NYQ
STT,State Street Corporation,Financial Services,Large-Cap,1979068,NYQ
FNV,Franco-Nevada Corporation,Basic Materials,Large-Cap,799514,NYQ
ROK,"Rockwell Automation, Inc.",Industrials,Large-Cap,750387,NYQ
AU,AngloGold Ashanti PLC,Basic Materials,Large-Cap,2622558,NYQ
CBRS,Cerebras Systems Inc.,Technology,Large-Cap,6587023,NMS
CRWV,"CoreWeave, Inc.",Technology,Large-Cap,27867852,NMS
STM,STMicroelectronics N.V.,Technology,Large-Cap,9510465,NYQ
VST,Vistra Corp.,Utilities,Large-Cap,4474576,NYQ
ETR,Entergy Corporation,Utilities,Large-Cap,2664392,NYQ
VMRK,Vivmark Residential,Real Estate,Large-Cap,4800915,NYQ
DEO,Diageo plc,Consumer Defensive,Large-Cap,1062025,NYQ
EBAY,eBay Inc.,Consumer Cyclical,Large-Cap,4420506,NMS
MDLN,Medline Inc.,Healthcare,Large-Cap,7420669,NMS
TEVA,Teva Pharmaceutical Industries ,Healthcare,Large-Cap,5345057,NYQ
HUM,Humana Inc.,Healthcare,Large-Cap,1214512,NYQ
CLS,"Celestica, Inc.",Technology,Large-Cap,2516142,NYQ
FITB,Fifth Third Bancorp,Financial Services,Large-Cap,5816377,NYQ
PYPL,"PayPal Holdings, Inc.",Financial Services,Large-Cap,14224328,NMS
CARR,Carrier Global Corporation,Industrials,Large-Cap,6525047,NYQ
WDAY,"Workday, Inc.",Technology,Large-Cap,4062014,NMS
CCEP,Coca-Cola Europacific Partners ,Consumer Defensive,Large-Cap,1800080,NMS
RKLB,Rocket Lab Corporation,Industrials,Large-Cap,19089350,NMS
VEEV,Veeva Systems Inc.,Healthcare,Large-Cap,1721212,NYQ
XYZ,"Block, Inc.",Technology,Large-Cap,4490923,NYQ
ABEV,Ambev S.A.,Consumer Defensive,Large-Cap,27017455,NYQ
IQV,"IQVIA Holdings, Inc.",Healthcare,Large-Cap,1435958,NYQ
VTR,"Ventas, Inc.",Real Estate,Large-Cap,3350411,NYQ
TWLO,Twilio Inc.,Technology,Large-Cap,2279180,NYQ
XEL,Xcel Energy Inc.,Utilities,Large-Cap,5254598,NMS
AMP,"Ameriprise Financial, Inc.",Financial Services,Large-Cap,555814,NYQ
TEAM,Atlassian Corporation,Technology,Large-Cap,4167957,NMS
SLF,Sun Life Financial Inc.,Financial Services,Large-Cap,758809,NYQ
LHX,"L3Harris Technologies, Inc.",Industrials,Large-Cap,1560385,NYQ
P,"Everpure, Inc.",Technology,Large-Cap,4436117,NYQ
RVMD,"Revolution Medicines, Inc.",Healthcare,Large-Cap,1919231,NMS
WAT,Waters Corporation,Healthcare,Large-Cap,765268,NYQ
FERG,Ferguson Enterprises Inc.,Industrials,Large-Cap,2333800,NYQ
MCHP,Microchip Technology Incorporat,Technology,Large-Cap,9436168,NMS
INFY,Infosys Limited,Technology,Large-Cap,19937446,NYQ
BSBR,Banco Santander Brasil SA,Financial Services,Large-Cap,3545179,NYQ
KDP,Keurig Dr Pepper Inc.,Consumer Defensive,Large-Cap,11546088,NMS
IDXX,"IDEXX Laboratories, Inc.",Healthcare,Large-Cap,563068,NMS
ADSK,"Autodesk, Inc.",Technology,Large-Cap,2126553,NMS
FLEX,Flex Ltd.,Technology,Large-Cap,3745473,NMS
HMC,"Honda Motor Company, Ltd.",Consumer Cyclical,Large-Cap,1004544,NYQ
EXC,Exelon Corporation,Utilities,Large-Cap,7965049,NMS
TRI,Thomson Reuters Corp,Industrials,Large-Cap,1902568,NMS
ILMN,"Illumina, Inc.",Healthcare,Large-Cap,2594571,NMS
NTAP,"NetApp, Inc.",Technology,Large-Cap,2555728,NMS
CMG,"Chipotle Mexican Grill, Inc.",Consumer Cyclical,Large-Cap,16388349,NYQ
LYV,"Live Nation Entertainment, Inc.",Communication Services,Large-Cap,1941849,NYQ
PRU,"Prudential Financial, Inc.",Financial Services,Large-Cap,1704638,NYQ
HLN,Haleon plc,Healthcare,Large-Cap,13187642,NYQ
ARES,Ares Management Corporation,Financial Services,Large-Cap,2150684,NYQ
AIG,"American International Group, I",Financial Services,Large-Cap,3803723,NYQ
FER,Ferrovial N.V.,Industrials,Large-Cap,1488239,NMS
DHI,"D.R. Horton, Inc.",Consumer Cyclical,Large-Cap,2481615,NYQ
WCN,"Waste Connections, Inc.",Industrials,Large-Cap,1219584,NYQ
MSCI,MSCI Inc.,Financial Services,Large-Cap,626928,NYQ
ADM,Archer-Daniels-Midland Company,Consumer Defensive,Large-Cap,3684834,NYQ
ED,"Consolidated Edison, Inc.",Utilities,Large-Cap,2193693,NYQ
CCJ,Cameco Corporation,Energy,Large-Cap,3187963,NYQ
TTWO,"Take-Two Interactive Software, ",Communication Services,Large-Cap,2340474,NMS
CBRE,CBRE Group Inc,Real Estate,Large-Cap,1743214,NYQ
VOD,Vodafone Group Plc,Communication Services,Large-Cap,3950865,NMS
SYY,Sysco Corporation,Consumer Defensive,Large-Cap,3642936,NYQ
YUM,"Yum! Brands, Inc.",Consumer Cyclical,Large-Cap,2508452,NYQ
ODFL,"Old Dominion Freight Line, Inc.",Industrials,Large-Cap,1715547,NMS
UAL,"United Airlines Holdings, Inc.",Industrials,Large-Cap,3796985,NMS
CRDO,Credo Technology Group Holding ,Technology,Large-Cap,6817971,NMS
PCG,Pacific Gas & Electric Co.,Utilities,Large-Cap,35777176,NYQ
KR,Kroger Company (The),Consumer Defensive,Large-Cap,7267160,NYQ
JD,"JD.com, Inc.",Consumer Cyclical,Large-Cap,7338107,NMS
OKTA,"Okta, Inc.",Technology,Large-Cap,3502974,NMS
BBD,Banco Bradesco Sa,Financial Services,Large-Cap,29609009,NYQ
VIK,Viking Holdings Ltd,Consumer Cyclical,Large-Cap,3431052,NYQ
PAYX,"Paychex, Inc.",Technology,Large-Cap,3020231,NMS
CCL,Carnival Corporation Ltd.,Consumer Cyclical,Large-Cap,20965425,NYQ
ROP,"Roper Technologies, Inc.",Technology,Large-Cap,816126,NMS
EL,"Estee Lauder Companies, Inc. (T",Consumer Defensive,Large-Cap,2971704,NYQ
KVUE,Kenvue Inc.,Consumer Defensive,Large-Cap,22208412,NYQ
NTR,Nutrien Ltd.,Basic Materials,Large-Cap,2595193,NYQ
EC,Ecopetrol S.A.,Energy,Large-Cap,1908738,NYQ
AXON,"Axon Enterprise, Inc.",Industrials,Large-Cap,944482,NMS
HIG,"The Hartford Insurance Group, I",Financial Services,Large-Cap,1615750,NYQ
ALNY,"Alnylam Pharmaceuticals, Inc.",Healthcare,Large-Cap,1830647,NMS
TKO,"TKO Group Holdings, Inc.",Communication Services,Large-Cap,1118896,NYQ
MLM,"Martin Marietta Materials, Inc.",Basic Materials,Large-Cap,691082,NYQ
RPRX,Royalty Pharma plc,Healthcare,Large-Cap,2921850,NMS
PEG,Public Service Enterprise Group,Utilities,Large-Cap,3019187,NYQ
BIIB,Biogen Inc.,Healthcare,Large-Cap,1088173,NMS
WEC,"WEC Energy Group, Inc.",Utilities,Large-Cap,2407709,NYQ
RKT,"Rocket Companies, Inc.",Financial Services,Large-Cap,30162393,NYQ
JBL,Jabil Inc.,Technology,Large-Cap,1175655,NYQ
IRM,Iron Mountain Incorporated (Del,Real Estate,Large-Cap,1768733,NYQ
KMB,Kimberly-Clark Corporation,Consumer Defensive,Large-Cap,3901841,NMS
QSR,Restaurant Brands International,Consumer Cyclical,Large-Cap,2818255,NYQ
GFI,Gold Fields Limited,Basic Materials,Large-Cap,3775911,NYQ
DXCM,"DexCom, Inc.",Healthcare,Large-Cap,4572192,NMS
HSY,The Hershey Company,Consumer Defensive,Large-Cap,1513665,NYQ
ACGL,Arch Capital Group Ltd.,Financial Services,Large-Cap,2706588,NMS
ZS,"Zscaler, Inc.",Technology,Large-Cap,2818036,NMS
RMD,ResMed Inc.,Healthcare,Large-Cap,1410828,NYQ
TECK,Teck Resources Ltd,Basic Materials,Large-Cap,3170490,NYQ
STLD,"Steel Dynamics, Inc.",Basic Materials,Large-Cap,1129152,NMS
NTRS,Northern Trust Corporation,Financial Services,Large-Cap,1042460,NMS
EXPE,"Expedia Group, Inc.",Consumer Cyclical,Large-Cap,1826185,NMS
ALC,Alcon Inc.,Healthcare,Large-Cap,1910333,NYQ
MTB,M&T Bank Corporation,Financial Services,Large-Cap,1057917,NYQ
VMC,Vulcan Materials Company (Holdi,Basic Materials,Large-Cap,1078561,NYQ
PUK,Prudential Public Limited Compa,Financial Services,Large-Cap,1027363,NYQ
VG,"Venture Global, Inc.",Energy,Large-Cap,14749717,NYQ
HBAN,Huntington Bancshares Incorpora,Financial Services,Large-Cap,26092082,NMS
RJF,"Raymond James Financial, Inc.",Financial Services,Large-Cap,1194588,NYQ
CNC,Centene Corporation,Healthcare,Large-Cap,4578344,NYQ
EQT,EQT Corporation,Energy,Large-Cap,7179261,NYQ
ERIC,Ericsson,Technology,Large-Cap,11245109,NMS
SUNB,"Sunbelt Rentals Holdings, Inc.",Industrials,Large-Cap,4480420,NYQ
GEHC,GE HealthCare Technologies Inc.,Healthcare,Large-Cap,4100614,NMS
IR,Ingersoll Rand Inc.,Industrials,Large-Cap,4271909,NYQ
BIDU,"Baidu, Inc.",Communication Services,Large-Cap,2601306,NMS
RBLX,Roblox Corporation,Communication Services,Large-Cap,11914136,NYQ
EXR,Extra Space Storage Inc,Real Estate,Large-Cap,1226711,NYQ
ON,ON Semiconductor Corporation,Technology,Large-Cap,9823187,NMS
CCI,Crown Castle Inc.,Real Estate,Large-Cap,3604285,NYQ
ZTS,Zoetis Inc.,Healthcare,Large-Cap,5538406,NYQ
NMR,Nomura Holdings Inc,Financial Services,Large-Cap,821195,NYQ
KGC,Kinross Gold Corporation,Basic Materials,Large-Cap,8025431,NYQ
RYAAY,Ryanair Holdings plc,Industrials,Large-Cap,1500361,NMS
HPQ,HP Inc.,Technology,Large-Cap,15346734,NYQ
TS,Tenaris S.A.,Energy,Large-Cap,1271773,NYQ
KHC,The Kraft Heinz Company,Consumer Defensive,Large-Cap,16770731,NYQ
AEE,Ameren Corporation,Utilities,Large-Cap,1582373,NYQ
RDDT,"Reddit, Inc.",Communication Services,Large-Cap,5875369,NYQ
SMCI,"Super Micro Computer, Inc.",Technology,Large-Cap,44627371,NMS
WSM,"Williams-Sonoma, Inc.",Consumer Cyclical,Large-Cap,1051546,NYQ
DG,Dollar General Corporation,Consumer Defensive,Large-Cap,2414858,NYQ
FTS,Fortis Inc.,Utilities,Large-Cap,765304,NYQ
CFG,"Citizens Financial Group, Inc.",Financial Services,Large-Cap,3955798,NYQ
FTI,TechnipFMC plc,Energy,Large-Cap,3118073,NYQ
WTW,Willis Towers Watson Public Lim,Financial Services,Large-Cap,545036,NMS
MDB,"MongoDB, Inc.",Technology,Large-Cap,2084701,NGM
ATO,Atmos Energy Corporation,Utilities,Large-Cap,1027785,NYQ
GFS,GlobalFoundries Inc.,Technology,Large-Cap,3979512,NMS
TSEM,Tower Semiconductor Ltd.,Technology,Large-Cap,1865987,NMS
WST,"West Pharmaceutical Services, I",Healthcare,Large-Cap,642817,NYQ
HAL,Halliburton Company,Energy,Large-Cap,11187542,NYQ
FOXA,Fox Corporation,Communication Services,Large-Cap,5061749,NMS
Q,"Qnity Electronics, Inc.",Technology,Large-Cap,1741166,NYQ
ECHO,EchoStar Corporation,Communication Services,Large-Cap,3939357,NMS
NVT,nVent Electric plc,Industrials,Large-Cap,2200966,NYQ
ROIV,Roivant Sciences Ltd.,Healthcare,Large-Cap,7043300,NMS
AWK,"American Water Works Company, I",Utilities,Large-Cap,2093465,NYQ
SN,"SharkNinja, Inc.",Consumer Cyclical,Large-Cap,1791061,NYQ
PBA,Pembina Pipeline Corp.,Energy,Large-Cap,973344,NYQ
DGX,Quest Diagnostics Incorporated,Healthcare,Large-Cap,1018120,NYQ
ZM,"Zoom Communications, Inc.",Technology,Large-Cap,3155549,NMS
ATI,ATI Inc.,Industrials,Large-Cap,1661676,NYQ
VICI,VICI Properties Inc.,Real Estate,Large-Cap,9804830,NYQ
DOV,Dover Corporation,Industrials,Large-Cap,1225120,NYQ
DTE,DTE Energy Company,Utilities,Large-Cap,1491911,NYQ
CTSH,Cognizant Technology Solutions ,Technology,Large-Cap,8020047,NMS
VRSN,"VeriSign, Inc.",Technology,Large-Cap,755506,NMS
INSM,Insmed Incorporated,Healthcare,Large-Cap,2453285,NMS
WRB,W.R. Berkley Corporation,Financial Services,Large-Cap,2459401,NYQ
SYM,Symbotic Inc.,Industrials,Large-Cap,1631006,NGM
FE,FirstEnergy Corp.,Utilities,Large-Cap,4257417,NYQ
CPRT,"Copart, Inc.",Industrials,Large-Cap,10832066,NMS
INCY,Incyte Corporation,Healthcare,Large-Cap,1597598,NMS
LH,Labcorp Holdings Inc.,Healthcare,Large-Cap,730138,NYQ
FFIV,"F5, Inc.",Technology,Large-Cap,582801,NMS
CPNG,"Coupang, Inc.",Consumer Cyclical,Large-Cap,17288898,NYQ
OTIS,Otis Worldwide Corporation,Industrials,Large-Cap,3971582,NYQ
LVS,Las Vegas Sands Corp.,Consumer Cyclical,Large-Cap,5262585,NYQ
BNTX,BioNTech SE,Healthcare,Large-Cap,1148900,NMS
CINF,Cincinnati Financial Corporatio,Financial Services,Large-Cap,704631,NMS
EXPD,Expeditors International of Was,Industrials,Large-Cap,1076687,NYQ
LPLA,LPL Financial Holdings Inc.,Financial Services,Large-Cap,702655,NMS
PPL,PPL Corporation,Utilities,Large-Cap,7496603,NYQ
TCOM,Trip.com Group Limited,Consumer Cyclical,Large-Cap,3231780,NMS
PFG,Principal Financial Group Inc,Financial Services,Large-Cap,1380541,NMS
CNP,"CenterPoint Energy, Inc (Holdin",Utilities,Large-Cap,6360620,NYQ
HUBB,Hubbell Inc,Industrials,Large-Cap,511027,NYQ
FISV,"Fiserv, Inc.",N/A,Large-Cap,7331803,NMS
PHG,Koninklijke Philips N.V. NY Reg,Healthcare,Large-Cap,975774,NYQ
ES,Eversource Energy (D/B/A),Utilities,Large-Cap,2259957,NYQ
ENTG,"Entegris, Inc.",Technology,Large-Cap,2409107,NMS
GH,"Guardant Health, Inc.",Healthcare,Large-Cap,2032166,NMS
XYL,Xylem Inc.,Industrials,Large-Cap,2161103,NYQ
PPG,"PPG Industries, Inc.",Basic Materials,Large-Cap,1713957,NYQ
ULTA,"Ulta Beauty, Inc.",Consumer Cyclical,Large-Cap,591600,NMS
VLTO,Veralto Corp,Industrials,Large-Cap,1659873,NYQ
AFRM,"Affirm Holdings, Inc.",Financial Services,Large-Cap,4259484,NMS
RBRK,"Rubrik, Inc.",Technology,Large-Cap,3188503,NYQ
SYF,Synchrony Financial,Financial Services,Large-Cap,3410046,NYQ
SW,Smurfit WestRock plc,Consumer Cyclical,Large-Cap,4792604,NYQ
ASTS,"AST SpaceMobile, Inc.",Technology,Large-Cap,12038849,NMS
RF,Regions Financial Corporation,Financial Services,Large-Cap,8864484,NYQ
CRCL,"Circle Internet Group, Inc.",Financial Services,Large-Cap,13803788,NYQ
AER,AerCap Holdings N.V.,Industrials,Large-Cap,1070566,NYQ
CHD,"Church & Dwight Company, Inc.",Consumer Defensive,Large-Cap,1807852,NYQ
ROKU,"Roku, Inc.",Communication Services,Large-Cap,2356309,NMS
PHM,"PulteGroup, Inc.",Consumer Cyclical,Large-Cap,1604379,NYQ
TPR,"Tapestry, Inc.",Consumer Cyclical,Large-Cap,2996506,NYQ
TROW,"T. Rowe Price Group, Inc.",Financial Services,Large-Cap,1701184,NMS
GPN,Global Payments Inc.,Industrials,Large-Cap,2855679,NYQ
DRI,"Darden Restaurants, Inc.",Consumer Cyclical,Large-Cap,1242395,NYQ
IOT,Samsara Inc.,Technology,Large-Cap,6016474,NYQ
RIVN,"Rivian Automotive, Inc.",Consumer Cyclical,Large-Cap,27278828,NMS
GMAB,Genmab A/S,Healthcare,Large-Cap,2488463,NMS
IFF,International Flavors & Fragran,Basic Materials,Large-Cap,1693596,NYQ
MTSI,MACOM Technology Solutions Hold,Technology,Large-Cap,1389114,NMS
TW,Tradeweb Markets Inc.,Financial Services,Large-Cap,1408590,NMS
L,Loews Corporation,Financial Services,Large-Cap,844315,NYQ
KEY,KeyCorp,Financial Services,Large-Cap,11693542,NYQ
VRSK,"Verisk Analytics, Inc.",Industrials,Large-Cap,1447993,NMS
JBHT,"J.B. Hunt Transport Services, I",Industrials,Large-Cap,1025642,NMS
DLTR,"Dollar Tree, Inc.",Consumer Defensive,Large-Cap,2594366,NMS
CNH,CNH Industrial N.V.,Industrials,Large-Cap,17567041,NYQ
ARXS,"Arxis, Inc.",Industrials,Large-Cap,835398,NMS
RL,Ralph Lauren Corporation,Consumer Cyclical,Large-Cap,633036,NYQ
BG,Bunge Limited,Consumer Defensive,Large-Cap,1590485,NYQ
XPO,"XPO, Inc.",Industrials,Large-Cap,981644,NYQ
PKG,Packaging Corporation of Americ,Consumer Cyclical,Large-Cap,620536,NYQ
BSP,Bending Spoons S.p.A.,Technology,Large-Cap,2334641,NMS
VTRS,Viatris Inc.,Healthcare,Large-Cap,9351904,NMS
SOFI,"SoFi Technologies, Inc.",Financial Services,Large-Cap,58904069,NMS
AMRZ,Amrize Ltd,Basic Materials,Large-Cap,3738998,NYQ
THC,Tenet Healthcare Corporation,Healthcare,Large-Cap,994460,NYQ
LUV,Southwest Airlines Company,Industrials,Large-Cap,5352280,NYQ
NRG,"NRG Energy, Inc.",Utilities,Large-Cap,2772473,NYQ
UTHR,United Therapeutics Corporation,Healthcare,Large-Cap,617396,NMS
RGLD,"Royal Gold, Inc.",Basic Materials,Large-Cap,696604,NMS
STE,STERIS plc (Ireland),Healthcare,Large-Cap,684696,NYQ
EIX,Edison International,Utilities,Large-Cap,4626019,NYQ
SNX,TD SYNNEX Corporation,Technology,Large-Cap,823011,NYQ
OMC,Omnicom Group Inc.,Communication Services,Large-Cap,2942290,NYQ
BRO,"Brown & Brown, Inc.",Financial Services,Large-Cap,2292228,NYQ
USFD,US Foods Holding Corp.,Consumer Defensive,Large-Cap,2363861,NYQ
LEN,Lennar Corporation,Consumer Cyclical,Large-Cap,3324158,NYQ
DOW,Dow Inc.,Basic Materials,Large-Cap,9314411,NYQ
CMS,CMS Energy Corporation,Utilities,Large-Cap,3622409,NYQ
AMCR,Amcor plc,Consumer Cyclical,Large-Cap,3536153,NYQ
YPF,YPF Sociedad Anonima,Energy,Large-Cap,1232757,NYQ
HSAI,Hesai Group,Consumer Cyclical,Large-Cap,1493096,NMS
CRS,Carpenter Technology Corporatio,Industrials,Large-Cap,723846,NYQ
WWD,"Woodward, Inc.",Industrials,Large-Cap,660803,NMS
EXE,Expand Energy Corporation,Energy,Large-Cap,3352376,NMS
STZ,"Constellation Brands, Inc.",Consumer Defensive,Large-Cap,2038168,NYQ
PAAS,Pan American Silver Corp.,Basic Materials,Large-Cap,4191182,NYQ
BCE,"BCE, Inc.",Communication Services,Large-Cap,3797617,NYQ
DINO,HF Sinclair Corporation,Energy,Large-Cap,2780626,NYQ
SQM,Sociedad Quimica y Minera S.A.,Basic Materials,Large-Cap,972782,NYQ
FSLR,"First Solar, Inc.",Technology,Large-Cap,2267141,NMS
NI,NiSource Inc,Utilities,Large-Cap,5497361,NYQ
ESS,"Essex Property Trust, Inc.",Real Estate,Large-Cap,501914,NYQ
NTNX,"Nutanix, Inc.",Technology,Large-Cap,2740620,NMS
LYB,LyondellBasell Industries NV,Basic Materials,Large-Cap,4199133,NYQ
BBY,"Best Buy Co., Inc.",Consumer Cyclical,Large-Cap,3657620,NYQ
WES,"Western Midstream Partners, LP",Energy,Large-Cap,833195,NYQ
ONTO,Onto Innovation Inc.,Technology,Large-Cap,1023498,NYQ
BR,"Broadridge Financial Solutions,",Technology,Large-Cap,1121592,NYQ
BEKE,KE Holdings Inc,Real Estate,Large-Cap,4345649,NYQ
CDE,"Coeur Mining, Inc.",Basic Materials,Large-Cap,34318677,NYQ
SBS,Companhia de saneamento Basico ,Utilities,Large-Cap,8039884,NYQ
VIV,Telefonica Brasil S.A.,Communication Services,Large-Cap,1441287,NYQ
SSNC,"SS&C Technologies Holdings, Inc",Technology,Large-Cap,1689185,NMS
KSPI,Joint Stock Company Kaspi.kz - ,Technology,Large-Cap,531515,NMS
EVRG,"Evergy, Inc.",Utilities,Large-Cap,2133795,NMS
GIS,"General Mills, Inc.",Consumer Defensive,Large-Cap,9496149,NYQ
IONQ,"IonQ, Inc.",Technology,Large-Cap,21047533,NYQ
TSN,"Tyson Foods, Inc.",Consumer Defensive,Large-Cap,3265488,NYQ
MKSI,MKS Inc.,Technology,Large-Cap,1353169,NMS
WCC,"WESCO International, Inc.",Industrials,Large-Cap,597007,NYQ
LSCC,Lattice Semiconductor Corporati,Technology,Large-Cap,1710931,NMS
ZBRA,Zebra Technologies Corporation,Technology,Large-Cap,675411,NMS
PR,Permian Resources Corporation,Energy,Large-Cap,9459809,NYQ
CF,"CF Industries Holdings, Inc.",Basic Materials,Large-Cap,2520661,NYQ
U,Unity Software Inc.,Technology,Large-Cap,10194850,NYQ
DD,"DuPont de Nemours, Inc.",Basic Materials,Large-Cap,1343134,NYQ
GPC,Genuine Parts Company,Consumer Cyclical,Large-Cap,1324855,NYQ
IP,International Paper Company,Consumer Cyclical,Large-Cap,5008193,NYQ
FTAI,FTAI Aviation Ltd.,Industrials,Large-Cap,1459046,NMS
TOST,"Toast, Inc.",Technology,Large-Cap,9312211,NYQ
CHRW,"C.H. Robinson Worldwide, Inc.",Industrials,Large-Cap,1721577,NMS
ZBH,"Zimmer Biomet Holdings, Inc.",Healthcare,Large-Cap,2161461,NYQ
MGA,"Magna International, Inc.",Consumer Cyclical,Large-Cap,1232984,NYQ
EWBC,"East West Bancorp, Inc.",Financial Services,Large-Cap,772187,NMS
FIS,Fidelity National Information S,Technology,Large-Cap,6114025,NYQ
SBAC,SBA Communications Corporation,Real Estate,Large-Cap,970236,NMS
TPG,TPG Inc.,Financial Services,Large-Cap,2585084,NMS
IEX,IDEX Corporation,Industrials,Large-Cap,636814,NYQ
RVTY,"Revvity, Inc.",Healthcare,Large-Cap,1744815,NYQ
PAA,"Plains All American Pipeline, L",Energy,Large-Cap,2520304,NMS
SMTC,Semtech Corporation,Technology,Large-Cap,2934023,NMS
MTZ,"MasTec, Inc.",Industrials,Large-Cap,1492320,NYQ
BURL,"Burlington Stores, Inc.",Consumer Cyclical,Large-Cap,1206092,NYQ
RCI,"Rogers Communication, Inc.",Communication Services,Large-Cap,1282769,NYQ
FDXF,"FedEx Freight Holding Company, ",Industrials,Large-Cap,1392349,NYQ
APG,APi Group Corporation,Industrials,Large-Cap,3016988,NYQ
STLA,Stellantis N.V.,Consumer Cyclical,Large-Cap,22507514,NYQ
FTV,Fortive Corporation,Technology,Large-Cap,2416719,NYQ
LNT,Alliant Energy Corporation,Utilities,Large-Cap,2477361,NMS
DT,"Dynatrace, Inc.",Technology,Large-Cap,6178753,NYQ
BEN,"Franklin Templeton, Inc.",Financial Services,Large-Cap,4040863,NYQ
TSCO,Tractor Supply Company,Consumer Cyclical,Large-Cap,10113849,NMS
EFX,"Equifax, Inc.",Industrials,Large-Cap,1553344,NYQ
IREN,IREN LIMITED,Financial Services,Large-Cap,42679669,NMS
CDW,CDW Corporation,Technology,Large-Cap,1788290,NMS
OVV,Ovintiv Inc. (DE),Energy,Large-Cap,3320120,NYQ
DOCN,"DigitalOcean Holdings, Inc.",Technology,Large-Cap,2933665,NYQ
BMNR,"BitMine Immersion Technologies,",Financial Services,Large-Cap,38544576,NYQ
J,Jacobs Solutions Inc.,Industrials,Large-Cap,857592,NYQ
WIT,Wipro Limited,Technology,Large-Cap,8861534,NYQ
FUTU,Futu Holdings Limited,Financial Services,Large-Cap,1242512,NGM
AS,"Amer Sports, Inc.",Consumer Cyclical,Large-Cap,6171846,NYQ
INVH,Invitation Homes Inc.,Real Estate,Large-Cap,4363246,NYQ
HST,"Host Hotels & Resorts, Inc.",Real Estate,Large-Cap,9078273,NMS
AKAM,"Akamai Technologies, Inc.",Technology,Large-Cap,4193539,NMS
NWSA,News Corporation,Communication Services,Large-Cap,3938663,NMS
TIGO,Millicom International Cellular,Communication Services,Large-Cap,1134060,NMS
STRL,"Sterling Infrastructure, Inc.",Industrials,Large-Cap,653658,NMS
LDOS,"Leidos Holdings, Inc.",Technology,Large-Cap,1380466,NYQ
NLY,Annaly Capital Management Inc.,Real Estate,Large-Cap,8392904,NYQ
GFL,GFL Environmental Inc. Subordin,Industrials,Large-Cap,2688152,NYQ
H,Hyatt Hotels Corporation,Consumer Cyclical,Large-Cap,788544,NYQ
SOLV,Solventum Corporation,Healthcare,Large-Cap,1029184,NYQ
TLN,Talen Energy Corporation,Utilities,Large-Cap,793644,NMS
ASND,Ascendis Pharma A/S,Healthcare,Large-Cap,646657,NMS
JAZZ,Jazz Pharmaceuticals plc,Healthcare,Large-Cap,861696,NMS
RBA,"RB Global, Inc.",Industrials,Large-Cap,1664477,NYQ
CRBG,Corebridge Financial Inc.,Financial Services,Large-Cap,4354809,NYQ
KIM,Kimco Realty Corporation (HC),Real Estate,Large-Cap,4704198,NYQ
BALL,Ball Corporation,Consumer Cyclical,Large-Cap,1902912,NYQ
WPC,W. P. Carey Inc. REIT,Real Estate,Large-Cap,1398646,NYQ
FN,Fabrinet,Technology,Large-Cap,866906,NYQ
PHYS,"""Sprott Physical Gold Trust""",N/A,Large-Cap,4064536,ASE
TEM,"Tempus AI, Inc.",Healthcare,Large-Cap,6470728,NMS
OHI,"Omega Healthcare Investors, Inc",Real Estate,Large-Cap,1865220,NYQ
LAMR,Lamar Advertising Company,Real Estate,Large-Cap,571895,NMS
PTC,PTC Inc.,Technology,Large-Cap,1504320,NMS
APA,APA Corporation,Energy,Large-Cap,5661828,NMS
ZTO,ZTO Express (Cayman) Inc.,Industrials,Large-Cap,2218522,NYQ
EXEL,"Exelixis, Inc.",Healthcare,Large-Cap,2364077,NMS
WMG,Warner Music Group Corp.,Communication Services,Large-Cap,2092401,NMS
ROL,"Rollins, Inc.",Consumer Cyclical,Large-Cap,6164239,NYQ
OWL,Blue Owl Capital Inc.,Financial Services,Large-Cap,18618004,NYQ
JHX,James Hardie Industries plc.,Basic Materials,Large-Cap,9110776,NYQ
PFGC,Performance Food Group Company,Consumer Defensive,Large-Cap,1616190,NYQ
LOGI,Logitech International S.A. - R,Technology,Large-Cap,931703,NMS
VNOM,"Viper Energy, Inc.",Energy,Large-Cap,1680122,NMS
CHTR,"Charter Communications, Inc.",Communication Services,Large-Cap,2911468,NMS
ARMK,Aramark,Industrials,Large-Cap,2468360,NYQ
KEP,Korea Electric Power Corporatio,Utilities,Large-Cap,1043128,NYQ
DOC,"Healthpeak Properties, Inc.",Real Estate,Large-Cap,5382241,NYQ
EQH,"Equitable Holdings, Inc.",Financial Services,Large-Cap,2838031,NYQ
CRL,Charles River Laboratories Inte,Healthcare,Large-Cap,919573,NYQ
SUI,"Sun Communities, Inc.",Real Estate,Large-Cap,1668871,NYQ
CG,The Carlyle Group Inc.,Financial Services,Large-Cap,3478339,NMS
PNFP,"Pinnacle Financial Partners, In",Financial Services,Large-Cap,1083165,NYQ
WY,Weyerhaeuser Company,Real Estate,Large-Cap,5768477,NYQ
MAA,Mid-America Apartment Communiti,Real Estate,Large-Cap,1054876,NYQ
NBIX,"Neurocrine Biosciences, Inc.",Healthcare,Large-Cap,1272207,NMS
W,Wayfair Inc.,Consumer Cyclical,Large-Cap,2905936,NYQ
UNM,Unum Group,Financial Services,Large-Cap,1624368,NYQ
INIO,INNIO N.V.,Industrials,Large-Cap,4736041,NMS
CX,"Cemex, S.A.B. de C.V. Sponsored",Basic Materials,Large-Cap,6672192,NYQ
ARCC,Ares Capital Corporation,Financial Services,Large-Cap,4452852,NMS
AGI,Alamos Gold Inc.,Basic Materials,Large-Cap,4238873,NYQ
SUN,Sunoco LP,Energy,Large-Cap,530965,NYQ
YUMC,"Yum China Holdings, Inc.",Consumer Cyclical,Large-Cap,1521396,NYQ
EMBJ,Embraer S.A.,Industrials,Large-Cap,1190139,NYQ
SKM,"SK Telecom Co., Ltd.",Communication Services,Large-Cap,1951630,NYQ
GLXY,Galaxy Digital Inc.,Financial Services,Large-Cap,5891842,NMS
REG,Regency Centers Corporation,Real Estate,Large-Cap,1294863,NMS
HTHT,H World Group Limited,Consumer Cyclical,Large-Cap,1519887,NMS
BEP,Brookfield Renewable Partners L,Utilities,Large-Cap,999161,NYQ
AMKR,"Amkor Technology, Inc.",Technology,Large-Cap,4781144,NMS
SWK,"Stanley Black & Decker, Inc.",Industrials,Large-Cap,1738833,NYQ
MAS,Masco Corporation,Industrials,Large-Cap,2381995,NYQ
IVZ,Invesco Ltd,Financial Services,Large-Cap,4519433,NYQ
DKS,Dick's Sporting Goods Inc,Consumer Cyclical,Large-Cap,3015611,NYQ
MLI,"Mueller Industries, Inc.",Industrials,Large-Cap,1534033,NYQ
VICR,Vicor Corporation,Technology,Large-Cap,864593,NMS
ICLR,ICON plc,Healthcare,Large-Cap,807477,NMS
TXT,Textron Inc.,Industrials,Large-Cap,1687028,NYQ
EQX,Equinox Gold Corp.,Basic Materials,Large-Cap,13614582,ASE
TRMB,Trimble Inc.,Technology,Large-Cap,2978742,NMS
SMMT,Summit Therapeutics Inc.,Healthcare,Large-Cap,5612336,NGM
ALLE,Allegion plc,Industrials,Large-Cap,1300787,NYQ
SGI,Somnigroup International Inc.,Consumer Cyclical,Large-Cap,3088209,NYQ
SWKS,"Skyworks Solutions, Inc.",Technology,Large-Cap,6169574,NMS
TLK,"PT Telekomunikasi Indonesia, Tb",Communication Services,Large-Cap,730225,NYQ
ULS,UL Solutions Inc.,Industrials,Large-Cap,904134,NYQ
QNT,Quantinuum Inc.,Technology,Large-Cap,1707633,NGM
AEG,Aegon Ltd. New York Registry Sh,Financial Services,Large-Cap,4732771,NYQ
TME,Tencent Music Entertainment Gro,Communication Services,Large-Cap,8406885,NYQ
FLUT,Flutter Entertainment plc,Consumer Cyclical,Large-Cap,2931147,NYQ
CSL,Carlisle Companies Incorporated,Industrials,Large-Cap,559353,NYQ
MKC,"McCormick & Company, Incorporat",Consumer Defensive,Large-Cap,3159398,NYQ
AVY,Avery Dennison Corporation,Consumer Cyclical,Large-Cap,910222,NYQ
CHKP,Check Point Software Technologi,Technology,Large-Cap,1156700,NMS
BBIO,"BridgeBio Pharma, Inc.",Healthcare,Large-Cap,2749800,NMS
TU,Telus Corporation,Communication Services,Large-Cap,7334490,NYQ
TYL,"Tyler Technologies, Inc.",Technology,Large-Cap,837495,NYQ
SJM,The J.M. Smucker Company,Consumer Defensive,Large-Cap,1370955,NYQ
GRAB,Grab Holdings Limited,Technology,Large-Cap,53221379,NMS
COKE,"Coca-Cola Consolidated, Inc.",Consumer Defensive,Large-Cap,520873,NMS
HALO,"Halozyme Therapeutics, Inc.",Healthcare,Large-Cap,2181687,NMS
GL,Globe Life Inc.,Financial Services,Large-Cap,543147,NYQ
TTMI,"TTM Technologies, Inc.",Technology,Large-Cap,2474769,NMS
RPM,RPM International Inc.,Basic Materials,Large-Cap,1182960,NYQ
ALB,Albemarle Corporation,Basic Materials,Large-Cap,2280707,NYQ
GGG,Graco Inc.,Industrials,Large-Cap,1800828,NYQ
CORT,Corcept Therapeutics Incorporat,Healthcare,Large-Cap,1319511,NCM
AMH,American Homes 4 Rent,Real Estate,Large-Cap,2425431,NYQ
GEN,Gen Digital Inc.,Technology,Large-Cap,7070938,NMS
BWXT,"BWX Technologies, Inc.",Industrials,Large-Cap,1035604,NYQ
TOL,"Toll Brothers, Inc.",Consumer Cyclical,Large-Cap,969723,NYQ
PSLV,"""Sprott Physical Silver Trust""",N/A,Large-Cap,7126571,ASE
LII,"Lennox International, Inc.",Industrials,Large-Cap,512915,NYQ
MAIR,Madison Air Solutions Corporati,Industrials,Large-Cap,2741196,NYQ
DOCU,"DocuSign, Inc.",Technology,Large-Cap,3232411,NMS
HAS,"Hasbro, Inc.",Consumer Cyclical,Large-Cap,1905060,NMS
SEIC,SEI Investments Company,Financial Services,Large-Cap,765076,NMS
GNRC,Generac Holdlings Inc.,Industrials,Large-Cap,1202373,NYQ
BWA,BorgWarner Inc.,Consumer Cyclical,Large-Cap,2228430,NYQ
UDR,"UDR, Inc.",Real Estate,Large-Cap,3423534,NYQ
TWST,Twist Bioscience Corporation,Healthcare,Large-Cap,1799207,NMS
DTM,"DT Midstream, Inc.",Energy,Large-Cap,899477,NYQ
NXT,Nextpower Inc.,Technology,Large-Cap,2469419,NMS
TRU,TransUnion,Financial Services,Large-Cap,2293793,NYQ
JBS,JBS N.V.,Consumer Defensive,Large-Cap,5275990,NYQ
FIVE,"Five Below, Inc.",Consumer Cyclical,Large-Cap,1119263,NMS
QXO,"QXO, Inc.",Industrials,Large-Cap,20499577,NYQ
EHC,Encompass Health Corporation,Healthcare,Large-Cap,915409,NYQ
NVMI,Nova Ltd.,Technology,Large-Cap,539119,NMS
HBM,Hudbay Minerals Inc.,Basic Materials,Large-Cap,4539776,NYQ
BF-B,Brown Forman Inc,Consumer Defensive,Large-Cap,2333871,NYQ
BAX,Baxter International Inc.,Healthcare,Large-Cap,6570882,NYQ
BJ,"BJ's Wholesale Club Holdings, I",Consumer Defensive,Large-Cap,1766193,NYQ
SANM,Sanmina Corporation,Technology,Large-Cap,695219,NMS
GME,GameStop Corporation,Consumer Cyclical,Large-Cap,7127071,NYQ
FPS,"Forgent Power Solutions, Inc.",Industrials,Large-Cap,8780922,NYQ
FMS,Fresenius Medical Care AG,Healthcare,Large-Cap,696460,NYQ
GDDY,GoDaddy Inc.,Technology,Large-Cap,2162741,NYQ
ELS,"Equity Lifestyle Properties, In",Real Estate,Large-Cap,1538404,NYQ
SAIL,"SailPoint, Inc.",Technology,Large-Cap,4218769,NMS
ARW,"Arrow Electronics, Inc.",Technology,Large-Cap,554628,NYQ
TXG,"10x Genomics, Inc.",Healthcare,Large-Cap,3032377,NMS
IT,"Gartner, Inc.",Technology,Large-Cap,1288557,NYQ
MANH,"Manhattan Associates, Inc.",Technology,Large-Cap,788184,NMS
CCK,"Crown Holdings, Inc.",Consumer Cyclical,Large-Cap,982268,NYQ
HUT,Hut 8 Corp.,Financial Services,Large-Cap,4582303,NMS
HL,Hecla Mining Company,Basic Materials,Large-Cap,37774601,NYQ
BMRN,BioMarin Pharmaceutical Inc.,Healthcare,Large-Cap,1956104,NMS
GWRE,"Guidewire Software, Inc.",Technology,Large-Cap,1343617,NYQ
ALLY,Ally Financial Inc.,Financial Services,Large-Cap,3243396,NYQ
GLPI,"Gaming and Leisure Properties, ",Real Estate,Large-Cap,3289590,NMS
TECH,Bio-Techne Corp,Healthcare,Large-Cap,3258260,NMS
CPT,Camden Property Trust,Real Estate,Large-Cap,1009511,NYQ
AHR,"American Healthcare REIT, Inc.",Real Estate,Large-Cap,2904011,NYQ
HMY,Harmony Gold Mining Company Lim,Basic Materials,Large-Cap,3552655,NYQ
AEIS,"Advanced Energy Industries, Inc",Industrials,Large-Cap,599887,NMS
PNW,Pinnacle West Capital Corporati,Utilities,Large-Cap,1150133,NYQ
ELAN,Elanco Animal Health Incorporat,Healthcare,Large-Cap,6138217,NYQ
SNN,"Smith & Nephew SNATS, Inc.",Healthcare,Large-Cap,1645611,NYQ
MICC,The Magnum Ice Cream Company N.,Consumer Defensive,Large-Cap,892680,NYQ
BXP,"BXP, Inc.",Real Estate,Large-Cap,1359038,NYQ
RMBS,"Rambus, Inc.",Technology,Large-Cap,2523804,NMS
WTRG,"Essential Utilities, Inc.",Utilities,Large-Cap,2181773,NYQ
DVA,DaVita Inc.,Healthcare,Large-Cap,796388,NYQ
WSE,Wise Group plc,Technology,Large-Cap,1310826,NMS
PSKY,Paramount Skydance Corporation,Communication Services,Large-Cap,15646734,NMS
AGNC,AGNC Investment Corp.,Real Estate,Large-Cap,25241495,NMS
BTSG,"BrightSpring Health Services, I",Healthcare,Large-Cap,3219333,NMS
AA,Alcoa Corporation,Basic Materials,Large-Cap,4742409,NYQ
LI,Li Auto Inc.,Consumer Cyclical,Large-Cap,3242080,NMS
FRO,Frontline Plc,Energy,Large-Cap,2711417,NYQ
FHN,First Horizon Corporation,Financial Services,Large-Cap,5253763,NYQ
RGEN,Repligen Corporation,Healthcare,Large-Cap,1101511,NMS
FIG,"Figma, Inc.",Technology,Large-Cap,18777646,NYQ
FROG,JFrog Ltd.,Technology,Large-Cap,2059065,NMS
HRL,Hormel Foods Corporation,Consumer Defensive,Large-Cap,4488558,NYQ
FNF,"Fidelity National Financial, In",Financial Services,Large-Cap,2013884,NYQ
CSGP,"CoStar Group, Inc.",Real Estate,Large-Cap,7003709,NMS
PAYP,PayPay Corporation - American D,Technology,Large-Cap,824122,NMS
LULU,lululemon athletica inc.,Consumer Cyclical,Large-Cap,4556838,NMS
RDY,Dr. Reddy's Laboratories Ltd,Healthcare,Large-Cap,2856636,NYQ
GSAT,"Globalstar, Inc.",Communication Services,Large-Cap,789625,NMS
COO,"The Cooper Companies, Inc.",Healthcare,Large-Cap,3056128,NMS
FORM,"FormFactor, Inc.",Technology,Large-Cap,1297009,NMS
AES,The AES Corporation,Utilities,Large-Cap,7810603,NYQ
IAG,Iamgold Corporation,Basic Materials,Large-Cap,5472884,NYQ
AUR,"Aurora Innovation, Inc.",Consumer Cyclical,Large-Cap,28949187,NMS
DECK,Deckers Outdoor Corporation,Consumer Cyclical,Large-Cap,2733880,NYQ
SF,Stifel Financial Corporation,Financial Services,Large-Cap,1201404,NYQ
SUZ,Suzano S.A.,Basic Materials,Large-Cap,2981698,NYQ
SCI,Service Corporation Internation,Consumer Cyclical,Large-Cap,997676,NYQ
KNX,Knight-Swift Transportation Hol,Industrials,Large-Cap,3614493,NYQ
PINS,"Pinterest, Inc.",Communication Services,Large-Cap,12308114,NYQ
RRX,Regal Rexnord Corporation,Industrials,Large-Cap,1196007,NYQ
UHS,"Universal Health Services, Inc.",Healthcare,Large-Cap,813947,NYQ
VIAV,Viavi Solutions Inc.,Technology,Large-Cap,4978553,NMS
AR,Antero Resources Corporation,Energy,Large-Cap,4154030,NYQ
CART,Maplebear Inc.,Consumer Cyclical,Large-Cap,4076266,NMS
XP,XP Inc.,Financial Services,Large-Cap,6051528,NMS
TXRH,"Texas Roadhouse, Inc.",Consumer Cyclical,Large-Cap,929103,NMS
AVTR,"Avantor, Inc.",Healthcare,Large-Cap,9419693,NYQ
JKHY,"Jack Henry & Associates, Inc.",Technology,Mid-Cap,1053869,NMS
ALGN,"Align Technology, Inc.",Healthcare,Large-Cap,896374,NMS
QRVO,"Qorvo, Inc.",Technology,Large-Cap,1330142,NMS
EGO,Eldorado Gold Corporation,Basic Materials,Mid-Cap,2785912,NYQ
DCI,"Donaldson Company, Inc.",Industrials,Large-Cap,677671,NYQ
GMED,"Globus Medical, Inc.",Healthcare,Large-Cap,1507093,NYQ
RTO,Rentokil Initial plc,Industrials,Large-Cap,1626231,NYQ
HUBS,"HubSpot, Inc.",Technology,Large-Cap,1773709,NYQ
UMBF,UMB Financial Corporation,Financial Services,Mid-Cap,607120,NMS
NYT,New York Times Company (The),Communication Services,Large-Cap,2412150,NYQ
CHYM,"Chime Financial, Inc.",Technology,Large-Cap,7515355,NMS
CGNX,Cognex Corporation,Technology,Large-Cap,1899974,NMS
EVR,Evercore Inc.,Financial Services,Large-Cap,505696,NYQ
ONON,On Holding AG,Consumer Cyclical,Large-Cap,8349003,NYQ
DPZ,Domino's Pizza Inc,Consumer Cyclical,Mid-Cap,864849,NMS
CLX,Clorox Company (The),Consumer Defensive,Mid-Cap,2878960,NYQ
BRKR,Bruker Corporation,Healthcare,Mid-Cap,2206161,NMS
DKNG,DraftKings Inc.,Consumer Cyclical,Mid-Cap,12458734,NMS
PAYC,"Paycom Software, Inc.",Technology,Mid-Cap,810707,NYQ
MOH,Molina Healthcare Inc,Healthcare,Mid-Cap,926300,NYQ
DRS,"Leonardo DRS, Inc.",Industrials,Mid-Cap,891811,NMS
MOD,Modine Manufacturing Company,Consumer Cyclical,Mid-Cap,1409353,NYQ
RYAN,"Ryan Specialty Holdings, Inc.",Financial Services,Mid-Cap,1941290,NYQ
WTFC,Wintrust Financial Corporation,Financial Services,Mid-Cap,560261,NMS
SSB,SouthState Bank Corporation,Financial Services,Mid-Cap,772126,NYQ
WMS,"Advanced Drainage Systems, Inc.",Industrials,Mid-Cap,696430,NYQ
AM,Antero Midstream Corporation,Energy,Mid-Cap,2334007,NYQ
CFR,"Cullen/Frost Bankers, Inc.",Financial Services,Mid-Cap,551226,NYQ
PSO,"Pearson, Plc",Communication Services,Mid-Cap,717398,NYQ
AXSM,"Axsome Therapeutics, Inc.",Healthcare,Mid-Cap,693768,NGM
FRT,Federal Realty Investment Trust,Real Estate,Mid-Cap,847493,NYQ
VSAT,"ViaSat, Inc.",Technology,Mid-Cap,1891971,NMS
JEF,Jefferies Financial Group Inc.,Financial Services,Mid-Cap,2025893,NYQ
DAR,Darling Ingredients Inc.,Consumer Defensive,Mid-Cap,2368855,NYQ
ONB,Old National Bancorp,Financial Services,Mid-Cap,4234047,NMS
HSIC,"Henry Schein, Inc.",Healthcare,Mid-Cap,1184406,NMS
SIMO,Silicon Motion Technology Corpo,Technology,Mid-Cap,940365,NMS
OC,Owens Corning Inc,Industrials,Mid-Cap,971525,NYQ
FLS,Flowserve Corporation,Industrials,Mid-Cap,1701130,NYQ
BSY,"Bentley Systems, Incorporated",Technology,Mid-Cap,2594214,NMS
ARWR,"Arrowhead Pharmaceuticals, Inc.",Healthcare,Mid-Cap,1912844,NMS
ALSN,"Allison Transmission Holdings, ",Consumer Cyclical,Mid-Cap,828455,NYQ
GKOS,Glaukos Corporation,Healthcare,Mid-Cap,791438,NYQ
IBRX,"ImmunityBio, Inc.",Healthcare,Large-Cap,9782461,NMS
OGE,OGE Energy Corp,Utilities,Mid-Cap,1498136,NYQ
MTCH,"Match Group, Inc.",Communication Services,Mid-Cap,3221373,NMS
JAN,"Janus Living, Inc.",Real Estate,Mid-Cap,1653482,NYQ
FDS,FactSet Research Systems Inc.,Financial Services,Mid-Cap,884825,NYQ
ESTC,Elastic N.V.,Technology,Mid-Cap,2259831,NYQ
TTC,Toro Company (The),Industrials,Mid-Cap,725346,NYQ
QGEN,Qiagen N.V.,Healthcare,Mid-Cap,2723511,NYQ
GGB,Gerdau S.A.,Basic Materials,Mid-Cap,12758030,NYQ
KT,KT Corporation,Communication Services,Mid-Cap,1428380,NYQ
PODD,Insulet Corporation,Healthcare,Mid-Cap,1633433,NMS
ORI,Old Republic International Corp,Financial Services,Mid-Cap,1268684,NYQ
ZION,Zions Bancorporation N.A.,Financial Services,Mid-Cap,1533139,NMS
KYMR,"Kymera Therapeutics, Inc.",Healthcare,Mid-Cap,685953,NGM
PTGX,"Protagonist Therapeutics, Inc.",Healthcare,Mid-Cap,632342,NGM
XPEV,XPeng Inc.,Consumer Cyclical,Mid-Cap,7067884,NYQ
OSCR,"Oscar Health, Inc.",Healthcare,Mid-Cap,5224111,NYQ
CYTK,"Cytokinetics, Incorporated",Healthcare,Mid-Cap,1914115,NMS
APTV,Aptiv PLC,Consumer Cyclical,Mid-Cap,4050831,NYQ
AAL,"American Airlines Group, Inc.",Industrials,Mid-Cap,81363350,NMS
SNAP,Snap Inc.,Communication Services,Mid-Cap,36318020,NYQ
PBF,PBF Energy Inc.,Energy,Mid-Cap,3342611,NYQ
JXN,Jackson Financial Inc.,Financial Services,Mid-Cap,700449,NYQ
SOLS,Solstice Advanced Materials Inc,Basic Materials,Mid-Cap,3409039,NMS
HLI,"Houlihan Lokey, Inc.",Financial Services,Mid-Cap,907833,NYQ
LTH,"Life Time Group Holdings, Inc.",Consumer Cyclical,Mid-Cap,2966377,NYQ
SSL,Sasol Ltd.,Basic Materials,Mid-Cap,1476446,NYQ
LGN,Legence Corp.,Industrials,Mid-Cap,1149282,NMS
CAI,"Caris Life Sciences, Inc.",Healthcare,Mid-Cap,4858638,NMS
AG,First Majestic Silver Corp.,Basic Materials,Mid-Cap,10072460,NYQ
LINE,"Lineage, Inc.",Real Estate,Mid-Cap,942152,NMS
CTRE,"CareTrust REIT, Inc.",Real Estate,Mid-Cap,2205744,NYQ
ESI,Element Solutions Inc.,Basic Materials,Mid-Cap,5339325,NYQ
SIRI,SiriusXM Holdings Inc.,Communication Services,Mid-Cap,4024301,NMS
TTEK,"Tetra Tech, Inc.",Industrials,Mid-Cap,2569819,NMS
AAOI,"Applied Optoelectronics, Inc.",Technology,Mid-Cap,9295801,NGM
RRC,Range Resources Corporation,Energy,Mid-Cap,2722311,NYQ
YMM,Full Truck Alliance Co. Ltd.,Technology,Mid-Cap,6563652,NYQ
NIO,NIO Inc.,Consumer Cyclical,Mid-Cap,30312679,NYQ
TGTX,"TG Therapeutics, Inc.",Healthcare,Mid-Cap,2036103,NCM
KNTK,Kinetik Holdings Inc.,Energy,Mid-Cap,1092503,NYQ
VOYA,"Voya Financial, Inc.",Financial Services,Mid-Cap,1033501,NYQ
ABVX,Abivax SA,Healthcare,Mid-Cap,1101680,NGM
SPXC,"SPX Technologies, Inc.",Industrials,Mid-Cap,535338,NYQ
REXR,"Rexford Industrial Realty, Inc.",Real Estate,Mid-Cap,2690787,NYQ
CUBE,CubeSmart,Real Estate,Mid-Cap,2318379,NYQ
BRX,Brixmor Property Group Inc.,Real Estate,Mid-Cap,2639431,NYQ
KMX,CarMax Inc,Consumer Cyclical,Mid-Cap,2565493,NYQ
PCVX,"Vaxcyte, Inc.",Healthcare,Mid-Cap,1134831,NMS
MHK,"Mohawk Industries, Inc.",Consumer Cyclical,Mid-Cap,967798,NYQ
EDU,New Oriental Education & Techno,Consumer Defensive,Mid-Cap,791931,NYQ
TIMB,TIM S.A.,Communication Services,Mid-Cap,533190,NYQ
PNR,Pentair plc.,Industrials,Mid-Cap,3386076,NYQ
MXL,"MaxLinear, Inc",Technology,Mid-Cap,3063339,NMS
ADC,Agree Realty Corporation,Real Estate,Mid-Cap,1441688,NYQ
RHP,"Ryman Hospitality Properties, I",Real Estate,Mid-Cap,687957,NYQ
BAH,Booz Allen Hamilton Holding Cor,Industrials,Mid-Cap,1903444,NYQ
EAT,"Brinker International, Inc.",Consumer Cyclical,Mid-Cap,1204031,NYQ
FR,"First Industrial Realty Trust, ",Real Estate,Mid-Cap,1043150,NYQ
AVT,"Avnet, Inc.",Technology,Mid-Cap,1214706,NMS
ARE,Alexandria Real Estate Equities,Real Estate,Mid-Cap,1887996,NYQ
ALV,"Autoliv, Inc.",Consumer Cyclical,Mid-Cap,667831,NYQ
AGCO,AGCO Corporation,Industrials,Mid-Cap,1006596,NYQ
WAL,Western Alliance Bancorporation,Financial Services,Mid-Cap,1049052,NYQ
GAP,"Gap, Inc. (The)",Consumer Cyclical,Mid-Cap,7179103,NYQ
KTOS,Kratos Defense & Security Solut,Industrials,Mid-Cap,3786584,NMS
RIOT,"Riot Platforms, Inc.",Financial Services,Mid-Cap,18488879,NCM
BVN,Buenaventura Mining Company Inc,Basic Materials,Mid-Cap,1046184,NYQ
OSK,Oshkosh Corporation (Holding Co,Industrials,Mid-Cap,711055,NYQ
TKR,Timken Company (The),Industrials,Mid-Cap,919122,NYQ
WLK,Westlake Corporation,Basic Materials,Mid-Cap,937552,NYQ
COLB,"Columbia Banking System, Inc.",Financial Services,Mid-Cap,2886787,NMS
MP,MP Materials Corp.,Basic Materials,Mid-Cap,5906344,NYQ
DY,"Dycom Industries, Inc.",Industrials,Mid-Cap,580642,NYQ
MGM,MGM Resorts International,Consumer Cyclical,Mid-Cap,3067949,NYQ
WYNN,"Wynn Resorts, Limited",Consumer Cyclical,Mid-Cap,1784561,NMS
PB,"Prosperity Bancshares, Inc.",Financial Services,Mid-Cap,1048382,NYQ
S,"SentinelOne, Inc.",Technology,Mid-Cap,7988371,NYQ
LEA,Lear Corporation,Consumer Cyclical,Mid-Cap,638831,NYQ
CBSH,"Commerce Bancshares, Inc.",Financial Services,Mid-Cap,1043857,NMS
GIL,"Gildan Activewear, Inc.",Consumer Cyclical,Mid-Cap,1437142,NYQ
AOS,A.O. Smith Corporation,Industrials,Mid-Cap,1551898,NYQ
SNEX,StoneX Group Inc.,Financial Services,Mid-Cap,976246,NMS
SM,SM Energy Company,Energy,Mid-Cap,3853755,NYQ
NNN,"NNN REIT, Inc.",Real Estate,Mid-Cap,1596273,NYQ
PCTY,Paylocity Holding Corporation,Technology,Mid-Cap,717163,NMS
HESM,Hess Midstream LP,Energy,Mid-Cap,1211314,NYQ
LNC,Lincoln National Corporation,Financial Services,Mid-Cap,1996223,NYQ
ZWS,Zurn Elkay Water Solutions Corp,Industrials,Mid-Cap,894249,NYQ
UGP,Ultrapar Participacoes S.A. (Ne,Energy,Mid-Cap,3878849,NYQ
UGI,UGI Corporation,Utilities,Mid-Cap,1909749,NYQ
GTLB,GitLab Inc.,Technology,Mid-Cap,4751333,NMS
RAL,Ralliant Corporation,Technology,Mid-Cap,1482550,NYQ
CNM,"Core & Main, Inc.",Industrials,Mid-Cap,2223042,NYQ
CAE,CAE Inc,Industrials,Mid-Cap,776638,NMS
IONS,"Ionis Pharmaceuticals, Inc.",Healthcare,Mid-Cap,3783333,NMS
ACM,AECOM,Industrials,Mid-Cap,1939495,NYQ
WULF,TeraWulf Inc.,Financial Services,Mid-Cap,32394511,NCM
HNGE,"Hinge Health, Inc.",Healthcare,Mid-Cap,1787093,NYQ
APLD,Applied Digital Corporation,Technology,Mid-Cap,17278301,NMS
LEVI,Levi Strauss & Co,Consumer Cyclical,Mid-Cap,2556242,NYQ
CBC,"Central Bancompany, Inc.",Financial Services,Mid-Cap,1022433,NMS
EMN,Eastman Chemical Company,Basic Materials,Mid-Cap,1128155,NYQ
IDA,"IDACORP, Inc.",Utilities,Mid-Cap,530963,NYQ
SYRE,"Spyre Therapeutics, Inc.",Healthcare,Mid-Cap,1142380,NMS
SFD,"Smithfield Foods, Inc.",Consumer Defensive,Mid-Cap,1677163,NMS
PCOR,"Procore Technologies, Inc.",Technology,Mid-Cap,3084333,NYQ
CHWY,"Chewy, Inc.",Consumer Cyclical,Mid-Cap,8391488,NYQ
VIST,Vista Energy S.A.B. de C.V.,Energy,Mid-Cap,1049528,NYQ
SBSW,D/B/A Sibanye-Stillwater Limite,Basic Materials,Mid-Cap,5220823,NYQ
CEF,N/A,N/A,Mid-Cap,590177,ASE
CHRD,Chord Energy Corporation,Energy,Mid-Cap,744076,NMS
NFG,National Fuel Gas Company,Energy,Mid-Cap,685598,NYQ
AVAV,"AeroVironment, Inc.",Industrials,Mid-Cap,1668206,NMS
STAG,"Stag Industrial, Inc.",Real Estate,Mid-Cap,1679747,NYQ
TRNO,Terreno Realty Corporation,Real Estate,Mid-Cap,762865,NYQ
ZETA,Zeta Global Holdings Corp.,Technology,Mid-Cap,7797274,NYQ
CWEN,"Clearway Energy, Inc.",Utilities,Mid-Cap,1161566,NYQ
ACA,"Arcosa, Inc.",Industrials,Mid-Cap,678734,NYQ
HQY,"HealthEquity, Inc.",Healthcare,Mid-Cap,833131,NMS
SARO,"StandardAero, Inc.",Industrials,Mid-Cap,3561546,NYQ
VSXY,Victorias Secret & Co.,Consumer Cyclical,Mid-Cap,1732990,NYQ
MOS,Mosaic Company (The),Basic Materials,Mid-Cap,7931176,NYQ
BTG,B2Gold Corp,Basic Materials,Mid-Cap,24536193,ASE
AMRX,"Amneal Pharmaceuticals, Inc.",Healthcare,Mid-Cap,2144155,NMS
NTSK,"Netskope, Inc.",Technology,Mid-Cap,5554728,NMS
AAON,"AAON, Inc.",Industrials,Mid-Cap,1170463,NMS
PRMB,Primo Brands Corporation,Consumer Defensive,Mid-Cap,3903073,NYQ
DBX,"Dropbox, Inc.",Technology,Mid-Cap,4203974,NMS
AXTA,Axalta Coating Systems Ltd.,Basic Materials,Mid-Cap,1717392,NYQ
VLY,Valley National Bancorp,Financial Services,Mid-Cap,6833633,NMS
CELH,"Celsius Holdings, Inc.",Consumer Defensive,Mid-Cap,9284322,NCM
KEX,Kirby Corporation,Industrials,Mid-Cap,508420,NYQ
CIFR,Cipher Digital Inc.,Technology,Mid-Cap,32785404,NMS
COMP,"Compass, Inc.",Real Estate,Mid-Cap,12891304,NYQ
SSRM,SSR Mining Inc.,Basic Materials,Mid-Cap,2755726,NMS
SOBO,South Bow Corporation,Energy,Mid-Cap,668266,NYQ
OKLO,Oklo Inc.,Utilities,Mid-Cap,9492134,NYQ
AXS,Axis Capital Holdings Limited,Financial Services,Mid-Cap,683201,NYQ
SEI,"Solaris Energy Infrastructure, ",Energy,Mid-Cap,3048544,NYQ
POWL,"Powell Industries, Inc.",Industrials,Mid-Cap,641241,NMS
NCLH,Norwegian Cruise Line Holdings ,Consumer Cyclical,Mid-Cap,16013980,NYQ
ALKS,Alkermes plc,Healthcare,Mid-Cap,1800428,NMS
IMVT,"Immunovant, Inc.",Healthcare,Mid-Cap,1236660,NMS
ALGM,"Allegro MicroSystems, Inc.",Technology,Mid-Cap,2359125,NMS
NOV,NOV Inc.,Energy,Mid-Cap,3314465,NYQ
VCTR,"Victory Capital Holdings, Inc. ",Financial Services,Mid-Cap,621926,NMS
GTES,Gates Industrial Corporation Lt,Industrials,Mid-Cap,1833338,NYQ
IOVA,"Iovance Biotherapeutics, Inc.",Healthcare,Mid-Cap,17727777,NGM
FLR,Fluor Corporation,Industrials,Mid-Cap,2430787,NYQ
VNO,Vornado Realty Trust,Real Estate,Mid-Cap,1467644,NYQ
DSGX,The Descartes Systems Group Inc,Technology,Mid-Cap,589842,NMS
GLBE,Global-E Online Ltd.,Consumer Cyclical,Mid-Cap,1466449,NMS
PDI,PIMCO Dynamic Income Fund,Financial Services,Mid-Cap,3599850,NYQ
CAG,"ConAgra Brands, Inc.",Consumer Defensive,Mid-Cap,12962552,NYQ
MAC,Macerich Company (The),Real Estate,Mid-Cap,3233074,NYQ
TAP,Molson Coors Beverage Company,Consumer Defensive,Mid-Cap,3763536,NYQ
AUGO,Aura Minerals Inc.,Basic Materials,Mid-Cap,968941,NMS
NE,Noble Corporation plc A,Energy,Mid-Cap,1333698,NYQ
HIMS,"Hims & Hers Health, Inc.",Healthcare,Mid-Cap,12248042,NYQ
BROS,Dutch Bros Inc.,Consumer Cyclical,Mid-Cap,3900704,NYQ
RYTM,"Rhythm Pharmaceuticals, Inc.",Healthcare,Mid-Cap,643034,NGM
DUOL,"Duolingo, Inc.",Technology,Mid-Cap,1175926,NMS
FIGR,"Figure Technology Solutions, In",Financial Services,Mid-Cap,4117034,NMS
PPC,Pilgrim's Pride Corporation,Consumer Defensive,Mid-Cap,1539814,NMS
PACS,"PACS Group, Inc.",Healthcare,Mid-Cap,812290,NYQ
ENS,EnerSys,Industrials,Mid-Cap,515395,NYQ
TAL,TAL Education Group,Consumer Defensive,Mid-Cap,4624133,NYQ
LNTH,"Lantheus Holdings, Inc.",Healthcare,Mid-Cap,1348352,NGM
FAF,First American Corporation (New,Financial Services,Mid-Cap,810360,NYQ
URBN,"Urban Outfitters, Inc.",Consumer Cyclical,Mid-Cap,1116511,NMS
OMF,"OneMain Holdings, Inc.",Financial Services,Mid-Cap,977509,NYQ
MBLY,Mobileye Global Inc.,Consumer Cyclical,Mid-Cap,5904196,NMS
OR,OR Royalties Inc.,Basic Materials,Mid-Cap,984358,NYQ
TXNM,"TXNM Energy, Inc.",Utilities,Mid-Cap,1248866,NYQ
MGY,Magnolia Oil & Gas Corporation,Energy,Mid-Cap,4821777,NYQ
TFPM,Triple Flag Precious Metals Cor,Basic Materials,Mid-Cap,527025,NYQ
ETSY,"Etsy, Inc.",Consumer Cyclical,Mid-Cap,3027660,NYQ
TBBB,BBB Foods Inc.,Consumer Defensive,Mid-Cap,674950,NYQ
CLF,Cleveland-Cliffs Inc.,Basic Materials,Mid-Cap,18606128,NYQ
PATH,"UiPath, Inc.",Technology,Mid-Cap,68639700,NYQ
HXL,Hexcel Corporation,Industrials,Mid-Cap,937117,NYQ
LQDA,Liquidia Corporation,Healthcare,Mid-Cap,2058177,NCM
ZG,"Zillow Group, Inc.",Communication Services,Mid-Cap,1112161,NMS
GDS,GDS Holdings Limited,Technology,Mid-Cap,1555369,NGM
UBSI,"United Bankshares, Inc.",Financial Services,Mid-Cap,974928,NMS
QBTS,D-Wave Quantum Inc.,Technology,Mid-Cap,16781261,NMS
MTDR,Matador Resources Company,Energy,Mid-Cap,1937423,NYQ
GGAL,Grupo Financiero Galicia S.A.,Financial Services,Mid-Cap,877044,NCM
NICE,NICE Ltd,Technology,Mid-Cap,560596,NMS
BZ,KANZHUN LIMITED - American Depo,Communication Services,Mid-Cap,6158842,NMS
HR,Healthcare Realty Trust Incorpo,Real Estate,Mid-Cap,3750607,NYQ
CGON,"CG Oncology, Inc.",Healthcare,Mid-Cap,888006,NMS
INGM,Ingram Micro Holding Corporatio,Technology,Mid-Cap,1509479,NYQ
BLDR,"Builders FirstSource, Inc.",Industrials,Mid-Cap,2654074,NYQ
DPC,DPC Holdings PLC,Industrials,Mid-Cap,1130465,NYQ
OGC,OceanaGold Corporation,Basic Materials,Mid-Cap,549744,NYQ
CAVA,"CAVA Group, Inc.",Consumer Cyclical,Mid-Cap,3500655,NYQ
FNB,F.N.B. Corporation,Financial Services,Mid-Cap,4799342,NYQ
TEX,Terex Corporation,Industrials,Mid-Cap,1195939,NYQ
BILI,Bilibili Inc.,Communication Services,Mid-Cap,2830333,NMS
QLYS,"Qualys, Inc.",Technology,Mid-Cap,735733,NMS
M,Macy's Inc,Consumer Cyclical,Mid-Cap,5601963,NYQ
GRAL,"GRAIL, Inc.",Healthcare,Mid-Cap,887717,NMS
INGR,Ingredion Incorporated,Consumer Defensive,Mid-Cap,647679,NYQ
NXE,Nexgen Energy Ltd.,Energy,Mid-Cap,4700442,NYQ
CVLT,"Commvault Systems, Inc.",Technology,Mid-Cap,615746,NMS
PAGP,"Plains GP Holdings, L.P.",Energy,Mid-Cap,1606196,NMS
ST,Sensata Technologies Holding pl,Technology,Mid-Cap,1475376,NYQ
RNG,"Ringcentral, Inc.",Technology,Mid-Cap,1870253,NYQ
XMTR,"Xometry, Inc.",Industrials,Mid-Cap,751376,NMS
CZR,"Caesars Entertainment, Inc.",Consumer Cyclical,Mid-Cap,3954015,NMS
CRUS,"Cirrus Logic, Inc.",Technology,Mid-Cap,800603,NMS
JOBY,"Joby Aviation, Inc.",Industrials,Mid-Cap,33636330,NYQ
CPB,The Campbell's Company,Consumer Defensive,Mid-Cap,6853271,NMS
ELF,"e.l.f. Beauty, Inc.",Consumer Defensive,Mid-Cap,2026833,NYQ
TTAN,"ServiceTitan, Inc.",Technology,Mid-Cap,2295398,NMS
ECG,"Everus Construction Group, Inc.",Industrials,Mid-Cap,521363,NYQ
DOX,Amdocs Limited,Technology,Mid-Cap,1148266,NMS
SFM,"Sprouts Farmers Market, Inc.",Consumer Defensive,Mid-Cap,1955603,NMS
SWX,"Southwest Gas Holdings, Inc.",Utilities,Mid-Cap,558736,NYQ
PL,Planet Labs PBC,Industrials,Mid-Cap,8677052,NYQ
VIPS,Vipshop Holdings Limited,Consumer Cyclical,Mid-Cap,2576777,NYQ
POOL,Pool Corporation,Industrials,Mid-Cap,778763,NMS
LW,"Lamb Weston Holdings, Inc.",Consumer Defensive,Mid-Cap,1610771,NYQ
KNSA,Kiniksa Pharmaceuticals Interna,Healthcare,Mid-Cap,605893,NMS
WEX,WEX Inc.,Technology,Mid-Cap,650863,NYQ
ENIC,Enel Chile S.A.,Utilities,Mid-Cap,623436,NYQ
LOAR,Loar Holdings Inc.,Industrials,Mid-Cap,665082,NYQ
TTD,"The Trade Desk, Inc.",Communication Services,Mid-Cap,23157252,NGM
XE,"X-Energy, Inc.",Industrials,Mid-Cap,5988988,NMS
CIG,Comp En De Mn Cemig,Utilities,Mid-Cap,4962952,NYQ
SGHC,Super Group (SGHC) Limited,Consumer Cyclical,Mid-Cap,2540726,NYQ
CROX,"Crocs, Inc.",Consumer Cyclical,Mid-Cap,1044971,NMS
LKQ,LKQ Corporation,Consumer Cyclical,Mid-Cap,3242874,NMS
RIG,Transocean Ltd (Switzerland),Energy,Mid-Cap,42355277,NYQ
HLNE,Hamilton Lane Incorporated,Financial Services,Mid-Cap,669174,NMS
SRRK,Scholar Rock Holding Corporatio,Healthcare,Mid-Cap,1434174,NMS
WFRD,Weatherford International plc,Energy,Mid-Cap,1129480,NMS
MKTX,"MarketAxess Holdings, Inc.",Financial Services,Mid-Cap,1058873,NMS
HWC,Hancock Whitney Corporation,Financial Services,Mid-Cap,823263,NMS
MTG,MGIC Investment Corporation,Financial Services,Mid-Cap,1955715,NYQ
JBTM,JBT Marel Corporation,Industrials,Mid-Cap,569273,NYQ
BXSL,Blackstone Secured Lending Fund,Financial Services,Mid-Cap,1508615,NYQ
LYFT,"Lyft, Inc.",Technology,Mid-Cap,10695800,NMS
KOD,Kodiak Sciences Inc,Healthcare,Mid-Cap,1481184,NGM
LUMN,"Lumen Technologies, Inc.",Communication Services,Mid-Cap,12646447,NYQ
GBCI,"Glacier Bancorp, Inc.",Financial Services,Mid-Cap,1068711,NYQ
MIRM,"Mirum Pharmaceuticals, Inc.",Healthcare,Mid-Cap,677369,NGM
HOMB,"Home BancShares, Inc.",Financial Services,Mid-Cap,1601230,NYQ
EPRT,Essential Properties Realty Tru,Real Estate,Mid-Cap,1843088,NYQ
VFC,V.F. Corporation,Consumer Cyclical,Mid-Cap,7432907,NYQ
BLLN,"BillionToOne, Inc.",Healthcare,Mid-Cap,697644,NMS
ANF,Abercrombie & Fitch Company,Consumer Cyclical,Mid-Cap,1506955,NYQ
ESNT,Essent Group Ltd.,Financial Services,Mid-Cap,656607,NYQ
MBGL,Mobility Global Inc.,Technology,Mid-Cap,5369795,NYQ
YOU,"Clear Secure, Inc.",Technology,Mid-Cap,1731846,NYQ
ACI,"Albertsons Companies, Inc.",Consumer Defensive,Mid-Cap,8279849,NYQ
TVTX,"Travere Therapeutics, Inc.",Healthcare,Mid-Cap,1510571,NGM
ORA,"Ormat Technologies, Inc.",Utilities,Mid-Cap,854134,NYQ
MMED,"MiniMed Group, Inc.",Healthcare,Mid-Cap,1844636,NMS
STEP,StepStone Group Inc.,Financial Services,Mid-Cap,1210223,NMS
RYN,Rayonier Inc. REIT,Real Estate,Mid-Cap,3107433,NYQ
SNDR,"Schneider National, Inc.",Industrials,Mid-Cap,765673,NYQ
EPAM,"EPAM Systems, Inc.",Technology,Mid-Cap,1414242,NYQ
RDNT,"RadNet, Inc.",Healthcare,Mid-Cap,735314,NGM
COGT,"Cogent Biosciences, Inc.",Healthcare,Mid-Cap,1973974,NMS
CMBT,CMB.TECH NV,Energy,Mid-Cap,989817,NYQ
BIRK,Birkenstock Holding plc,Consumer Cyclical,Mid-Cap,2282214,NYQ
VAL,Valaris Limited,Energy,Mid-Cap,1089066,NYQ
INSW,"International Seaways, Inc.",Energy,Mid-Cap,603034,NYQ
AUB,Atlantic Union Bankshares Corpo,Financial Services,Mid-Cap,1106103,NYQ
STWD,"STARWOOD PROPERTY TRUST, INC. S",Real Estate,Mid-Cap,4373069,NYQ
BLSH,Bullish,Technology,Mid-Cap,1500549,NYQ
CRSP,CRISPR Therapeutics AG,Healthcare,Mid-Cap,1584319,NGM
ASB,Associated Banc-Corp,Financial Services,Mid-Cap,1917058,NYQ
ORKA,"Oruka Therapeutics, Inc.",Healthcare,Mid-Cap,926977,NGM
G,Genpact Limited,Technology,Mid-Cap,2209868,NYQ
PTCT,"PTC Therapeutics, Inc.",Healthcare,Mid-Cap,1197409,NMS
DLB,Dolby Laboratories,Industrials,Mid-Cap,956520,NYQ
WH,"Wyndham Hotels & Resorts, Inc.",Consumer Cyclical,Mid-Cap,1270166,NYQ
BETA,"Beta Technologies, Inc.",Industrials,Mid-Cap,2423728,NYQ
RUSHA,"Rush Enterprises, Inc.",Consumer Cyclical,Mid-Cap,667957,NMS
OTEX,Open Text Corporation,Technology,Mid-Cap,1474026,NMS
BGC,"BGC Group, Inc.",Financial Services,Mid-Cap,3098588,NMS
PEGA,Pegasystems Inc.,Technology,Mid-Cap,2614753,NMS
OBDC,Blue Owl Capital Corporation,Financial Services,Mid-Cap,3639182,NYQ
NAVN,"Navan, Inc.",Technology,Mid-Cap,3648050,NMS
CHDN,"Churchill Downs, Incorporated",Consumer Cyclical,Mid-Cap,1032400,NMS
VRNS,"Varonis Systems, Inc.",Technology,Mid-Cap,1823869,NMS
BKH,Black Hills Corporation,Utilities,Mid-Cap,857398,NYQ
RGTI,"Rigetti Computing, Inc.",Technology,Mid-Cap,18715320,NCM
CORZ,"Core Scientific, Inc.",Technology,Mid-Cap,11880615,NMS
PECO,"Phillips Edison & Company, Inc.",Real Estate,Mid-Cap,911733,NMS
CAKE,The Cheesecake Factory Incorpor,Consumer Cyclical,Mid-Cap,1647449,NMS
SHC,Sotera Health Company,Healthcare,Mid-Cap,2561080,NMS
LAUR,"Laureate Education, Inc.",Consumer Defensive,Mid-Cap,1010750,NMS
TFX,Teleflex Incorporated,Healthcare,Mid-Cap,639376,NYQ
AROC,"Archrock, Inc.",Energy,Mid-Cap,1748884,NYQ
USAR,"USA Rare Earth, Inc.",Basic Materials,Mid-Cap,12221587,NGM
ROAD,"Construction Partners, Inc.",Industrials,Mid-Cap,866796,NMS
ACMR,"ACM Research, Inc.",Technology,Mid-Cap,1041922,NGM
MAIN,Main Street Capital Corporation,Financial Services,Mid-Cap,545014,NYQ
EXLS,"ExlService Holdings, Inc.",Technology,Mid-Cap,2220990,NMS
POR,Portland General Electric Co,Utilities,Mid-Cap,1184469,NYQ
BEPC,Brookfield Renewable Corporatio,Utilities,Mid-Cap,1777968,NYQ
AXTI,AXT Inc,Technology,Mid-Cap,9995953,NMS
RLI,RLI Corp.,Financial Services,Mid-Cap,740711,NYQ
KGS,"Kodiak Gas Services, Inc.",Energy,Mid-Cap,1777955,NYQ
MMSI,"Merit Medical Systems, Inc.",Healthcare,Mid-Cap,803990,NMS
HAFN,Hafnia Limited,Industrials,Mid-Cap,1814501,NYQ
NIQ,NIQ Global Intelligence plc,N/A,Mid-Cap,1510196,NYQ
DFTX,"Definium Therapeutics, Inc.",Healthcare,Mid-Cap,2152793,NMS
NJR,NewJersey Resources Corporation,Utilities,Mid-Cap,648685,NYQ
MUR,Murphy Oil Corporation,Energy,Mid-Cap,1661006,NYQ
OLLI,Ollie's Bargain Outlet Holdings,Consumer Defensive,Mid-Cap,1852957,NGM
CVI,CVR Energy Inc.,Energy,Mid-Cap,1041298,NYQ
GVA,Granite Construction Incorporat,Industrials,Mid-Cap,741684,NYQ
GXO,"GXO Logistics, Inc.",Industrials,Mid-Cap,1427677,NYQ
BB,BlackBerry Limited,Technology,Mid-Cap,15677209,NYQ
IRDM,Iridium Communications Inc,Communication Services,Mid-Cap,1250725,NMS
CWST,"Casella Waste Systems, Inc.",Industrials,Mid-Cap,561304,NMS
CRGY,Crescent Energy Company,Energy,Mid-Cap,5971612,NYQ
RITM,Rithm Capital Corp.,Real Estate,Mid-Cap,5720269,NYQ
KRG,Kite Realty Group Trust,Real Estate,Mid-Cap,2414882,NYQ
OZK,Bank OZK,Financial Services,Mid-Cap,1143557,NMS
SBRA,"Sabra Health Care REIT, Inc.",Real Estate,Mid-Cap,2612947,NMS
RRR,"Red Rock Resorts, Inc.",Consumer Cyclical,Mid-Cap,869514,NMS
ERAS,"Erasca, Inc.",Healthcare,Mid-Cap,4263758,NMS
OCTV,Octave Intelligence plc,Technology,Mid-Cap,2130912,NMS
FTDR,"frontdoor, inc.",Consumer Cyclical,Mid-Cap,547119,NMS
FND,"Floor & Decor Holdings, Inc.",Consumer Cyclical,Mid-Cap,2439457,NYQ
MRCY,Mercury Systems Inc,Industrials,Mid-Cap,696726,NMS
VSH,"Vishay Intertechnology, Inc.",Technology,Mid-Cap,4444142,NYQ
GRFS,"Grifols, S.A.",Healthcare,Mid-Cap,608223,NMS
HRB,"H&R Block, Inc.",Consumer Cyclical,Mid-Cap,2138092,NYQ
MTN,"Vail Resorts, Inc.",Consumer Cyclical,Mid-Cap,765730,NYQ
GLNG,Golar LNG Limited,Energy,Mid-Cap,1292522,NMS
FLG,"Flagstar Bank, N.A.",Financial Services,Mid-Cap,4433336,NYQ
ACIW,"ACI Worldwide, Inc.",Technology,Mid-Cap,936814,NMS
CE,Celanese Corporation,Basic Materials,Mid-Cap,1828804,NYQ
KLIC,"Kulicke and Soffa Industries, I",Technology,Mid-Cap,863623,NMS
OUT,OUTFRONT Media Inc.,Real Estate,Mid-Cap,1661046,NYQ
BYD,Boyd Gaming Corporation,Consumer Cyclical,Mid-Cap,969085,NYQ
CNO,"CNO Financial Group, Inc.",Financial Services,Mid-Cap,863888,NYQ
MWH,"SOLV Energy, Inc.",Utilities,Mid-Cap,1813007,NMS
MANE,"Veradermics, Incorporated",Healthcare,Mid-Cap,721949,NYQ
SON,Sonoco Products Company,Consumer Cyclical,Mid-Cap,1114198,NYQ
MDA,MDA Space Ltd.,Industrials,Mid-Cap,1513998,NYQ
RSI,"Rush Street Interactive, Inc.",Consumer Cyclical,Mid-Cap,2904568,NYQ
SPHR,Sphere Entertainment Co.,Communication Services,Mid-Cap,658066,NYQ
GTX,Garrett Motion Inc.,Consumer Cyclical,Mid-Cap,2461907,NMS
IEP,Icahn Enterprises L.P. - Deposi,Energy,Mid-Cap,987665,NMS
DNTH,"Dianthus Therapeutics, Inc.",Healthcare,Mid-Cap,821123,NCM
WAY,Waystar Holding Corp.,Healthcare,Mid-Cap,2462896,NMS
ABCL,AbCellera Biologics Inc.,Healthcare,Mid-Cap,6793966,NMS
MIDD,The Middleby Corporation,Industrials,Mid-Cap,602333,NMS
CHH,"Choice Hotels International, In",Consumer Cyclical,Mid-Cap,553623,NYQ
EBC,"Eastern Bankshares, Inc.",Financial Services,Mid-Cap,2390988,NMS
HAE,Haemonetics Corporation,Healthcare,Mid-Cap,682346,NYQ
DOCS,"Doximity, Inc.",Healthcare,Mid-Cap,4442607,NYQ
MARA,"MARA Holdings, Inc.",Financial Services,Mid-Cap,47219876,NCM
KLAR,Klarna Group plc,Financial Services,Mid-Cap,5758261,NYQ
SKY,"Champion Homes, Inc.",Consumer Cyclical,Mid-Cap,607839,NYQ
CLMT,"Calumet, Inc",Basic Materials,Mid-Cap,1319866,NMS
OTF,Blue Owl Technology Finance Cor,Financial Services,Mid-Cap,2443671,NYQ
PIPR,Piper Sandler Companies,Financial Services,Mid-Cap,649557,NYQ
VIRT,"Virtu Financial, Inc.",Financial Services,Mid-Cap,1276452,NYQ
HCC,"Warrior Met Coal, Inc.",Basic Materials,Mid-Cap,641282,NYQ
GNTX,Gentex Corporation,Consumer Cyclical,Mid-Cap,2395123,NMS
REYN,Reynolds Consumer Products Inc.,Consumer Cyclical,Mid-Cap,1363085,NMS
MEOH,Methanex Corporation,Basic Materials,Mid-Cap,878473,NMS
CNX,CNX Resources Corporation,Energy,Mid-Cap,1703180,NYQ
ADPT,Adaptive Biotechnologies Corpor,Healthcare,Mid-Cap,2415730,NMS
LPX,Louisiana-Pacific Corporation,Industrials,Mid-Cap,1157163,NYQ
UEC,Uranium Energy Corp.,Energy,Mid-Cap,8498223,ASE
CUZ,Cousins Properties Incorporated,Real Estate,Mid-Cap,1502114,NYQ
HASI,HA Sustainable Infrastructure C,Financial Services,Mid-Cap,994646,NYQ
ATAT,Atour Lifestyle Holdings Limite,Consumer Cyclical,Mid-Cap,920457,NMS
TFSL,TFS Financial Corporation,Financial Services,Mid-Cap,831815,NMS
CHEF,"The Chefs' Warehouse, Inc.",Consumer Defensive,Mid-Cap,657801,NMS
KVYO,"Klaviyo, Inc. Series A",Technology,Mid-Cap,5990022,NYQ
FBIN,"Fortune Brands Innovations, Inc",Industrials,Mid-Cap,2346042,NYQ
FFIN,"First Financial Bankshares, Inc",Financial Services,Mid-Cap,745888,NMS
EQPT,EquipmentShare.com Inc,Industrials,Mid-Cap,3182574,NMS
CRC,California Resources Corporatio,Energy,Mid-Cap,835649,NYQ
OGS,"ONE Gas, Inc.",Utilities,Mid-Cap,540865,NYQ
RELY,"Remitly Global, Inc.",Technology,Mid-Cap,3443630,NMS
VSNT,"Versant Media Group, Inc.",Communication Services,Mid-Cap,1716122,NMS
CON,Concentra Group Holdings Parent,Healthcare,Mid-Cap,907068,NYQ
LFST,"LifeStance Health Group, Inc.",Healthcare,Mid-Cap,4406015,NMS
DIOD,Diodes Incorporated,Technology,Mid-Cap,561434,NMS
ADT,ADT Inc.,Industrials,Mid-Cap,7735958,NYQ
ALK,"Alaska Air Group, Inc.",Industrials,Mid-Cap,2778714,NYQ
PRM,"Perimeter Solutions, SA",Basic Materials,Mid-Cap,1395846,NYQ
TREX,"Trex Company, Inc.",Industrials,Mid-Cap,1839133,NYQ
BOX,"Box, Inc.",Technology,Mid-Cap,2915607,NYQ
CNK,Cinemark Holdings Inc Cinemark ,Communication Services,Mid-Cap,2442139,NYQ
TKC,Turkcell Iletisim Hizmetleri AS,Communication Services,Mid-Cap,2354153,NYQ
TPC,Tutor Perini Corporation,Industrials,Mid-Cap,659874,NYQ
WHD,"Cactus, Inc. Class A Common Sto",Energy,Mid-Cap,784877,NYQ
HHH,Howard Hughes Holdings Inc.,Real Estate,Mid-Cap,553509,NYQ
PSN,Parsons Corporation,Technology,Mid-Cap,1373877,NYQ
MRP,"Millrose Properties, Inc.",Real Estate,Mid-Cap,1387304,NYQ
SFBS,"ServisFirst Bancshares, Inc.",Financial Services,Mid-Cap,567739,NYQ
MMYT,MakeMyTrip Limited,Consumer Cyclical,Mid-Cap,754804,NMS
AMTM,"Amentum Holdings, Inc.",Industrials,Mid-Cap,2013273,NYQ
OII,"Oceaneering International, Inc.",Energy,Mid-Cap,988306,NYQ
ONDS,Ondas Inc,Technology,Mid-Cap,80651658,NCM
EPR,EPR Properties,Real Estate,Mid-Cap,777073,NYQ
BIPC,Brookfield Infrastructure Corpo,Utilities,Mid-Cap,1071749,NYQ
ALH,Alliance Laundry Holdings Inc.,Consumer Cyclical,Mid-Cap,1162047,NYQ
KRMN,Karman Holdings Inc.,Industrials,Mid-Cap,3467025,NYQ
KBR,"KBR, Inc.",Industrials,Mid-Cap,1475963,NYQ
FULT,Fulton Financial Corporation,Financial Services,Mid-Cap,1711547,NMS
HTFL,"Heartflow, Inc.",Healthcare,Mid-Cap,1754763,NMS
CGAU,Centerra Gold Inc.,Basic Materials,Mid-Cap,1458709,NYQ
ITGR,Integer Holdings Corporation,Healthcare,Mid-Cap,996625,NYQ
INDV,"Indivior Pharmaceuticals, Inc.",Healthcare,Mid-Cap,2049315,NMS
CNR,"Core Natural Resources, Inc.",Energy,Mid-Cap,523814,NYQ
RDN,Radian Group Inc.,Financial Services,Mid-Cap,1270325,NYQ
SLM,SLM Corporation,Financial Services,Mid-Cap,2358158,NMS
ARX,Accelerant Holdings,Financial Services,Mid-Cap,3705934,NYQ
FHI,"Federated Hermes, Inc.",Financial Services,Mid-Cap,604019,NYQ
XXI,"Twenty One Capital, Inc.",Consumer Defensive,Mid-Cap,1920041,NYQ
MC,Moelis & Company,Financial Services,Mid-Cap,849834,NYQ
HRI,Herc Holdings Inc.,Industrials,Mid-Cap,618820,NYQ
EWTX,"Edgewise Therapeutics, Inc.",Healthcare,Mid-Cap,1338660,NMS
ESAB,ESAB Corporation,Industrials,Mid-Cap,791466,NYQ
BC,Brunswick Corporation,Consumer Cyclical,Mid-Cap,726741,NYQ
LIVN,LivaNova PLC,Healthcare,Mid-Cap,650066,NMS
DK,"Delek US Holdings, Inc.",Energy,Mid-Cap,1870498,NYQ
OPLN,"OPENLANE, Inc.",Consumer Cyclical,Mid-Cap,1170938,NYQ
VNT,Vontier Corporation,Technology,Mid-Cap,1441911,NYQ
COLD,"Americold Realty Trust, Inc.",Real Estate,Mid-Cap,3745800,NYQ
STNG,Scorpio Tankers Inc.,Energy,Mid-Cap,856469,NYQ
MTH,Meritage Homes Corporation,Consumer Cyclical,Mid-Cap,815923,NYQ
SKT,Tanger Inc.,Real Estate,Mid-Cap,891058,NYQ
CECO,CECO Environmental Corp.,Industrials,Mid-Cap,809538,NMS
ENPH,"Enphase Energy, Inc.",Technology,Mid-Cap,4455576,NGM
PRIM,Primoris Services Corporation,Industrials,Mid-Cap,1272561,NYQ
TNGX,"Tango Therapeutics, Inc.",Healthcare,Mid-Cap,2559747,NGM
TDW,Tidewater Inc.,Energy,Mid-Cap,630350,NYQ
DLO,DLocal Limited,Technology,Mid-Cap,2041604,NMS
GEO,Geo Group Inc (The) REIT,Industrials,Mid-Cap,2059079,NYQ
UCB,"United Community Banks, Inc.",Financial Services,Mid-Cap,845546,NYQ
FRVO,Fervo Energy Company,Utilities,Mid-Cap,5249046,NMS
PTEN,"Patterson-UTI Energy, Inc.",Energy,Mid-Cap,8459393,NMS
FBP,First BanCorp. New,Financial Services,Mid-Cap,1362807,NYQ
JMKE,Jersey Mike's Subs Inc.,Consumer Cyclical,Mid-Cap,4125335,NYQ
BNL,"Broadstone Net Lease, Inc.",Real Estate,Mid-Cap,2041600,NYQ
RLAY,"Relay Therapeutics, Inc.",Healthcare,Mid-Cap,2838139,NGM
SIG,Signet Jewelers Limited,Consumer Cyclical,Mid-Cap,823895,NYQ
TDS,"Telephone and Data Systems, Inc",Communication Services,Mid-Cap,1271295,NYQ
PBLS,"Parabilis Medicines, Inc.",Healthcare,Mid-Cap,650636,NMS
KRC,Kilroy Realty Corporation,Real Estate,Mid-Cap,1273893,NYQ
SYNA,Synaptics Incorporated,Technology,Mid-Cap,707769,NMS
CDP,COPT Defense Properties,Real Estate,Mid-Cap,873682,NYQ
FSLY,"Fastly, Inc.",Technology,Mid-Cap,6448898,NMS
VKTX,"Viking Therapeutics, Inc.",Healthcare,Mid-Cap,3845350,NCM
ACHR,Archer Aviation Inc.,Industrials,Mid-Cap,31597017,NYQ
TNL,Travel   Leisure Co.,Consumer Cyclical,Mid-Cap,738604,NYQ
SITE,"SiteOne Landscape Supply, Inc.",Industrials,Mid-Cap,881076,NYQ
AYA,Aya Gold & Silver Inc.,Basic Materials,Mid-Cap,993084,NMS
PARR,"Par Pacific Holdings, Inc. Comm",Energy,Mid-Cap,999549,NYQ
MDU,"MDU Resources Group, Inc.",Utilities,Mid-Cap,1651971,NYQ
RUM,RUM Group Inc.,Communication Services,Mid-Cap,4145365,NGM
CVBF,CVB Financial Corporation,Financial Services,Mid-Cap,1326387,NMS
AQN,Algonquin Power & Utilities Cor,Utilities,Mid-Cap,4126266,NYQ
CCC,CCC Intelligent Solutions Holdi,Technology,Mid-Cap,10704246,NMS
BFH,"Bread Financial Holdings, Inc.",Financial Services,Mid-Cap,569858,NYQ
FLY,Firefly Aerospace Inc.,Industrials,Mid-Cap,3118979,NGM
ERO,Ero Copper Corp.,Basic Materials,Mid-Cap,1317703,NYQ
APLE,"Apple Hospitality REIT, Inc.",Real Estate,Mid-Cap,2720163,NYQ
BULL,Webull Corporation,Technology,Mid-Cap,12951433,NCM
ITRI,"Itron, Inc.",Technology,Mid-Cap,738363,NMS
TENB,"Tenable Holdings, Inc.",Technology,Mid-Cap,4158531,NMS
CELC,Celcuity Inc.,Healthcare,Mid-Cap,1170769,NCM
NP,Neptune Insurance Holdings Inc.,Financial Services,Mid-Cap,583355,NYQ
MAT,"Mattel, Inc.",Consumer Cyclical,Mid-Cap,4911468,NMS
VVV,Valvoline Inc.,Consumer Cyclical,Mid-Cap,2346323,NYQ
ALM,Almonty Industries Inc.,Basic Materials,Mid-Cap,6669819,NCM
SKE,Skeena Resources Limited,Basic Materials,Mid-Cap,546236,NYQ
PAY,"Paymentus Holdings, Inc.",Technology,Mid-Cap,1169487,NYQ
SLG,SL Green Realty Corp,Real Estate,Mid-Cap,924893,NYQ
AVNT,Avient Corporation,Basic Materials,Mid-Cap,786312,NYQ
RHI,Robert Half Inc.,Industrials,Mid-Cap,2129131,NYQ
AMLX,"Amylyx Pharmaceuticals, Inc.",Healthcare,Mid-Cap,2340023,NMS
TAC,TransAlta Corporation,Utilities,Mid-Cap,1764096,NYQ
VCYT,"Veracyte, Inc.",Healthcare,Mid-Cap,1339719,NGM
NVST,Envista Holdings Corporation,Healthcare,Mid-Cap,2833966,NYQ
SLGN,Silgan Holdings Inc.,Consumer Cyclical,Mid-Cap,1299006,NYQ
DNP,"DNP Select Income Fund, Inc.",Financial Services,Mid-Cap,719765,NYQ
TRMD,TORM plc,Energy,Mid-Cap,1045984,NMS
BOOT,"Boot Barn Holdings, Inc.",Consumer Cyclical,Mid-Cap,679571,NYQ
LEGN,Legend Biotech Corporation,Healthcare,Mid-Cap,2339882,NMS
ARIS,Aris Mining Corporation,Basic Materials,Mid-Cap,1552171,NYQ
MGNI,"Magnite, Inc.",Communication Services,Mid-Cap,2503655,NMS
IRTC,"iRhythm Holdings, Inc.",Healthcare,Mid-Cap,582036,NMS
UCTT,"Ultra Clean Holdings, Inc.",Technology,Mid-Cap,1151828,NMS
IOND,Ionic Digital Inc.,Financial Services,Mid-Cap,851170,NMS
IDYA,"IDEAYA Biosciences, Inc.",Healthcare,Mid-Cap,832425,NMS
CRK,"Comstock Resources, Inc.",Energy,Mid-Cap,2523352,NYQ
SEZL,Sezzle Inc.,Financial Services,Mid-Cap,622852,NCM
WT,"WisdomTree, Inc.",Financial Services,Mid-Cap,2660163,NYQ
HP,"Helmerich & Payne, Inc.",Energy,Mid-Cap,1223149,NYQ
THO,"Thor Industries, Inc.",Consumer Cyclical,Mid-Cap,683477,NYQ
DHT,"DHT Holdings, Inc.",Energy,Mid-Cap,3425611,NYQ
WSBC,"WesBanco, Inc.",Financial Services,Mid-Cap,954430,NMS
XENE,Xenon Pharmaceuticals Inc.,Healthcare,Mid-Cap,1443084,NGM
OGN,Organon & Co.,Healthcare,Mid-Cap,2722417,NYQ
ATMU,Atmus Filtration Technologies I,Consumer Cyclical,Mid-Cap,679576,NYQ
RNST,Renasant Corporation,Financial Services,Mid-Cap,646468,NYQ
LXP,LXP Industrial Trust,Real Estate,Mid-Cap,803638,NYQ
TARS,"Tarsus Pharmaceuticals, Inc.",Healthcare,Mid-Cap,930046,NMS
WK,Workiva Inc.,Technology,Mid-Cap,862774,NYQ
CENX,Century Aluminum Company,Basic Materials,Mid-Cap,1891193,NMS
IRT,"Independence Realty Trust, Inc.",Real Estate,Mid-Cap,3084558,NYQ
MIR,"Mirion Technologies, Inc.",Industrials,Mid-Cap,3860550,NYQ
BILL,"BILL Holdings, Inc.",Technology,Mid-Cap,2185477,NYQ
KTB,"Kontoor Brands, Inc.",Consumer Cyclical,Mid-Cap,735834,NYQ
PVH,PVH Corp.,Consumer Cyclical,Mid-Cap,943111,NYQ
OLED,Universal Display Corporation,Technology,Mid-Cap,746893,NMS
ACAD,ACADIA Pharmaceuticals Inc.,Healthcare,Mid-Cap,1796111,NMS
LAZ,"Lazard, Inc.",Financial Services,Mid-Cap,1684234,NYQ
WBI,WaterBridge Infrastructure LLC,Energy,Mid-Cap,651376,NYQ
CLSK,"CleanSpark, Inc.",Financial Services,Mid-Cap,20325503,NCM
GNW,Genworth Financial Inc,Financial Services,Mid-Cap,3386188,NYQ
LMND,"Lemonade, Inc.",Financial Services,Mid-Cap,1263065,NYQ
SRAD,Sportradar Group AG,Technology,Mid-Cap,2412977,NMS
ZIM,ZIM Integrated Shipping Service,Industrials,Mid-Cap,1630993,NYQ
FIBK,"First Interstate BancSystem, In",Financial Services,Mid-Cap,1144876,NMS
QTWO,"Q2 Holdings, Inc.",Technology,Mid-Cap,745012,NYQ
ELVN,"Enliven Therapeutics, Inc.",Healthcare,Mid-Cap,1107203,NMS
OPCH,"Option Care Health, Inc.",Healthcare,Mid-Cap,2198260,NMS
ZGN,Ermenegildo Zegna N.V.,Consumer Cyclical,Mid-Cap,1119377,NYQ
SBLK,Star Bulk Carriers Corp.,Industrials,Mid-Cap,1577047,NMS
GPGI,"GPGI, Inc.",Industrials,Mid-Cap,1514025,NYQ
RXO,"RXO, Inc.",Industrials,Mid-Cap,1779933,NYQ
WRBY,Warby Parker Inc.,Healthcare,Mid-Cap,2831111,NYQ
ARQT,"Arcutis Biotherapeutics, Inc.",Healthcare,Mid-Cap,2204223,NMS
PTRN,Pattern Group Inc. - Series A,Consumer Cyclical,Mid-Cap,1759925,NMS
HNI,HNI Corporation,Consumer Cyclical,Mid-Cap,563580,NYQ
NATL,NCR Atleos Corporation,Technology,Mid-Cap,675119,NYQ
EROC,"ERock, Inc.",Industrials,Mid-Cap,2379226,NYQ
FSM,Fortuna Mining Corp.,Basic Materials,Mid-Cap,5362212,NYQ
MIAX,"Miami International Holdings, I",Financial Services,Mid-Cap,1412909,NYQ
MWA,MUELLER WATER PRODUCTS,Industrials,Mid-Cap,1200342,NYQ
CSTM,Constellium SE,Basic Materials,Mid-Cap,1566115,NYQ
DNLI,Denali Therapeutics Inc.,Healthcare,Mid-Cap,1566123,NMS
FFBC,First Financial Bancorp.,Financial Services,Mid-Cap,933822,NMS
PFSI,"PennyMac Financial Services, In",Financial Services,Mid-Cap,576855,NYQ
POST,"Post Holdings, Inc.",Consumer Defensive,Mid-Cap,958828,NYQ
SHOO,"Steven Madden, Ltd.",Consumer Cyclical,Mid-Cap,1032909,NMS
LIF,"Life360, Inc.",Technology,Mid-Cap,723804,NMS
LION,Lionsgate Studios Corp,N/A,Mid-Cap,2673555,NYQ
MCHB,Mechanics Bancorp,Financial Services,Mid-Cap,572041,NMS
CDNA,"CareDx, Inc.",Healthcare,Mid-Cap,1231752,NGM
COCO,"The Vita Coco Company, Inc.",Consumer Defensive,Mid-Cap,1186057,NMS
GBDC,"Golub Capital BDC, Inc.",Financial Services,Mid-Cap,1193514,NMS
SFNC,Simmons First National Corporat,Financial Services,Mid-Cap,1369738,NMS
FRSH,Freshworks Inc.,Technology,Mid-Cap,8934126,NMS
AEHR,Aehr Test Systems,Technology,Mid-Cap,2819773,NCM
HIW,"Highwoods Properties, Inc.",Real Estate,Mid-Cap,1256458,NYQ
RCUS,"Arcus Biosciences, Inc.",Healthcare,Mid-Cap,1311473,NYQ
SMR,NuScale Power Corporation,Industrials,Mid-Cap,33437958,NYQ
TGB,Trekor Metals Limited,Basic Materials,Mid-Cap,5737784,ASE
BBWI,"Bath & Body Works, Inc.",Consumer Cyclical,Mid-Cap,6007455,NYQ
CURB,Curbline Properties Corp.,Real Estate,Mid-Cap,1416107,NYQ
CXW,"CoreCivic, Inc.",Industrials,Mid-Cap,1665979,NYQ
ATKR,Atkore Inc.,Industrials,Mid-Cap,867087,NYQ
VGNT,Versigent PLC,Consumer Cyclical,Mid-Cap,861809,NYQ
LIFE,Ethos Technologies Inc.,Financial Services,Mid-Cap,1365211,NMS
CALM,"Cal-Maine Foods, Inc.",Consumer Defensive,Mid-Cap,1020068,NMS
HTGC,"Hercules Capital, Inc.",Financial Services,Mid-Cap,1508079,NYQ
KN,Knowles Corporation,Technology,Mid-Cap,823317,NYQ
LBTYA,Liberty Global Ltd.,Communication Services,Mid-Cap,2492419,NMS
MNDY,monday.com Ltd.,Technology,Mid-Cap,1388960,NMS
INFQ,"Infleqtion, Inc.",Technology,Mid-Cap,9022138,NYQ
VECO,Veeco Instruments Inc.,Technology,Mid-Cap,772896,NMS
PK,Park Hotels & Resorts Inc.,Real Estate,Mid-Cap,3800231,NYQ
SBCF,Seacoast Banking Corporation of,Financial Services,Mid-Cap,906049,NMS
ECO,Okeanis Eco Tankers Corp.,Industrials,Mid-Cap,600163,NYQ
COHU,"Cohu, Inc.",Technology,Mid-Cap,1037126,NMS
LRN,"Stride, Inc.",Consumer Defensive,Mid-Cap,839487,NYQ
WSC,WillScot Holdings Corporation,Industrials,Mid-Cap,2687552,NCM
NVTS,Navitas Semiconductor Corporati,Technology,Mid-Cap,13943704,NGM
BFAM,Bright Horizons Family Solution,Consumer Cyclical,Mid-Cap,840163,NYQ
BTE,Baytex Energy Corp,Energy,Mid-Cap,16697420,NYQ
ASH,Ashland Inc.,Basic Materials,Mid-Cap,676698,NYQ
YETI,"YETI Holdings, Inc.",Consumer Cyclical,Mid-Cap,1603520,NYQ
SA,"Seabridge Gold, Inc.",Basic Materials,Mid-Cap,629438,NYQ
PLNT,"Planet Fitness, Inc.",Consumer Cyclical,Mid-Cap,2186788,NYQ
BWIN,"The Baldwin Insurance Group, In",Financial Services,Mid-Cap,2464990,NMS
FSK,FS KKR Capital Corp.,Financial Services,Mid-Cap,2088031,NYQ
EXPO,"Exponent, Inc.",Industrials,Mid-Cap,505033,NMS
IMAX,Imax Corporation,Communication Services,Mid-Cap,1266398,NYQ
NMRK,"Newmark Group, Inc.",Real Estate,Mid-Cap,1609655,NMS
BKU,"BankUnited, Inc.",Financial Services,Mid-Cap,881606,NYQ
NMIH,NMI Holdings Inc,Financial Services,Mid-Cap,541738,NGM
FA,First Advantage Corporation,Industrials,Mid-Cap,2005371,NMS
AMBA,"Ambarella, Inc.",Technology,Mid-Cap,1690288,NMS
DYN,"Dyne Therapeutics, Inc.",Healthcare,Mid-Cap,2727306,NMS
FHB,"First Hawaiian, Inc.",Financial Services,Mid-Cap,2237663,NMS
BHF,"Brighthouse Financial, Inc.",Financial Services,Mid-Cap,922390,NMS
LBRT,Liberty Energy Inc.,Energy,Mid-Cap,4284468,NYQ
CBZ,"CBIZ, Inc.",Industrials,Mid-Cap,1315049,NYQ
PII,Polaris Inc.,Consumer Cyclical,Mid-Cap,820282,NYQ
DBRG,"DigitalBridge Group, Inc.",Financial Services,Mid-Cap,4266722,NYQ
LPL,"LG Display Co, Ltd AMERICAN DEP",Technology,Mid-Cap,2836819,NYQ
PPLI,People Incorporated,Communication Services,Mid-Cap,1085295,NMS
BTDR,Bitdeer Technologies Group,Technology,Mid-Cap,11783871,NCM
AEO,"American Eagle Outfitters, Inc.",Consumer Cyclical,Mid-Cap,5621117,NYQ
WIX,Wix.com Ltd.,Technology,Mid-Cap,1466376,NMS
COLM,Columbia Sportswear Company,Consumer Cyclical,Mid-Cap,663830,NMS
AAUC,Allied Gold Corporation,Basic Materials,Mid-Cap,671234,NYQ
BTU,Peabody Energy Corporation,Energy,Mid-Cap,2404296,NYQ
KNF,Knife Riv Holding Co.,Basic Materials,Mid-Cap,842600,NYQ
ASO,"Academy Sports and Outdoors, In",Consumer Cyclical,Mid-Cap,1652587,NMS
SPSC,"SPS Commerce, Inc.",Technology,Mid-Cap,544836,NMS
WING,Wingstop Inc.,Consumer Cyclical,Mid-Cap,1277495,NMS
ZLAB,Zai Lab Limited,Healthcare,Mid-Cap,947836,NGM
CLBK,"Columbia Financial, Inc.",Financial Services,Mid-Cap,6058420,NMS
AVA,Avista Corporation,Utilities,Mid-Cap,649555,NYQ
DAN,Dana Incorporated,Consumer Cyclical,Mid-Cap,1447919,NYQ
OUST,"Ouster, Inc.",Technology,Mid-Cap,2919109,NMS
TMDX,"TransMedics Group, Inc.",Healthcare,Mid-Cap,809628,NGM
FOUR,"Shift4 Payments, Inc.",Technology,Mid-Cap,1784507,NYQ
ATRC,"AtriCure, Inc.",Healthcare,Mid-Cap,1075988,NGM
UUUU,Energy Fuels Inc,Energy,Mid-Cap,6959207,ASE
PFS,"Provident Financial Services, I",Financial Services,Mid-Cap,899773,NYQ
PENG,"Penguin Solutions, Inc.",Technology,Mid-Cap,2609642,NMS
NEA,N/A,Financial Services,Mid-Cap,1365758,NYQ
ATRO,Astronics Corporation,Industrials,Mid-Cap,627417,NMS
SPNT,SiriusPoint Ltd.,Financial Services,Mid-Cap,794434,NYQ
KBH,KB Home,Consumer Cyclical,Mid-Cap,1220311,NYQ
NG,Novagold Resources Inc.,Basic Materials,Mid-Cap,5384985,ASE
ASST,"Strive, Inc.",Financial Services,Mid-Cap,6312353,NGM
PGEN,"Precigen, Inc.",Healthcare,Mid-Cap,4945776,NMS
SMG,Scotts Miracle-Gro Company (The,Basic Materials,Mid-Cap,1016953,NYQ
POWI,"Power Integrations, Inc.",Technology,Mid-Cap,750136,NMS
PONY,Pony AI Inc.,Technology,Mid-Cap,3741128,NMS
IHS,IHS Holding Limited,Real Estate,Mid-Cap,1108020,NYQ
AVPT,"AvePoint, Inc.",Technology,Mid-Cap,2068233,NMS
NEOG,Neogen Corporation,Healthcare,Mid-Cap,2709828,NMS
FG,"F&G Annuities & Life, Inc.",Financial Services,Mid-Cap,649553,NYQ
DNOW,DNOW Inc.,Industrials,Mid-Cap,2349657,NYQ
NTCT,"NetScout Systems, Inc.",Technology,Mid-Cap,610428,NMS
LEU,Centrus Energy Corp.,Energy,Mid-Cap,725477,NYQ
QS,QuantumScape Corporation,Consumer Cyclical,Mid-Cap,18850784,NMS
MRVI,"Maravai LifeSciences Holdings, ",Healthcare,Mid-Cap,3299085,NMS
DX,"Dynex Capital, Inc.",Real Estate,Mid-Cap,5875053,NYQ
AKR,Acadia Realty Trust,Real Estate,Mid-Cap,1362082,NYQ
SDRL,Seadrill Limited,Energy,Mid-Cap,650909,NYQ
MBX,"MBX Biosciences, Inc.",Healthcare,Mid-Cap,561947,NMS
EXTR,"Extreme Networks, Inc.",Technology,Mid-Cap,1629028,NMS
NAMS,NewAmsterdam Pharma Company N.V,Healthcare,Mid-Cap,1323785,NGM
HGV,Hilton Grand Vacations Inc.,Consumer Cyclical,Mid-Cap,1110557,NYQ
EFXT,Enerflex Ltd,Energy,Mid-Cap,628657,NYQ
WTTR,"Select Water Solutions, Inc.",Energy,Mid-Cap,1683863,NYQ
GRND,Grindr Inc.,Technology,Mid-Cap,1585611,NYQ
CWK,Cushman & Wakefield Ltd.,Real Estate,Mid-Cap,1899223,NYQ
REZI,"Resideo Technologies, Inc.",Industrials,Mid-Cap,2475959,NYQ
FRMI,Fermi Inc.,Real Estate,Mid-Cap,18667769,NMS
CARG,"CarGurus, Inc.",Communication Services,Mid-Cap,1082449,NMS
AVAH,Aveanna Healthcare Holdings Inc,Healthcare,Mid-Cap,3012531,NMS
BANC,"Banc of California, Inc.",Financial Services,Mid-Cap,2865455,NYQ
MMS,"Maximus, Inc.",Industrials,Mid-Cap,643357,NYQ
KC,Kingsoft Cloud Holdings Limited,Technology,Mid-Cap,1477368,NMS
UE,Urban Edge Properties,Real Estate,Mid-Cap,804807,NYQ
UNFI,"United Natural Foods, Inc.",Consumer Defensive,Mid-Cap,568903,NYQ
ADEA,Adeia Inc.,Technology,Mid-Cap,1073850,NMS
AMC,"AMC Entertainment Holdings, Inc",Communication Services,Mid-Cap,34647687,NYQ
CLBT,Cellebrite DI Ltd.,Technology,Mid-Cap,2966025,NMS
FRPT,"Freshpet, Inc.",Consumer Defensive,Mid-Cap,1204047,NGM
CXT,"Crane NXT, Co.",Industrials,Mid-Cap,571944,NYQ
GPK,Graphic Packaging Holding Compa,Consumer Cyclical,Mid-Cap,5343606,NYQ
RDW,Redwire Corporation,Industrials,Mid-Cap,14786217,NYQ
TALO,"Talos Energy, Inc.",Energy,Mid-Cap,1969960,NYQ
MNSO,MINISO Group Holding Limited,Consumer Cyclical,Mid-Cap,834012,NYQ
PPTA,Perpetua Resources Corp.,Basic Materials,Mid-Cap,1096069,NCM
LFTO,"Liftoff Mobile, Inc.",Communication Services,Mid-Cap,807111,NMS
FUL,H. B. Fuller Company,Basic Materials,Mid-Cap,780807,NYQ
INTA,"Intapp, Inc.",Technology,Mid-Cap,670123,NMS
PLUG,"Plug Power, Inc.",Industrials,Mid-Cap,53475960,NCM
NESR,National Energy Services Reunit,Energy,Mid-Cap,2027355,NCM
TDC,Teradata Corporation,Technology,Mid-Cap,2462003,NYQ
CSQR,"Csquare, Inc.",Technology,Mid-Cap,1674523,NYQ
SLDE,"Slide Insurance Holdings, Inc.",Financial Services,Mid-Cap,1179523,NMS
HAYW,"Hayward Holdings, Inc.",Industrials,Mid-Cap,2972138,NYQ
SOUN,"SoundHound AI, Inc.",Technology,Mid-Cap,28204969,NGM
MAN,ManpowerGroup,Industrials,Mid-Cap,1106657,NYQ
BKD,Brookdale Senior Living Inc.,Healthcare,Mid-Cap,4916819,NYQ
AMBP,Ardagh Metal Packaging S.A.,Consumer Cyclical,Mid-Cap,2205906,NYQ
BRZE,"Braze, Inc.",Technology,Mid-Cap,2542974,NMS
ACHC,"Acadia Healthcare Company, Inc.",Healthcare,Mid-Cap,2077206,NMS
HOG,"Harley-Davidson, Inc.",Consumer Cyclical,Mid-Cap,2110669,NYQ
EXK,Endeavour Silver Corporation,Basic Materials,Mid-Cap,7894700,NYQ
APAM,Artisan Partners Asset Manageme,Financial Services,Mid-Cap,857288,NYQ
DRH,Diamondrock Hospitality Company,Real Estate,Mid-Cap,2713931,NMS
BBAR,Banco BBVA Argentina S.A.,Financial Services,Mid-Cap,635692,NYQ
HOS,"Hornbeck Offshore Services, Inc",Industrials,Mid-Cap,1896300,NYQ
DJT,Trump Media & Technology Group ,Communication Services,Mid-Cap,4000063,NGM
BEAM,Beam Therapeutics Inc.,Healthcare,Mid-Cap,1976698,NMS
SUPN,"Supernus Pharmaceuticals, Inc.",Healthcare,Mid-Cap,778419,NGM
CALY,Callaway Golf Company,Consumer Cyclical,Mid-Cap,1942180,NYQ
JPC,Nuveen Preferred & Income Oppor,Financial Services,Mid-Cap,1381834,NYQ
SECZ,Securitize Corp.,Technology,Mid-Cap,2728534,NYQ
APPN,Appian Corporation,Technology,Mid-Cap,848944,NGM
FIVN,"Five9, Inc.",Technology,Mid-Cap,2598620,NGM
RNW,ReNew Energy Global plc,Utilities,Mid-Cap,2159114,NMS
PRVA,"Privia Health Group, Inc.",Healthcare,Mid-Cap,1223242,NMS
AXGN,"AxoGen, Inc.",Healthcare,Mid-Cap,1165496,NCM
CLDX,"Celldex Therapeutics, Inc.",Healthcare,Mid-Cap,1237276,NCM
HIMX,"Himax Technologies, Inc.",Technology,Mid-Cap,1312730,NMS
SHAK,"Shake Shack, Inc.",Consumer Cyclical,Mid-Cap,1655374,NYQ
KD,"Kyndryl Holdings, Inc.",Technology,Mid-Cap,4052969,NYQ
NRIX,"Nurix Therapeutics, Inc.",Healthcare,Mid-Cap,1269801,NGM
VIA,"Via Transportation, Inc.",Technology,Mid-Cap,811182,NYQ
LCLN,"Lincoln International, Inc.",Financial Services,Mid-Cap,558676,NYQ
ATHM,Autohome Inc.,Communication Services,Mid-Cap,697341,NYQ
IMNM,"Immunome, Inc.",Healthcare,Mid-Cap,1203641,NCM
BFLY,"Butterfly Network, Inc.",Healthcare,Mid-Cap,6370407,NYQ
MH,"McGraw Hill, Inc.",Consumer Defensive,Mid-Cap,630265,NYQ
BUSE,First Busey Corporation,Financial Services,Mid-Cap,779839,NMS
PAYO,Payoneer Global Inc.,Technology,Mid-Cap,3586080,NGM
PAGS,PagSeguro Digital Ltd.,Technology,Mid-Cap,2940569,NYQ
FCPT,"Four Corners Property Trust, In",Real Estate,Mid-Cap,882038,NYQ
WLY,"John Wiley & Sons, Inc.",Communication Services,Mid-Cap,503853,NYQ
NEO,"NeoGenomics, Inc.",Healthcare,Mid-Cap,2338282,NCM
AAP,Advance Auto Parts Inc.,Consumer Cyclical,Mid-Cap,1969455,NYQ
PURR,Hyperliquid Strategies Inc,Financial Services,Mid-Cap,17965373,NCM
NOG,"Northern Oil and Gas, Inc.",Energy,Mid-Cap,2507450,NYQ
TRLV,Trulieve Cannabis Corp. Subordi,Healthcare,Mid-Cap,1572165,NYQ
IVT,InvenTrust Properties Corp.,Real Estate,Mid-Cap,637795,NYQ
SVM,Silvercorp Metals Inc.,Basic Materials,Mid-Cap,2361423,ASE
EEFT,"Euronet Worldwide, Inc.",Technology,Mid-Cap,644109,NMS
KMT,Kennametal Inc.,Industrials,Mid-Cap,1372171,NYQ
PTY,Pimco Corporate & Income Opport,Financial Services,Mid-Cap,1415509,NYQ
GPCR,Structure Therapeutics Inc.,Healthcare,Small-Cap,908022,NGM
LUNR,"Intuitive Machines, Inc.",Industrials,Mid-Cap,8873290,NGM
OSW,OneSpaWorld Holdings Limited,Consumer Cyclical,Mid-Cap,926455,NCM
COTY,Coty Inc.,Consumer Defensive,Mid-Cap,7623788,NYQ
NN,NextNav Inc.,Technology,Mid-Cap,2543963,NCM
BKV,BKV Corporation,Energy,Mid-Cap,1445971,NYQ
DNN,Denison Mines Corp,Energy,Mid-Cap,24853855,ASE
INOD,Innodata Inc.,Technology,Mid-Cap,1346338,NGM
SLS,"SELLAS Life Sciences Group, Inc",Healthcare,Mid-Cap,6947538,NCM
VERA,"Vera Therapeutics, Inc.",Healthcare,Mid-Cap,2291692,NGM
LPG,Dorian LPG Ltd.,Energy,Mid-Cap,606073,NYQ
RH,RH,Consumer Cyclical,Mid-Cap,761261,NYQ
BBT,Beacon Financial Corporation,Financial Services,Mid-Cap,898844,NYQ
LTC,"LTC Properties, Inc.",Real Estate,Mid-Cap,581876,NYQ
FIGS,"FIGS, Inc.",Consumer Cyclical,Mid-Cap,2904623,NYQ
OPEN,Opendoor Technologies Inc,Real Estate,Mid-Cap,49090644,NMS
WGS,GeneDx Holdings Corp.,Healthcare,Mid-Cap,723550,NMS
HRMY,"Harmony Biosciences Holdings, I",Healthcare,Mid-Cap,890825,NGM
RAMP,"LiveRamp Holdings, Inc.",Technology,Mid-Cap,1062820,NYQ
CLOV,"Clover Health Investments, Corp",Healthcare,Mid-Cap,4346861,NMS
VVX,"V2X, Inc.",Industrials,Mid-Cap,671315,NYQ
NAD,Nuveen Quality Municipal Income,Financial Services,Mid-Cap,1041507,NYQ
ADMA,ADMA Biologics Inc,Healthcare,Mid-Cap,2608296,NGM
INTR,Inter & Co. Inc.,Financial Services,Mid-Cap,4809377,NMS
SDGR,"Schrodinger, Inc.",Healthcare,Mid-Cap,1541196,NMS
UPST,"Upstart Holdings, Inc.",Financial Services,Mid-Cap,4270361,NMS
LASR,"nLIGHT, Inc.",Technology,Mid-Cap,1208693,NMS
VRDN,"Viridian Therapeutics, Inc.",Healthcare,Mid-Cap,1715939,NCM
WAFD,"WaFd, Inc.",Financial Services,Mid-Cap,826830,NMS
NWL,Newell Brands Inc.,Consumer Defensive,Mid-Cap,7949866,NMS
NVG,Nuveen AMT-Free Municipal Credi,Financial Services,Mid-Cap,741506,NYQ
KEEL,Keel Infrastructure Corp.,Technology,Mid-Cap,33415963,NGM
PHVS,Pharvaris N.V.,Healthcare,Mid-Cap,745382,NMS
ICHR,Ichor Holdings,Technology,Mid-Cap,836182,NMS
PBI,Pitney Bowes Inc.,Industrials,Mid-Cap,1722300,NYQ
PBH,Prestige Consumer Healthcare In,Healthcare,Mid-Cap,542542,NYQ
PTON,"Peloton Interactive, Inc.",Consumer Cyclical,Mid-Cap,8561493,NMS
MLYS,"Mineralys Therapeutics, Inc.",Healthcare,Mid-Cap,1038849,NMS
PATK,"Patrick Industries, Inc.",Consumer Cyclical,Mid-Cap,552768,NMS
NWBI,"Northwest Bancshares, Inc.",Financial Services,Mid-Cap,1020053,NMS
AUPH,Aurinia Pharmaceuticals Inc,Healthcare,Mid-Cap,1059665,NGM
CHA,Chagee Holdings Limited,Consumer Cyclical,Mid-Cap,811339,NMS
STNE,StoneCo Ltd.,Technology,Mid-Cap,4986911,NMS
ALVO,Alvotech,Healthcare,Small-Cap,996904,NGM
TRN,"Trinity Industries, Inc.",Industrials,Mid-Cap,695506,NYQ
BHC,Bausch Health Companies Inc.,Healthcare,Mid-Cap,3232158,NYQ
TMC,TMC the metals company Inc.,Basic Materials,Mid-Cap,5318622,NMS
SONO,"Sonos, Inc.",Technology,Mid-Cap,1919311,NMS
MPT,"Medical Properties Trust, Inc.",Real Estate,Small-Cap,8294055,NYQ
RXRX,"Recursion Pharmaceuticals, Inc.",Healthcare,Mid-Cap,19171690,NMS
BCRX,"BioCryst Pharmaceuticals, Inc.",Healthcare,Mid-Cap,4210009,NMS
CTOS,"Custom Truck One Source, Inc.",Industrials,Mid-Cap,990828,NYQ
ALGT,Allegiant Travel Company,Industrials,Mid-Cap,503433,NMS
FLYW,Flywire Corporation - Voting,Technology,Mid-Cap,1763796,NMS
PEB,Pebblebrook Hotel Trust,Real Estate,Mid-Cap,2139160,NYQ
AADX,"Applied Aerospace & Defense, In",Industrials,Mid-Cap,1523904,NYQ
MD,"Pediatrix Medical Group, Inc.",Healthcare,Mid-Cap,779238,NYQ
CC,Chemours Company (The),Basic Materials,Mid-Cap,2300355,NYQ
SHO,"Sunstone Hotel Investors, Inc. ",Real Estate,Mid-Cap,2257814,NYQ
UNIT,Uniti Group Inc.,Real Estate,Small-Cap,2177761,NMS
CALX,"Calix, Inc",Technology,Mid-Cap,1115634,NYQ
KSS,Kohl's Corporation,Consumer Cyclical,Mid-Cap,3929352,NYQ
PRGO,Perrigo Company plc,Healthcare,Small-Cap,2858365,NYQ
TRVI,"Trevi Therapeutics, Inc.",Healthcare,Small-Cap,1924017,NGM
DV,"DoubleVerify Holdings, Inc.",Communication Services,Mid-Cap,3648071,NYQ
SBET,"SharpLink, Inc.",Financial Services,Mid-Cap,8665992,NCM
RLX,RLX Technology Inc.,Consumer Defensive,Mid-Cap,3285617,NYQ
PDFS,"PDF Solutions, Inc.",Technology,Mid-Cap,582226,NMS
NZF,Nuveen Municipal Credit Income ,Financial Services,Mid-Cap,796841,NYQ
BXMT,"Blackstone Mortgage Trust, Inc.",Real Estate,Small-Cap,2323900,NYQ
INSP,"Inspire Medical Systems, Inc.",Healthcare,Mid-Cap,807726,NYQ
STUB,"StubHub Holdings, Inc.",Communication Services,Mid-Cap,6630531,NYQ
FCF,First,Financial Services,Mid-Cap,856112,NYQ
UTZ,Utz Brands Inc,Consumer Defensive,Small-Cap,3473626,NYQ
CTRI,"Centuri Holdings, Inc.",Utilities,Mid-Cap,1796230,NYQ
LIND,Lindblad Expeditions Holdings I,Consumer Cyclical,Mid-Cap,850241,NCM
WERN,"Werner Enterprises, Inc.",Industrials,Mid-Cap,1036530,NMS
NKTR,Nektar Therapeutics,Healthcare,Small-Cap,996161,NCM
ETOR,eToro Group Ltd.,Financial Services,Mid-Cap,1086073,NMS
WHR,Whirlpool Corporation,Consumer Cyclical,Small-Cap,2537436,NYQ
BAND,Bandwidth Inc.,Technology,Mid-Cap,1042804,NMS
BHVN,Biohaven Ltd.,Healthcare,Small-Cap,2655100,NYQ
UWMC,UWM Holdings Corporation,Financial Services,Mid-Cap,16716501,NYQ
NUVB,Nuvation Bio Inc.,Healthcare,Small-Cap,5519100,NYQ
AGIO,"Agios Pharmaceuticals, Inc.",Healthcare,Small-Cap,1077276,NMS
CLM,Cornerstone Strategic Value Fd,Financial Services,Small-Cap,2128609,ASE
BRVE,"Braveheart Bio, Inc.",Healthcare,Small-Cap,561475,NGM
STGW,Stagwell Inc.,Communication Services,Mid-Cap,1291639,NMS
URGN,UroGen Pharma Ltd.,Healthcare,Mid-Cap,829985,NGM
SRPT,"Sarepta Therapeutics, Inc.",Healthcare,Small-Cap,3004284,NMS
ARR,"ARMOUR Residential REIT, Inc.",Real Estate,Small-Cap,3979768,NYQ
GENB,"Generate Biomedicines, Inc.",Healthcare,Small-Cap,1024855,NMS
FLOC,Flowco Holdings Inc.,Energy,Mid-Cap,560098,NYQ
ZYME,Zymeworks Inc.,Healthcare,Small-Cap,656376,NMS
SHAZ,"SharonAI Holdings, Inc.",Technology,Small-Cap,1886592,NCM
PENN,"PENN Entertainment, Inc.",Consumer Cyclical,Small-Cap,2851282,NMS
DRVN,Driven Brands Holdings Inc.,Consumer Cyclical,Small-Cap,941722,NMS
GNL,"Global Net Lease, Inc.",Real Estate,Small-Cap,2528207,NYQ
QUBT,Quantum Computing Inc.,Technology,Small-Cap,7926304,NCM
DHC,Diversified Healthcare Trust,Real Estate,Small-Cap,1705244,NMS
DEI,"Douglas Emmett, Inc.",Real Estate,Small-Cap,1931520,NYQ
STDN,"Standard Nuclear, Inc.",Basic Materials,Mid-Cap,955901,NYQ
SEDG,"SolarEdge Technologies, Inc.",Technology,Mid-Cap,3107898,NMS
INVX,"Innovex International, Inc.",Energy,Small-Cap,678074,NYQ
ZD,"Ziff Davis, Inc.",Communication Services,Small-Cap,621184,NMS
VOYG,"Voyager Technologies, Inc.",Industrials,Small-Cap,1872882,NYQ
BLFS,"BioLife Solutions, Inc.",Healthcare,Small-Cap,1043930,NCM
TH,Target Hospitality Corp.,Industrials,Small-Cap,1543446,NCM
GOF,Guggenheim Strategic Opportunit,Financial Services,Small-Cap,2507196,NYQ
NMZ,Nuveen Municipal High Income Op,Financial Services,Small-Cap,876034,NYQ
NCNO,"nCino, Inc.",Technology,Small-Cap,2411950,NMS
PGNY,"Progyny, Inc.",Healthcare,Small-Cap,1154049,NMS
BLKB,"Blackbaud, Inc.",Technology,Small-Cap,541525,NMS
SGRY,"Surgery Partners, Inc.",Healthcare,Small-Cap,2159068,NMS
PRDO,Perdoceo Education Corporation,Consumer Defensive,Small-Cap,720473,NMS
FTRE,Fortrea Holdings Inc.,Healthcare,Small-Cap,1412198,NMS
XNCR,"Xencor, Inc.",Healthcare,Small-Cap,1280241,NGM
PRCH,"Porch Group, Inc.",Financial Services,Small-Cap,1580166,NCM
EZPW,"EZCORP, Inc.",Financial Services,Small-Cap,929001,NMS
WU,Western Union Company (The),Financial Services,Small-Cap,9979425,NYQ
NVCR,NovoCure Limited,Healthcare,Small-Cap,1402239,NMS
TIC,"TIC Solutions, Inc.",Industrials,Small-Cap,1938130,NYQ
MFP,"Midera Food Processing, Inc.",Industrials,Small-Cap,890287,NMS
ATEN,"A10 Networks, Inc.",Technology,Mid-Cap,1279963,NYQ
HUBG,"Hub Group, Inc.",Industrials,Small-Cap,1173030,NMS
ASAN,"Asana, Inc.",Technology,Small-Cap,6383268,NYQ
KRP,Kimbell Royalty Partners,Energy,Small-Cap,875984,NYQ
RUN,Sunrun Inc.,Technology,Small-Cap,8692225,NMS
NTST,NetSTREIT Corp.,Real Estate,Small-Cap,1615634,NYQ
UAA,"Under Armour, Inc.",Consumer Cyclical,Mid-Cap,8694104,NYQ
EMAT,Evolution Metals & Technologies,Basic Materials,Small-Cap,888868,NGM
WKC,World Kinect Corporation,Energy,Small-Cap,1176679,NYQ
PLAB,"Photronics, Inc.",Technology,Small-Cap,1150417,NMS
BOBS,"Bob's Discount Furniture, Inc.",Consumer Cyclical,Small-Cap,943334,NYQ
SFL,SFL Corporation Ltd,Industrials,Small-Cap,1366468,NYQ
XPRO,Expro Ltd,Energy,Small-Cap,896293,NYQ
BRSL,Brightstar Lottery PLC Trading ,Consumer Cyclical,Small-Cap,2000061,NYQ
GAB,"Gabelli Equity Trust, Inc. (The",Financial Services,Small-Cap,874923,NYQ
CMPS,COMPASS Pathways Plc - American,Healthcare,Small-Cap,3310506,NMS
XHR,"Xenia Hotels & Resorts, Inc.",Real Estate,Small-Cap,753620,NYQ
VIR,"Vir Biotechnology, Inc.",Healthcare,Small-Cap,1825317,NMS
HYMC,Hycroft Mining Holding Corporat,Basic Materials,Small-Cap,1857209,NCM
GCT,GigaCloud Technology Inc,Technology,Small-Cap,642369,NGM
VERX,"Vertex, Inc.",Technology,Small-Cap,1898807,NGM
SMA,"SmartStop Self Storage REIT, In",Real Estate,Small-Cap,734576,NYQ
BLBD,Blue Bird Corporation,Industrials,Small-Cap,538634,NGM
XRAY,DENTSPLY SIRONA Inc.,Healthcare,Small-Cap,4728861,NMS
BXDC,Blackstone Digital Infrastructu,Real Estate,Small-Cap,1441698,NYQ
NSP,"Insperity, Inc.",Industrials,Small-Cap,509471,NYQ
NVAX,"Novavax, Inc.",Healthcare,Small-Cap,4458930,NMS
ACVA,ACV Auctions Inc.,Consumer Cyclical,Small-Cap,7640058,NYQ
VSTS,Vestis Corporation,Industrials,Small-Cap,1407361,NYQ
MQ,"Marqeta, Inc.",Technology,Small-Cap,979704,NMS
AMPL,"Amplitude, Inc.",Technology,Small-Cap,1913649,NCM
OLN,Olin Corporation,Basic Materials,Small-Cap,2984312,NYQ
GTY,Getty Realty Corporation,Real Estate,Small-Cap,570984,NYQ
XERS,"Xeris Biopharma Holdings, Inc.",Healthcare,Small-Cap,2170538,NMS
MLCO,Melco Resorts & Entertainment L,Consumer Cyclical,Small-Cap,2099787,NMS
ZBIO,"Zenas BioPharma, Inc.",Healthcare,Small-Cap,727538,NMS
OCUL,"Ocular Therapeutix, Inc.",Healthcare,Small-Cap,2699357,NGM
PSNL,"Personalis, Inc.",Healthcare,Small-Cap,3647865,NGM
QURE,uniQure N.V.,Healthcare,Small-Cap,1916766,NMS
WRD,WERIDE INC.,Technology,Small-Cap,2389642,NGM
VET,Vermilion Energy Inc.,Energy,Small-Cap,1432442,NYQ
HOPE,"Hope Bancorp, Inc.",Financial Services,Small-Cap,956011,NMS
HAPN,"Happen, Inc.",Financial Services,Small-Cap,1466682,NMS
PDO,N/A,Financial Services,Small-Cap,868796,NYQ
ABSI,Absci Corporation,Healthcare,Small-Cap,3457769,NMS
MNR,Mach Natural Resources LP,Energy,Small-Cap,634517,NYQ
RLJ,RLJ Lodging Trust,Real Estate,Small-Cap,1770004,NYQ
NUV,"Nuveen Municipal Value Fund, In",Financial Services,Small-Cap,745503,NYQ
NAT,Nordic American Tankers Limited,Energy,Small-Cap,3808793,NYQ
ETON,"Eton Pharmaceuticals, Inc.",Healthcare,Small-Cap,595838,NGM
IE,Ivanhoe Electric Inc.,Basic Materials,Small-Cap,2123788,ASE
NTLA,"Intellia Therapeutics, Inc.",Healthcare,Small-Cap,3983580,NGM
NEXT,NextDecade Corporation,Energy,Small-Cap,2564223,NCM
FRNM,"Freenome, Inc.",Healthcare,Small-Cap,779263,NCM
CPRI,Capri Holdings Limited,Consumer Cyclical,Small-Cap,4561109,NYQ
AI,"C3.ai, Inc.",Technology,Small-Cap,4986738,NYQ
STOK,"Stoke Therapeutics, Inc.",Healthcare,Small-Cap,850176,NMS
GENI,Genius Sports Limited,Communication Services,Small-Cap,6347476,NYQ
DXC,DXC Technology Company,Technology,Small-Cap,3244568,NYQ
NEXA,Nexa Resources S.A.,Basic Materials,Small-Cap,698338,NYQ
VNET,"VNET Group, Inc.",Technology,Small-Cap,4287242,NMS
ALHC,"Alignment Healthcare, Inc.",Healthcare,Small-Cap,7408309,NMS
SNDX,"Syndax Pharmaceuticals, Inc.",Healthcare,Small-Cap,1585274,NMS
JBLU,JetBlue Airways Corporation,Industrials,Small-Cap,26332819,NMS
TSHA,"Taysha Gene Therapies, Inc.",Healthcare,Small-Cap,3171077,NMS
PAX,Patria Investments Limited,Financial Services,Small-Cap,1059458,NMS
OCFC,OceanFirst Financial Corp.,Financial Services,Small-Cap,968403,NMS
PRGS,Progress Software Corporation,Technology,Small-Cap,549579,NMS
LCID,"Lucid Group, Inc.",Consumer Cyclical,Small-Cap,15725634,NMS
EFC,Ellington Financial Inc.,Real Estate,Small-Cap,1230803,NYQ
TRIN,Trinity Capital Inc.,Financial Services,Small-Cap,977819,NYQ
WLTH,Wealthfront Corporation,Technology,Small-Cap,1960514,NMS
ATEC,"Alphatec Holdings, Inc.",Healthcare,Small-Cap,2181325,NMS
PWP,Perella Weinberg Partners,Financial Services,Small-Cap,1444298,NMS
HE,"Hawaiian Electric Industries, I",Utilities,Small-Cap,2263609,NYQ
WB,Weibo Corporation,Communication Services,Small-Cap,1002044,NMS
AMBQ,"Ambiq Micro, Inc.",Technology,Small-Cap,511269,NYQ
SBH,"Sally Beauty Holdings, Inc. (Na",Consumer Cyclical,Small-Cap,1334355,NYQ
WWW,"Wolverine World Wide, Inc.",Consumer Cyclical,Small-Cap,768358,NYQ
CNXC,Concentrix Corporation,Technology,Small-Cap,1608806,NMS
UROY,Uranium Royalty Corp.,Energy,Small-Cap,3418452,NCM
KOS,Kosmos Energy Ltd.,Energy,Small-Cap,14050869,NYQ
OMCL,"Omnicell, Inc.",Healthcare,Small-Cap,688930,NMS
FLNC,"Fluence Energy, Inc.",Utilities,Small-Cap,7918703,NMS
USAS,Americas Gold and Silver Corpor,Basic Materials,Small-Cap,4295258,ASE
HYT,Blackrock Corporate High Yield ,Financial Services,Small-Cap,911773,NYQ
BL,"BlackLine, Inc.",Technology,Small-Cap,1000957,NMS
INVA,"Innoviva, Inc.",Healthcare,Small-Cap,818190,NMS
RVLV,"Revolve Group, Inc.",Consumer Cyclical,Small-Cap,845193,NYQ
TYRA,"Tyra Biosciences, Inc.",Healthcare,Small-Cap,854338,NMS
MAZE,"Maze Therapeutics, Inc.",Healthcare,Small-Cap,562658,NGM
HAWK,"HawkEye 360, Inc.",Industrials,Small-Cap,1134120,NYQ
AZTA,"Azenta, Inc.",Healthcare,Small-Cap,751228,NMS
ARCO,Arcos Dorados Holdings Inc.,Consumer Cyclical,Small-Cap,1289152,NYQ
ENR,"Energizer Holdings, Inc.",Industrials,Small-Cap,995365,NYQ
KMPR,Kemper Corporation,Financial Services,Small-Cap,882333,NYQ
ANAB,"AnaptysBio, Inc.",Healthcare,Small-Cap,576106,NMS
WOLF,"Wolfspeed, Inc.",Technology,Small-Cap,3543242,NYQ
RQI,N/A,Financial Services,Small-Cap,687452,NYQ
CSWC,Capital Southwest Corporation,Financial Services,Small-Cap,630922,NMS
RARE,Ultragenyx Pharmaceutical Inc.,Healthcare,Small-Cap,3748753,NMS
AVBP,"ArriVent BioPharma, Inc.",Healthcare,Small-Cap,524953,NGM
CRSR,"Corsair Gaming, Inc.",Technology,Small-Cap,1566203,NMS
HUN,Huntsman Corporation,Basic Materials,Small-Cap,3046722,NYQ
AESI,Atlas Energy Solutions Inc.,Energy,Small-Cap,3419774,NYQ
NOMD,Nomad Foods Limited,Consumer Defensive,Small-Cap,1530109,NYQ
XNDU,Xanadu Quantum Technologies Lim,Technology,Small-Cap,2803231,NGM
GLOB,Globant S.A.,Technology,Small-Cap,1544525,NYQ
PRKS,United Parks & Resorts Inc.,Consumer Cyclical,Small-Cap,655626,NYQ
PGY,Pagaya Technologies Ltd.,Technology,Small-Cap,2688242,NCM
LYNX,Lyntris Inc.,Industrials,Small-Cap,934900,NYQ
GT,The Goodyear Tire & Rubber Comp,Consumer Cyclical,Small-Cap,9068166,NMS
ADIG,ADI Global Distribution Inc.,Technology,Small-Cap,1014382,NYQ
SVV,"Savers Value Village, Inc.",Consumer Cyclical,Small-Cap,1406277,NYQ
CERT,"Certara, Inc.",Healthcare,Small-Cap,3158182,NMS
KLRA,"Kailera Therapeutics, Inc.",Healthcare,Small-Cap,818750,NMS
ALKT,"Alkami Technology, Inc.",Technology,Small-Cap,1577042,NMS
AGRO,Adecoagro S.A.,Consumer Defensive,Small-Cap,779339,NYQ
IAUX,i-80 Gold Corp.,Basic Materials,Small-Cap,9665715,ASE
BCAT,N/A,Financial Services,Small-Cap,899655,NYQ
HCSG,"Healthcare Services Group, Inc.",Healthcare,Small-Cap,714179,NMS
FMC,FMC Corporation,Basic Materials,Small-Cap,3682638,NYQ
AMSC,American Superconductor Corpora,Industrials,Small-Cap,714393,NMS
MBC,"MasterBrand, Inc.",Consumer Cyclical,Small-Cap,2336758,NYQ
ULCC,"Frontier Group Holdings, Inc.",Industrials,Small-Cap,3188611,NMS
OMER,Omeros Corporation,Healthcare,Small-Cap,1777258,NGM
NMAX,"Newsmax, Inc.",Communication Services,Small-Cap,1046052,NYQ
APPS,"Digital Turbine, Inc.",Technology,Small-Cap,3339361,NCM
DRTS,Alpha Tau Medical Ltd.,Healthcare,Small-Cap,603039,NCM
CNMD,CONMED Corporation,Healthcare,Small-Cap,503033,NYQ
AMPX,"Amprius Technologies, Inc.",Industrials,Small-Cap,5645587,NYQ
ECAT,N/A,Financial Services,Small-Cap,542863,NYQ
ORIC,"Oric Pharmaceuticals, Inc.",Healthcare,Small-Cap,1500620,NMS
VISN,"Vistance Networks, Inc.",Technology,Small-Cap,8044846,NMS
HLMN,Hillman Solutions Corp.,Industrials,Small-Cap,1523441,NGM
FCEL,"FuelCell Energy, Inc.",Industrials,Small-Cap,8493198,NGM
MLKN,"MillerKnoll, Inc.",Consumer Cyclical,Small-Cap,655071,NMS
VZLA,Vizsla Silver Corp.,Basic Materials,Small-Cap,5227096,ASE
SID,Companhia Siderurgica Nacional ,Basic Materials,Small-Cap,5259290,NYQ
GFR,Greenfire Resources Ltd.,Energy,Small-Cap,792652,NYQ
AMN,AMN Healthcare Services Inc,Healthcare,Small-Cap,704480,NYQ
ARLO,"Arlo Technologies, Inc.",Industrials,Small-Cap,1263514,NYQ
ARHS,"Arhaus, Inc.",Consumer Cyclical,Small-Cap,1337698,NMS
EFOR,"Everforth, Inc.",Technology,Small-Cap,842596,NYQ
CRCT,"Cricut, Inc.",Technology,Small-Cap,722839,NMS
POET,POET Technologies Inc.,Technology,Small-Cap,10368666,NCM
ADNT,Adient plc,Consumer Cyclical,Small-Cap,977811,NYQ
BRUN,Boost Run Inc.,Technology,Small-Cap,2063558,NGM
UMH,"UMH Properties, Inc.",Real Estate,Small-Cap,633088,NYQ
PSQL,Pasqal Holding SA,Technology,Small-Cap,562215,NGM
COUR,"Coursera, Inc.",Consumer Defensive,Small-Cap,6101314,NYQ
SHLS,"Shoals Technologies Group, Inc.",Technology,Small-Cap,5038826,NGM
IMTX,Immatics N.V.,Healthcare,Small-Cap,572393,NCM
QMCO,Quantum Corporation,Technology,Small-Cap,1639974,NGM
HLF,Herbalife Ltd.,Consumer Defensive,Small-Cap,1560609,NYQ
TRAX,"First Tracks Biotherapeutics, I",Healthcare,Small-Cap,780903,NMS
EYE,"National Vision Holdings, Inc.",Consumer Cyclical,Small-Cap,2145623,NMS
IART,Integra LifeSciences Holdings C,Healthcare,Small-Cap,849198,NMS
BBAI,"BigBear.ai, Inc.",Technology,Small-Cap,20133300,NYQ
EPC,Edgewell Personal Care Company,Consumer Defensive,Small-Cap,613877,NYQ
DMRA,"Damora Therapeutics, Inc.",Healthcare,Small-Cap,533831,NCM
LSPD,Lightspeed Commerce Inc. Subord,Technology,Small-Cap,730744,NYQ
PRG,"PROG Holdings, Inc.",Industrials,Small-Cap,556771,NYQ
REPL,"Replimune Group, Inc.",Healthcare,Small-Cap,4223425,NMS
DCH,Dauch Corporation,Consumer Cyclical,Small-Cap,3214777,NYQ
TV,Grupo Televisa S.A.B.,Communication Services,Small-Cap,1121023,NYQ
RES,"RPC, Inc.",Energy,Small-Cap,1594095,NYQ
BCAX,Bicara Therapeutics Inc.,Healthcare,Small-Cap,619165,NGM
CRON,Cronos Group Inc. Common Share,Healthcare,Small-Cap,1128779,NGM
TK,Teekay Corporation Ltd.,Energy,Small-Cap,553317,NYQ
WEN,Wendy's Company (The),Consumer Cyclical,Small-Cap,8405552,NMS
GOLD,"Gold.com, Inc.",Financial Services,Small-Cap,522395,NYQ
ESRT,"Empire State Realty Trust, Inc.",Real Estate,Small-Cap,2838936,NYQ
YSS,York Space Systems Inc.,Industrials,Small-Cap,2866498,NYQ
UMAC,"Unusual Machines, Inc.",Technology,Small-Cap,3617728,ASE
DOLE,Dole plc,Consumer Defensive,Small-Cap,983084,NYQ
BORR,Borr Drilling Limited,Energy,Small-Cap,5286455,NYQ
OPK,"Opko Health, Inc.",Healthcare,Small-Cap,3380834,NMS
FLO,"Flowers Foods, Inc.",Consumer Defensive,Small-Cap,6540038,NYQ
CCO,"Clear Channel Outdoor Holdings,",Communication Services,Small-Cap,6982036,NYQ
LZB,La-Z-Boy Incorporated,Consumer Cyclical,Small-Cap,634382,NYQ
OIG,Orion180 Insurance Group Inc.,Financial Services,Small-Cap,1101580,NMS
NEWP,New Pacific Metals Corp.,Basic Materials,Small-Cap,692174,ASE
NHP,"National Healthcare Properties,",Real Estate,Small-Cap,609331,NGM
HROW,"Harrow, Inc.",Healthcare,Small-Cap,564003,NGM
CBRL,Cracker Barrel Old Country Stor,Consumer Cyclical,Small-Cap,943887,NMS
GIII,"G-III Apparel Group, LTD.",Consumer Cyclical,Small-Cap,614020,NMS
OMDA,"Omada Health, Inc.",Healthcare,Small-Cap,1406468,NMS
HZO,"MarineMax, Inc.  (FL)",Consumer Cyclical,Small-Cap,696174,NYQ
PD,"PagerDuty, Inc.",Technology,Small-Cap,1563165,NYQ
HLIT,Harmonic Inc.,Technology,Small-Cap,1523415,NMS
CRI,"Carter's, Inc.",Consumer Cyclical,Small-Cap,1246020,NYQ
AVO,"Mission Produce, Inc.",Consumer Defensive,Small-Cap,861134,NMS
DSL,DoubleLine Income Solutions Fun,Financial Services,Small-Cap,611666,NYQ
LADR,Ladder Capital Corp,Real Estate,Small-Cap,1211514,NYQ
TNDM,"Tandem Diabetes Care, Inc.",Healthcare,Small-Cap,1967071,NGM
FUN,Six Flags Entertainment Corpora,Consumer Cyclical,Small-Cap,2261219,NYQ
AIP,"Arteris, Inc.",Technology,Small-Cap,701180,NGM
PSEC,Prospect Capital Corporation,Financial Services,Small-Cap,4435509,NMS
GNK,Genco Shipping & Trading Limite,Industrials,Small-Cap,500519,NYQ
ORC,"Orchid Island Capital, Inc.",Real Estate,Small-Cap,4952177,NYQ
AMRC,"Ameresco, Inc.",Industrials,Small-Cap,663087,NYQ
STAA,STAAR Surgical Company,Healthcare,Small-Cap,1022915,NGM
PDM,"Piedmont Realty Trust, Inc.",Real Estate,Small-Cap,1288241,NYQ
EOSE,"Eos Energy Enterprises, Inc.",Industrials,Small-Cap,27345339,NCM
TE,T1 Energy Inc.,Industrials,Small-Cap,29783592,NYQ
CXM,"Sprinklr, Inc.",Technology,Small-Cap,3387426,NYQ
GDRX,"GoodRx Holdings, Inc.",Healthcare,Small-Cap,1279244,NMS
AORT,"Artivion, Inc.",Healthcare,Small-Cap,640830,NYQ
PUMP,ProPetro Holding Corp.,Energy,Small-Cap,3803319,NYQ
SGML,Sigma Lithium Corporation,Basic Materials,Small-Cap,1891761,NCM
CRML,Critical Metals Corp.,Basic Materials,Small-Cap,7875836,NGM
VOR,Vor Biopharma Inc.,Healthcare,Small-Cap,1050242,NMS
ECVT,Ecovyst Inc.,Basic Materials,Small-Cap,1307293,NYQ
LU,Lufax Holding Ltd,Financial Services,Small-Cap,999241,NYQ
MNKD,MannKind Corporation,Healthcare,Small-Cap,4520669,NGM
HSLV,Highlander Silver Corp.,Basic Materials,Small-Cap,575255,ASE
MUX,McEwen Inc.,Basic Materials,Small-Cap,1117753,NYQ
ANRO,"Alto Neuroscience, Inc.",Healthcare,Small-Cap,550090,NYQ
REAL,"The RealReal, Inc.",Consumer Cyclical,Small-Cap,2927247,NMS
GO,Grocery Outlet Holding Corp.,Consumer Defensive,Small-Cap,2451015,NMS
VCX,N/A,Financial Services,Small-Cap,518134,NYQ
GSBD,"Goldman Sachs BDC, Inc.",Financial Services,Small-Cap,908552,NYQ
AVEX,AEVEX Corp.,Industrials,Small-Cap,1584366,NYQ
ABTC,American Bitcoin Corp.,Financial Services,Small-Cap,1689788,NCM
MGTX,MeiraGTx Holdings plc,Healthcare,Small-Cap,785661,NMS
ENOV,Enovis Corporation,Healthcare,Small-Cap,1463741,NYQ
MRTN,"Marten Transport, Ltd.",Industrials,Small-Cap,665663,NMS
GTM,ZoomInfo Technologies Inc.,Technology,Small-Cap,6605973,NMS
CLVT,Clarivate Plc,Technology,Small-Cap,5367374,NYQ
BBNX,"Beta Bionics, Inc.",Healthcare,Small-Cap,1304230,NGM
SVRA,"Savara, Inc.",Healthcare,Small-Cap,1773093,NMS
TDOC,"Teladoc Health, Inc.",Healthcare,Small-Cap,4309192,NYQ
BTX,BlackRock Technology and Privat,Financial Services,Small-Cap,514185,NYQ
FSCO,N/A,Financial Services,Small-Cap,909317,NYQ
SG,"Sweetgreen, Inc.",Consumer Cyclical,Small-Cap,5769596,NYQ
CRF,N/A,Financial Services,Small-Cap,1489495,ASE
CFFN,"Capitol Federal Financial, Inc.",Financial Services,Small-Cap,878084,NMS
TUYA,Tuya Inc.,Technology,Small-Cap,670611,NYQ
GPRE,"Green Plains, Inc.",Basic Materials,Small-Cap,1483874,NMS
JANX,"Janux Therapeutics, Inc.",Healthcare,Small-Cap,848355,NGM
PRCT,PROCEPT BioRobotics Corporation,Healthcare,Small-Cap,1473874,NGM
FTK,"Flotek Industries, Inc.",Energy,Small-Cap,538092,NYQ
UTI,Universal Technical Institute I,Consumer Defensive,Small-Cap,1626834,NYQ
PCRX,"Pacira BioSciences, Inc.",Healthcare,Small-Cap,578755,NMS
UPWK,Upwork Inc.,Communication Services,Small-Cap,3246958,NMS
RSKD,Riskified Ltd.,Technology,Small-Cap,1679866,NYQ
GLUE,"Monte Rosa Therapeutics, Inc.",Healthcare,Small-Cap,1287561,NMS
RXT,"Rackspace Technology, Inc.",Technology,Small-Cap,9705804,NMS
CRVS,"Corvus Pharmaceuticals, Inc.",Healthcare,Small-Cap,993077,NGM
DFH,"Dream Finders Homes, Inc.",Consumer Cyclical,Small-Cap,757946,NYQ
APMD,"Apnimed, Inc.",Healthcare,Small-Cap,560245,NMS
YELP,Yelp Inc.,Communication Services,Small-Cap,1182092,NYQ
RCAT,"Red Cat Holdings, Inc.",Industrials,Small-Cap,8445573,NCM
MLTX,MoonLake Immunotherapeutics,Healthcare,Small-Cap,1385422,NCM
XIFR,"XPLR Infrastructure, LP",Utilities,Small-Cap,894998,NYQ
TRIP,"TripAdvisor, Inc.",Consumer Cyclical,Small-Cap,3682136,NMS
CEVA,"CEVA, Inc.",Technology,Small-Cap,775246,NMS
NPKI,NPK International Inc.,Industrials,Small-Cap,823131,NYQ
HBNC,"Horizon Bancorp, Inc.",Financial Services,Small-Cap,566588,NMS
AEVA,"Aeva Technologies, Inc.",Technology,Small-Cap,1602282,NMS
KURA,"Kura Oncology, Inc.",Healthcare,Small-Cap,1819885,NMS
ABUS,Arbutus Biopharma Corporation,Healthcare,Small-Cap,4481087,NMS
IQ,"iQIYI, Inc.",Communication Services,Small-Cap,7958188,NMS
LAC,Lithium Americas Corp.,Basic Materials,Small-Cap,9689392,NYQ
ASM,Avino Silver & Gold Mines Ltd.,Basic Materials,Small-Cap,3702487,ASE
BVS,Bioventus Inc.,Healthcare,Small-Cap,663239,NMS
SB,"Safe Bulkers, Inc",Industrials,Small-Cap,1161231,NYQ
LZ,"LegalZoom.com, Inc.",Industrials,Small-Cap,2854649,NMS
CGEM,"Cullinan Therapeutics, Inc.",Healthcare,Small-Cap,837844,NMS
HELP,Cybin Inc.,Healthcare,Small-Cap,1772734,NGM
NXDR,"Nextdoor Holdings, Inc.",Communication Services,Small-Cap,2290668,NYQ
ALMS,Alumis Inc.,Healthcare,Small-Cap,2421223,NMS
DXYZ,Destiny Tech100 Inc.,Financial Services,Small-Cap,1050552,NYQ
KODK,Eastman Kodak Company,Industrials,Small-Cap,845873,NYQ
BV,"BrightView Holdings, Inc.",Industrials,Small-Cap,1056412,NYQ
XTND,"Xtend AI Robotics, Inc.",Technology,Small-Cap,1254884,NYQ
TBLA,Taboola.com Ltd.,Communication Services,Small-Cap,2511660,NMS
DEC,Diversified Energy Company,Energy,Small-Cap,865496,NYQ
TDAY,"USA TODAY Co., Inc.",Communication Services,Small-Cap,2278652,NYQ
VYX,NCR Voyix Corporation,Technology,Small-Cap,2526726,NYQ
UPBD,"Upbound Group, Inc.",Technology,Small-Cap,953385,NMS
BBDC,"Barings BDC, Inc.",Financial Services,Small-Cap,670604,NYQ
JBIO,"Jade Biosciences, Inc.",Healthcare,Small-Cap,899826,NCM
BKSY,BlackSky Technology Inc.,Industrials,Small-Cap,1023258,NYQ
JMIA,Jumia Technologies AG,Consumer Cyclical,Small-Cap,1655582,NYQ
LAR,Lithium Argentina AG,Basic Materials,Small-Cap,1834925,NYQ
HTLD,"Heartland Express, Inc.",Industrials,Small-Cap,727047,NMS
PCT,"PureCycle Technologies, Inc.",Industrials,Small-Cap,4328017,NCM
BZH,"Beazer Homes USA, Inc.",Consumer Cyclical,Small-Cap,706457,NYQ
SANA,"Sana Biotechnology, Inc.",Healthcare,Small-Cap,3047787,NMS
BRBR,"BellRing Brands, Inc.",Consumer Defensive,Small-Cap,3777023,NYQ
KOPN,Kopin Corporation,Technology,Small-Cap,3933984,NCM
OXLC,Oxford Lane Capital Corp.,Financial Services,Small-Cap,898690,NGM
ANGX,"Angel Studios, Inc.",Communication Services,Small-Cap,1655187,NYQ
OI,"O-I Glass, Inc.",Consumer Cyclical,Small-Cap,3451896,NYQ
SATL,Satellogic Inc.,Industrials,Small-Cap,5224703,NCM
CYRX,"CryoPort, Inc.",Industrials,Small-Cap,603768,NCM
ARDX,"Ardelyx, Inc.",Healthcare,Small-Cap,4040338,NGM
BW,"Babcock & Wilcox Enterprises, I",Industrials,Small-Cap,4660544,NYQ
BUR,Burford Capital Limited,Financial Services,Small-Cap,1829741,NYQ
SABR,Sabre Corporation,Technology,Small-Cap,4429958,NMS
TTI,"Tetra Technologies, Inc.",Energy,Small-Cap,1815123,NYQ
NNE,Nano Nuclear Energy Inc.,Industrials,Small-Cap,1933976,NCM
PUBM,"PubMatic, Inc.",Technology,Small-Cap,665561,NGM
BTGO,"BitGo Holdings, Inc.",Financial Services,Small-Cap,1607647,NYQ
RZLV,Rezolve AI PLC,Technology,Small-Cap,13273122,NGM
CIM,Chimera Investment Corporation,Real Estate,Small-Cap,942855,NYQ
NAVI,Navient Corporation,Financial Services,Small-Cap,1212506,NMS
OGG,Osisko Gold Group Inc.,Basic Materials,Small-Cap,1845768,NYQ
SIBN,"SI-BONE, Inc.",Healthcare,Small-Cap,553225,NGM
EVLV,"Evolv Technologies Holdings, In",Industrials,Small-Cap,1988193,NCM
SMPL,The Simply Good Foods Company,Consumer Defensive,Small-Cap,2362453,NCM
RERE,ATRenew Inc.,Consumer Cyclical,Small-Cap,891857,NYQ
HIVE,HIVE Digital Technologies Ltd,Financial Services,Small-Cap,17433249,NCM
DC,Dakota Gold Corp.,Basic Materials,Small-Cap,1395101,ASE
DAKT,"Daktronics, Inc.",Technology,Small-Cap,566128,NMS
NUAI,"New Era Energy & Digital, Inc.",Technology,Small-Cap,7299706,NGM
CODI,D/B/A Compass Diversified Holdi,Industrials,Small-Cap,655401,NYQ
CADL,"Candel Therapeutics, Inc.",Healthcare,Small-Cap,1247019,NGM
AOSL,Alpha and Omega Semiconductor L,Technology,Small-Cap,598730,NMS
LXRX,"Lexicon Pharmaceuticals, Inc.",Healthcare,Small-Cap,2965828,NCM
PLTK,Playtika Holding Corp.,Communication Services,Small-Cap,1459576,NMS
SVC,Service Properties Trust,Real Estate,Small-Cap,1667066,NMS
BLZE,"Backblaze, Inc.",Technology,Small-Cap,2511677,NGM
QFIN,"Qfin Holdings, Inc.",Financial Services,Small-Cap,2024757,NMS
QNST,"QuinStreet, Inc.",Communication Services,Small-Cap,974555,NMS
TIGR,UP Fintech Holding Limited,Financial Services,Small-Cap,2124296,NMS
INMD,InMode Ltd.,Healthcare,Small-Cap,516988,NMS
AVTX,"Avalo Therapeutics, Inc.",Healthcare,Small-Cap,956642,NCM
NAK,"Northern Dynasty Minerals, Ltd.",Basic Materials,Small-Cap,4204653,ASE
ODD,ODDITY Tech Ltd.,Consumer Defensive,Small-Cap,1127358,NGM
RPC,"Ridgepost Capital, Inc.",Financial Services,Small-Cap,553725,NYQ
MFA,"MFA Financial, Inc.",Real Estate,Small-Cap,1555411,NYQ
GRPN,"Groupon, Inc.",Communication Services,Small-Cap,1340580,NMS
DNA,"Ginkgo Bioworks Holdings, Inc.",Healthcare,Small-Cap,1385666,NYQ
LWLG,"Lightwave Logic, Inc.",Basic Materials,Small-Cap,2941100,NCM
ANNX,"Annexon, Inc.",Healthcare,Small-Cap,3276680,NMS
ARI,Apollo Commercial Real Estate F,Real Estate,Small-Cap,3903133,NYQ
IVA,Inventiva S.A. - American Depos,Healthcare,Small-Cap,1380607,NGM
SXC,"SunCoke Energy, Inc.",Basic Materials,Small-Cap,1330706,NYQ
FDMT,"4D Molecular Therapeutics, Inc.",Healthcare,Small-Cap,894388,NMS
ABR,Arbor Realty Trust,Real Estate,Small-Cap,4257241,NYQ
GERN,Geron Corporation,Healthcare,Small-Cap,10321009,NMS
ACHV,"Achieve Life Sciences, Inc.",Healthcare,Small-Cap,1458725,NCM
GCMG,GCM Grosvenor Inc.,Financial Services,Small-Cap,500353,NGM
VREX,Varex Imaging Corporation,Healthcare,Small-Cap,837914,NMS
ACRS,"Aclaris Therapeutics, Inc.",Healthcare,Small-Cap,2175358,NMS
CSIQ,Canadian Solar Inc.,Technology,Small-Cap,2022131,NMS
ACDC,ProFrac Holding Corp.,Energy,Small-Cap,1569811,NMS
ABX,"Abacus Global Management, Inc.",Financial Services,Small-Cap,610879,NYQ
JBGS,JBG SMITH Properties,Real Estate,Small-Cap,863623,NYQ
DSGN,"Design Therapeutics, Inc.",Healthcare,Small-Cap,627265,NMS
RPD,"Rapid7, Inc.",Technology,Small-Cap,2322653,NGM
DQ,DAQO New Energy Corp.,Technology,Small-Cap,882392,NYQ
FOXF,Fox Factory Holding Corp.,Consumer Cyclical,Small-Cap,527277,NMS
GILT,Gilat Satellite Networks Ltd.,Technology,Small-Cap,533225,NMS
MNTN,"MNTN, Inc.",Technology,Small-Cap,989757,NYQ
NABL,"N-able, Inc.",Technology,Small-Cap,2561826,NYQ
PHK,N/A,Financial Services,Small-Cap,1139680,NYQ
SLDB,Solid Biosciences Inc.,Healthcare,Small-Cap,1126092,NMS
AHCO,AdaptHealth Corp.,Healthcare,Small-Cap,2816661,NCM
ASC,Ardmore Shipping Corporation,Industrials,Small-Cap,598549,NYQ
MITK,"Mitek Systems, Inc.",Technology,Small-Cap,685976,NCM
SSYS,"Stratasys, Ltd.",Technology,Small-Cap,656114,NMS
CGBD,"Carlyle Secured Lending, Inc.",Financial Services,Small-Cap,536120,NMS
WGO,"Winnebago Industries, Inc.",Consumer Cyclical,Small-Cap,554788,NYQ
GOOS,Canada Goose Holdings Inc. Subo,Consumer Cyclical,Small-Cap,782607,NYQ
TASK,"TaskUs, Inc.",Technology,Small-Cap,681073,NMS
IMMX,"Immix Biopharma, Inc.",Healthcare,Small-Cap,1693842,NCM
OLMA,"Olema Pharmaceuticals, Inc.",Healthcare,Small-Cap,1085784,NMS
REF,Reformation Inc.,Consumer Cyclical,Small-Cap,675695,NYQ
CTKB,"Cytek Biosciences, Inc.",Healthcare,Small-Cap,996317,NMS
BLDP,"Ballard Power Systems, Inc.",Industrials,Small-Cap,4135661,NGM
AVR,Anteris Technologies Global Cor,Healthcare,Small-Cap,873474,NGM
QDEL,QuidelOrtho Corporation,Healthcare,Small-Cap,1405723,NMS
ETRA,"Electra Therapeutics, Inc.",Healthcare,Small-Cap,1157000,NMS
VSTM,"Verastem, Inc.",Healthcare,Small-Cap,2262849,NCM
MFIC,MidCap Financial Investment Cor,Financial Services,Small-Cap,548420,NMS
WYFI,"WhiteFiber, Inc.",Technology,Small-Cap,2339673,NCM
NRGV,"Energy Vault Holdings, Inc.",Utilities,Small-Cap,4532920,NYQ
PAYS,"Paysign, Inc.",Technology,Small-Cap,729857,NCM
FINV,FinVolution Group,Financial Services,Small-Cap,842958,NYQ
SWIM,"Latham Group, Inc.",Industrials,Small-Cap,827947,NMS
HYLN,Hyliion Holdings Corp.,Consumer Cyclical,Small-Cap,2590742,ASE
WVE,"Wave Life Sciences, Inc.",Healthcare,Small-Cap,3068184,NGM
MQY,Blackrock MuniYield Quality Fun,Financial Services,Small-Cap,624974,NYQ
ADAM,"Adamas Trust, Inc.",Real Estate,Small-Cap,963695,NMS
SOPH,SOPHiA GENETICS SA,Healthcare,Small-Cap,521769,NMS
GROY,Gold Royalty Corp.,Basic Materials,Small-Cap,2022544,ASE
LPTH,"LightPath Technologies, Inc.",Technology,Small-Cap,2970522,NCM
MOMO,Hello Group Inc.,Communication Services,Small-Cap,711763,NMS
BLMN,"Bloomin' Brands, Inc.",Consumer Cyclical,Small-Cap,2158722,NMS
LXU,"LSB Industries, Inc.",Basic Materials,Small-Cap,801877,NYQ
OABI,"OmniAb, Inc.",Healthcare,Small-Cap,1414396,NGM
INDI,"indie Semiconductor, Inc.",Technology,Small-Cap,5868811,NCM
PFLT,PennantPark Floating Rate Capit,Financial Services,Small-Cap,994180,NYQ
CCXI,Churchill Capital Corp XI,Financial Services,Small-Cap,2723349,NGM
EVEX,"Eve Holding, Inc.",Industrials,Small-Cap,986955,NYQ
GPRK,Geopark Ltd,Energy,Small-Cap,694185,NYQ
GEMI,"Gemini Space Station, Inc.",Financial Services,Small-Cap,2231111,NMS
COLL,"Collegium Pharmaceutical, Inc.",Healthcare,Small-Cap,735988,NMS
OBE,Obsidian Energy Ltd.,Energy,Small-Cap,830296,ASE
IRWD,"Ironwood Pharmaceuticals, Inc.",Healthcare,Small-Cap,2105703,NMS
ZVRA,"Zevra Therapeutics, Inc.",Healthcare,Small-Cap,1163022,NMS
IVR,INVESCO MORTGAGE CAPITAL INC,Real Estate,Small-Cap,2872287,NYQ
SMWB,Similarweb Ltd.,Technology,Small-Cap,849700,NYQ
LINC,Lincoln Educational Services Co,Consumer Defensive,Small-Cap,877293,NMS
SLN,Silence Therapeutics Plc - Amer,Healthcare,Small-Cap,1088952,NGM
MDXG,"MiMedx Group, Inc",Healthcare,Small-Cap,1237180,NCM
PZZA,"Papa John's International, Inc.",Consumer Cyclical,Small-Cap,1391134,NMS
EVC,Entravision Communications Corp,Communication Services,Small-Cap,1476869,NYQ
CLYM,"Climb Bio, Inc.",Healthcare,Small-Cap,1408311,NGM
PROK,ProKidney Corp.,Healthcare,Small-Cap,1315812,NCM
EVER,"EverQuote, Inc.",Communication Services,Small-Cap,753206,NGM
HNRG,Hallador Energy Company,Utilities,Small-Cap,732601,NCM
STTK,"Shattuck Labs, Inc.",Healthcare,Small-Cap,1184593,NMS
NMFC,New Mountain Finance Corporatio,Financial Services,Small-Cap,520095,NMS
SOC,Sable Offshore Corp.,Energy,Small-Cap,9103565,NYQ
STLN,"Starling Oncology, Inc.",Healthcare,Small-Cap,1594888,NCM
WOOF,Petco Health and Wellness Compa,Consumer Cyclical,Small-Cap,2004763,NMS
SUPV,Grupo Supervielle S.A.,Financial Services,Small-Cap,541422,NYQ
TRON,Tron Inc.,Consumer Cyclical,Small-Cap,871792,NCM
MATV,"Mativ Holdings, Inc.",Basic Materials,Small-Cap,548539,NYQ
NFGC,New Found Gold Corp,Basic Materials,Small-Cap,1285341,ASE
PRTH,"Priority Technology Holdings, I",Technology,Small-Cap,970588,NCM
TROX,Tronox Holdings plc,Basic Materials,Small-Cap,2494668,NYQ
AURA,"Aura Biosciences, Inc.",Healthcare,Small-Cap,731290,NGM
GLAS,Glass House Brands Inc. Subordi,Healthcare,Small-Cap,673703,NYQ
INN,"Summit Hotel Properties, Inc.",Real Estate,Small-Cap,967185,NYQ
FWRG,"First Watch Restaurant Group, I",Consumer Cyclical,Small-Cap,1116114,NMS
HPP,"Hudson Pacific Properties, Inc.",Real Estate,Small-Cap,681266,NYQ
YEXT,"Yext, Inc.",Technology,Small-Cap,1026934,NYQ
UAMY,United States Antimony Corporat,Basic Materials,Small-Cap,6094868,NYQ
SWBI,"Smith & Wesson Brands, Inc.",Industrials,Small-Cap,532550,NMS
SHEN,Shenandoah Telecommunications C,Communication Services,Small-Cap,682926,NMS
CGNT,Cognyte Software Ltd.,Technology,Small-Cap,578374,NMS
GDYN,"Grid Dynamics Holdings, Inc.",Technology,Small-Cap,1415438,NCM
PFN,PIMCO Income Strategy Fund II,Financial Services,Small-Cap,542463,NYQ
PHR,"Phreesia, Inc.",Healthcare,Small-Cap,755187,NYQ
CRMD,CorMedix Inc.,Healthcare,Small-Cap,1060038,NGM
ARRY,"Array Technologies, Inc.",Technology,Small-Cap,6734031,NGM
CTMX,"CytomX Therapeutics, Inc.",Healthcare,Small-Cap,3407939,NMS
HTZ,"Hertz Global Holdings, Inc",Industrials,Small-Cap,28349303,NMS
FWDI,"Forward Industries, Inc.",Consumer Cyclical,Small-Cap,1653353,NCM
MAMA,"Mama's Creations, Inc.",Consumer Defensive,Small-Cap,667133,NCM
ENVX,Enovix Corporation,Industrials,Small-Cap,7299588,NMS
BTBT,"Bit Digital, Inc.",Financial Services,Small-Cap,27583274,NCM
PHAT,"Phathom Pharmaceuticals, Inc.",Healthcare,Small-Cap,1371457,NMS
MATW,Matthews International Corporat,Industrials,Small-Cap,742742,NMS
AGNT,"AGNT, Inc.",Real Estate,Small-Cap,1534514,NGM
VTEX,VTEX,Technology,Small-Cap,797576,NYQ
EGY,"VAALCO Energy, Inc.",Energy,Small-Cap,1261941,NYQ
WEAV,"Weave Communications, Inc.",Healthcare,Small-Cap,2781193,NYQ
DDD,3D Systems Corporation,Technology,Small-Cap,2681868,NYQ
ELMT,The Elmet Group Co.,Industrials,Small-Cap,675220,NCM
SGMT,Sagimet Biosciences Inc. - Seri,Healthcare,Small-Cap,1230076,NGM
AQST,"Aquestive Therapeutics, Inc.",Healthcare,Small-Cap,2669631,NGM
ALT,"Altimmune, Inc.",Healthcare,Small-Cap,4145450,NGM
AHRT,"AH Realty Trust, Inc.",Real Estate,Small-Cap,842879,NYQ
KRNY,Kearny Financial,Financial Services,Small-Cap,580012,NMS
PACB,Pacific Biosciences of Californ,Healthcare,Small-Cap,8549912,NMS
MPLT,"MapLight Therapeutics, Inc.",Healthcare,Small-Cap,865936,NMS
BAK,Braskem SA,Basic Materials,Small-Cap,2086946,NYQ
JBI,"Janus International Group, Inc.",Industrials,Small-Cap,1762753,NYQ
GRNT,"Granite Ridge Resources, Inc.",Energy,Small-Cap,1140912,NYQ
ADTN,"ADTRAN Holdings, Inc.",Technology,Small-Cap,1943071,NMS
ALLO,"Allogene Therapeutics, Inc.",Healthcare,Small-Cap,6055596,NMS
CDNL,Cardinal Infrastructure Group I,Industrials,Small-Cap,699946,NMS
HNST,"The Honest Company, Inc.",Consumer Defensive,Small-Cap,2178125,NMS
ACP,Aberdeen Income Credit Strategi,Financial Services,Small-Cap,686833,NYQ
XMAX,"XMAX, Inc.",Consumer Cyclical,Small-Cap,644934,NCM
SPT,"Sprout Social, Inc",Technology,Small-Cap,1175204,NCM
ALOY,REalloys Inc.,Basic Materials,Small-Cap,2471246,NCM
PRME,"Prime Medicine, Inc.",Healthcare,Small-Cap,3209826,NGM
TLRY,"Tilray Brands, Inc.",Healthcare,Small-Cap,4083893,NMS
PAR,PAR Technology Corporation,Technology,Small-Cap,914038,NYQ
TMQ,Trilogy Metals Inc.,Basic Materials,Small-Cap,1337407,ASE
CARS,Cars.com Inc.,Communication Services,Small-Cap,636563,NYQ
SPPP,"""Sprott Physical Platinum and P",N/A,Small-Cap,610636,ASE
FBRT,"Franklin BSP Realty Trust, Inc.",Real Estate,Small-Cap,1792241,NYQ
RYAM,Rayonier Advanced Materials Inc,Basic Materials,Small-Cap,881233,NYQ
NRDS,"NerdWallet, Inc.",Communication Services,Small-Cap,695206,NGM
METC,"Ramaco Resources, Inc.",Basic Materials,Small-Cap,2047317,NMS
ITRG,Integra Resources Corp.,Basic Materials,Small-Cap,2459503,ASE
GMRS,GMR Solutions Inc.,Healthcare,Small-Cap,806149,NYQ
ETD,Ethan Allen Interiors Inc.,Consumer Cyclical,Small-Cap,539011,NYQ
SENS,"Senseonics Holdings, Inc.",Healthcare,Small-Cap,677587,NMS
EOLS,"Evolus, Inc. Common Stock",Healthcare,Small-Cap,887304,NGM
HUYA,HUYA Inc.,Communication Services,Small-Cap,946998,NYQ
WTI,"W&T Offshore, Inc.",Energy,Small-Cap,3911622,NYQ
SLDP,"Solid Power, Inc.",Consumer Cyclical,Small-Cap,3289830,NMS
IMSR,Terrestrial Energy Inc.,Utilities,Small-Cap,1603749,NMS
LAES,SEALSQ Corp,Technology,Small-Cap,9328823,NMS
MEI,"Methode Electronics, Inc.",Technology,Small-Cap,665034,NYQ
WNC,Wabash National Corporation,Industrials,Small-Cap,1063879,NYQ
GAU,Galiano Gold Inc.,Basic Materials,Small-Cap,2728498,ASE
OPFI,OppFi Inc.,Financial Services,Small-Cap,871574,NYQ
JKS,JinkoSolar Holding Company Limi,Technology,Small-Cap,733409,NYQ
FWRD,Forward Air Corporation,Industrials,Small-Cap,617753,NMS
NB,NioCorp Developments Ltd.,Basic Materials,Small-Cap,3039134,NGM
DNUT,"Krispy Kreme, Inc.",Consumer Defensive,Small-Cap,2630812,NMS
ORBS,Eightco Holdings Inc.,Consumer Cyclical,Small-Cap,13410687,NCM
BRSP,"BrightSpire Capital, Inc.",Real Estate,Small-Cap,1492131,NYQ
ONT,"Onterris, Inc.",Industrials,Small-Cap,689963,NYQ
CAPR,"Capricor Therapeutics, Inc.",Healthcare,Small-Cap,6793747,NMS
WRN,Western Copper and Gold Corpora,Basic Materials,Small-Cap,1208946,ASE
MAX,"MediaAlpha, Inc.",Communication Services,Small-Cap,852485,NYQ
RGNX,REGENXBIO Inc.,Healthcare,Small-Cap,1589904,NMS
CERS,Cerus Corporation,Healthcare,Small-Cap,2226233,NGM
SWRD,STEWARDS INC,Financial Services,Small-Cap,2257243,NCM
AUTL,Autolus Therapeutics plc,Healthcare,Small-Cap,2063323,NMS
BDN,Brandywine Realty Trust,Real Estate,Small-Cap,1931825,NYQ
FPI,Farmland Partners Inc.,Real Estate,Small-Cap,538842,NYQ
TRTX,"TPG RE Finance Trust, Inc.",Real Estate,Small-Cap,878271,NYQ
OVID,Ovid Therapeutics Inc.,Healthcare,Small-Cap,1622674,NCM
RWT,"Redwood Trust, Inc.",Real Estate,Small-Cap,4679076,NYQ
OIS,"Oil States International, Inc.",Energy,Small-Cap,613014,NYQ
ARVN,"Arvinas, Inc.",Healthcare,Small-Cap,786998,NMS
AMCX,AMC Global Media Inc.,Communication Services,Small-Cap,655547,NMS
ECC,Eagle Point Credit Company Inc.,Financial Services,Small-Cap,851507,NYQ
CMCO,Columbus McKinnon Corporation,Industrials,Small-Cap,554547,NMS
GTN,"Gray Media, Inc.",Communication Services,Small-Cap,1104684,NYQ
ENTX,Entera Bio Ltd.,Healthcare,Small-Cap,1822358,NCM
ARKO,ARKO Corp.,Consumer Cyclical,Small-Cap,911142,NCM
VRRM,Verra Mobility Corporation,Technology,Small-Cap,5535903,NCM
SPCE,"Virgin Galactic Holdings, Inc.",Industrials,Small-Cap,7781001,NYQ
MRAM,"Everspin Technologies, Inc.",Technology,Small-Cap,1105333,NGM
AGEN,Agenus Inc.,Healthcare,Small-Cap,4288066,NCM
SRTA,"Strata Critical Medical, Inc.",Healthcare,Small-Cap,941987,NCM
CLB,Core Laboratories Inc.,Energy,Small-Cap,640492,NYQ
TWI,"Titan International, Inc. (DE)",Industrials,Small-Cap,550111,NYQ
WCT,Wellchange Holdings Company Lim,Technology,Micro-Cap,561171,NCM
URG,Ur Energy Inc,Energy,Small-Cap,6415346,ASE
SLI,Standard Lithium Ltd.,Basic Materials,Small-Cap,1784201,ASE
VVR,Invesco Senior Income Trust  (D,Financial Services,Small-Cap,705723,NYQ
ASTL,Algoma Steel Group Inc.,Basic Materials,Small-Cap,1060412,NGM
SPIR,"Spire Global, Inc.",Industrials,Small-Cap,687522,NYQ
SPRY,"ARS Pharmaceuticals, Inc.",Healthcare,Small-Cap,1855138,NGM
MNRO,"Monro, Inc.",Consumer Cyclical,Small-Cap,1025609,NMS
DGXX,Digi Power X Inc.,Utilities,Small-Cap,3140628,NCM
GORO,Goldgroup Mining Inc.,Basic Materials,Small-Cap,1454740,ASE
ASPN,"Aspen Aerogels, Inc.",Basic Materials,Small-Cap,1157749,NYQ
CAL,"Caleres, Inc.",Consumer Cyclical,Small-Cap,516488,NYQ
KYTX,"Kyverna Therapeutics, Inc.",Healthcare,Small-Cap,912274,NMS
ECX,ECARX Holdings Inc.,Consumer Cyclical,Small-Cap,911542,NGM
KDK,"Kodiak AI, Inc.",Technology,Small-Cap,2033095,NGM
EVGO,EVgo Inc.,Consumer Cyclical,Small-Cap,3720801,NMS
MEC,"Mayville Engineering Company, I",Industrials,Small-Cap,578311,NYQ
CGC,Canopy Growth Corporation,Healthcare,Small-Cap,2853090,NMS
BTQ,BTQ Technologies Corp.,Technology,Small-Cap,2007765,NGM
MYGN,"Myriad Genetics, Inc.",Healthcare,Small-Cap,1972273,NMS
LAND,Gladstone Land Corporation,Real Estate,Small-Cap,679101,NGM
ASPI,ASP Isotopes Inc.,Basic Materials,Small-Cap,3941274,NCM
XRX,Xerox Holdings Corporation,Industrials,Small-Cap,2913826,NMS
CYH,"Community Health Systems, Inc.",Healthcare,Small-Cap,1542187,NYQ
GLOO,"Gloo Holdings, Inc.",Technology,Small-Cap,675320,NMS
IRD,"Opus Genetics, Inc.",Healthcare,Small-Cap,2309287,NCM
TRX,TRX Gold Corporation,Basic Materials,Small-Cap,2796826,ASE
RLMD,"Relmada Therapeutics, Inc.",Healthcare,Small-Cap,1342171,NCM
SERV,Serve Robotics Inc.,Industrials,Small-Cap,3677830,NCM
EDIT,"Editas Medicine, Inc.",Healthcare,Small-Cap,2477541,NMS
RZLT,"Rezolute, Inc.",Healthcare,Small-Cap,1432103,NCM
EVH,"Evolent Health, Inc",Healthcare,Small-Cap,3013266,NYQ
CCCC,"C4 Therapeutics, Inc.",Healthcare,Small-Cap,2480979,NMS
BMBL,Bumble Inc.,Communication Services,Small-Cap,2415849,NMS
ACCO,Acco Brands Corporation,Industrials,Small-Cap,679407,NYQ
ARCT,Arcturus Therapeutics Holdings ,Healthcare,Small-Cap,922049,NGM
VITL,"Vital Farms, Inc.",Consumer Defensive,Small-Cap,1593749,NGM
OPTU,"Optimum Communications, Inc.",Communication Services,Small-Cap,3700058,NYQ
ZURA,Zura Bio Limited,Healthcare,Small-Cap,1342787,NCM
GRRR,Gorilla Technology Group Inc.,Technology,Small-Cap,994850,NCM
VFF,"Village Farms International, In",Consumer Defensive,Small-Cap,876825,NCM
INDP,"Indaptus Therapeutics, Inc.",Healthcare,Small-Cap,819044,NCM
OPRT,Oportun Financial Corporation,Financial Services,Small-Cap,521652,NMS
CCOI,"Cogent Communications Holdings,",Communication Services,Small-Cap,1782850,NMS
QNC,Quantum eMotion Corp.,Technology,Small-Cap,897942,ASE
CLPT,ClearPoint Neuro Inc.,Healthcare,Small-Cap,622087,NCM
BKKT,"Bakkt, Inc.",Technology,Small-Cap,1248792,NYQ
OCGN,"Ocugen, Inc.",Healthcare,Small-Cap,5873698,NCM
SUJA,"Suja Life, Inc.",Consumer Defensive,Small-Cap,584788,NMS
KREF,KKR Real Estate Finance Trust I,Real Estate,Small-Cap,936360,NYQ
FOSL,"Fossil Group, Inc.",Consumer Cyclical,Small-Cap,863314,NMS
AIOT,"PowerFleet, Inc.",Technology,Small-Cap,1739212,NGM
REAX,Real REMAX Group Inc.,Real Estate,Small-Cap,730088,NCM
SHOE,"Shoe Station Group, Inc.",Consumer Cyclical,Small-Cap,970406,NMS
EBS,Emergent BioSolutions Inc.,Healthcare,Small-Cap,1118715,NYQ
RR,Richtech Robotics Inc.,Industrials,Small-Cap,5777761,NCM
CYPH,Cypherpunk Technologies Inc.,Financial Services,Small-Cap,9364838,NCM
CLNE,Clean Energy Fuels Corp.,Energy,Small-Cap,1833065,NMS
USDE,StablecoinX Inc.,Financial Services,Small-Cap,4797133,NCM
VELO,"Velo3D, Inc.",Technology,Small-Cap,1405790,NCM
IMXI,"International Money Express, In",Technology,Small-Cap,585712,NCM
DSX,Diana Shipping inc.,Industrials,Small-Cap,954241,NYQ
ERII,"Energy Recovery, Inc.",Industrials,Small-Cap,927780,NMS
CRNC,Cerence Inc.,Technology,Small-Cap,676604,NMS
SVIA,"Silvia, Inc.",Financial Services,Small-Cap,1410390,NGM
BRBS,"Blue Ridge Bankshares, Inc.",Financial Services,Small-Cap,914688,ASE
GTE,Gran Tierra Energy Inc.,Energy,Small-Cap,906785,ASE
TCPC,BlackRock TCP Capital Corp.,Financial Services,Small-Cap,745155,NMS
LVWR,"LiveWire Group, Inc.",Consumer Cyclical,Small-Cap,4276834,NYQ
SFIX,"Stitch Fix, Inc.",Consumer Cyclical,Small-Cap,2135055,NMS
CABA,"Cabaletta Bio, Inc.",Healthcare,Small-Cap,4838777,NMS
LTRX,"Lantronix, Inc.",Technology,Small-Cap,1019774,NCM
ORN,"Orion Group Holdings, Inc.",Industrials,Small-Cap,524719,NYQ
REI,"Ring Energy, Inc.",Energy,Small-Cap,3986765,ASE
SNDL,SNDL Inc.,Consumer Defensive,Small-Cap,1567538,NCM
ALIT,"Alight, Inc.",Technology,Small-Cap,577014,NYQ
NNDM,Nano Dimension Ltd.,Technology,Small-Cap,2086765,NCM
EH,EHang Holdings Limited,Industrials,Small-Cap,774215,NGM
FIP,FTAI Infrastructure Inc.,Industrials,Small-Cap,1292446,NMS
IHRT,"iHeartMedia, Inc.",Communication Services,Small-Cap,634107,NMS
BIOA,"BioAge Labs, Inc.",Healthcare,Small-Cap,861965,NMS
GEVO,"Gevo, Inc.",Basic Materials,Small-Cap,3075315,NCM
CWH,"Camping World Holdings, Inc.",Consumer Cyclical,Small-Cap,2025185,NYQ
LRMR,"Larimar Therapeutics, Inc.",Healthcare,Small-Cap,1363749,NGM
EMBC,Embecta Corp.,Healthcare,Small-Cap,1405150,NMS
AIV,Apartment Investment and Manage,Real Estate,Small-Cap,1403217,NYQ
EGHT,8x8 Inc,Technology,Small-Cap,1663425,NMS
NNBR,"NN, Inc.",Industrials,Small-Cap,2208603,NMS
DBI,Designer Brands Inc.,Consumer Cyclical,Small-Cap,582323,NYQ
ELVA,Electrovaya Inc.,Industrials,Small-Cap,1037198,NCM
RBBN,Ribbon Communications Inc.,Technology,Small-Cap,840549,NMS
BBW,"Build-A-Bear Workshop, Inc.",Consumer Cyclical,Small-Cap,587903,NYQ
ABAT,American Battery Technology Com,Industrials,Small-Cap,3488182,NCM
HRZN,Horizon Technology Finance Corp,Financial Services,Small-Cap,630812,NMS
CDZI,"Cadiz, Inc.",Industrials,Small-Cap,1076353,NGM
FVRR,Fiverr International Ltd.,Communication Services,Small-Cap,685384,NYQ
EVMN,"Evommune, Inc.",Healthcare,Small-Cap,674536,NYQ
VNDA,Vanda Pharmaceuticals Inc.,Healthcare,Small-Cap,950592,NGM
GOGO,Gogo Inc.,Communication Services,Small-Cap,1723817,NMS
SHMD,SCHMID Group N.V.,Industrials,Small-Cap,932215,NGM
TLS,Telos Corporation,Technology,Small-Cap,567817,NGM
HLLY,Holley Inc.,Consumer Cyclical,Small-Cap,1042136,NYQ
FNKO,"Funko, Inc.",Consumer Cyclical,Small-Cap,1098463,NMS
IPSC,"Century Therapeutics, Inc.",Healthcare,Small-Cap,641265,NCM
ABEO,Abeona Therapeutics Inc.,Healthcare,Small-Cap,1429865,NCM
CATX,"Perspective Therapeutics, Inc.",Healthcare,Small-Cap,1619009,ASE
AIRJ,AirJoule Technologies Corporati,Industrials,Small-Cap,1345920,NCM
XFOR,"X4 Pharmaceuticals, Inc.",Healthcare,Small-Cap,838604,NCM
TJGC,TJGC Group Limited,Communication Services,Small-Cap,1128049,NCM
TDUP,ThredUp Inc.,Consumer Cyclical,Small-Cap,2413249,NMS
SLNH,"Soluna Holdings, Inc.",Financial Services,Small-Cap,10125834,NCM
NXH,"Neighborhood Intelligence, Inc.",Consumer Cyclical,Small-Cap,2394900,NMS
EYPT,"EyePoint, Inc.",Healthcare,Small-Cap,3913576,NGM
QTTB,Q32 Bio Inc.,Healthcare,Micro-Cap,1339326,NCM
UPB,"Upstream Bio, Inc.",Healthcare,Small-Cap,585858,NMS
RCKT,"Rocket Pharmaceuticals, Inc.",Healthcare,Small-Cap,1713596,NGM
DUOT,"Duos Technologies Group, Inc.",Technology,Small-Cap,918144,NCM
IKT,"Inhibikase Therapeutics, Inc.",Healthcare,Small-Cap,680544,NCM
FULC,"Fulcrum Therapeutics, Inc.",Healthcare,Small-Cap,1595401,NGM
RWAY,Runway Growth Finance Corp.,Financial Services,Small-Cap,519476,NMS
LAB,Standard BioTools Inc.,Healthcare,Small-Cap,1693276,NMS
ALTO,"Alto Ingredients, Inc.",Basic Materials,Small-Cap,1796165,NCM
TSSI,"TSS, Inc.",Technology,Small-Cap,885503,NCM
FATE,"Fate Therapeutics, Inc.",Healthcare,Small-Cap,1942400,NGM
ZIP,"ZipRecruiter, Inc.",Communication Services,Small-Cap,809769,NYQ
IFRX,InflaRx N.V.,Healthcare,Small-Cap,827012,NMS
FUBO,fuboTV Inc.,Communication Services,Small-Cap,1402246,NYQ
GPRO,"GoPro, Inc.",Technology,Small-Cap,34044579,NMS
SY,So-Young International Inc. - A,Healthcare,Small-Cap,518295,NCM
LDI,"loanDepot, Inc.",Financial Services,Small-Cap,4140926,NYQ
POWW,Outdoor Holding Company,Industrials,Small-Cap,626792,NCM
CAN,Canaan Inc.,Technology,Small-Cap,16045519,NCM
LXEO,"Lexeo Therapeutics, Inc.",Healthcare,Small-Cap,1126484,NGM
IMRX,Immuneering Corporation,Healthcare,Small-Cap,716804,NGM
SWMR,"Swarmer, Inc",Technology,Micro-Cap,564209,NCM
JACK,Jack In The Box Inc.,Consumer Cyclical,Micro-Cap,737239,NMS
CMRC,"Commerce.com, Inc. - Series 1",Technology,Small-Cap,1030949,NGM
PTLO,Portillo's Inc.,Consumer Cyclical,Small-Cap,1318566,NMS
ACB,Aurora Cannabis Inc.,Healthcare,Micro-Cap,1303241,NCM
PDYN,Palladyne AI Corp.,Technology,Small-Cap,953738,NGM
CHPT,"ChargePoint Holdings, Inc.",Consumer Cyclical,Micro-Cap,1708509,NYQ
HITI,High Tide Inc.,Healthcare,Micro-Cap,565207,NCM
MVST,"Microvast Holdings, Inc.",Consumer Cyclical,Micro-Cap,6275923,NCM
PALI,"Palisade Bio, Inc.",Healthcare,Small-Cap,2748022,NCM
SLE,"Super League Enterprise, Inc.",Communication Services,Micro-Cap,1320553,NCM
BGS,"B&G Foods, Inc.",Consumer Defensive,Micro-Cap,2188449,NYQ
AKBA,"Akebia Therapeutics, Inc.",Healthcare,Micro-Cap,6051976,NCM
IVVD,"Invivyd, Inc.",Healthcare,Micro-Cap,4731773,NGM
BLND,"Blend Labs, Inc.",Technology,Micro-Cap,2236688,NYQ
CNDT,Conduent Incorporated,Technology,Small-Cap,989912,NMS
ZNTL,"Zentalis Pharmaceuticals, Inc.",Healthcare,Micro-Cap,1176192,NGM
SIGA,SIGA Technologies Inc.,Healthcare,Micro-Cap,719430,NGM
ALMU,"Aeluma, Inc.",Technology,Small-Cap,538160,NCM
BNC,CEA Industries Inc.,Industrials,Micro-Cap,1920207,NCM
MGNX,"MacroGenics, Inc.",Healthcare,Micro-Cap,627577,NMS
SSP,E.W. Scripps Company (The),Communication Services,Small-Cap,633500,NMS
PYXS,"Pyxis Oncology, Inc.",Healthcare,Micro-Cap,1257258,NMS
IMMR,Immersion Corporation,Technology,Micro-Cap,505884,NMS
LCTX,"Lineage Cell Therapeutics, Inc.",Healthcare,Micro-Cap,1132758,ASE
AIAI,AIAI Holdings Corporation,Industrials,Micro-Cap,548634,NGM
ANGI,Angi Inc.,Communication Services,Micro-Cap,771184,NMS
NAGE,"Niagen Bioscience, Inc.",Consumer Defensive,Micro-Cap,583406,NCM
PRQR,ProQR Therapeutics N.V.,Healthcare,Micro-Cap,875992,NCM
KLC,"KinderCare Learning Companies, ",Consumer Defensive,Micro-Cap,759342,NYQ
DPRO,Draganfly Inc.,Industrials,Micro-Cap,1206576,NCM
VUZI,Vuzix Corporation,Technology,Small-Cap,944374,NCM
SION,"Sionna Therapeutics, Inc.",Healthcare,Micro-Cap,2175131,NGM
PLAY,"Dave & Buster's Entertainment, ",Communication Services,Micro-Cap,2063553,NMS
EU,enCore Energy Corp.,Energy,Micro-Cap,4979190,NCM
NUS,"Nu Skin Enterprises, Inc.",Consumer Defensive,Micro-Cap,567368,NYQ
SMRT,"SmartRent, Inc.",Technology,Micro-Cap,1308428,NYQ
LTBR,Lightbridge Corporation,Industrials,Micro-Cap,801630,NCM
PMA,Ming Shing Group Holdings Limit,Industrials,Micro-Cap,1012625,NCM
PLX,"Protalix BioTherapeutics, Inc. ",Healthcare,Micro-Cap,712320,ASE
AVXL,Anavex Life Sciences Corp.,Healthcare,Micro-Cap,914469,NMS
OSS,"One Stop Systems, Inc.",Technology,Micro-Cap,897831,NCM
PNNT,PennantPark Investment Corporat,Financial Services,Micro-Cap,564253,NYQ
HDSN,"Hudson Technologies, Inc.",Basic Materials,Micro-Cap,554098,NCM
NCMI,"National CineMedia, Inc.",Communication Services,Micro-Cap,1045771,NMS
XPOF,"Xponential Fitness, Inc.",Consumer Cyclical,Micro-Cap,848877,NYQ
QMLS,"QumulusAI, Inc.",Technology,Micro-Cap,500845,NGM
FIRY,Firy Inc.,Communication Services,Micro-Cap,506884,NYQ
QSI,Quantum-Si Incorporated,Healthcare,Small-Cap,3447917,NGM
GSIT,"GSI Technology, Inc.",Technology,Micro-Cap,571938,NMS
ALEC,"Alector, Inc.",Healthcare,Micro-Cap,1168201,NMS
FHTX,Foghorn Therapeutics Inc.,Healthcare,Micro-Cap,585376,NGM
RC,Ready Capital Corporation,Real Estate,Micro-Cap,1268509,NYQ
NGEN,NervGen Pharma Corp.,Healthcare,Micro-Cap,594936,NCM
GLND,Greenland Energy Company,Energy,Micro-Cap,11821941,NGM
GLDG,GoldMining Inc.,Basic Materials,Micro-Cap,674160,ASE
ELDN,"Eledon Pharmaceuticals, Inc.",Healthcare,Micro-Cap,999409,NCM
RILY,"BRC Group Holdings, Inc.",Financial Services,Micro-Cap,566153,NGM
CRDL,Cardiol Therapeutics Inc.,Healthcare,Micro-Cap,1248715,NCM
CMPX,"Compass Therapeutics, Inc.",Healthcare,Micro-Cap,3539071,NCM
EXFY,"Expensify, Inc.",Technology,Micro-Cap,919779,NMS
VLN,Valens Semiconductor Ltd.,Technology,Micro-Cap,834838,NYQ
KLTR,"Kaltura, Inc.",Technology,Micro-Cap,525150,NMS
SES,SES AI Corporation,Consumer Cyclical,Small-Cap,18536555,NYQ
ENHA,Enhanced Group Inc.,Consumer Defensive,Small-Cap,855996,NYQ
GCTS,"GCT Semiconductor Holding, Inc.",Technology,Micro-Cap,1901963,NYQ
RXST,"RxSight, Inc.",Healthcare,Micro-Cap,912017,NGM
AREC,American Resources Corporation,Industrials,Micro-Cap,2126804,NCM
TARA,"Protara Therapeutics, Inc.",Healthcare,Micro-Cap,774336,NGM
BETR,Better Home & Finance Holding C,Financial Services,Micro-Cap,587906,NGM
CNTN,"Canton Strategic Holdings, Inc.",Healthcare,Micro-Cap,762476,NCM
NKTX,"Nkarta, Inc.",Healthcare,Micro-Cap,644228,NMS
SIDU,"Sidus Space, Inc.",Industrials,Micro-Cap,4934666,NCM
DEFT,"Defi Technologies, Inc.",Financial Services,Micro-Cap,2383825,NCM
ALXO,ALX Oncology Holdings Inc.,Healthcare,Micro-Cap,1027349,NMS
NAUT,"Nautilus Biotechnology, Inc.",Healthcare,Micro-Cap,1599196,NCM
CMTG,"Claros Mortgage Trust, Inc.",Real Estate,Micro-Cap,736268,NYQ
STIM,"Neuronetics, Inc.",Healthcare,Micro-Cap,2114533,NGM
DFDV,DeFi Development Corp.,Financial Services,Micro-Cap,1530368,NCM
CHRS,"Coherus Oncology, Inc.",Healthcare,Micro-Cap,1120031,NGM
TOYO,"TOYO Co., Ltd",Technology,Micro-Cap,710850,NCM
MRLN,"Merlin, Inc.",Industrials,Micro-Cap,2139722,NGM
ORGO,Organogenesis Holdings Inc.,Healthcare,Micro-Cap,755355,NCM
LODE,Comstock Inc.,Basic Materials,Micro-Cap,1228757,ASE
CURI,CuriosityStream Inc.,Communication Services,Micro-Cap,1057549,NCM
AMPY,Amplify Energy Corp.,Energy,Micro-Cap,705906,NYQ
JELD,"JELD-WEN Holding, Inc.",Industrials,Micro-Cap,1644458,NYQ
SDEV,Stablecoin Development Corporat,Financial Services,Small-Cap,6387431,ASE
QTRX,Quanterix Corporation,Healthcare,Micro-Cap,753449,NGM
PEPG,PepGen Inc.,Healthcare,Micro-Cap,1008557,NMS
UIS,Unisys Corporation New,Technology,Micro-Cap,698544,NYQ
PLG,Platinum Group Metals Ltd.,Basic Materials,Micro-Cap,1071269,ASE
ATOM,Atomera Incorporated,Technology,Micro-Cap,535098,NCM
SITC,SITE Centers Corp.,Real Estate,Micro-Cap,1062328,NYQ
VYGR,"Voyager Therapeutics, Inc.",Healthcare,Micro-Cap,561966,NMS
AIIO,Robo.ai Inc.,Consumer Cyclical,Micro-Cap,752984,NCM
ADCT,ADC Therapeutics SA,Healthcare,Micro-Cap,1374844,NYQ
HUCK,"Huckleberry.ai, Inc.",Technology,Micro-Cap,1704836,NGM
LUCD,Lucid Diagnostics Inc.,Healthcare,Micro-Cap,1320050,NCM
OTLK,"Outlook Therapeutics, Inc.",Healthcare,Micro-Cap,13756668,NCM
SKYX,SKYX Platforms Corp.,Industrials,Micro-Cap,1012533,NCM
ELME,Elme Communities,Real Estate,Micro-Cap,941136,NYQ
OGI,Organigram Global Inc.,Healthcare,Micro-Cap,876120,NMS
STEX,Streamex Corp.,Financial Services,Micro-Cap,1196511,NCM
NEOV,NeoVolta Inc.,Industrials,Micro-Cap,1604792,NCM
CDXS,"Codexis, Inc.",Healthcare,Micro-Cap,1115236,NMS
HUMA,"Humacyte, Inc.",Healthcare,Micro-Cap,6472814,NMS
DVLT,Datavault AI Inc.,Technology,Micro-Cap,40294665,NCM
SSTK,"Shutterstock, Inc.",Communication Services,Micro-Cap,1133806,NYQ
SAFX,"XCF Global, Inc.",Utilities,Micro-Cap,3893092,NCM
ZJYL,JIN MEDICAL INTERNATIONAL LTD.,Healthcare,Micro-Cap,734407,NCM
BYND,"Beyond Meat, Inc.",Consumer Defensive,Micro-Cap,1399456,NMS
TLYS,"Tilly's, Inc.",Consumer Cyclical,Micro-Cap,571407,NYQ
MX,Magnachip Semiconductor Corpora,Technology,Micro-Cap,1075585,NYQ
SRFM,Surf Air Mobility Inc.,Industrials,Micro-Cap,4250171,NYQ
LFMD,"LifeMD, Inc.",Healthcare,Micro-Cap,849138,NGM
WYHG,Wing Yip Food Holdings Group Li,Consumer Defensive,Micro-Cap,1791304,NCM
OXSQ,Oxford Square Capital Corp.,Financial Services,Micro-Cap,1548419,NMS
TNYA,"Tenaya Therapeutics, Inc.",Healthcare,Micro-Cap,2365068,NCM
ENGS,Energys Group Limited,Industrials,Micro-Cap,1507001,NCM
NPWR,NET Power Inc.,Industrials,Micro-Cap,759014,NYQ
CRBU,"Caribou Biosciences, Inc.",Healthcare,Micro-Cap,1295095,NMS
AIRS,"AirSculpt Technologies, Inc.",Healthcare,Micro-Cap,808663,NGM
CRBP,Corbus Pharmaceuticals Holdings,Healthcare,Micro-Cap,714431,NCM
VERI,"Veritone, Inc.",Technology,Micro-Cap,3594609,NGM
AMTX,"Aemetis, Inc",Basic Materials,Micro-Cap,895760,NGM
ENGN,enGene Therapeutics Inc.,Healthcare,Micro-Cap,807376,NCM
HCAT,"Health Catalyst, Inc",Healthcare,Micro-Cap,678401,NMS
ZENA,"ZenaTech, Inc.",Technology,Micro-Cap,3338176,NCM
NRXP,"NRX Pharmaceuticals, Inc.",Healthcare,Micro-Cap,891042,NCM
NMRA,"Neumora Therapeutics, Inc.",Healthcare,Micro-Cap,1112757,NMS
SUIG,Sui Group Holdings Limited,Financial Services,Micro-Cap,619130,NCM
UNCY,"Unicycive Therapeutics, Inc.",Healthcare,Micro-Cap,886639,NCM
STXS,"Stereotaxis, Inc.",Healthcare,Micro-Cap,834374,ASE
MXCT,"MaxCyte, Inc.",Healthcare,Micro-Cap,722796,NMS
FEAM,"5E Advanced Materials, Inc.",Basic Materials,Micro-Cap,744431,NMS
LENZ,"LENZ Therapeutics, Inc.",Healthcare,Micro-Cap,852338,NMS
PLBY,"Playboy, Inc.",Consumer Cyclical,Micro-Cap,690120,NGM
TLSA,Tiziana Life Sciences Ltd,Healthcare,Micro-Cap,708957,NCM
LX,LexinFintech Holdings Ltd.,Financial Services,Micro-Cap,3453406,NMS
VIVO,VivoPower PLC,Technology,Micro-Cap,586250,NCM
EGG,Enigmatig Limited,Industrials,Micro-Cap,561123,ASE
SEER,"Seer, Inc.",Healthcare,Micro-Cap,979319,NMS
INO,"Inovio Pharmaceuticals, Inc.",Healthcare,Micro-Cap,3789885,NCM
KULR,"KULR Technology Group, Inc.",Technology,Micro-Cap,949607,ASE
HOVR,New Horizon Aircraft Ltd.,Industrials,Micro-Cap,907384,NCM
INVZ,Innoviz Technologies Ltd.,Consumer Cyclical,Micro-Cap,3245063,NCM
RANI,"Rani Therapeutics Holdings, Inc",Healthcare,Micro-Cap,773365,NGM
QUCY,Quantum Cyber N.V.,Healthcare,Micro-Cap,728887,NCM
EVTL,Vertical Aerospace Ltd.,Industrials,Micro-Cap,6169522,NYQ
BDTX,"Black Diamond Therapeutics, Inc",Healthcare,Micro-Cap,682077,NMS
XHG,XChange TEC.INC,Financial Services,Micro-Cap,1434733,NCM
EQ,"Equillium, Inc.",Healthcare,Micro-Cap,618155,NCM
FJET,"Starfighters Space, Inc.",Industrials,Micro-Cap,1048677,ASE
MIST,Milestone Pharmaceuticals Inc.,Healthcare,Micro-Cap,1428949,NMS
PUSA,Aureus Greenway Holdings Inc.,Industrials,Small-Cap,613406,NCM
PAL,"Proficient Auto Logistics, Inc.",Industrials,Micro-Cap,671152,NMS
DH,Definitive Healthcare Corp.,Healthcare,Micro-Cap,599306,NMS
UPXI,"Upexi, Inc.",Communication Services,Micro-Cap,2925117,NCM
AMPG,"Amplitech Group, Inc.",Technology,Micro-Cap,1974701,NCM
VIOT,"Viomi Technology Co., Ltd",Consumer Cyclical,Micro-Cap,1405053,NMS
CIGL,Concorde International Group Lt,Industrials,Micro-Cap,2646197,NCM
BZFD,"BuzzFeed, Inc.",Communication Services,Micro-Cap,544971,NCM
BMEA,"Biomea Fusion, Inc.",Healthcare,Micro-Cap,1489474,NMS
CRDF,"Cardiff Oncology, Inc.",Healthcare,Micro-Cap,1082369,NCM
CGTX,"Cognition Therapeutics, Inc.",Healthcare,Micro-Cap,662844,NCM
HYPR,"Hyperfine, Inc.",Healthcare,Micro-Cap,631973,NGM
JLHL,Julong Holding Limited,Industrials,Micro-Cap,2913953,NCM
ONCY,Oncolytics Biotech Inc.,Healthcare,Micro-Cap,1113495,NCM
GRML,Greenland Mines Ltd,Basic Materials,Micro-Cap,7771231,NCM
MBOT,Microbot Medical Inc.,Healthcare,Micro-Cap,608284,NCM
WRAP,"Wrap Technologies, Inc.",Technology,Micro-Cap,1919746,NCM
SKIN,SkinHealth Systems Inc.,Consumer Defensive,Micro-Cap,2046509,NCM
MNTS,Momentus Inc.,Industrials,Micro-Cap,936485,NCM
KNDI,"Kandi Technologies Group, Inc.",Consumer Cyclical,Micro-Cap,1884185,NMS
BTCS,BTCS Inc.,Financial Services,Micro-Cap,1649217,NCM
ALDX,"Aldeyra Therapeutics, Inc.",Healthcare,Micro-Cap,1014869,NCM
SWVL,Swvl Holdings Corp,Industrials,Micro-Cap,1484590,NCM
BLNK,Blink Charging Co.,Industrials,Micro-Cap,1164177,NCM
YDDL,One and One Green Technologies.,Industrials,Micro-Cap,609082,NCM
BYRN,"Byrna Technologies, Inc.",Industrials,Micro-Cap,666087,NCM
GUTS,"Fractyl Health, Inc.",Healthcare,Micro-Cap,1742311,NGM
AZI,Autozi Internet Technology (Glo,Consumer Cyclical,Micro-Cap,2474663,NCM
SMJF,SMJ International Holdings Inc.,Consumer Cyclical,Micro-Cap,1243941,ASE
CHGG,"Chegg, Inc.",Consumer Defensive,Micro-Cap,1162147,NYQ
TDTH,Trident Digital Tech Holdings L,Technology,Micro-Cap,1331466,NCM
SLQT,"SelectQuote, Inc.",Financial Services,Micro-Cap,1056217,NYQ
ARBE,Arbe Robotics Ltd.,Technology,Micro-Cap,3055725,NCM
PMVP,"PMV Pharmaceuticals, Inc.",Healthcare,Micro-Cap,580195,NMS
OSTX,OS Therapies Incorporated,Healthcare,Micro-Cap,576260,ASE
IBIO,"iBio, Inc.",Healthcare,Micro-Cap,697146,NCM
AVAT,Avalanche Treasury Corporation,Financial Services,Micro-Cap,1081703,NCM
GANX,"Gain Therapeutics, Inc.",Healthcare,Micro-Cap,508749,NGM
BSIN,Big Sky Industrial Inc.,Energy,Micro-Cap,1284203,NCM
FBIO,"Fortress Biotech, Inc.",Healthcare,Micro-Cap,515450,NCM
MAIA,"MAIA Biotechnology, Inc.",Healthcare,Micro-Cap,545912,ASE
PSIG,PS International Group Ltd.,Industrials,Micro-Cap,735568,NCM
TENX,"Tenax Therapeutics, Inc.",Healthcare,Micro-Cap,5512866,NCM
THRY,"Thryv Holdings, Inc.",Technology,Micro-Cap,745520,NCM
RNXT,"RenovoRx, Inc.",Healthcare,Micro-Cap,752147,NCM
SPRO,"Spero Therapeutics, Inc.",Healthcare,Micro-Cap,1202476,NMS
CVRX,"CVRx, Inc.",Healthcare,Nano-Cap,895861,NMS
CYCU,"Cycurion, Inc.",Technology,Micro-Cap,2309623,NGM
BZAI,"Blaize Holdings, Inc.",Technology,Micro-Cap,4561277,NGM
MB,MasterBeef Group,Consumer Cyclical,Micro-Cap,537242,NCM
AIFC,AI Financial Corporation,Technology,Micro-Cap,872677,NCM
WWR,"Westwater Resources, Inc.",Basic Materials,Micro-Cap,3421868,ASE
PAAI,"Paradium.AI, Inc.",Communication Services,Micro-Cap,2173477,ASE
ZONE,Zone Frontier Inc.,Technology,Micro-Cap,7894671,ASE
AISP,"Airship AI Holdings, Inc",Technology,Micro-Cap,962523,NGM
PCLA,PicoCELA Inc.,Communication Services,Micro-Cap,500490,NCM
TYGO,"Tigo Energy, Inc.",Technology,Micro-Cap,1213360,NCM
CNTB,Connect Biopharma Holdings Limi,Healthcare,Micro-Cap,3776138,NGM
WNW,Meiwu Technology Company Limite,Consumer Cyclical,Micro-Cap,630400,NCM
SPWR,SunPower Inc.,Technology,Micro-Cap,9370944,NGM
PEW,GrabAGun Digital Holdings Inc.,Industrials,Micro-Cap,513185,NYQ
SGLD,SCORPIO GOLD CORPORATION,Basic Materials,Micro-Cap,765650,NCM
MYO,Myomo Inc.,Healthcare,Micro-Cap,503488,ASE
BATL,Battalion Oil Corporation,Energy,Micro-Cap,10311319,ASE
KXIN,Kaixin Holdings,Consumer Cyclical,Micro-Cap,1871000,NCM
ZYBT,Zhengye Biotechnology Holding L,Healthcare,Micro-Cap,5199103,NCM
UAVS,"AgEagle Aerial Systems, Inc.",Technology,Micro-Cap,1410953,ASE
HRTX,"Heron Therapeutics, Inc.",Healthcare,Micro-Cap,2556246,NCM
JZXN,"Jiuzi Holdings, Inc.",Consumer Cyclical,Micro-Cap,4150200,NCM
MREO,Mereo BioPharma Group plc,Healthcare,Micro-Cap,4072326,NCM
CTM,"Castellum, Inc.",Technology,Micro-Cap,891496,ASE
BIYA,Baiya International Group Inc.,Technology,Nano-Cap,4462481,NCM
ANVS,"Annovis Bio, Inc.",Healthcare,Micro-Cap,928012,NYQ
CAST,"FreeCast, Inc.",Communication Services,Micro-Cap,4272995,NGM
NAMM,Namib Minerals,Basic Materials,Micro-Cap,873852,NGM
LIDR,"AEye, Inc.",Technology,Micro-Cap,2921123,NCM
LFS,"LEIFRAS Co., Ltd.",Communication Services,Micro-Cap,861898,NCM
PDSB,PDS Biotechnology Corporation,Healthcare,Micro-Cap,21897534,NCM
LGO,Largo Inc.,Basic Materials,Micro-Cap,810192,NMS
FBDT,First Breach Inc.,Industrials,Micro-Cap,3913193,NCM
REKR,"Rekor Systems, Inc.",Technology,Micro-Cap,1695487,NCM
STFS,Star Fashion Culture Holdings L,Communication Services,Micro-Cap,615095,NCM
NNOX,NANO-X IMAGING LTD,Healthcare,Nano-Cap,1194669,NGM
LASE,Laser Photonics Corporation,Industrials,Micro-Cap,3580157,NCM
XTNT,"Xtant Medical Holdings, Inc.",Healthcare,Nano-Cap,1718014,ASE
INV,"Innventure, Inc.",Financial Services,Nano-Cap,5210531,NGM
MDXH,MDxHealth SA,Healthcare,Micro-Cap,5790761,NCM
TEAD,Teads Holding Co.,Communication Services,Micro-Cap,845295,NMS
CIRC,"Circle8 Group, Inc.",Industrials,Micro-Cap,2666285,NGM
SDA,SunCar Technology Group Inc.,Consumer Cyclical,Nano-Cap,614922,NCM
PROP,Prairie Operating Co.,Energy,Nano-Cap,1708188,NCM
ACH,"Accendra Health, Inc.",Healthcare,Nano-Cap,1336142,NYQ
TC,Token Cat Limited,Communication Services,Nano-Cap,616688,NCM
QTEX,QTREX Quantum Ltd.,Technology,Micro-Cap,2839004,NCM
HAIN,"The Hain Celestial Group, Inc.",Consumer Defensive,Nano-Cap,1461661,NCM
MVIS,"Microvision, Inc.",Technology,Nano-Cap,1338455,NCM
HOWL,"Werewolf Therapeutics, Inc.",Healthcare,Nano-Cap,6935968,NCM
FLNA,"Filana Therapeutics, Inc.",Healthcare,Nano-Cap,2011471,NCM
CELU,Celularity Inc.,Healthcare,Micro-Cap,3956503,NCM
COSM,Cosmos Health Inc.,Healthcare,Nano-Cap,5578668,NCM
PN,PN Smart Energy Limited,Technology,Nano-Cap,770636,NCM
AHMA,Ambitions Enterprise Management,Consumer Cyclical,Nano-Cap,503117,NCM
VTIX,Virtuix Holdings Inc.,Technology,Nano-Cap,677436,NGM
NWGL,CL Workshop Group Limited,Basic Materials,Nano-Cap,1762760,NCM
TGE,The Generation Essentials Group,Financial Services,Micro-Cap,3224580,NYQ
XOS,"Xos, Inc.",Industrials,Nano-Cap,2881222,NCM
BAER,Bridger Aerospace Group Holding,Industrials,Nano-Cap,1029249,NGM
DCGO,DocGo Inc.,Healthcare,Nano-Cap,745744,NCM
TOON,"Kartoon Studios, Inc.",Communication Services,Nano-Cap,797019,ASE
FSP,Franklin Street Properties Corp,Real Estate,Nano-Cap,532193,ASE
SLND,"Southland Holdings, Inc.",Industrials,Nano-Cap,7932338,ASE
MIRA,"MIRA Pharmaceuticals, Inc.",Healthcare,Nano-Cap,589090,NCM
DGNX,Diginex Limited,Industrials,Nano-Cap,854292,NCM
ZBAO,Zhibao Technology Inc.,Financial Services,Nano-Cap,32152606,NCM
GETY,"Getty Images Holdings, Inc.",Communication Services,Nano-Cap,4685969,NYQ
ARAY,Accuray Incorporated,Healthcare,Nano-Cap,7178268,NCM
SRXH,SRX Global Inc.,Consumer Defensive,Nano-Cap,3940130,ASE
KLXE,"KLX Energy Services Holdings, I",Energy,Nano-Cap,618298,NMS
XTIA,"XTI Aerospace, Inc.",Industrials,Nano-Cap,773358,NCM
RDAC,Rising Dragon Acquisition Corp.,Financial Services,Nano-Cap,715530,NCM
FTFT,Future FinTech Group Inc.,Technology,Nano-Cap,5278888,NCM
ZEO,Zeo Energy Corporation,Technology,Nano-Cap,11856526,NCM
VAI,Valor Energy Incorporated,Industrials,Nano-Cap,763773,NCM
DRK,DarkHorse Technologies Inc.,Technology,Nano-Cap,619257,NCM
ATYR,"aTyr Pharma, Inc.",Healthcare,Nano-Cap,3278758,NCM
WXM,WF International Limited,Industrials,Nano-Cap,778849,NCM
CNTX,Context Therapeutics Inc.,Healthcare,Nano-Cap,1941703,NCM
KPTI,Karyopharm Therapeutics Inc.,Healthcare,Nano-Cap,1645820,NMS
IGC,"IGC Pharma, Inc.",Healthcare,Nano-Cap,678780,ASE
ATCH,"AtlasClear Holdings, Inc.",Financial Services,Nano-Cap,4916726,ASE
CPHI,"China Pharma Holdings, Inc.",Healthcare,Nano-Cap,4512965,ASE
BRLS,Borealis Foods Inc.,Consumer Defensive,Nano-Cap,827419,NCM
GNS,Genius Group Limited,Consumer Defensive,Nano-Cap,6570242,ASE
EONR,EON Resources Inc.,Energy,Nano-Cap,732149,ASE
BYSI,"BeyondSpring, Inc.",Healthcare,Nano-Cap,863890,NCM
AIFF,"Firefly Neuroscience, Inc.",Technology,Nano-Cap,2691896,NCM
BEEM,Beam Global,Technology,Nano-Cap,1092614,NCM
MRNO,Murano Global Investments PLC,Real Estate,Nano-Cap,5778620,NCM
TNMG,TNL Mediagene,Communication Services,Nano-Cap,1788169,NCM
ZTG,Zenta Group Company Limited,Industrials,Nano-Cap,4420503,NCM
DUO,Fangdd Network Group Ltd.,Real Estate,Nano-Cap,1233219,NCM
AXG,Solowin Holdings,Financial Services,Nano-Cap,3184779,NCM
SST,"System1, Inc.",Industrials,Nano-Cap,569042,NYQ
REFR,Research Frontiers Incorporated,Technology,Nano-Cap,1680279,NCM
UPC,Universe Pharmaceuticals Inc,Healthcare,Nano-Cap,813604,NCM
NXTC,"NextCure, Inc.",Healthcare,Nano-Cap,2146673,NMS
GPUS,"Hyperscale Data, Inc.",Industrials,Nano-Cap,21653224,ASE
BENF,Beneficient,Financial Services,Nano-Cap,9710265,NCM
TCRX,"TScan Therapeutics, Inc.",Healthcare,Nano-Cap,817963,NGM
SKYQ,Sky Quarry Inc.,Energy,Nano-Cap,5767374,NCM
JSPR,"Jasper Therapeutics, Inc.",Healthcare,Nano-Cap,1389728,NCM
MERC,Mercer International Inc.,Basic Materials,Nano-Cap,3232946,NMS
AIXC,"AIxCrypto Holdings, Inc.",Technology,Nano-Cap,1953163,NCM
SOAR,"Volato Group, Inc.",Industrials,Nano-Cap,49496463,ASE
WFF,WF Holding Limited,Industrials,Nano-Cap,2766409,NCM
LOOP,"Loop Industries, Inc.",Basic Materials,Nano-Cap,1611669,NGM
STAK,STAK Inc.,Energy,Nano-Cap,4625333,NCM
BNGO,"Bionano Genomics, Inc.",Healthcare,Nano-Cap,923074,NCM
AZIO,"Azio AI Holdings, Inc.",Technology,Nano-Cap,564555,NCM
TGHL,The GrowHub Limited,Technology,Nano-Cap,4951063,NCM
CHOW,ChowChow Cloud International Ho,Technology,Nano-Cap,6691134,ASE
KSCP,"Knightscope, Inc.",Industrials,Nano-Cap,1343911,NCM
QNME,"Quanome Technologies, Inc.",Industrials,Nano-Cap,12733579,NCM
BTCT,BTC Digital Ltd.,Technology,Nano-Cap,10615209,NCM
LEDS,SemiLEDS Corporation,Technology,Nano-Cap,927134,NCM
SHPH,Shuttle Pharmaceuticals Holding,Healthcare,Nano-Cap,1422312,NCM
YAAS,Youxin Technology Ltd,Technology,Nano-Cap,614468,NCM
RKTO,Rocket One Inc.,Technology,Nano-Cap,2974144,NCM
PRZO,ParaZero Technologies Ltd.,Industrials,Nano-Cap,2127366,NCM
FEMY,Femasys Inc.,Healthcare,Nano-Cap,724614,NCM
TVRD,"Tvardi Therapeutics, Inc.",Healthcare,Nano-Cap,2283587,NCM
EXYN,"Exyn Technologies, Inc.",Technology,Nano-Cap,652233,NCM
DSY,Big Tree Cloud Holdings Limited,Consumer Defensive,Nano-Cap,600396,NCM
LHAI,Linkhome Holdings Inc.,Real Estate,Nano-Cap,3959392,NCM
LICN,Lichen International Limited,Industrials,Nano-Cap,513317,NCM
LGPS,LogProstyle Inc.,Industrials,Nano-Cap,3164750,ASE
FTHM,Fathom Holdings Inc.,Real Estate,Nano-Cap,1091798,NCM
ARTW,"Art's-Way Manufacturing Co., In",Industrials,Nano-Cap,553209,NCM
YXT,YXT.COM GROUP HOLDING LIMITED -,Technology,Nano-Cap,1207339,NGM
BFRI,Biofrontera Inc.,Healthcare,Nano-Cap,564819,NCM
DOGZ,Dogness (International) Corpora,Consumer Cyclical,Nano-Cap,676525,NCM
DARE,"Dare Bioscience, Inc.",Healthcare,Nano-Cap,529287,NCM
CJMB,Callan JMB Inc.,Industrials,Nano-Cap,2182287,NCM
FUSE,Fusemachines Inc.,Technology,Nano-Cap,2312561,NGM
PASW,"Ping An Biomedical Co., Ltd.",Consumer Cyclical,Nano-Cap,6586355,NCM
CTXR,"Citius Pharmaceuticals, Inc.",Healthcare,Nano-Cap,533265,NCM
UFG,Uni-Fuels Holdings Limited,Industrials,Nano-Cap,1935133,NCM
SDOT,Sadot Group Inc.,Consumer Defensive,Nano-Cap,1733617,NCM
SUNE,"SUNation Energy, Inc.",Technology,Nano-Cap,4529553,NCM
MOBX,"Mobix Labs, Inc.",Technology,Nano-Cap,3591996,NCM
HODO,House of Doge Inc.,Technology,Nano-Cap,918238,NCM
FGI,FGI Industries Ltd.,Consumer Cyclical,Nano-Cap,1743352,NCM
PBK,PowerBank Corporation,Utilities,Nano-Cap,915585,NGM
RCT,RedCloud Holdings plc,Technology,Nano-Cap,1202758,NCM
COOT,Australian Oilseeds Holdings Li,Consumer Defensive,Nano-Cap,1828558,NCM
TURB,"Turbo Energy, S.A.",Technology,Nano-Cap,1960674,NCM
SAGT,SAGTEC GLOBAL LIMITED,Technology,Nano-Cap,616984,NCM
TPST,"Tempest Therapeutics, Inc.",Healthcare,Nano-Cap,2595038,NCM
HUIZ,Huize Holding Limited,Financial Services,Nano-Cap,1879768,NGM
NUR,Nuran Wireless Inc.,Technology,Nano-Cap,1648568,NCM
MIMI,Mint Incorporation Limited,Industrials,Nano-Cap,5559536,NCM
VTGN,"VistaGen Therapeutics, Inc.",Healthcare,Nano-Cap,12609565,NCM
BIVI,BioVie Inc.,Healthcare,Nano-Cap,4669487,NCM
AEON,"AEON Biopharma, Inc.",Healthcare,Nano-Cap,8558438,ASE
CLRO,"ClearOne, Inc.",Technology,Nano-Cap,3590722,NCM
FRTT,Fort Technology Inc.,Consumer Cyclical,Nano-Cap,2007171,NCM
SLGB,Smart Logistics Global Limited,Industrials,Nano-Cap,6901341,NCM
UCL,uCloudlink Group Inc.,Communication Services,Nano-Cap,1912406,NGM
PHIO,Phio Pharmaceuticals Corp.,Healthcare,Nano-Cap,595241,NCM
MEDS,"DataMeds AI, Inc.",Healthcare,Nano-Cap,5870322,NCM
HPAI,Helport AI Limited,Technology,Nano-Cap,845014,NCM
BFRG,"Bullfrog AI Holdings, Inc.",Healthcare,Nano-Cap,4399820,NCM
DDC,DDC Enterprise Limited,Consumer Defensive,Nano-Cap,2887765,ASE
YFOR,YYForce Inc.,Industrials,Nano-Cap,3259744,NCM
ATER,"Aterian, Inc.",Consumer Cyclical,Nano-Cap,1920566,NCM
MDCX,Medicus Pharma Ltd.,Healthcare,Nano-Cap,4410980,NCM
ARAI,Arrive AI Inc.,Technology,Nano-Cap,622590,NGM
MBRX,"Moleculin Biotech, Inc.",Healthcare,Nano-Cap,1284873,NCM
SCNX,"Scienture Holdings, Inc.",Healthcare,Nano-Cap,2905457,NCM
ADVB,Advanced Biomed Inc.,Healthcare,Nano-Cap,1773446,NCM
IQST,iQSTEL Inc.,Communication Services,Nano-Cap,3031438,NCM
MMA,MIXED MARTIAL ARTS GROUP LIMITE,Consumer Cyclical,Nano-Cap,6078292,ASE
PMI,"Picard Medical, Inc.",Healthcare,Nano-Cap,1662109,ASE
FNGR,"FingerMotion, Inc.",Communication Services,Nano-Cap,35149382,NCM
HUDI,"Huadi International Group Co., ",Basic Materials,Nano-Cap,1087974,NCM
GLE,Global Engine Group Holding Lim,Technology,Nano-Cap,2659400,NCM
QNRX,"Quoin Pharmaceuticals, Ltd.",Healthcare,Nano-Cap,549444,NCM
PLAG,Planet Green Holdings Corp.,Industrials,Nano-Cap,6810715,ASE
BIOT,Instinct Bio Technical Company ,Consumer Defensive,Nano-Cap,779224,NGM
GYGY,"Game Your Game, Inc.",Technology,Nano-Cap,5918522,NCM
AEHL,Antelope Enterprise Holdings Li,Industrials,Micro-Cap,1768412,NCM
NCPL,Netcapital Inc.,Financial Services,Nano-Cap,20411080,NCM
KALA,"KALA BIO, Inc.",Healthcare,Nano-Cap,1433771,NCM
HCTI,"Healthcare Triangle, Inc.",Healthcare,Nano-Cap,2310012,NCM
TOVX,"Theriva Biologics, Inc.",Healthcare,Nano-Cap,1137353,ASE
IOTR,iOThree Limited,Communication Services,Nano-Cap,558468,NCM
KNRX,KNOREX LTD.,Technology,Nano-Cap,7663607,ASE
MGRX,"Mangoceuticals, Inc.",Healthcare,Nano-Cap,13007890,NCM
NAMI,Jinxin Technology Holding Compa,Communication Services,Nano-Cap,2505938,NCM
SNTI,"Senti Biosciences Holdings, Inc",Healthcare,Nano-Cap,571061,NCM
IMRN,Immuron Limited,Healthcare,Nano-Cap,2100776,NCM
TRAW,"Traws Pharma, Inc.",Healthcare,Nano-Cap,578044,NCM
NIXX,"Nixxy, Inc.",Communication Services,Nano-Cap,872271,NCM
RAIN,Rain Enhancement Technologies H,Industrials,Nano-Cap,1716849,NCM
TPET,Trio Petroleum Corp.,Energy,Nano-Cap,706147,ASE
BURU,"Nuburu, Inc.",Industrials,Nano-Cap,672151,ASE
MSGY,Masonglory Limited,Industrials,Nano-Cap,2476007,NCM
DTSS,Datasea Intelligent Technology ,Technology,Nano-Cap,3165941,NCM
XHLD,"TEN Holdings, Inc.",Communication Services,Nano-Cap,4952300,NCM
MTEK,Maris-Tech Ltd.,Technology,Nano-Cap,836036,NCM
YJ,Yunji Inc. - American Depositor,Consumer Cyclical,Nano-Cap,3323503,NCM
GMM,Global Mofy AI Limited,Technology,Nano-Cap,3258309,NCM
VEEA,Veea Inc.,Technology,Nano-Cap,5623578,NCM
CNET,ZW Data Action Technologies Inc,Communication Services,Nano-Cap,641614,NCM
ENSC,"Ensysce Biosciences, Inc.",Healthcare,Nano-Cap,14414530,NCM
LOBO,LOBO TECHNOLOGIES LTD.,Consumer Cyclical,Nano-Cap,2990400,NCM
WOK,WORK Medical Technology Group L,Healthcare,Nano-Cap,533279,NCM
LHSW,Lianhe Sowell International Gro,Technology,Nano-Cap,10012176,NCM
AZTR,Azitra Inc,Healthcare,Nano-Cap,1758660,ASE
ZCMD,Zhongchao Inc.,Healthcare,Nano-Cap,5613626,NCM
FFAI,Faraday Future Intelligent Elec,Consumer Cyclical,Nano-Cap,2031421,NCM
SURG,"SurgePays, Inc.",Communication Services,Nano-Cap,19750693,NCM
BAOS,Baosheng Media Group Holdings L,Communication Services,Nano-Cap,5690052,NCM
MTEN,Mingteng International Corporat,Industrials,Nano-Cap,1927036,NCM
VNRX,VolitionRX Limited,Healthcare,Nano-Cap,8542012,ASE
INM,InMed Pharmaceuticals Inc.,Healthcare,Nano-Cap,930409,NCM
VEEE,Twin Vee PowerCats Co.,Consumer Cyclical,Nano-Cap,2711539,NCM
RMCF,Rocky Mountain Chocolate Factor,Consumer Defensive,Nano-Cap,3403901,NCM
GXAI,Gaxos.ai Inc.,Communication Services,Nano-Cap,2366768,NCM
APUS,"Apimeds Pharmaceuticals US, Inc",Healthcare,Nano-Cap,2124162,ASE
DLXY,Delixy Holdings Limited,Energy,Nano-Cap,998826,NCM
CHAI,"Core AI Holdings, Inc.",Communication Services,Nano-Cap,10121701,NCM
OBAI,"Our Bond, Inc.",Technology,Nano-Cap,1946974,NGM
GWH,"ESS Tech, Inc.",Industrials,Nano-Cap,1024819,NYQ
AMIX,"Autonomix Medical, Inc.",Healthcare,Nano-Cap,4528077,NCM
CELZ,Creative Medical Technology Hol,Healthcare,Nano-Cap,6910553,NCM
TDIC,Dreamland Limited,Communication Services,Nano-Cap,1195357,NCM
AUUD,Auddia Inc.,Technology,Nano-Cap,3309415,NCM
TWG,Top Wealth Group Holding Limite,Consumer Defensive,Nano-Cap,4446317,NCM
WKSP,"Worksport, Ltd.",Consumer Cyclical,Nano-Cap,3540526,NCM
GCDT,Green Circle Decarbonize Techno,Industrials,Nano-Cap,12042046,ASE
DAIC,"CID HoldCo, Inc.",Technology,Nano-Cap,7944344,NGM
DFNS,T3 Defense Inc.,Industrials,Nano-Cap,3650209,NGM
SOS,SOS Limited,Financial Services,Nano-Cap,1057153,NYQ
AIM,AIM ImmunoTech Inc.,Healthcare,Nano-Cap,4748146,ASE
EVGN,Evogene Ltd.,Healthcare,Nano-Cap,2034985,NCM
ITOC,iTonic Holdings Ltd,Healthcare,Nano-Cap,799636,NCM
QCLS,"Q/C Technologies, Inc.",Technology,Nano-Cap,5040379,NCM
BTTC,Black Titan Corp,N/A,Nano-Cap,11406331,NCM
CWD,CaliberCos Inc.,Financial Services,Nano-Cap,2175792,NCM
DXST,Decent Holding Inc.,Industrials,Nano-Cap,1623333,NCM
WAFU,Wah Fu Education Group Limited,Consumer Defensive,Nano-Cap,1532726,NCM
YMAT,"J-Star Holding Co., Ltd.",Basic Materials,Nano-Cap,1395776,NCM
JWEL,Jowell Global Ltd.,Consumer Cyclical,Nano-Cap,1413034,NCM
CMCT,Creative Media,Real Estate,Nano-Cap,558798,NCM
HXHX,Haoxin Holdings Limited,Industrials,Nano-Cap,1216014,NCM
BQ,Boqii Holding Limited,Consumer Cyclical,Nano-Cap,2184325,ASE
GELS,Gelteq Limited,Healthcare,Nano-Cap,2906600,NCM
GDC,GD Culture Group Limited,Communication Services,Nano-Cap,1312461,NCM
DRMA,"Dermata Therapeutics, Inc.",Healthcare,Nano-Cap,721644,NCM
SPHL,SPRINGVIEW HOLDINGS LTD,Consumer Cyclical,Nano-Cap,507611,NCM
WBUY,WEBUY GLOBAL LTD.,Consumer Cyclical,Nano-Cap,4360823,NCM
HKPD,"Cellyan Biotechnology Co., Ltd",Healthcare,Nano-Cap,3770647,NCM
INLF,INLIF LIMITED,Industrials,Nano-Cap,3686949,NCM
ILLR,Triller Group Inc.,Technology,Nano-Cap,1023853,NCM
CRE,Cre8 Enterprise Limited,Industrials,Nano-Cap,1287596,NCM
POLA,"Polar Power, Inc.",Industrials,Nano-Cap,1051390,NCM
BMGL,Basel Medical Group Ltd,Healthcare,Nano-Cap,538515,NCM
FAMI,"Farmmi, Inc. Ordinary Shares",Consumer Defensive,Nano-Cap,26176047,NCM
RMSG,Real Messenger Corporation,Technology,Nano-Cap,904939,NCM
AQB,"AquaBounty Technologies, Inc.",Consumer Defensive,Nano-Cap,509441,NCM
OLB,"The OLB Group, Inc.",Technology,Nano-Cap,6598663,NCM
TOPS,"TOP Ships, Inc.",Energy,Nano-Cap,3029688,ASE
HYFM,"Hydrofarm Holdings Group, Inc.",Industrials,Nano-Cap,2631987,NCM
BKYI,"BIO-key International, Inc.",Industrials,Nano-Cap,2839166,NCM
AEMD,"Aethlon Medical, Inc.",Healthcare,Nano-Cap,2599087,NCM
XPON,"Expion Energy, Inc.",Industrials,Nano-Cap,2535019,NCM
SGLY,Singularity Future Technology L,Industrials,Nano-Cap,1328430,NCM
OMH,Ohmyhome Limited,Real Estate,Nano-Cap,710567,NCM
NCI,Neo-Concept International Group,Consumer Cyclical,Nano-Cap,1158622,NCM
HIHO,Highway Holdings Limited,Industrials,Nano-Cap,1532453,NCM
NCRA,"Nocera, Inc.",Consumer Defensive,Nano-Cap,3805486,NCM
BIAF,"bioAffinity Technologies, Inc.",Healthcare,Nano-Cap,3164910,NCM
BOXL,Boxlight Corporation,Technology,Nano-Cap,1289388,NCM
EHGO,Eshallgo Inc.,Industrials,Nano-Cap,3201874,NCM
YYAI,AiRWA Inc.,Technology,Nano-Cap,1737977,NCM
BRNX,BrenX Ltd.,Utilities,Nano-Cap,1165791,NCM
SCKT,"Socket Mobile, Inc.",Technology,Nano-Cap,6496847,NCM
CDTG,CDT Environmental Technology In,Industrials,Nano-Cap,4417217,NCM
IVDA,"Iveda Solutions, Inc.",Industrials,Nano-Cap,4931474,NCM
DFSC,DEFSEC Technologies Inc.,Industrials,Nano-Cap,2551606,NCM
NXL,"Nexalin Technology, Inc.",Healthcare,Nano-Cap,1000330,NCM
WLDS,Wearable Devices Ltd.,Technology,Nano-Cap,1795385,NCM
FLZH,"Flash Sports & Media Holdings, ",Communication Services,Nano-Cap,1298884,NCM
SXTC,"China SXT Pharmaceuticals, Inc.",Healthcare,Nano-Cap,1303170,NCM
CYAB,"Cyabra, Inc.",Technology,Nano-Cap,7803400,NGM
PAVS,Paranovus Entertainment Technol,Consumer Defensive,Nano-Cap,935263,NCM
PMAX,Powell Max Limited,Financial Services,Nano-Cap,1801180,NCM
FMFC,Kandal M Venture Limited,Consumer Cyclical,Nano-Cap,4534225,NCM
FCUV,Focus Universal Inc.,Technology,Nano-Cap,2027034,NCM
ONCO,"Onconetix, Inc.",Healthcare,Nano-Cap,2294944,NCM
RIME,"Algorhythm Holdings, Inc.",Technology,Nano-Cap,1330279,NCM
ADGM,"Adagio Medical Holdings, Inc",Healthcare,Nano-Cap,9096422,NCM
TOPP,Toppoint Holdings Inc.,Industrials,Nano-Cap,1475301,ASE
LXEH,"Lixiang Education Holding Co., ",Consumer Defensive,Nano-Cap,511514,NGM
PPCB,"Propanc Biopharma, Inc.",Healthcare,Nano-Cap,1900360,NCM
GOVX,"GeoVax Labs, Inc.",Healthcare,Nano-Cap,568166,NCM
RETO,"ReTo Eco-Solutions, Inc.",Basic Materials,Nano-Cap,28517521,NCM
JUNS,"Jupiter Neurosciences, Inc.",Healthcare,Nano-Cap,983564,NCM
CAPS,Capstone Holding Corp.,Basic Materials,Nano-Cap,4374482,NCM
CNEY,CN Energy Group Inc.,Basic Materials,Nano-Cap,1672665,NCM
SBFM,Sunshine Biopharma Inc.,Healthcare,Nano-Cap,525874,NCM
ISPC,iSpecimen Inc.,Healthcare,Nano-Cap,676847,NCM
VVOS,"Vivos Therapeutics, Inc.",Healthcare,Nano-Cap,12715688,NCM
MASK,3 E Network Technology Group Lt,Technology,Nano-Cap,547947,NCM
RDHL,Redhill Biopharma Ltd.,Healthcare,Nano-Cap,1837358,NCM
JAGX,"Jaguar Health, Inc.",Healthcare,Nano-Cap,1223254,NCM
GVH,Globavend Holdings Limited - Or,Industrials,Nano-Cap,928822,NCM
RDGT,"Ridgetech, Inc.",Healthcare,Nano-Cap,2222315,NCM
ELPW,Elong Power Holding Limited,Industrials,Nano-Cap,683059,NCM
VIVS,"VivoSim Labs, Inc.",Healthcare,Nano-Cap,5900701,NCM
CMND,Clearmind Medicine Inc.,Healthcare,Nano-Cap,683203,NCM
DBGI,"Digital Brands Group, Inc.",Consumer Cyclical,Nano-Cap,777434,NCM
VBIO,"Valion Bio, Inc.",Healthcare,Nano-Cap,1468273,NCM
VSME,VS Media Holdings Limited,Communication Services,Nano-Cap,723566,NCM
CHSN,Chanson International Holding,Consumer Cyclical,Nano-Cap,809919,NCM
JEM,707 Cayman Holdings Limited,Consumer Cyclical,Nano-Cap,1174265,NCM
TCRT,"Alaunos Therapeutics, Inc.",Healthcare,Nano-Cap,801071,NCM
ONFO,Onfolio Holdings Inc.,Communication Services,Nano-Cap,2294589,NCM
EDBL,Edible Garden AG Incorporated,Consumer Defensive,Nano-Cap,1740169,NCM
IPDN,"Professional Diversity Network,",Industrials,Nano-Cap,10072455,NCM
PPBT,Purple Biotech Ltd.,Healthcare,Nano-Cap,1296041,NCM
NUWE,"Nuwellis, Inc.",Healthcare,Nano-Cap,4401752,NCM
LABT,Lakewood-Amedex Biotherapeutics,Healthcare,Nano-Cap,2408896,NCM
IVF,"INVO Fertility, Inc.",Healthcare,Nano-Cap,2210650,NCM
FLYE,"Fly-E Group, Inc.",Consumer Cyclical,Nano-Cap,1397966,NCM
EZRA,"Reliance Global Group, Inc.",Financial Services,Nano-Cap,1893003,NCM
GSUN,Golden Sun Technology Group Lim,Consumer Defensive,Nano-Cap,10528574,NCM
JTAI,Jet.AI Inc.,Technology,Nano-Cap,1351282,NCM
KIDZ,KIDZ AI Inc.,Consumer Defensive,Nano-Cap,1245348,NCM
IPST,"IP Strategy Holdings, Inc.",Financial Services,Nano-Cap,2482779,NCM
CHGA,Change Agents Corporation,Real Estate,Nano-Cap,722873,NCM
ATPC,Agape ATP Corporation,Consumer Defensive,Nano-Cap,843515,NCM
LESL,"Leslie's, Inc.",Consumer Cyclical,Nano-Cap,4182501,NMS
RUBI,Rubico Inc.,Industrials,Nano-Cap,813163,NCM
BYAH,Park Ha Biological Technology C,Consumer Defensive,Nano-Cap,564927,NCM
WHLR,Wheeler Real Estate Investment ,Real Estate,Nano-Cap,2160487,NCM
TNON,"Tenon Medical, Inc.",Healthcare,Nano-Cap,6395272,NCM
GCTK,"GlucoTrack, Inc.",Healthcare,Nano-Cap,2096151,NCM
SLXN,Silexion Therapeutics Corp,Healthcare,Nano-Cap,9945196,NCM
VRAX,Virax Biolabs Group Limited,Healthcare,Nano-Cap,1750817,NCM
PWCM,"PowerCompute, Inc.",Financial Services,Nano-Cap,665981,NCM
STKH,Steakholder Foods Ltd.,Consumer Defensive,Nano-Cap,3521370,NCM
SSM,Sono Group N.V.,Consumer Cyclical,Nano-Cap,2285047,NCM
NXGL,"NexGel, Inc",Healthcare,Nano-Cap,733320,NCM
MSS,Maison Solutions Inc.,Consumer Defensive,Nano-Cap,4359799,NCM
DXF,Dunxin Financial Holdings Limit,Financial Services,Nano-Cap,1411353,ASE
IMCC,IM Cannabis Corp.,Healthcare,Nano-Cap,2783509,NCM
SDST,Stardust Power Inc.,Industrials,Nano-Cap,18100531,NCM
VIVK,"Vivakor, Inc.",Energy,Nano-Cap,8460302,NCM
AKAN,Akanda Corp.,Healthcare,Nano-Cap,1365734,NCM
IPW,iPower Inc.,Consumer Cyclical,Nano-Cap,984697,NCM
OLOX,Olenox Industries Inc.,Industrials,Nano-Cap,1712539,NCM
OFAL,OFA Group,Industrials,Nano-Cap,7014198,NCM
DCOY,Decoy Therapeutics Inc.,Healthcare,Nano-Cap,2194144,NCM
ZNB,Zeta Network Group,Communication Services,Nano-Cap,691721,NCM
SUGP,SU Group Holdings Limited,Industrials,Nano-Cap,5673025,NCM
PFSA,"Profusa, Inc.",Healthcare,Nano-Cap,2754049,NCM
WETO,Wetour Robotics Limited,Technology,Nano-Cap,5404745,NCM
EDVA,"Endovia Health Sciences, Inc.",Healthcare,Nano-Cap,6282876,ASE
MYSZ,"My Size, Inc.",Consumer Cyclical,Nano-Cap,739569,NCM
GIPR,Generation Income Properties In,Real Estate,Nano-Cap,17470177,NCM
JZ,Jianzhi Education Technology Gr,Technology,Nano-Cap,1617922,NCM
BJDX,"Bluejay Diagnostics, Inc.",Healthcare,Nano-Cap,5656596,NCM
SCNI,Scinai Immunotherapeutics Ltd.,Healthcare,Nano-Cap,1115660,NCM
NEXR,Nexera Technologies Ltd,Consumer Cyclical,Nano-Cap,524583,NCM
YMT,Yimutian Inc.,Technology,Nano-Cap,1044654,NCM
AMZE,"Amaze Holdings, Inc.",Technology,Nano-Cap,7656010,ASE
RKDA,"Arcadia Biosciences, Inc.",Consumer Defensive,Nano-Cap,954901,NCM
BDRX,Biodexa Pharmaceuticals plc,Healthcare,Nano-Cap,3769444,NCM
TRUG,"TruGolf Holdings, Inc.",Communication Services,Nano-Cap,1853104,NCM
RCON,"Recon Technology, Ltd.",Energy,Nano-Cap,656216,NCM
VTAK,"Catheter Precision, Inc.",Healthcare,Nano-Cap,8237500,ASE
SOBR,"SOBR Safe, Inc.",Technology,Nano-Cap,8184931,NCM
CISS,C3is Inc.,Industrials,Nano-Cap,1329675,NCM
LGHL,Lion Group Holding Ltd.,Financial Services,Nano-Cap,593557,NCM
AIXI,XIAO-I Corporation,Technology,Nano-Cap,997157,NGM
NIVF,NewGenIvf Group Limited,Healthcare,Nano-Cap,15998972,NCM
FRGT,"Freight Technologies, Inc.",Technology,Nano-Cap,2196879,NCM
LBGJ,Li Bang International Corporati,Industrials,Nano-Cap,744549,NCM
ETHE,Grayscale Ethereum Staking ETF ,N/A,Nano-Cap,2433253,PCX
SKHY,SK hynix Inc.,Technology,Mega-Cap,29624413,NMS
USO,United States Oil Fund,N/A,Nano-Cap,6161995,PCX
GLDM,SPDR Gold MiniShares Trust,N/A,Nano-Cap,4469836,PCX
MRX,Marex Group Limited,Financial Services,Nano-Cap,737798,NMS
ICL,ICL Group Ltd.,Basic Materials,Nano-Cap,1185695,NYQ
UUP,Invesco DB USD Index Bullish Fu,N/A,Nano-Cap,1718569,PCX
NAC,N/A,Financial Services,Nano-Cap,719785,NYQ
USA,Liberty All-Star Equity Fund,Financial Services,Small-Cap,1289750,NYQ
XRP,Bitwise XRP ETF,N/A,Nano-Cap,1424776,PCX
VGZ,Vista Gold Corp,Basic Materials,Small-Cap,1628839,ASE
MSBT,Common,N/A,Nano-Cap,616361,PCX
IAUM,iShares Gold Trust Micro Shares,N/A,Nano-Cap,2614385,PCX
SPY,State Street SPDR S&P 500 ETF T,N/A,Nano-Cap,44177590,PCX
ETH,Grayscale Ethereum Staking Mini,N/A,Nano-Cap,2784766,PCX
ETHA,iShares Ethereum Trust ETF,N/A,Nano-Cap,36552517,NGM
DIA,State Street SPDR Dow Jones Ind,N/A,Nano-Cap,3453098,PCX
ADBT,"Advasa Holdings, Inc.",Technology,Nano-Cap,48149859,NGM
RZAI,Roze AI Inc. Common Shares,Technology,Small-Cap,588116,NGM
ACCV,Accelevation Holdings Corp. Class A Ordinary Shares,Industrials,Mid-Cap,10664192,NGM
IBIT,iShares Bitcoin Trust ETF,N/A,Nano-Cap,46182161,NGM
TX,Ternium S.A. Ternium S.A.,Basic Materials,Nano-Cap,593131,NYQ
OUNZ,VanEck Merk Gold ETF,N/A,Nano-Cap,635806,PCX
TSM,Taiwan Semiconductor Manufactur,Technology,Mega-Cap,11533707,NYQ
BPRE,N/A,Financial Services,Nano-Cap,893247,NYQ
DBC,Invesco DB Commodity Index Trac,N/A,Nano-Cap,930538,PCX
PPLT,abrdn Physical Platinum Shares ,N/A,Nano-Cap,2359747,PCX
EVV,N/A,Financial Services,Nano-Cap,527496,ASE
AIB,AIB Data Centers Inc.,Technology,Micro-Cap,1574638,ASE
MSM,"MSC Industrial Direct Company, ",Industrials,Mid-Cap,684433,NYQ
SLV,iShares Silver Trust,N/A,Nano-Cap,15714966,PCX
BSOL,Bitwise Solana Staking ETF,N/A,Nano-Cap,3355341,PCX
GGN,N/A,Financial Services,Nano-Cap,525074,ASE
ADRX,"ADARx Pharmaceuticals, Inc.",Healthcare,Small-Cap,1693740,NMS
THM,"International Tower Hill Mines,",Basic Materials,Nano-Cap,933565,ASE
CMC,Commercial Metals Company,Industrials,Mid-Cap,1112904,NYQ
DBA,Invesco DB Agriculture Fund,N/A,Nano-Cap,1167277,PCX
PALL,abrdn Physical Palladium Shares,N/A,Nano-Cap,815876,PCX
IVAI,N/A,,Small-Cap,1494050,NYQ
MDY,State Street SPDR S&P MIDCAP 40,N/A,Nano-Cap,581084,PCX
DSS,"DSS, Inc.",Consumer Cyclical,Nano-Cap,1974212,ASE
VYLR,N/A,Financial Services,Large-Cap,15016800,NYQ
ETHW,Bitwise Ethereum ETF,N/A,Nano-Cap,885685,PCX
SPCX,Space Exploration Technologies ,Industrials,Mega-Cap,92371769,NMS
SIVR,abrdn Physical Silver Shares ET,N/A,Nano-Cap,1201263,PCX
LTM,LATAM Airlines Group S.A.,Industrials,Large-Cap,763360,NYQ
PMT,PennyMac Mortgage Investment Tr,Real Estate,Nano-Cap,1555526,NYQ
GLD,SPDR Gold Shares,N/A,Nano-Cap,9142680,PCX
BITB,Bitwise Bitcoin ETF,N/A,Nano-Cap,1167320,PCX
SGOL,abrdn Physical Gold Shares ETF,N/A,Nano-Cap,2374444,PCX
CIK,N/A,Financial Services,Nano-Cap,500338,ASE
WDS,Woodside Energy Group Limited,Energy,Large-Cap,631006,NYQ
UNG,United States Natural Gas Fund ,N/A,Nano-Cap,14817460,PCX
GSG,iShares GSCI Commodity-Indexed ,N/A,Nano-Cap,996530,PCX
BNO,"United States Brent Oil Fund, L",N/A,Nano-Cap,2019666,PCX
BTC,Grayscale Bitcoin Mini Trust (B,N/A,Nano-Cap,1745466,PCX
GBTC,Grayscale Bitcoin Trust (BTC),N/A,Nano-Cap,1825577,PCX
NRR,N/A,N/A,Nano-Cap,742200,ASE
GSOL,Grayscale Solana Staking ETF,N/A,Nano-Cap,3459809,PCX
ITT,ITT Inc.,Industrials,Large-Cap,880253,NYQ
IMO,Imperial Oil Limited,Energy,Nano-Cap,558887,ASE
GSM,Ferroglobe PLC,Basic Materials,Nano-Cap,1531771,NCM
JFR,Nuveen Floating Rate Income Fun,Financial Services,Small-Cap,633771,NYQ
IAU,iShares Gold Trust Shares,N/A,Nano-Cap,5325780,PCX
JQC,N/A,Financial Services,Nano-Cap,637858,NYQ
GOOG,Alphabet Inc.,Communication Services,Mega-Cap,18115609,NMS
PBR-A,Petroleo Brasileiro S.A. Petrob,Energy,Large-Cap,7109138,NYQ
TRP,TC Energy Corporation,Energy,Large-Cap,2657569,NYQ
BIP,Brookfield Infrastructure Partn,Utilities,Large-Cap,912877,NYQ
FOX,Fox Corporation,Communication Services,Large-Cap,1179876,NMS
FWONK,Liberty Media Corporation - Ser,Communication Services,Large-Cap,2050373,NMS
Z,"Zillow Group, Inc.",Communication Services,Mid-Cap,3796833,NMS
NWS,News Corporation,Communication Services,Large-Cap,1170328,NMS
GBTG,"Global Business Travel Group, I",Consumer Cyclical,Mid-Cap,1739590,NYQ
BATRK,"Atlanta Braves Holdings, Inc. -",Communication Services,Mid-Cap,508498,NMS
LBTYK,Liberty Global Ltd.,Communication Services,Mid-Cap,1503095,NMS
CSAN,Cosan S.A.,Energy,Mid-Cap,1781631,NYQ
UA,"Under Armour, Inc.",Consumer Cyclical,Small-Cap,2665244,NYQ
LILAK,Liberty Latin America Ltd.,Communication Services,Small-Cap,1372922,NMS
TBPH,"Theravance Biopharma, Inc.",Healthcare,Small-Cap,763084,NGM
BRR,"ProCap Financial, Inc.",Financial Services,Small-Cap,1395769,NGM
DOMO,"Domo, Inc.",Technology,Micro-Cap,1705163,NGM
STRC,Strategy Inc - Variable Rate Se,Technology,Nano-Cap,1418476,NMS
BEAT,"Heartbeam, Inc.",Healthcare,Nano-Cap,656328,NCM
LUCY,"Innovative Eyewear, Inc.",Healthcare,Nano-Cap,7846519,NCM
LOVIU,Live Oak Acquisition Corp. VI,,Nano-Cap,1432542,NGM
GOOGN,Alphabet Inc. - Depositary Shar,N/A,Nano-Cap,1818488,NMS
GOOGM,Alphabet Inc. - Depositary Shar,N/A,Nano-Cap,1823176,NMS
AGQ,ProShares Ultra Silver,N/A,Nano-Cap,2529722,PCX
BOIL,ProShares Ultra Bloomberg Natur,N/A,Nano-Cap,5285614,PCX
GLL,ProShares UltraShort Gold,N/A,Nano-Cap,2570765,PCX
ZSL,ProShares UltraShort Silver,N/A,Nano-Cap,3223953,PCX
UGL,ProShares Ultra Gold,N/A,Nano-Cap,2589941,PCX
SCO,ProShares UltraShort Bloomberg ,N/A,Nano-Cap,5149500,PCX
UCO,ProShares Ultra Bloomberg Crude,N/A,Nano-Cap,2945077,PCX
KOLD,ProShares UltraShort Bloomberg ,N/A,Nano-Cap,2596304,PCX
SMCIP,"Super Micro Computer, Inc. - De",Technology,Nano-Cap,726904,NMS
WEAT,Teucrium Wheat Fund ETV,N/A,Nano-Cap,595650,PCX
OPENL,N/A,,Nano-Cap,864977,NMS
OPENZ,N/A,,Nano-Cap,765168,NMS
IPHXU,Inflection Point Acquisition Co,Financial Services,Nano-Cap,504650,NGM
DUKU,Duke Energy Corporation Corpora,Utilities,Nano-Cap,919489,NYQ
BRRKU,Bluerock Acquisition Corp. II Units,Financial Services,Nano-Cap,858860,NGM
PORT-UN,N/A,Financial Services,Nano-Cap,2345060,NYQ
ORCL-PD,Oracle Corporation Depositary S,Technology,Nano-Cap,1816926,NYQ
LEDRU,Leader's Advantage Acquisition ,Financial Services,Nano-Cap,530000,NGM
FNGU,MicroSectors FANG+ 3X Leveraged,N/A,Nano-Cap,3650485,PCX
BULZ,MicroSectors FANG & Innovation ,N/A,Nano-Cap,647411,PCX
SPYU,MAX S&P 500 4X Leveraged ETNs d,N/A,Nano-Cap,645774,PCX
SHNY,MicroSectors Gold 3X Leveraged ,N/A,Nano-Cap,1033246,PCX
GDXD,MicroSectors Gold Miners -3X In,N/A,Nano-Cap,2128396,PCX
GDXU,MicroSectors Gold Miners 3X Lev,N/A,Nano-Cap,1608212,PCX
BA-PA,Boeing Company (The) Depositary,N/A,Nano-Cap,819982,NYQ
ZCSH,The Zcash ETF Shares,N/A,Nano-Cap,954885,PCX
FJDIR,ARC Group Securities Acquisition I Rights,,Nano-Cap,580550,NGM
HYAC-UN,HAYMAKER ACQUISITION CORP V,Financial Services,Nano-Cap,1369255,NYQ
