ticker,name,sector,cap_tier,avg_volume,exchange
NVDA,NVIDIA Corporation,Technology,Mega-Cap,176386820,NMS
AAPL,Apple Inc.,Technology,Mega-Cap,48136180,NMS
GOOGL,Alphabet Inc.,Communication Services,Mega-Cap,34423123,NMS
MSFT,Microsoft Corporation,Technology,Mega-Cap,33436731,NMS
AMZN,"Amazon.com, Inc.",Consumer Cyclical,Mega-Cap,48250980,NMS
META,"Meta Platforms, Inc.",Communication Services,Mega-Cap,15240041,NMS
TSLA,"Tesla, Inc.",Consumer Cyclical,Mega-Cap,65493553,NMS
AVGO,Broadcom Inc.,Technology,Mega-Cap,31592496,NMS
BRK-B,Berkshire Hathaway Inc. New,Financial Services,Mega-Cap,4930315,NYQ
WMT,Walmart Inc.,Consumer Defensive,Mega-Cap,31006886,NMS
LLY,Eli Lilly and Company,Healthcare,Mega-Cap,3216561,NYQ
JPM,JP Morgan Chase & Co.,Financial Services,Mega-Cap,10967755,NYQ
SPY,State Street SPDR S&P 500 ETF T,N/A,Mega-Cap,82116593,PCX
XOM,Exxon Mobil Corporation,Energy,Mega-Cap,19893755,NYQ
V,Visa Inc.,Financial Services,Mega-Cap,7798386,NYQ
JNJ,Johnson & Johnson,Healthcare,Mega-Cap,8954948,NYQ
ASML,ASML Holding N.V. - New York Re,Technology,Mega-Cap,1686438,NMS
MU,"Micron Technology, Inc.",Technology,Mega-Cap,33870980,NMS
MA,Mastercard Incorporated,Financial Services,Mega-Cap,3744038,NYQ
COST,Costco Wholesale Corporation,Consumer Defensive,Mega-Cap,2621018,NMS
ORCL,Oracle Corporation,Technology,Mega-Cap,28733971,NYQ
ABBV,AbbVie Inc.,Healthcare,Mega-Cap,6696733,NYQ
PG,Procter & Gamble Company (The),Consumer Defensive,Mega-Cap,11323301,NYQ
BAC,Bank of America Corporation,Financial Services,Mega-Cap,40250981,NYQ
HD,"Home Depot, Inc. (The)",Consumer Cyclical,Mega-Cap,4392223,NYQ
CVX,Chevron Corporation,Energy,Mega-Cap,10928881,NYQ
GE,GE Aerospace,Industrials,Mega-Cap,5399866,NYQ
NFLX,"Netflix, Inc.",Communication Services,Mega-Cap,51074426,NMS
BABA,Alibaba Group Holding Limited,Consumer Cyclical,Mega-Cap,11129958,NYQ
CAT,"Caterpillar, Inc.",Industrials,Mega-Cap,2837785,NYQ
KO,Coca-Cola Company (The),Consumer Defensive,Mega-Cap,18439090,NYQ
AMD,"Advanced Micro Devices, Inc.",Technology,Mega-Cap,36173168,NMS
PLTR,Palantir Technologies Inc.,Technology,Mega-Cap,47538591,NMS
HSBC,"HSBC Holdings, plc.",Financial Services,Mega-Cap,2096281,NYQ
NVS,Novartis AG,Healthcare,Mega-Cap,2139401,NYQ
AZN,AstraZeneca PLC,Healthcare,Mega-Cap,3214912,NYQ
CSCO,"Cisco Systems, Inc.",Technology,Mega-Cap,22950256,NMS
LRCX,Lam Research Corporation,Technology,Mega-Cap,11735496,NMS
MRK,"Merck & Company, Inc.",Healthcare,Mega-Cap,13239063,NYQ
AMAT,"Applied Materials, Inc.",Technology,Mega-Cap,7551460,NMS
PM,Philip Morris International Inc,Consumer Defensive,Mega-Cap,5658925,NYQ
MS,Morgan Stanley,Financial Services,Mega-Cap,6945323,NYQ
GS,"Goldman Sachs Group, Inc. (The)",Financial Services,Mega-Cap,2426765,NYQ
WFC,Wells Fargo & Company,Financial Services,Mega-Cap,15980618,NYQ
RTX,RTX Corporation,Industrials,Mega-Cap,6000750,NYQ
UNH,UnitedHealth Group Incorporated,Healthcare,Mega-Cap,8888156,NYQ
QQQ,"Invesco QQQ Trust, Series 1",N/A,Mega-Cap,59081091,NGM
SAP,SAP  SE,Technology,Mega-Cap,2602095,NYQ
MCD,McDonald's Corporation,Consumer Cyclical,Mega-Cap,3341348,NYQ
RY,Royal Bank Of Canada,Financial Services,Mega-Cap,1299841,NYQ
TMUS,"T-Mobile US, Inc.",Communication Services,Mega-Cap,6233238,NMS
GEV,GE Vernova Inc.,Industrials,Mega-Cap,3162590,NYQ
LIN,Linde plc,Basic Materials,Mega-Cap,2886028,NMS
AXP,American Express Company,Financial Services,Mega-Cap,3369365,NYQ
SHEL,Shell PLC,Energy,Mega-Cap,4715103,NYQ
PEP,"Pepsico, Inc.",Consumer Defensive,Mega-Cap,8593378,NMS
INTC,Intel Corporation,Technology,Mega-Cap,101128976,NMS
IBM,International Business Machines,Technology,Mega-Cap,5459946,NYQ
MUFG,"Mitsubishi UFJ Financial Group,",Financial Services,Large-Cap,3607361,NYQ
BHP,BHP Group Limited,Basic Materials,Large-Cap,4030438,NYQ
C,"Citigroup, Inc.",Financial Services,Large-Cap,14808301,NYQ
VZ,Verizon Communications Inc.,Communication Services,Mega-Cap,31278408,NYQ
AMGN,Amgen Inc.,Healthcare,Large-Cap,2888240,NMS
ABT,Abbott Laboratories,Healthcare,Large-Cap,9224128,NYQ
KLAC,KLA Corporation,Technology,Large-Cap,1068156,NMS
TMO,Thermo Fisher Scientific Inc,Healthcare,Large-Cap,2224395,NYQ
T,AT&T Inc.,Communication Services,Mega-Cap,43151425,NYQ
TXN,Texas Instruments Incorporated,Technology,Large-Cap,7718875,NMS
NEE,"NextEra Energy, Inc.",Utilities,Large-Cap,10047900,NYQ
SAN,"Banco Santander, S.A. Sponsored",Financial Services,Large-Cap,10289876,NYQ
CRM,"Salesforce, Inc.",Technology,Large-Cap,10995810,NYQ
DIS,Walt Disney Company (The),Communication Services,Large-Cap,11695075,NYQ
APH,Amphenol Corporation,Technology,Large-Cap,9783413,NYQ
BA,Boeing Company (The),Industrials,Large-Cap,7286655,NYQ
ISRG,"Intuitive Surgical, Inc.",Healthcare,Large-Cap,1907860,NMS
GILD,"Gilead Sciences, Inc.",Healthcare,Large-Cap,7458168,NMS
SCCO,Southern Copper Corporation,Basic Materials,Large-Cap,1949116,NYQ
SCHW,Charles Schwab Corporation (The,Financial Services,Large-Cap,10727906,NYQ
TJX,"TJX Companies, Inc. (The)",Consumer Cyclical,Large-Cap,5251230,NYQ
ADI,"Analog Devices, Inc.",Technology,Large-Cap,3963520,NMS
TTE,TotalEnergies SE,Energy,Large-Cap,1436833,NYQ
BLK,"BlackRock, Inc.",Financial Services,Large-Cap,718761,NYQ
DE,Deere & Company,Industrials,Large-Cap,1617185,NYQ
NVO,Novo Nordisk A/S,Healthcare,Large-Cap,23965568,NYQ
TD,Toronto Dominion Bank (The),Financial Services,Large-Cap,2356048,NYQ
RIO,Rio Tinto Plc,Basic Materials,Large-Cap,3921430,NYQ
SHOP,Shopify Inc.,Technology,Large-Cap,11073118,NMS
HDB,HDFC Bank Limited,Financial Services,Large-Cap,5759550,NYQ
ANET,"Arista Networks, Inc.",Technology,Large-Cap,7892703,NYQ
HON,Honeywell International Inc.,Industrials,Large-Cap,4284863,NMS
UL,Unilever PLC,Consumer Defensive,Large-Cap,3225059,NYQ
UNP,Union Pacific Corporation,Industrials,Large-Cap,3355768,NYQ
QCOM,QUALCOMM Incorporated,Technology,Large-Cap,9619115,NMS
UBER,"Uber Technologies, Inc.",Technology,Large-Cap,21245963,NYQ
BUD,Anheuser-Busch Inbev SA Sponsor,Consumer Defensive,Large-Cap,2255066,NYQ
PFE,"Pfizer, Inc.",Healthcare,Large-Cap,47368690,NYQ
PDD,PDD Holdings Inc.,Consumer Cyclical,Large-Cap,8317915,NMS
APP,Applovin Corporation,Communication Services,Large-Cap,5776713,NMS
LMT,Lockheed Martin Corporation,Industrials,Large-Cap,1763588,NYQ
LOW,"Lowe's Companies, Inc.",Consumer Cyclical,Large-Cap,2801675,NYQ
DHR,Danaher Corporation,Healthcare,Large-Cap,3865461,NYQ
SYK,Stryker Corporation,Healthcare,Large-Cap,1897700,NYQ
ETN,"Eaton Corporation, PLC",Industrials,Large-Cap,2975945,NYQ
WELL,Welltower Inc.,Real Estate,Large-Cap,3440733,NYQ
SMFG,Sumitomo Mitsui Financial Group,Financial Services,Large-Cap,2154558,NYQ
BX,Blackstone Inc.,Financial Services,Large-Cap,6142910,NYQ
NEM,Newmont Corporation,Basic Materials,Large-Cap,9801671,NYQ
ARM,Arm Holdings plc,Technology,Large-Cap,5953766,NMS
BTI,British American Tobacco  Indus,Consumer Defensive,Large-Cap,4401795,NYQ
BBVA,Banco Bilbao Vizcaya Argentaria,Financial Services,Large-Cap,1949220,NYQ
COP,ConocoPhillips,Energy,Large-Cap,8578330,NYQ
SONY,Sony Group Corporation,Technology,Large-Cap,5989936,NYQ
CB,Chubb Limited,Financial Services,Large-Cap,1796440,NYQ
PLD,"Prologis, Inc.",Real Estate,Large-Cap,3416591,NYQ
COF,Capital One Financial Corporati,Financial Services,Large-Cap,5100696,NYQ
SPGI,S&P Global Inc.,Financial Services,Large-Cap,2471936,NYQ
UBS,UBS Group AG Registered,Financial Services,Large-Cap,2412155,NYQ
GLW,Corning Incorporated,Technology,Large-Cap,9375778,NYQ
ACN,Accenture plc,Technology,Large-Cap,5425306,NYQ
PH,Parker-Hannifin Corporation,Industrials,Large-Cap,652078,NYQ
IBKR,"Interactive Brokers Group, Inc.",Financial Services,Large-Cap,4616231,NMS
MDT,Medtronic plc.,Healthcare,Large-Cap,7741936,NYQ
GLD,SPDR Gold Shares,N/A,Large-Cap,18064680,PCX
BMY,Bristol-Myers Squibb Company,Healthcare,Large-Cap,14072541,NYQ
PGR,Progressive Corporation (The),Financial Services,Large-Cap,3453165,NYQ
AEM,Agnico Eagle Mines Limited,Basic Materials,Large-Cap,2799543,NYQ
VRTX,Vertex Pharmaceuticals Incorpor,Healthcare,Large-Cap,1418761,NMS
PANW,"Palo Alto Networks, Inc.",Technology,Large-Cap,9859218,NMS
MCK,McKesson Corporation,Healthcare,Large-Cap,721066,NYQ
HCA,"HCA Healthcare, Inc.",Healthcare,Large-Cap,1156091,NYQ
CEG,Constellation Energy Corporatio,Utilities,Large-Cap,3578053,NMS
SNY,Sanofi,Healthcare,Large-Cap,3840238,NMS
MO,"Altria Group, Inc.",Consumer Defensive,Large-Cap,10065028,NYQ
GSK,GSK plc,Healthcare,Large-Cap,5072935,NYQ
NOW,"ServiceNow, Inc.",Technology,Large-Cap,17331370,NYQ
ENB,Enbridge Inc,Energy,Large-Cap,4838395,NYQ
CME,CME Group Inc.,Financial Services,Large-Cap,2118510,NMS
CMCSA,Comcast Corporation,Communication Services,Large-Cap,35575466,NMS
BSX,Boston Scientific Corporation,Healthcare,Large-Cap,14458498,NYQ
IBN,ICICI Bank Limited,Financial Services,Large-Cap,6363198,NYQ
SBUX,Starbucks Corporation,Consumer Cyclical,Large-Cap,9369260,NMS
MFG,"Mizuho Financial Group, Inc. Sp",Financial Services,Large-Cap,4323695,NYQ
INTU,Intuit Inc.,Technology,Large-Cap,3542715,NMS
ADBE,Adobe Inc.,Technology,Large-Cap,5206510,NMS
PBR,Petroleo Brasileiro S.A. Petrob,Energy,Large-Cap,23171143,NYQ
BMO,Bank Of Montreal,Financial Services,Large-Cap,791640,NYQ
SO,Southern Company (The),Utilities,Large-Cap,6180746,NYQ
HWM,Howmet Aerospace Inc.,Industrials,Large-Cap,2574645,NYQ
BN,Brookfield Corporation,Financial Services,Large-Cap,5028585,NYQ
SPOT,Spotify Technology S.A.,Communication Services,Large-Cap,2885865,NYQ
ITUB,Itau Unibanco Banco Holding SA,Financial Services,Large-Cap,24000400,NYQ
NOC,Northrop Grumman Corporation,Industrials,Large-Cap,933688,NYQ
TT,Trane Technologies plc,Industrials,Large-Cap,1595638,NYQ
DUK,Duke Energy Corporation (Holdin,Utilities,Large-Cap,4075041,NYQ
CVS,CVS Health Corporation,Healthcare,Large-Cap,8695786,NYQ
VRT,"Vertiv Holdings, LLC",Industrials,Large-Cap,6126283,NYQ
UPS,"United Parcel Service, Inc.",Industrials,Large-Cap,6123703,NYQ
FCX,"Freeport-McMoRan, Inc.",Basic Materials,Large-Cap,19666525,NYQ
BP,BP p.l.c.,Energy,Large-Cap,9285508,NYQ
CM,Canadian Imperial Bank of Comme,Financial Services,Large-Cap,1169148,NYQ
WDC,Western Digital Corporation,Technology,Large-Cap,9600623,NMS
SNDK,Sandisk Corporation,Technology,Large-Cap,16268611,NMS
CRWD,"CrowdStrike Holdings, Inc.",Technology,Large-Cap,3491881,NMS
BNS,Bank Nova Scotia Halifax Pfd 3,Financial Services,Large-Cap,2016853,NYQ
IAU,iShares Gold Trust Shares,N/A,Large-Cap,15030510,PCX
GD,General Dynamics Corporation,Industrials,Large-Cap,1356571,NYQ
NKE,"Nike, Inc.",Consumer Cyclical,Large-Cap,18842975,NYQ
WM,"Waste Management, Inc.",Industrials,Large-Cap,2168818,NYQ
NGG,"National Grid Transco, PLC Nati",Utilities,Large-Cap,879110,NYQ
EQIX,"Equinix, Inc.",Real Estate,Large-Cap,621260,NMS
MAR,Marriott International,Consumer Cyclical,Large-Cap,1665835,NMS
ICE,Intercontinental Exchange Inc.,Financial Services,Large-Cap,3812591,NYQ
FDX,FedEx Corporation,Industrials,Large-Cap,1876363,NYQ
WMB,"Williams Companies, Inc. (The)",Energy,Large-Cap,7268936,NYQ
MRSH,Marsh,Financial Services,Large-Cap,2909406,NYQ
PNC,"PNC Financial Services Group, I",Financial Services,Large-Cap,2548000,NYQ
SHW,Sherwin-Williams Company (The),Basic Materials,Large-Cap,1771460,NYQ
CNQ,Canadian Natural Resources Limi,Energy,Large-Cap,9246975,NYQ
STX,Seagate Technology Holdings PLC,Technology,Large-Cap,4370523,NMS
USB,U.S. Bancorp,Financial Services,Large-Cap,10660556,NYQ
MELI,"MercadoLibre, Inc.",Consumer Cyclical,Large-Cap,583920,NMS
ADP,"Automatic Data Processing, Inc.",Technology,Large-Cap,3071523,NMS
JCI,Johnson Controls International ,Industrials,Large-Cap,5647918,NYQ
MMM,3M Company,Industrials,Large-Cap,3654950,NYQ
BCS,Barclays PLC,Financial Services,Large-Cap,6443543,NYQ
RCL,Royal Caribbean Cruises Ltd.,Consumer Cyclical,Large-Cap,2418778,NYQ
ECL,Ecolab Inc.,Basic Materials,Large-Cap,1301446,NYQ
KKR,KKR & Co. Inc.,Financial Services,Large-Cap,6788370,NYQ
AMT,American Tower Corporation (REI,Real Estate,Large-Cap,3295456,NYQ
ING,"ING Group, N.V.",Financial Services,Large-Cap,2471036,NYQ
EMR,Emerson Electric Company,Industrials,Large-Cap,3276080,NYQ
MCO,Moody's Corporation,Financial Services,Large-Cap,1221071,NYQ
BK,The Bank of New York Mellon Cor,Financial Services,Large-Cap,3784855,NYQ
MNST,Monster Beverage Corporation,Consumer Defensive,Large-Cap,6064618,NMS
LYG,Lloyds Banking Group Plc,Financial Services,Large-Cap,13885245,NYQ
PWR,"Quanta Services, Inc.",Industrials,Large-Cap,1045268,NYQ
B,Barrick Mining Corporation,Basic Materials,Large-Cap,15122168,NYQ
ITW,Illinois Tool Works Inc.,Industrials,Large-Cap,1433765,NYQ
ABNB,"Airbnb, Inc.",Consumer Cyclical,Large-Cap,4821735,NMS
SNPS,"Synopsys, Inc.",Technology,Large-Cap,2279886,NMS
REGN,"Regeneron Pharmaceuticals, Inc.",Healthcare,Large-Cap,828128,NMS
DELL,Dell Technologies Inc.,Technology,Large-Cap,7571450,NYQ
CRH,CRH PLC,Basic Materials,Large-Cap,7997970,NYQ
CMI,Cummins Inc.,Industrials,Large-Cap,955560,NYQ
CDNS,"Cadence Design Systems, Inc.",Technology,Large-Cap,2308556,NMS
CTAS,Cintas Corporation,Industrials,Large-Cap,1915676,NMS
CSX,CSX Corporation,Industrials,Large-Cap,13265228,NMS
BAM,Brookfield Asset Management Inc,Financial Services,Large-Cap,2934116,NYQ
CL,Colgate-Palmolive Company,Consumer Defensive,Large-Cap,6738316,NYQ
MSI,"Motorola Solutions, Inc.",Technology,Large-Cap,1272751,NYQ
CP,Canadian Pacific Kansas City Li,Industrials,Large-Cap,2587670,NYQ
EPD,Enterprise Products Partners L.,Energy,Large-Cap,4397490,NYQ
DASH,"DoorDash, Inc.",Consumer Cyclical,Large-Cap,5081796,NMS
CVNA,Carvana Co.,Consumer Cyclical,Large-Cap,4765838,NYQ
MDLZ,"Mondelez International, Inc.",Consumer Defensive,Large-Cap,11588451,NMS
CI,The Cigna Group,Healthcare,Large-Cap,1681055,NYQ
ORLY,"O'Reilly Automotive, Inc.",Consumer Cyclical,Large-Cap,6194353,NMS
SLB,SLB Limited,Energy,Large-Cap,18678460,NYQ
AMX,"America Movil, S.A.B. de C.V.",Communication Services,Large-Cap,2538595,NYQ
GM,General Motors Company,Consumer Cyclical,Large-Cap,8812620,NYQ
NTES,"NetEase, Inc.",Communication Services,Large-Cap,740176,NMS
VALE,VALE S.A.,Basic Materials,Large-Cap,36499288,NYQ
HLT,Hilton Worldwide Holdings Inc.,Consumer Cyclical,Large-Cap,1905930,NYQ
KMI,"Kinder Morgan, Inc.",Energy,Large-Cap,13594918,NYQ
WPM,Wheaton Precious Metals Corp,Basic Materials,Large-Cap,2278721,NYQ
NU,Nu Holdings Ltd.,Financial Services,Large-Cap,49808548,NYQ
EQNR,Equinor ASA,Energy,Large-Cap,5059445,NYQ
HOOD,"Robinhood Markets, Inc.",Financial Services,Large-Cap,28363450,NMS
WBD,"Warner Bros. Discovery, Inc. - ",Communication Services,Large-Cap,36306860,NMS
AEP,American Electric Power Company,Utilities,Large-Cap,3456271,NMS
COR,"Cencora, Inc.",Healthcare,Large-Cap,1251776,NYQ
ELV,"Elevance Health, Inc.",Healthcare,Large-Cap,1800730,NYQ
AON,Aon plc,Financial Services,Large-Cap,1343186,NYQ
NSC,Norfolk Southern Corporation,Industrials,Large-Cap,1239860,NYQ
DB,Deutsche Bank AG,Financial Services,Large-Cap,2853391,NYQ
RSG,"Republic Services, Inc.",Industrials,Large-Cap,1488976,NYQ
TEL,TE Connectivity plc,Technology,Large-Cap,2210763,NYQ
TRV,"The Travelers Companies, Inc.",Financial Services,Large-Cap,1628620,NYQ
NWG,NatWest Group plc,Financial Services,Large-Cap,3054903,NYQ
CNI,Canadian National Railway Compa,Industrials,Large-Cap,1614678,NYQ
MRVL,"Marvell Technology, Inc.",Technology,Large-Cap,14770798,NMS
SU,Suncor Energy  Inc.,Energy,Large-Cap,5065758,NYQ
RACE,Ferrari N.V.,Consumer Cyclical,Large-Cap,754676,NYQ
APO,"Apollo Global Management, Inc. ",Financial Services,Large-Cap,4378791,NYQ
LHX,"L3Harris Technologies, Inc.",Industrials,Large-Cap,1415215,NYQ
ROST,"Ross Stores, Inc.",Consumer Cyclical,Large-Cap,2565780,NMS
EOG,"EOG Resources, Inc.",Energy,Large-Cap,4854123,NYQ
TFC,Truist Financial Corporation,Financial Services,Large-Cap,9002091,NYQ
SE,Sea Limited,Consumer Cyclical,Large-Cap,6037743,NYQ
TRP,TC Energy Corporation,Energy,Large-Cap,2290746,NYQ
PCAR,PACCAR Inc.,Industrials,Large-Cap,3410168,NMS
ET,Energy Transfer LP,Energy,Large-Cap,15298806,NYQ
BKR,Baker Hughes Company,Energy,Large-Cap,8928695,NMS
BDX,"Becton, Dickinson and Company",Healthcare,Large-Cap,2809288,NYQ
AU,AngloGold Ashanti PLC,Basic Materials,Large-Cap,2838545,NYQ
VLO,Valero Energy Corporation,Energy,Large-Cap,3334498,NYQ
O,Realty Income Corporation,Real Estate,Large-Cap,6742001,NYQ
SRE,DBA Sempra,Utilities,Large-Cap,3848961,NYQ
DLR,"Digital Realty Trust, Inc.",Real Estate,Large-Cap,2116123,NYQ
PSX,Phillips 66,Energy,Large-Cap,2588875,NYQ
APD,"Air Products and Chemicals, Inc",Basic Materials,Large-Cap,1703991,NYQ
NET,"Cloudflare, Inc.",Technology,Large-Cap,4167468,NYQ
RELX,RELX PLC PLC,Industrials,Large-Cap,3644160,NYQ
FTNT,"Fortinet, Inc.",Technology,Large-Cap,6722041,NMS
MPC,Marathon Petroleum Corporation,Energy,Large-Cap,2432305,NYQ
MFC,Manulife Financial Corporation,Financial Services,Large-Cap,2425628,NYQ
VST,Vistra Corp.,Utilities,Large-Cap,5559640,NYQ
AFL,AFLAC Incorporated,Financial Services,Large-Cap,2385446,NYQ
MPLX,MPLX LP,Energy,Large-Cap,1648290,NYQ
INFY,Infosys Limited,Technology,Large-Cap,16539215,NYQ
SNOW,Snowflake Inc.,Technology,Large-Cap,5918095,NYQ
NXPI,NXP Semiconductors N.V.,Technology,Large-Cap,2890568,NMS
TAK,Takeda Pharmaceutical Company L,Healthcare,Large-Cap,2911280,NYQ
IMO,Imperial Oil Limited,Energy,Large-Cap,721568,ASE
AJG,Arthur J. Gallagher & Co.,Financial Services,Large-Cap,2288986,NYQ
F,Ford Motor Company,Consumer Cyclical,Large-Cap,63014503,NYQ
MPWR,"Monolithic Power Systems, Inc.",Technology,Large-Cap,675428,NMS
ZTS,Zoetis Inc.,Healthcare,Large-Cap,5073833,NYQ
ALL,Allstate Corporation (The),Financial Services,Large-Cap,1741678,NYQ
URI,"United Rentals, Inc.",Industrials,Large-Cap,688208,NYQ
AME,"AMETEK, Inc.",Industrials,Large-Cap,1413595,NYQ
FNV,Franco-Nevada Corporation,Basic Materials,Large-Cap,808536,NYQ
D,"Dominion Energy, Inc.",Utilities,Large-Cap,6543323,NYQ
CAH,"Cardinal Health, Inc.",Healthcare,Large-Cap,1784783,NYQ
PSA,Public Storage,Real Estate,Large-Cap,1235736,NYQ
CTVA,"Corteva, Inc.",Basic Materials,Large-Cap,3948258,NYQ
FERG,Ferguson Enterprises Inc.,Industrials,Large-Cap,1427595,NYQ
TER,"Teradyne, Inc.",Technology,Large-Cap,3278111,NMS
OKE,"ONEOK, Inc.",Energy,Large-Cap,4539946,NYQ
FER,Ferrovial SE,Industrials,Large-Cap,2457391,NMS
IDXX,"IDEXX Laboratories, Inc.",Healthcare,Large-Cap,512905,NMS
ASX,"ASE Technology Holding Co., Ltd",Technology,Large-Cap,7868296,NYQ
GFI,Gold Fields Limited,Basic Materials,Large-Cap,3244493,NYQ
KEYS,Keysight Technologies Inc.,Technology,Large-Cap,1344233,NYQ
CARR,Carrier Global Corporation,Industrials,Large-Cap,7560375,NYQ
FAST,Fastenal Company,Industrials,Large-Cap,8533565,NMS
TGT,Target Corporation,Consumer Defensive,Large-Cap,6847298,NYQ
CCJ,Cameco Corporation,Energy,Large-Cap,4101171,NYQ
LNG,"Cheniere Energy, Inc.",Energy,Large-Cap,2124831,NYQ
CRWV,"CoreWeave, Inc.",Technology,Large-Cap,28147693,NMS
FIX,"Comfort Systems USA, Inc.",Industrials,Large-Cap,562235,NYQ
OXY,Occidental Petroleum Corporatio,Energy,Large-Cap,12241865,NYQ
RBLX,Roblox Corporation,Communication Services,Large-Cap,11393936,NYQ
NDAQ,"Nasdaq, Inc.",Financial Services,Large-Cap,4644395,NMS
BSBR,Banco Santander Brasil SA,Financial Services,Large-Cap,862145,NYQ
MT,Arcelor Mittal NY Registry Shar,Basic Materials,Large-Cap,1682310,NYQ
EW,Edwards Lifesciences Corporatio,Healthcare,Large-Cap,4096348,NYQ
EA,Electronic Arts Inc.,Communication Services,Large-Cap,2381778,NMS
CMG,"Chipotle Mexican Grill, Inc.",Consumer Cyclical,Large-Cap,17671378,NYQ
RKT,"Rocket Companies, Inc.",Financial Services,Large-Cap,28333928,NYQ
MET,"MetLife, Inc.",Financial Services,Large-Cap,3851241,NYQ
ABEV,Ambev S.A.,Consumer Defensive,Large-Cap,26366206,NYQ
EXC,Exelon Corporation,Utilities,Large-Cap,8158348,NMS
TRGP,"Targa Resources, Inc.",Energy,Large-Cap,1461965,NYQ
ADSK,"Autodesk, Inc.",Technology,Large-Cap,2090431,NMS
XEL,Xcel Energy Inc.,Utilities,Large-Cap,5496421,NMS
GRMN,Garmin Ltd.,Technology,Large-Cap,1047385,NYQ
COIN,"Coinbase Global, Inc. - 3",Financial Services,Large-Cap,11287796,NMS
CCEP,Coca-Cola Europacific Partners ,Consumer Defensive,Large-Cap,1675766,NMS
LITE,Lumentum Holdings Inc.,Technology,Large-Cap,4817168,NMS
CIEN,Ciena Corporation,Technology,Large-Cap,3356311,NYQ
HLN,Haleon plc,Healthcare,Large-Cap,8804141,NYQ
FANG,"Diamondback Energy, Inc.",Energy,Large-Cap,2221231,NMS
ETR,Entergy Corporation,Utilities,Large-Cap,2645835,NYQ
DEO,Diageo plc,Consumer Defensive,Large-Cap,1950285,NYQ
BE,Bloom Energy Corporation,Industrials,Large-Cap,11528251,NYQ
HSY,The Hershey Company,Consumer Defensive,Large-Cap,1919988,NYQ
COHR,Coherent Corp.,Technology,Large-Cap,5431260,NYQ
FITB,Fifth Third Bancorp,Financial Services,Large-Cap,11351436,NMS
DHI,"D.R. Horton, Inc.",Consumer Cyclical,Large-Cap,3108041,NYQ
ROK,"Rockwell Automation, Inc.",Industrials,Large-Cap,945566,NYQ
DAL,"Delta Air Lines, Inc.",Industrials,Large-Cap,8365363,NYQ
YUM,"Yum! Brands, Inc.",Consumer Cyclical,Large-Cap,2049131,NYQ
AMP,"Ameriprise Financial, Inc.",Financial Services,Large-Cap,671885,NYQ
CCL,Carnival Corporation,Consumer Cyclical,Large-Cap,21235858,NYQ
WAB,Westinghouse Air Brake Technolo,Industrials,Large-Cap,833806,NYQ
CBRE,CBRE Group Inc,Real Estate,Large-Cap,2056615,NYQ
MSTR,Strategy Inc,Technology,Large-Cap,22182403,NMS
KR,Kroger Company (The),Consumer Defensive,Large-Cap,6612438,NYQ
TRI,Thomson Reuters Corp,Industrials,Large-Cap,2333226,NMS
KGC,Kinross Gold Corporation,Basic Materials,Large-Cap,10851198,NYQ
ALNY,"Alnylam Pharmaceuticals, Inc.",Healthcare,Large-Cap,1572563,NMS
BIDU,"Baidu, Inc.",Communication Services,Large-Cap,2961418,NMS
HEI,Heico Corporation,Industrials,Large-Cap,584718,NYQ
AXON,"Axon Enterprise, Inc.",Industrials,Large-Cap,1008990,NMS
AIG,"American International Group, I",Financial Services,Large-Cap,5046056,NYQ
WCN,"Waste Connections, Inc.",Industrials,Large-Cap,1597733,NYQ
MSCI,MSCI Inc.,Financial Services,Large-Cap,658778,NYQ
PEG,Public Service Enterprise Group,Utilities,Large-Cap,3018075,NYQ
BBD,Banco Bradesco Sa,Financial Services,Large-Cap,37589628,NYQ
CUK,Carnival Plc,Consumer Cyclical,Large-Cap,2470091,NYQ
ALC,Alcon Inc.,Healthcare,Large-Cap,1577243,NYQ
SYY,Sysco Corporation,Consumer Defensive,Large-Cap,3707931,NYQ
PYPL,"PayPal Holdings, Inc.",Financial Services,Large-Cap,23460766,NMS
NOK,Nokia Corporation Sponsored,Technology,Large-Cap,35309641,NYQ
ODFL,"Old Dominion Freight Line, Inc.",Industrials,Large-Cap,2313770,NMS
CVE,Cenovus Energy Inc,Energy,Large-Cap,13509438,NYQ
PCG,Pacific Gas & Electric Co.,Utilities,Large-Cap,21218110,NYQ
KDP,Keurig Dr Pepper Inc.,Consumer Defensive,Large-Cap,11751488,NMS
VTR,"Ventas, Inc.",Real Estate,Large-Cap,3009738,NYQ
DDOG,"Datadog, Inc.",Technology,Large-Cap,5568458,NMS
VMC,Vulcan Materials Company (Holdi,Basic Materials,Large-Cap,1084763,NYQ
MCHP,Microchip Technology Incorporat,Technology,Large-Cap,8827216,NMS
EL,"Estee Lauder Companies, Inc. (T",Consumer Defensive,Large-Cap,3934626,NYQ
DIA,State Street SPDR Dow Jones Ind,N/A,Large-Cap,6266063,PCX
NUE,Nucor Corporation,Basic Materials,Large-Cap,1750305,NYQ
EBAY,eBay Inc.,Consumer Cyclical,Large-Cap,5158136,NMS
ED,"Consolidated Edison, Inc.",Utilities,Large-Cap,2184141,NYQ
JD,"JD.com, Inc.",Consumer Cyclical,Large-Cap,9408698,NMS
MDLN,Medline Inc.,Healthcare,Large-Cap,7041816,NMS
TTWO,"Take-Two Interactive Software, ",Communication Services,Large-Cap,2130878,NMS
PUK,Prudential Public Limited Compa,Financial Services,Large-Cap,839268,NYQ
HIG,"The Hartford Insurance Group, I",Financial Services,Large-Cap,1583090,NYQ
TEVA,Teva Pharmaceutical Industries ,Healthcare,Large-Cap,9383421,NYQ
HMC,"Honda Motor Company, Ltd.",Consumer Cyclical,Large-Cap,1131943,NYQ
NRG,"NRG Energy, Inc.",Utilities,Large-Cap,2341143,NYQ
WDS,Woodside Energy Group Limited,Energy,Large-Cap,1022570,NYQ
RKLB,Rocket Lab Corporation,Industrials,Large-Cap,23771588,NCM
ARES,Ares Management Corporation,Financial Services,Large-Cap,4187536,NYQ
GEHC,GE HealthCare Technologies Inc.,Healthcare,Large-Cap,3289286,NMS
ROP,"Roper Technologies, Inc.",Technology,Large-Cap,1623053,NMS
LVS,Las Vegas Sands Corp.,Consumer Cyclical,Large-Cap,5722416,NYQ
UAL,"United Airlines Holdings, Inc.",Industrials,Large-Cap,5464228,NMS
WEC,"WEC Energy Group, Inc.",Utilities,Large-Cap,2287870,NYQ
CCI,Crown Castle Inc.,Real Estate,Large-Cap,3348033,NYQ
ERIC,Ericsson,Technology,Large-Cap,8645095,NMS
RMD,ResMed Inc.,Healthcare,Large-Cap,1058761,NYQ
IR,Ingersoll Rand Inc.,Industrials,Large-Cap,3629043,NYQ
EQT,EQT Corporation,Energy,Large-Cap,9864033,NYQ
WDAY,"Workday, Inc.",Technology,Large-Cap,4524920,NMS
STT,State Street Corporation,Financial Services,Large-Cap,2165440,NYQ
LYV,"Live Nation Entertainment, Inc.",Communication Services,Large-Cap,2823498,NYQ
KMB,Kimberly-Clark Corporation,Consumer Defensive,Large-Cap,5837526,NMS
MDY,State Street SPDR S&P MIDCAP 40,N/A,Large-Cap,1015496,PCX
RYAAY,Ryanair Holdings plc,Industrials,Large-Cap,1341563,NMS
GBTC,Grayscale Bitcoin Trust (BTC),N/A,Large-Cap,5191170,PCX
KVUE,Kenvue Inc.,Consumer Defensive,Large-Cap,45109915,NYQ
SLF,Sun Life Financial Inc.,Financial Services,Large-Cap,617080,NYQ
ACGL,Arch Capital Group Ltd.,Financial Services,Large-Cap,2159983,NMS
AMRZ,Amrize Ltd,Basic Materials,Large-Cap,3559020,NYQ
CPRT,"Copart, Inc.",Industrials,Large-Cap,9299221,NMS
VOD,Vodafone Group Plc,Communication Services,Large-Cap,4562421,NMS
OTIS,Otis Worldwide Corporation,Industrials,Large-Cap,3480140,NYQ
NTR,Nutrien Ltd.,Basic Materials,Large-Cap,2921025,NYQ
PRU,"Prudential Financial, Inc.",Financial Services,Large-Cap,2098615,NYQ
HBAN,Huntington Bancshares Incorpora,Financial Services,Large-Cap,31935188,NMS
VIK,Viking Holdings Ltd,Consumer Cyclical,Large-Cap,2295673,NYQ
TPL,Texas Pacific Land Corporation,Energy,Large-Cap,513498,NYQ
MTB,M&T Bank Corporation,Financial Services,Large-Cap,1196428,NYQ
SYM,Symbotic Inc.,Industrials,Large-Cap,2040185,NGM
TCOM,Trip.com Group Limited,Consumer Cyclical,Large-Cap,3772296,NMS
A,"Agilent Technologies, Inc.",Healthcare,Large-Cap,2220360,NYQ
CPNG,"Coupang, Inc.",Consumer Cyclical,Large-Cap,24196870,NYQ
PAYX,"Paychex, Inc.",Technology,Large-Cap,3817461,NMS
DG,Dollar General Corporation,Consumer Defensive,Large-Cap,3214186,NYQ
FISV,"Fiserv, Inc.",N/A,Large-Cap,9911726,NMS
XYZ,"Block, Inc.",Technology,Large-Cap,8114718,NYQ
TPR,"Tapestry, Inc.",Consumer Cyclical,Large-Cap,2530965,NYQ
EXR,Extra Space Storage Inc,Real Estate,Large-Cap,1376880,NYQ
ADM,Archer-Daniels-Midland Company,Consumer Defensive,Large-Cap,3420263,NYQ
IRM,Iron Mountain Incorporated (Del,Real Estate,Large-Cap,2109003,NYQ
CLS,"Celestica, Inc.",Technology,Large-Cap,2723266,NYQ
XYL,Xylem Inc.,Industrials,Large-Cap,1622660,NYQ
ASTS,"AST SpaceMobile, Inc.",Technology,Large-Cap,15996120,NMS
INSM,Insmed Incorporated,Healthcare,Large-Cap,2987631,NMS
QSR,Restaurant Brands International,Consumer Cyclical,Large-Cap,3032458,NYQ
VICI,VICI Properties Inc.,Real Estate,Large-Cap,11345793,NYQ
FTAI,FTAI Aviation Ltd.,Industrials,Large-Cap,1636291,NMS
WAT,Waters Corporation,Healthcare,Large-Cap,956591,NYQ
RJF,"Raymond James Financial, Inc.",Financial Services,Large-Cap,1388278,NYQ
CTSH,Cognizant Technology Solutions ,Technology,Large-Cap,6388180,NMS
SATS,EchoStar Corporation,Communication Services,Large-Cap,5552293,NMS
ULTA,"Ulta Beauty, Inc.",Consumer Cyclical,Large-Cap,573863,NMS
DOV,Dover Corporation,Industrials,Large-Cap,1271623,NYQ
STM,STMicroelectronics N.V.,Technology,Large-Cap,7166086,NYQ
AEE,Ameren Corporation,Utilities,Large-Cap,1825015,NYQ
PHG,Koninklijke Philips N.V. NY Reg,Healthcare,Large-Cap,870798,NYQ
DTE,DTE Energy Company,Utilities,Large-Cap,1655096,NYQ
ATO,Atmos Energy Corporation,Utilities,Large-Cap,1311878,NYQ
NTRA,"Natera, Inc.",Healthcare,Large-Cap,1160663,NMS
VEEV,Veeva Systems Inc.,Healthcare,Large-Cap,2099720,NYQ
HAL,Halliburton Company,Energy,Large-Cap,13159073,NYQ
TECK,Teck Resources Ltd,Basic Materials,Large-Cap,4458635,NYQ
CHTR,"Charter Communications, Inc.",Communication Services,Large-Cap,1972375,NMS
WTW,Willis Towers Watson Public Lim,Financial Services,Large-Cap,824013,NMS
FE,FirstEnergy Corp.,Utilities,Large-Cap,4721106,NYQ
KHC,The Kraft Heinz Company,Consumer Defensive,Large-Cap,15512770,NMS
JBL,Jabil Inc.,Technology,Large-Cap,1222036,NYQ
IQV,"IQVIA Holdings, Inc.",Healthcare,Large-Cap,1995723,NYQ
DXCM,"DexCom, Inc.",Healthcare,Large-Cap,5251126,NMS
PPL,PPL Corporation,Utilities,Large-Cap,8606706,NYQ
RDDT,"Reddit, Inc.",Communication Services,Large-Cap,5267735,NYQ
FTS,Fortis Inc.,Utilities,Large-Cap,936720,NYQ
ROL,"Rollins, Inc.",Consumer Cyclical,Large-Cap,2957923,NYQ
KEP,Korea Electric Power Corporatio,Utilities,Large-Cap,630345,NYQ
PAAS,Pan American Silver Corp.,Basic Materials,Large-Cap,8268545,NYQ
EIX,Edison International,Utilities,Large-Cap,3320568,NYQ
STLD,"Steel Dynamics, Inc.",Basic Materials,Large-Cap,1321411,NMS
VRSK,"Verisk Analytics, Inc.",Industrials,Large-Cap,1904841,NMS
ES,Eversource Energy (D/B/A),Utilities,Large-Cap,2560050,NYQ
CNP,"CenterPoint Energy, Inc (Holdin",Utilities,Large-Cap,5503418,NYQ
NTRS,Northern Trust Corporation,Financial Services,Large-Cap,1087036,NMS
HPE,Hewlett Packard Enterprise Comp,Technology,Large-Cap,19226823,NYQ
FTI,TechnipFMC plc,Energy,Large-Cap,3646233,NYQ
LEN,Lennar Corporation,Consumer Cyclical,Large-Cap,3239333,NYQ
BIIB,Biogen Inc.,Healthcare,Large-Cap,1734008,NMS
PPG,"PPG Industries, Inc.",Basic Materials,Large-Cap,2097085,NYQ
AXIA,AXIA Energia,Utilities,Large-Cap,2036900,NYQ
TS,Tenaris S.A.,Energy,Large-Cap,1403261,NYQ
SLV,iShares Silver Trust,N/A,Large-Cap,110039075,PCX
ON,ON Semiconductor Corporation,Technology,Large-Cap,9152906,NMS
CFG,"Citizens Financial Group, Inc.",Financial Services,Large-Cap,5347546,NYQ
MDB,"MongoDB, Inc.",Technology,Large-Cap,1861893,NGM
BNTX,BioNTech SE,Healthcare,Large-Cap,965475,NMS
WRB,W.R. Berkley Corporation,Financial Services,Large-Cap,2548363,NYQ
STZ,"Constellation Brands, Inc.",Consumer Defensive,Large-Cap,2587055,NYQ
TSCO,Tractor Supply Company,Consumer Cyclical,Large-Cap,6782283,NMS
NMR,Nomura Holdings Inc,Financial Services,Large-Cap,1467243,NYQ
EXPE,"Expedia Group, Inc.",Consumer Cyclical,Large-Cap,2593730,NMS
ZS,"Zscaler, Inc.",Technology,Large-Cap,2406713,NMS
FIS,Fidelity National Information S,Technology,Large-Cap,4276863,NYQ
OMC,Omnicom Group Inc.,Communication Services,Large-Cap,5168106,NYQ
TW,Tradeweb Markets Inc.,Financial Services,Large-Cap,1475145,NMS
SYF,Synchrony Financial,Financial Services,Large-Cap,4465751,NYQ
NBIS,Nebius Group N.V.,Communication Services,Large-Cap,12572630,NMS
VIV,Telefonica Brasil S.A.,Communication Services,Large-Cap,885516,NYQ
DVN,Devon Energy Corporation,Energy,Large-Cap,10375435,NYQ
LUV,Southwest Airlines Company,Industrials,Large-Cap,10758323,NYQ
AWK,"American Water Works Company, I",Utilities,Large-Cap,1738513,NYQ
RPRX,Royalty Pharma plc,Healthcare,Large-Cap,3832568,NMS
Q,"Qnity Electronics, Inc.",Technology,Large-Cap,2494308,NYQ
PHM,"PulteGroup, Inc.",Consumer Cyclical,Large-Cap,1847280,NYQ
GFS,GlobalFoundries Inc.,Technology,Large-Cap,4503878,NMS
UMC,United Microelectronics Corpora,Technology,Large-Cap,10458843,NYQ
DLTR,"Dollar Tree, Inc.",Consumer Defensive,Large-Cap,2992145,NMS
CINF,Cincinnati Financial Corporatio,Financial Services,Large-Cap,686335,NMS
EC,Ecopetrol S.A.,Energy,Large-Cap,2887640,NYQ
RF,Regions Financial Corporation,Financial Services,Large-Cap,13490005,NYQ
AER,AerCap Holdings N.V.,Industrials,Large-Cap,1249893,NYQ
LPLA,LPL Financial Holdings Inc.,Financial Services,Large-Cap,913555,NMS
PBA,Pembina Pipeline Corp.,Energy,Large-Cap,1468536,NYQ
AVB,"AvalonBay Communities, Inc.",Real Estate,Large-Cap,1128043,NYQ
EFX,"Equifax, Inc.",Industrials,Large-Cap,1749601,NYQ
EXE,Expand Energy Corporation,Energy,Large-Cap,3580771,NMS
WSM,"Williams-Sonoma, Inc.",Consumer Cyclical,Large-Cap,1081855,NYQ
EQR,Equity Residential,Real Estate,Large-Cap,2610230,NYQ
STE,STERIS plc (Ireland),Healthcare,Large-Cap,731435,NYQ
DRI,"Darden Restaurants, Inc.",Consumer Cyclical,Large-Cap,1567783,NYQ
CHD,"Church & Dwight Company, Inc.",Consumer Defensive,Large-Cap,2431243,NYQ
RGLD,"Royal Gold, Inc.",Basic Materials,Large-Cap,1000821,NMS
TME,Tencent Music Entertainment Gro,Communication Services,Large-Cap,5687193,NYQ
SOFI,"SoFi Technologies, Inc.",Financial Services,Large-Cap,56348080,NMS
VLTO,Veralto Corp,Industrials,Large-Cap,1936986,NYQ
BRO,"Brown & Brown, Inc.",Financial Services,Large-Cap,3210536,NYQ
SW,Smurfit WestRock plc,Consumer Cyclical,Large-Cap,5917698,NYQ
FOXA,Fox Corporation,Communication Services,Large-Cap,3910160,NMS
KEY,KeyCorp,Financial Services,Large-Cap,15890460,NYQ
XPO,"XPO, Inc.",Industrials,Large-Cap,1805481,NYQ
WIT,Wipro Limited,Technology,Large-Cap,9678148,NYQ
GIS,"General Mills, Inc.",Consumer Defensive,Large-Cap,7966163,NYQ
BCE,"BCE, Inc.",Communication Services,Large-Cap,3322951,NYQ
LH,Labcorp Holdings Inc.,Healthcare,Large-Cap,709451,NYQ
CMS,CMS Energy Corporation,Utilities,Large-Cap,2963533,NYQ
CPAY,"Corpay, Inc.",Technology,Large-Cap,644736,NYQ
DGX,Quest Diagnostics Incorporated,Healthcare,Large-Cap,1005250,NYQ
FLEX,Flex Ltd.,Technology,Large-Cap,4695085,NMS
WWD,"Woodward, Inc.",Industrials,Large-Cap,631558,NMS
STLA,Stellantis N.V.,Consumer Cyclical,Large-Cap,14969465,NYQ
VG,"Venture Global, Inc.",Energy,Large-Cap,13982553,NYQ
BG,Bunge Limited,Consumer Defensive,Large-Cap,1568360,NYQ
RL,Ralph Lauren Corporation,Consumer Cyclical,Large-Cap,651798,NYQ
MTZ,"MasTec, Inc.",Industrials,Large-Cap,913553,NYQ
CTRA,Coterra Energy Inc.,Energy,Large-Cap,9787236,NYQ
IP,International Paper Company,Consumer Cyclical,Large-Cap,6436885,NYQ
ZM,"Zoom Communications, Inc.",Technology,Large-Cap,3815023,NMS
L,Loews Corporation,Financial Services,Large-Cap,771153,NYQ
LDOS,"Leidos Holdings, Inc.",Technology,Large-Cap,1035700,NYQ
HUM,Humana Inc.,Healthcare,Large-Cap,1928531,NYQ
ATI,ATI Inc.,Industrials,Large-Cap,1900865,NYQ
TSN,"Tyson Foods, Inc.",Consumer Defensive,Large-Cap,2970920,NYQ
AMCR,Amcor plc,Consumer Cyclical,Large-Cap,5219069,NYQ
SQM,Sociedad Quimica y Minera S.A.,Basic Materials,Large-Cap,1419943,NYQ
CRCL,"Circle Internet Group, Inc.",Financial Services,Large-Cap,13224736,NYQ
NI,NiSource Inc,Utilities,Large-Cap,3931411,NYQ
LULU,lululemon athletica inc.,Consumer Cyclical,Large-Cap,3586798,NMS
AGI,Alamos Gold Inc.,Basic Materials,Large-Cap,3730616,NYQ
ALB,Albemarle Corporation,Basic Materials,Large-Cap,3047663,NYQ
CHRW,"C.H. Robinson Worldwide, Inc.",Industrials,Large-Cap,2304083,NMS
GPN,Global Payments Inc.,Industrials,Large-Cap,3534205,NYQ
PSTG,"Pure Storage, Inc.",Technology,Large-Cap,3817876,NYQ
JBHT,"J.B. Hunt Transport Services, I",Industrials,Large-Cap,1057488,NMS
FLUT,Flutter Entertainment plc,Consumer Cyclical,Large-Cap,3733655,NYQ
AS,"Amer Sports, Inc.",Consumer Cyclical,Large-Cap,4361195,NYQ
FSLR,"First Solar, Inc.",Technology,Large-Cap,2469445,NMS
DOW,Dow Inc.,Basic Materials,Large-Cap,12653681,NYQ
RCI,"Rogers Communication, Inc.",Communication Services,Large-Cap,1030313,NYQ
PFG,Principal Financial Group Inc,Financial Services,Large-Cap,1581806,NMS
BR,"Broadridge Financial Solutions,",Technology,Large-Cap,1080313,NYQ
FUTU,Futu Holdings Limited,Financial Services,Large-Cap,1426475,NGM
TLK,"PT Telekomunikasi Indonesia, Tb",Communication Services,Large-Cap,564791,NYQ
TU,Telus Corporation,Communication Services,Large-Cap,5790968,NYQ
USFD,US Foods Holding Corp.,Consumer Defensive,Large-Cap,2711420,NYQ
SBS,Companhia de saneamento Basico ,Utilities,Large-Cap,1246218,NYQ
ALAB,"Astera Labs, Inc.",Technology,Large-Cap,5201640,NMS
CNC,Centene Corporation,Healthcare,Large-Cap,6066710,NYQ
DD,"DuPont de Nemours, Inc.",Basic Materials,Large-Cap,4864413,NYQ
THC,Tenet Healthcare Corporation,Healthcare,Large-Cap,971640,NYQ
TROW,"T. Rowe Price Group, Inc.",Financial Services,Large-Cap,2047373,NMS
TEAM,Atlassian Corporation,Technology,Large-Cap,5253646,NMS
BEP,Brookfield Renewable Partners L,Utilities,Large-Cap,576605,NYQ
VRSN,"VeriSign, Inc.",Technology,Large-Cap,772258,NMS
PKG,Packaging Corporation of Americ,Consumer Cyclical,Large-Cap,969923,NYQ
IFF,International Flavors & Fragran,Basic Materials,Large-Cap,1934748,NYQ
CRDO,Credo Technology Group Holding ,Technology,Large-Cap,6655936,NMS
SBAC,SBA Communications Corporation,Real Estate,Large-Cap,877925,NMS
ROIV,Roivant Sciences Ltd.,Healthcare,Large-Cap,7160080,NMS
MRNA,"Moderna, Inc.",Healthcare,Large-Cap,11971978,NMS
FN,Fabrinet,Technology,Large-Cap,679936,NYQ
ENTG,"Entegris, Inc.",Technology,Large-Cap,3022791,NMS
ZBH,"Zimmer Biomet Holdings, Inc.",Healthcare,Large-Cap,2202935,NYQ
INCY,Incyte Corporation,Healthcare,Large-Cap,1997180,NMS
CRS,Carpenter Technology Corporatio,Industrials,Large-Cap,894478,NYQ
NTAP,"NetApp, Inc.",Technology,Large-Cap,2283173,NMS
RVMD,"Revolution Medicines, Inc.",Healthcare,Large-Cap,3462556,NMS
EXAS,Exact Sciences Corporation,Healthcare,Large-Cap,2647338,NCM
NVT,nVent Electric plc,Industrials,Large-Cap,2298591,NYQ
EXPD,Expeditors International of Was,Industrials,Large-Cap,1560841,NYQ
CG,The Carlyle Group Inc.,Financial Services,Large-Cap,2955441,NMS
YUMC,"Yum China Holdings, Inc.",Consumer Cyclical,Large-Cap,1426991,NYQ
ILMN,"Illumina, Inc.",Healthcare,Large-Cap,2083671,NMS
BURL,"Burlington Stores, Inc.",Consumer Cyclical,Large-Cap,833790,NYQ
APG,APi Group Corporation,Industrials,Large-Cap,2458691,NYQ
RIVN,"Rivian Automotive, Inc.",Consumer Cyclical,Large-Cap,35690315,NMS
SMCI,"Super Micro Computer, Inc.",Technology,Large-Cap,29527868,NMS
SGI,Somnigroup International Inc.,Consumer Cyclical,Large-Cap,1698778,NYQ
EVRG,"Evergy, Inc.",Utilities,Large-Cap,2199336,NMS
CSGP,"CoStar Group, Inc.",Real Estate,Large-Cap,6413865,NMS
PHYS,"""Sprott Physical Gold Trust""",N/A,Large-Cap,8029796,ASE
DKS,Dick's Sporting Goods Inc,Consumer Cyclical,Large-Cap,1194408,NYQ
FTV,Fortive Corporation,Technology,Large-Cap,3855605,NYQ
BWXT,"BWX Technologies, Inc.",Industrials,Large-Cap,1016070,NYQ
RBA,"RB Global, Inc.",Industrials,Large-Cap,1454825,NYQ
ZTO,ZTO Express (Cayman) Inc.,Industrials,Large-Cap,2183603,NYQ
PTC,PTC Inc.,Technology,Large-Cap,1077785,NMS
BEKE,KE Holdings Inc,Real Estate,Large-Cap,4780556,NYQ
MKC,"McCormick & Company, Incorporat",Consumer Defensive,Large-Cap,3616843,NYQ
PSLV,"""Sprott Physical Silver Trust""",N/A,Large-Cap,23709580,ASE
BIP,Brookfield Infrastructure Partn,Utilities,Large-Cap,730483,NYQ
MTSI,MACOM Technology Solutions Hold,Technology,Large-Cap,1304601,NMS
CX,"Cemex, S.A.B. de C.V. Sponsored",Basic Materials,Large-Cap,6451298,NYQ
SSNC,"SS&C Technologies Holdings, Inc",Technology,Large-Cap,1905530,NMS
JBS,JBS N.V.,Consumer Defensive,Large-Cap,4438036,NYQ
TKO,"TKO Group Holdings, Inc.",Communication Services,Large-Cap,999703,NYQ
LNT,Alliant Energy Corporation,Utilities,Large-Cap,2524856,NMS
TWLO,Twilio Inc.,Technology,Large-Cap,2549396,NYQ
ESS,"Essex Property Trust, Inc.",Real Estate,Large-Cap,556891,NYQ
LYB,LyondellBasell Industries NV,Basic Materials,Large-Cap,6498376,NYQ
MGA,"Magna International, Inc.",Consumer Cyclical,Large-Cap,1849771,NYQ
LI,Li Auto Inc.,Consumer Cyclical,Large-Cap,3825711,NMS
BALL,Ball Corporation,Consumer Cyclical,Large-Cap,2379128,NYQ
GMAB,Genmab A/S,Healthcare,Large-Cap,1736663,NMS
WST,"West Pharmaceutical Services, I",Healthcare,Large-Cap,924743,NYQ
SN,"SharkNinja, Inc.",Consumer Cyclical,Large-Cap,1515511,NYQ
TLN,Talen Energy Corporation,Utilities,Large-Cap,885186,NMS
PODD,Insulet Corporation,Healthcare,Large-Cap,923513,NMS
WY,Weyerhaeuser Company,Real Estate,Large-Cap,7385813,NYQ
GRAB,Grab Holdings Limited,Technology,Large-Cap,46895588,NMS
VTRS,Viatris Inc.,Healthcare,Large-Cap,9975588,NMS
HPQ,HP Inc.,Technology,Large-Cap,17737260,NYQ
ITT,ITT Inc.,Industrials,Large-Cap,1038553,NYQ
OWL,Blue Owl Capital Inc.,Financial Services,Large-Cap,23485390,NYQ
SUI,"Sun Communities, Inc.",Real Estate,Large-Cap,836758,NYQ
DECK,Deckers Outdoor Corporation,Consumer Cyclical,Large-Cap,2829966,NYQ
HII,"Huntington Ingalls Industries, ",Industrials,Large-Cap,571481,NYQ
TPG,TPG Inc.,Financial Services,Large-Cap,3103995,NMS
XPEV,XPeng Inc.,Consumer Cyclical,Large-Cap,6705871,NYQ
HTHT,H World Group Limited,Consumer Cyclical,Large-Cap,1586663,NMS
TXT,Textron Inc.,Industrials,Large-Cap,1770758,NYQ
CDE,"Coeur Mining, Inc.",Basic Materials,Large-Cap,24026255,NYQ
QXO,"QXO, Inc.",Industrials,Large-Cap,7980605,NYQ
ULS,UL Solutions Inc.,Industrials,Large-Cap,1369015,NYQ
WES,"Western Midstream Partners, LP",Energy,Large-Cap,1317478,NYQ
HOLX,"Hologic, Inc.",Healthcare,Large-Cap,2679350,NMS
AFRM,"Affirm Holdings, Inc.",Financial Services,Large-Cap,6344135,NMS
LTM,LATAM Airlines Group S.A.,Industrials,Large-Cap,1313386,NYQ
NLY,Annaly Capital Management Inc.,Real Estate,Large-Cap,8264878,NYQ
IOT,Samsara Inc.,Technology,Large-Cap,7714875,NYQ
COO,"The Cooper Companies, Inc.",Healthcare,Large-Cap,2157860,NMS
APTV,Aptiv PLC,Consumer Cyclical,Large-Cap,2214696,NYQ
CHKP,Check Point Software Technologi,Technology,Large-Cap,1262240,NMS
AA,Alcoa Corporation,Basic Materials,Large-Cap,7577706,NYQ
J,Jacobs Solutions Inc.,Industrials,Large-Cap,918466,NYQ
PNR,Pentair plc.,Industrials,Large-Cap,1700263,NYQ
HL,Hecla Mining Company,Basic Materials,Large-Cap,26720186,NYQ
MKSI,MKS Inc.,Technology,Large-Cap,1394423,NMS
TOST,"Toast, Inc.",Technology,Large-Cap,10591446,NYQ
MAA,Mid-America Apartment Communiti,Real Estate,Large-Cap,1019656,NYQ
WPC,W. P. Carey Inc. REIT,Real Estate,Large-Cap,1403590,NYQ
GPC,Genuine Parts Company,Consumer Cyclical,Large-Cap,1302498,NYQ
TRMB,Trimble Inc.,Technology,Large-Cap,1922158,NMS
H,Hyatt Hotels Corporation,Consumer Cyclical,Large-Cap,870836,NYQ
CDW,CDW Corporation,Technology,Large-Cap,1864218,NMS
INVH,Invitation Homes Inc.,Real Estate,Large-Cap,6823751,NYQ
NXT,Nextpower Inc.,Technology,Large-Cap,1975485,NMS
EWBC,"East West Bancorp, Inc.",Financial Services,Large-Cap,993976,NMS
KIM,Kimco Realty Corporation (HC),Real Estate,Large-Cap,5607190,NYQ
RTO,Rentokil Initial plc,Industrials,Large-Cap,1303598,NYQ
GFL,GFL Environmental Inc. Subordin,Industrials,Large-Cap,1674986,NYQ
IEX,IDEX Corporation,Industrials,Large-Cap,761055,NYQ
FIG,"Figma, Inc.",Technology,Large-Cap,12142425,NYQ
FFIV,"F5, Inc.",Technology,Large-Cap,1047271,NMS
CF,"CF Industries Holdings, Inc.",Basic Materials,Large-Cap,2588215,NYQ
ONON,On Holding AG,Consumer Cyclical,Large-Cap,5035123,NYQ
KTOS,Kratos Defense & Security Solut,Industrials,Large-Cap,3884786,NMS
SNN,"Smith & Nephew SNATS, Inc.",Healthcare,Large-Cap,852155,NYQ
CLX,Clorox Company (The),Consumer Defensive,Large-Cap,2307573,NYQ
YPF,YPF Sociedad Anonima,Energy,Large-Cap,1368426,NYQ
GGG,Graco Inc.,Industrials,Large-Cap,938823,NYQ
JLL,Jones Lang LaSalle Incorporated,Real Estate,Large-Cap,501488,NYQ
AG,First Majestic Silver Corp.,Basic Materials,Large-Cap,25659535,NYQ
TYL,"Tyler Technologies, Inc.",Technology,Large-Cap,641083,NYQ
TRU,TransUnion,Financial Services,Large-Cap,2552026,NYQ
CNH,CNH Industrial N.V.,Industrials,Large-Cap,13020121,NYQ
VNOM,"Viper Energy, Inc.",Energy,Large-Cap,2780561,NMS
PFGC,Performance Food Group Company,Consumer Defensive,Large-Cap,2339796,NYQ
TOL,"Toll Brothers, Inc.",Consumer Cyclical,Large-Cap,1309646,NYQ
AVY,Avery Dennison Corporation,Consumer Cyclical,Large-Cap,651176,NYQ
MAS,Masco Corporation,Industrials,Large-Cap,2576170,NYQ
IREN,IREN LIMITED,Financial Services,Large-Cap,38227611,NMS
RRX,Regal Rexnord Corporation,Industrials,Large-Cap,961056,NYQ
IONQ,"IonQ, Inc.",Technology,Large-Cap,20876681,NYQ
REG,Regency Centers Corporation,Real Estate,Large-Cap,1343763,NMS
WMG,Warner Music Group Corp.,Communication Services,Large-Cap,2424305,NMS
RPM,RPM International Inc.,Basic Materials,Large-Cap,1105046,NYQ
OHI,"Omega Healthcare Investors, Inc",Real Estate,Large-Cap,1987370,NYQ
PAA,"Plains All American Pipeline, L",Energy,Large-Cap,3464403,NMS
AKAM,"Akamai Technologies, Inc.",Technology,Large-Cap,3671828,NMS
PNFP,"Pinnacle Financial Partners, In",Financial Services,Large-Cap,1664836,NYQ
EQX,Equinox Gold Corp.,Basic Materials,Large-Cap,10204390,ASE
WCC,"WESCO International, Inc.",Industrials,Large-Cap,562945,NYQ
JHX,James Hardie Industries plc.,Basic Materials,Large-Cap,6016775,NYQ
UDR,"UDR, Inc.",Real Estate,Large-Cap,4052410,NYQ
BEN,"Franklin Resources, Inc.",Financial Services,Large-Cap,5149231,NYQ
SUZ,Suzano S.A.,Basic Materials,Large-Cap,2922430,NYQ
HUBS,"HubSpot, Inc.",Technology,Large-Cap,1553451,NYQ
FNF,"Fidelity National Financial, In",Financial Services,Large-Cap,1609186,NYQ
IAG,Iamgold Corporation,Basic Materials,Large-Cap,8525933,NYQ
HST,"Host Hotels & Resorts, Inc.",Real Estate,Large-Cap,8339495,NMS
NWSA,News Corporation,Communication Services,Large-Cap,3920768,NMS
DTM,"DT Midstream, Inc.",Energy,Large-Cap,776830,NYQ
HMY,Harmony Gold Mining Company Lim,Basic Materials,Large-Cap,4672935,NYQ
HAS,"Hasbro, Inc.",Consumer Cyclical,Large-Cap,1878523,NMS
CRBG,Corebridge Financial Inc.,Financial Services,Large-Cap,5042428,NYQ
GEN,Gen Digital Inc.,Technology,Large-Cap,5909831,NMS
OVV,Ovintiv Inc. (DE),Energy,Large-Cap,4412300,NYQ
ASND,Ascendis Pharma A/S,Healthcare,Large-Cap,752453,NMS
CELH,"Celsius Holdings, Inc.",Consumer Defensive,Large-Cap,4946140,NCM
TSEM,Tower Semiconductor Ltd.,Technology,Large-Cap,1858920,NMS
ARCC,Ares Capital Corporation,Financial Services,Large-Cap,6631210,NMS
ALLE,Allegion plc,Industrials,Large-Cap,902293,NYQ
ROKU,"Roku, Inc.",Communication Services,Large-Cap,3537630,NMS
GNRC,Generac Holdlings Inc.,Industrials,Large-Cap,1185193,NYQ
GLPI,"Gaming and Leisure Properties, ",Real Estate,Large-Cap,2701081,NMS
LAMR,Lamar Advertising Company,Real Estate,Large-Cap,527291,NMS
ALGN,"Align Technology, Inc.",Healthcare,Large-Cap,1154691,NMS
LOGI,Logitech International S.A. - R,Technology,Large-Cap,1150136,NMS
HRL,Hormel Foods Corporation,Consumer Defensive,Large-Cap,4822781,NYQ
ELS,"Equity Lifestyle Properties, In",Real Estate,Large-Cap,1926455,NYQ
SWK,"Stanley Black & Decker, Inc.",Industrials,Large-Cap,1830178,NYQ
DPZ,Domino's Pizza Inc,Consumer Cyclical,Large-Cap,778061,NMS
PR,Permian Resources Corporation,Energy,Large-Cap,11129423,NYQ
FMS,Fresenius Medical Care AG,Healthcare,Large-Cap,615171,NYQ
PEN,"Penumbra, Inc.",Healthcare,Large-Cap,997600,NYQ
WMS,"Advanced Drainage Systems, Inc.",Industrials,Large-Cap,657758,NYQ
MLI,"Mueller Industries, Inc.",Industrials,Large-Cap,845990,NYQ
SOLV,Solventum Corporation,Healthcare,Large-Cap,1081668,NYQ
OKTA,"Okta, Inc.",Technology,Large-Cap,2997673,NMS
STRL,"Sterling Infrastructure, Inc.",Industrials,Large-Cap,523923,NMS
CCK,"Crown Holdings, Inc.",Consumer Cyclical,Large-Cap,1249131,NYQ
LSCC,Lattice Semiconductor Corporati,Technology,Large-Cap,1916628,NMS
COKE,"Coca-Cola Consolidated, Inc.",Consumer Defensive,Large-Cap,511513,NMS
EMBJ,Embraer S.A.,Industrials,Large-Cap,882783,NYQ
BBY,"Best Buy Co., Inc.",Consumer Cyclical,Large-Cap,4802288,NYQ
NBIX,"Neurocrine Biosciences, Inc.",Healthcare,Large-Cap,1161881,NMS
GMED,"Globus Medical, Inc.",Healthcare,Large-Cap,1364010,NYQ
IONS,"Ionis Pharmaceuticals, Inc.",Healthcare,Large-Cap,2143500,NMS
ELAN,Elanco Animal Health Incorporat,Healthcare,Large-Cap,5066798,NYQ
UHS,"Universal Health Services, Inc.",Healthcare,Large-Cap,765171,NYQ
ALLY,Ally Financial Inc.,Financial Services,Large-Cap,3565055,NYQ
AVAV,"AeroVironment, Inc.",Industrials,Large-Cap,1721110,NMS
BBIO,"BridgeBio Pharma, Inc.",Healthcare,Large-Cap,2793013,NMS
ACM,AECOM,Industrials,Large-Cap,1574700,NYQ
WLK,Westlake Corporation,Basic Materials,Large-Cap,1482340,NYQ
NIO,NIO Inc.,Consumer Cyclical,Large-Cap,42179411,NYQ
AMH,American Homes 4 Rent,Real Estate,Large-Cap,4345370,NYQ
NYT,New York Times Company (The),Communication Services,Large-Cap,2253370,NYQ
AEIS,"Advanced Energy Industries, Inc",Industrials,Large-Cap,665290,NMS
SNX,TD SYNNEX Corporation,Technology,Large-Cap,780775,NYQ
GIL,"Gildan Activewear, Inc.",Consumer Cyclical,Large-Cap,1257315,NYQ
BJ,"BJ's Wholesale Club Holdings, I",Consumer Defensive,Large-Cap,1877055,NYQ
GH,"Guardant Health, Inc.",Healthcare,Large-Cap,1980751,NMS
AGNC,AGNC Investment Corp.,Real Estate,Large-Cap,20432115,NMS
SOLS,Solstice Advanced Materials Inc,Basic Materials,Large-Cap,3378133,NMS
FIVE,"Five Below, Inc.",Consumer Cyclical,Large-Cap,1047608,NMS
BWA,BorgWarner Inc.,Consumer Cyclical,Large-Cap,3480961,NYQ
SJM,The J.M. Smucker Company,Consumer Defensive,Large-Cap,1936531,NYQ
UNM,Unum Group,Financial Services,Large-Cap,1511595,NYQ
PSKY,Paramount Skydance Corporation,Communication Services,Large-Cap,11170565,NMS
FHN,First Horizon Corporation,Financial Services,Large-Cap,6433253,NYQ
TXRH,"Texas Roadhouse, Inc.",Consumer Cyclical,Large-Cap,951680,NMS
GWRE,"Guidewire Software, Inc.",Technology,Large-Cap,1641633,NYQ
RDY,Dr. Reddy's Laboratories Ltd,Healthcare,Large-Cap,1662303,NYQ
SBSW,D/B/A Sibanye-Stillwater Limite,Basic Materials,Large-Cap,7490463,NYQ
DOC,"Healthpeak Properties, Inc.",Real Estate,Large-Cap,9219410,NYQ
MOD,Modine Manufacturing Company,Consumer Cyclical,Mid-Cap,1443936,NYQ
IVZ,Invesco Ltd,Financial Services,Large-Cap,5663793,NYQ
PINS,"Pinterest, Inc.",Communication Services,Large-Cap,19116441,NYQ
EQH,"Equitable Holdings, Inc.",Financial Services,Large-Cap,2886976,NYQ
SF,Stifel Financial Corporation,Financial Services,Large-Cap,1466065,NYQ
AMKR,"Amkor Technology, Inc.",Technology,Large-Cap,4362143,NMS
GDDY,GoDaddy Inc.,Technology,Large-Cap,1981681,NYQ
PNW,Pinnacle West Capital Corporati,Utilities,Large-Cap,1290680,NYQ
ZBRA,Zebra Technologies Corporation,Technology,Large-Cap,734183,NMS
SKM,"SK Telecom Co., Ltd.",Communication Services,Large-Cap,1521868,NYQ
EXEL,"Exelixis, Inc.",Healthcare,Large-Cap,2801461,NMS
HLI,"Houlihan Lokey, Inc.",Financial Services,Large-Cap,514380,NYQ
GL,Globe Life Inc.,Financial Services,Large-Cap,508193,NYQ
WBS,Webster Financial Corporation,Financial Services,Large-Cap,3598781,NYQ
TIGO,Millicom International Cellular,Communication Services,Large-Cap,1220996,NMS
SMMT,Summit Therapeutics Inc.,Healthcare,Large-Cap,2587363,NGM
BMRN,BioMarin Pharmaceutical Inc.,Healthcare,Large-Cap,2497351,NMS
CPT,Camden Property Trust,Real Estate,Large-Cap,1306486,NYQ
TTD,"The Trade Desk, Inc.",Communication Services,Large-Cap,16473225,NGM
SCI,Service Corporation Internation,Consumer Cyclical,Large-Cap,1049005,NYQ
DKNG,DraftKings Inc.,Consumer Cyclical,Large-Cap,14096566,NMS
KRMN,Karman Holdings Inc.,Industrials,Large-Cap,2146558,NYQ
AEG,Aegon Ltd. New York Registry Sh,Financial Services,Large-Cap,5105436,NYQ
JKHY,"Jack Henry & Associates, Inc.",Technology,Large-Cap,930411,NMS
AES,The AES Corporation,Utilities,Large-Cap,11224598,NYQ
BILI,Bilibili Inc.,Communication Services,Large-Cap,2531003,NMS
BLDR,"Builders FirstSource, Inc.",Industrials,Large-Cap,2081503,NYQ
KT,KT Corporation,Communication Services,Large-Cap,1941148,NYQ
SPXC,"SPX Technologies, Inc.",Industrials,Large-Cap,544198,NYQ
DRS,"Leonardo DRS, Inc.",Industrials,Large-Cap,1219148,NMS
RVTY,"Revvity, Inc.",Healthcare,Large-Cap,1364588,NYQ
JAZZ,Jazz Pharmaceuticals plc,Healthcare,Large-Cap,1048185,NMS
WYNN,"Wynn Resorts, Limited",Consumer Cyclical,Large-Cap,1512013,NMS
NCLH,Norwegian Cruise Line Holdings ,Consumer Cyclical,Mid-Cap,20851610,NYQ
FLS,Flowserve Corporation,Industrials,Mid-Cap,1380773,NYQ
XP,XP Inc.,Financial Services,Mid-Cap,6595595,NMS
WTRG,"Essential Utilities, Inc.",Utilities,Large-Cap,2452700,NYQ
BSY,"Bentley Systems, Incorporated",Technology,Large-Cap,3025161,NMS
ZG,"Zillow Group, Inc.",Communication Services,Large-Cap,1109260,NMS
IT,"Gartner, Inc.",Technology,Large-Cap,1459561,NYQ
CHWY,"Chewy, Inc.",Consumer Cyclical,Large-Cap,8377071,NYQ
AFG,"American Financial Group, Inc.",Financial Services,Large-Cap,614866,NYQ
TTMI,"TTM Technologies, Inc.",Technology,Mid-Cap,2541341,NMS
HBM,Hudbay Minerals Inc.,Basic Materials,Mid-Cap,6067380,NYQ
RMBS,"Rambus, Inc.",Technology,Mid-Cap,2263390,NMS
ARMK,Aramark,Industrials,Large-Cap,2822656,NYQ
CFLT,"Confluent, Inc.",Technology,Large-Cap,16298630,NMS
DT,"Dynatrace, Inc.",Technology,Large-Cap,5635223,NYQ
OSK,Oshkosh Corporation (Holding Co,Industrials,Mid-Cap,799515,NYQ
CNM,"Core & Main, Inc.",Industrials,Mid-Cap,2222240,NYQ
RBRK,"Rubrik, Inc.",Technology,Large-Cap,3772575,NYQ
BXP,"BXP, Inc.",Real Estate,Mid-Cap,2353966,NYQ
ONTO,Onto Innovation Inc.,Technology,Mid-Cap,902515,NYQ
NTNX,"Nutanix, Inc.",Technology,Large-Cap,5111375,NMS
GME,GameStop Corporation,Consumer Cyclical,Large-Cap,7377558,NYQ
OKLO,Oklo Inc.,Utilities,Mid-Cap,10518585,NYQ
EHC,Encompass Health Corporation,Healthcare,Large-Cap,1252478,NYQ
SAIA,"Saia, Inc.",Industrials,Mid-Cap,516881,NMS
AOS,A.O. Smith Corporation,Industrials,Mid-Cap,1314428,NYQ
DCI,"Donaldson Company, Inc.",Industrials,Large-Cap,794395,NYQ
AM,Antero Midstream Corporation,Energy,Large-Cap,2952110,NYQ
MP,MP Materials Corp.,Basic Materials,Large-Cap,7596060,NYQ
SARO,"StandardAero, Inc.",Industrials,Mid-Cap,3825680,NYQ
AR,Antero Resources Corporation,Energy,Large-Cap,5928228,NYQ
CEF,"""Sprott Physical Gold and Silve",N/A,Large-Cap,1863031,ASE
ORI,Old Republic International Corp,Financial Services,Large-Cap,1820536,NYQ
GAP,"Gap, Inc. (The)",Consumer Cyclical,Mid-Cap,7458321,NYQ
BAX,Baxter International Inc.,Healthcare,Mid-Cap,9574851,NYQ
ALSN,"Allison Transmission Holdings, ",Consumer Cyclical,Mid-Cap,949001,NYQ
NGD,New Gold Inc.,Basic Materials,Mid-Cap,19031805,ASE
SSB,SouthState Bank Corporation,Financial Services,Mid-Cap,857766,NYQ
BVN,Buenaventura Mining Company Inc,Basic Materials,Mid-Cap,1796340,NYQ
APA,APA Corporation,Energy,Large-Cap,6418505,NMS
RYAN,"Ryan Specialty Holdings, Inc.",Financial Services,Large-Cap,2011591,NYQ
W,Wayfair Inc.,Consumer Cyclical,Mid-Cap,3414371,NYQ
MGM,MGM Resorts International,Consumer Cyclical,Mid-Cap,4640028,NYQ
LINE,"Lineage, Inc.",Real Estate,Mid-Cap,1718755,NMS
OC,Owens Corning Inc,Industrials,Mid-Cap,1382705,NYQ
DVA,DaVita Inc.,Healthcare,Large-Cap,1045746,NYQ
SEIC,SEI Investments Company,Financial Services,Mid-Cap,711463,NMS
WTFC,Wintrust Financial Corporation,Financial Services,Mid-Cap,501420,NMS
CART,Maplebear Inc.,Consumer Cyclical,Mid-Cap,5175365,NMS
JEF,Jefferies Financial Group Inc.,Financial Services,Mid-Cap,2350978,NYQ
QGEN,Qiagen N.V.,Healthcare,Mid-Cap,2194948,NYQ
KNX,Knight-Swift Transportation Hol,Industrials,Mid-Cap,3200636,NYQ
OGE,OGE Energy Corp,Utilities,Mid-Cap,1509521,NYQ
MICC,The Magnum Ice Cream Company N.,Consumer Defensive,Mid-Cap,2161921,NYQ
YMM,Full Truck Alliance Co. Ltd.,Technology,Mid-Cap,8004948,NYQ
AGCO,AGCO Corporation,Industrials,Mid-Cap,801820,NYQ
AHR,"American Healthcare REIT, Inc.",Real Estate,Mid-Cap,2679346,NYQ
WAL,Western Alliance Bancorporation,Financial Services,Mid-Cap,1130538,NYQ
HSIC,"Henry Schein, Inc.",Healthcare,Mid-Cap,1350471,NMS
JOBY,"Joby Aviation, Inc.",Industrials,Mid-Cap,25426511,NYQ
TEM,"Tempus AI, Inc.",Healthcare,Mid-Cap,5232770,NMS
PPC,Pilgrim's Pride Corporation,Consumer Defensive,Mid-Cap,915990,NMS
BAH,Booz Allen Hamilton Holding Cor,Industrials,Large-Cap,2854563,NYQ
ACI,"Albertsons Companies, Inc.",Consumer Defensive,Mid-Cap,7980566,NYQ
CAVA,"CAVA Group, Inc.",Consumer Cyclical,Mid-Cap,3764991,NYQ
SFD,"Smithfield Foods, Inc.",Consumer Defensive,Mid-Cap,807771,NMS
TTC,Toro Company (The),Industrials,Mid-Cap,1029470,NYQ
ONB,Old National Bancorp,Financial Services,Mid-Cap,2999760,NMS
ADC,Agree Realty Corporation,Real Estate,Mid-Cap,1344876,NYQ
ARE,Alexandria Real Estate Equities,Real Estate,Mid-Cap,2713833,NYQ
CAE,CAE Inc.,Industrials,Mid-Cap,689658,NYQ
BPOP,"Popular, Inc.",Financial Services,Mid-Cap,575631,NMS
USO,United States Oil Fund,N/A,Large-Cap,9416656,PCX
DINO,HF Sinclair Corporation,Energy,Large-Cap,2992625,NYQ
TAP,Molson Coors Beverage Company,Consumer Defensive,Mid-Cap,3092431,NYQ
PRAX,"Praxis Precision Medicines, Inc",Healthcare,Mid-Cap,566973,NMS
MASI,Masimo Corporation,Healthcare,Mid-Cap,1302958,NMS
FRT,Federal Realty Investment Trust,Real Estate,Mid-Cap,809258,NYQ
IBRX,"ImmunityBio, Inc.",Healthcare,Mid-Cap,35683160,NMS
UMBF,UMB Financial Corporation,Financial Services,Mid-Cap,534075,NMS
ABVX,Abivax SA,Healthcare,Mid-Cap,1452251,NGM
BRX,Brixmor Property Group Inc.,Real Estate,Mid-Cap,3099438,NYQ
GTLS,"Chart Industries, Inc.",Industrials,Mid-Cap,933981,NYQ
ATR,"AptarGroup, Inc.",Healthcare,Mid-Cap,520216,NYQ
BMNR,"BitMine Immersion Technologies,",Financial Services,Mid-Cap,44239153,ASE
RRC,Range Resources Corporation,Energy,Mid-Cap,3341361,NYQ
EDU,New Oriental Education & Techno,Consumer Defensive,Mid-Cap,926318,NYQ
TTEK,"Tetra Tech, Inc.",Industrials,Mid-Cap,2664630,NMS
VICR,Vicor Corporation,Technology,Mid-Cap,643606,NMS
CUBE,CubeSmart,Real Estate,Mid-Cap,2407503,NYQ
AAL,"American Airlines Group, Inc.",Industrials,Mid-Cap,58513206,NMS
EGO,Eldorado Gold Corporation,Basic Materials,Mid-Cap,2417031,NYQ
AUR,"Aurora Innovation, Inc.",Technology,Mid-Cap,16659405,NMS
CTRE,"CareTrust REIT, Inc.",Real Estate,Mid-Cap,1901173,NYQ
ALV,"Autoliv, Inc.",Consumer Cyclical,Mid-Cap,676983,NYQ
CGNX,Cognex Corporation,Technology,Mid-Cap,2185993,NMS
DOCU,"DocuSign, Inc.",Technology,Mid-Cap,4356331,NMS
COLB,"Columbia Banking System, Inc.",Financial Services,Mid-Cap,2761506,NMS
CFR,"Cullen/Frost Bankers, Inc.",Financial Services,Mid-Cap,536763,NYQ
ZION,Zions Bancorporation N.A.,Financial Services,Mid-Cap,1819661,NMS
TECH,Bio-Techne Corp,Healthcare,Mid-Cap,2228040,NMS
REXR,"Rexford Industrial Realty, Inc.",Real Estate,Mid-Cap,2555040,NYQ
SWKS,"Skyworks Solutions, Inc.",Technology,Mid-Cap,3580303,NMS
CAG,"ConAgra Brands, Inc.",Consumer Defensive,Mid-Cap,12252980,NYQ
VIPS,Vipshop Holdings Limited,Consumer Cyclical,Mid-Cap,2331461,NYQ
CHYM,"Chime Financial, Inc.",Technology,Mid-Cap,3511708,NMS
ARWR,"Arrowhead Pharmaceuticals, Inc.",Healthcare,Mid-Cap,2933330,NMS
VIRT,"Virtu Financial, Inc.",Financial Services,Mid-Cap,1137485,NYQ
SNAP,Snap Inc.,Communication Services,Mid-Cap,47088281,NYQ
OR,OR Royalties Inc.,Basic Materials,Mid-Cap,1437730,NYQ
BROS,Dutch Bros Inc.,Consumer Cyclical,Mid-Cap,4700003,NYQ
LEVI,Levi Strauss & Co,Consumer Cyclical,Mid-Cap,2236460,NYQ
SANM,Sanmina Corporation,Technology,Mid-Cap,815903,NMS
PL,Planet Labs PBC,Industrials,Mid-Cap,13060970,NYQ
PCVX,"Vaxcyte, Inc.",Healthcare,Mid-Cap,1393576,NMS
ESI,Element Solutions Inc.,Basic Materials,Mid-Cap,2548095,NYQ
PCOR,"Procore Technologies, Inc.",Technology,Mid-Cap,2162608,NYQ
FR,"First Industrial Realty Trust, ",Real Estate,Mid-Cap,1059290,NYQ
CRL,Charles River Laboratories Inte,Healthcare,Mid-Cap,910996,NYQ
MOS,Mosaic Company (The),Basic Materials,Mid-Cap,7321895,NYQ
GLXY,Galaxy Digital Inc.,Financial Services,Mid-Cap,6725205,NMS
EMN,Eastman Chemical Company,Basic Materials,Mid-Cap,1670231,NYQ
NNN,"NNN REIT, Inc.",Real Estate,Mid-Cap,1542151,NYQ
ZWS,Zurn Elkay Water Solutions Corp,Industrials,Mid-Cap,967506,NYQ
U,Unity Software Inc.,Technology,Mid-Cap,15760835,NYQ
MIDD,The Middleby Corporation,Industrials,Mid-Cap,715603,NMS
NFG,National Fuel Gas Company,Energy,Mid-Cap,745706,NYQ
MANH,"Manhattan Associates, Inc.",Technology,Mid-Cap,785785,NMS
LKQ,LKQ Corporation,Consumer Cyclical,Mid-Cap,3849826,NMS
PRMB,Primo Brands Corporation,Consumer Defensive,Mid-Cap,6279320,NYQ
TFPM,Triple Flag Precious Metals Cor,Basic Materials,Mid-Cap,651880,NYQ
DAR,Darling Ingredients Inc.,Consumer Defensive,Mid-Cap,2338433,NYQ
SMTC,Semtech Corporation,Technology,Mid-Cap,1424421,NMS
GDS,GDS Holdings Limited,Technology,Mid-Cap,2160010,NGM
NXE,Nexgen Energy Ltd.,Energy,Mid-Cap,8673165,NYQ
POOL,Pool Corporation,Industrials,Mid-Cap,813018,NMS
CMC,Commercial Metals Company,Basic Materials,Mid-Cap,1207196,NYQ
FRO,Frontline Plc,Energy,Mid-Cap,3431628,NYQ
PSO,"Pearson, Plc",Communication Services,Mid-Cap,1012185,NYQ
ICLR,ICON plc,Healthcare,Mid-Cap,1799738,NMS
BTG,B2Gold Corp,Basic Materials,Mid-Cap,39878288,ASE
PRIM,Primoris Services Corporation,Industrials,Mid-Cap,1001025,NYQ
AXSM,"Axsome Therapeutics, Inc.",Healthcare,Mid-Cap,665021,NGM
JBTM,JBT Marel Corporation,Industrials,Mid-Cap,525736,NYQ
AXS,Axis Capital Holdings Limited,Financial Services,Mid-Cap,661108,NYQ
HALO,"Halozyme Therapeutics, Inc.",Healthcare,Mid-Cap,2030490,NMS
JXN,Jackson Financial Inc.,Financial Services,Mid-Cap,561463,NYQ
HESM,Hess Midstream LP,Energy,Mid-Cap,1447328,NYQ
SAIL,"SailPoint, Inc.",Technology,Mid-Cap,2640151,NMS
AAON,"AAON, Inc.",Industrials,Mid-Cap,1008781,NMS
FPS,"Forgent Power Solutions, Inc.",Industrials,Mid-Cap,4621175,NYQ
GGB,Gerdau S.A.,Basic Materials,Mid-Cap,17916971,NYQ
UGI,UGI Corporation,Utilities,Mid-Cap,2124321,NYQ
APLD,Applied Digital Corporation,Technology,Mid-Cap,29714693,NMS
FDS,FactSet Research Systems Inc.,Financial Services,Mid-Cap,926538,NYQ
CPB,The Campbell's Company,Consumer Defensive,Mid-Cap,7338313,NMS
JHG,Janus Henderson Group plc,Financial Services,Mid-Cap,2244943,NYQ
ARW,"Arrow Electronics, Inc.",Technology,Mid-Cap,603506,NYQ
BEPC,Brookfield Renewable Corporatio,Utilities,Mid-Cap,975096,NYQ
BZ,KANZHUN LIMITED - American Depo,Communication Services,Mid-Cap,3235073,NMS
CBSH,"Commerce Bancshares, Inc.",Financial Services,Mid-Cap,1257533,NMS
CWEN,"Clearway Energy, Inc.",Utilities,Mid-Cap,1057745,NYQ
MTCH,"Match Group, Inc.",Communication Services,Mid-Cap,4032896,NMS
TEX,Terex Corporation,Industrials,Mid-Cap,1897228,NYQ
MHK,"Mohawk Industries, Inc.",Consumer Cyclical,Mid-Cap,1058093,NYQ
EPAM,"EPAM Systems, Inc.",Technology,Mid-Cap,1038956,NYQ
CAMT,Camtek Ltd.,Technology,Mid-Cap,507118,NGM
VFC,V.F. Corporation,Consumer Cyclical,Mid-Cap,6709775,NYQ
PEGA,Pegasystems Inc.,Technology,Mid-Cap,1979918,NMS
DOX,Amdocs Limited,Technology,Mid-Cap,1294205,NMS
ROAD,"Construction Partners, Inc.",Industrials,Mid-Cap,547618,NMS
STAG,"Stag Industrial, Inc.",Real Estate,Mid-Cap,1493695,NYQ
CYTK,"Cytokinetics, Incorporated",Healthcare,Mid-Cap,1928928,NMS
GGAL,Grupo Financiero Galicia S.A.,Financial Services,Mid-Cap,1198783,NCM
QRVO,"Qorvo, Inc.",Technology,Mid-Cap,1281888,NMS
TKR,Timken Company (The),Industrials,Mid-Cap,793388,NYQ
FLR,Fluor Corporation,Industrials,Mid-Cap,2889480,NYQ
KYMR,"Kymera Therapeutics, Inc.",Healthcare,Mid-Cap,1043283,NGM
FORM,"FormFactor, Inc.",Technology,Mid-Cap,1368783,NMS
BIRK,Birkenstock Holding plc,Consumer Cyclical,Mid-Cap,2857163,NYQ
PDI,PIMCO Dynamic Income Fund,Financial Services,Mid-Cap,3090181,NYQ
WING,Wingstop Inc.,Consumer Cyclical,Mid-Cap,818993,NMS
FND,"Floor & Decor Holdings, Inc.",Consumer Cyclical,Mid-Cap,2498651,NYQ
NUVL,"Nuvalent, Inc.",Healthcare,Mid-Cap,528908,NMS
MOH,Molina Healthcare Inc,Healthcare,Mid-Cap,1701006,NYQ
CIG,Comp En De Mn Cemig,Utilities,Mid-Cap,4435550,NYQ
RGEN,Repligen Corporation,Healthcare,Mid-Cap,707548,NMS
WFRD,Weatherford International plc,Energy,Mid-Cap,1156226,NMS
AUGO,Aura Minerals Inc.,Basic Materials,Mid-Cap,898085,NMS
MORN,"Morningstar, Inc.",Financial Services,Mid-Cap,558105,NMS
WULF,TeraWulf Inc.,Financial Services,Mid-Cap,30368691,NCM
HXL,Hexcel Corporation,Industrials,Mid-Cap,1290425,NYQ
VLY,Valley National Bancorp,Financial Services,Mid-Cap,7683336,NMS
QBTS,D-Wave Quantum Inc.,Technology,Mid-Cap,32647368,NYQ
INGR,Ingredion Incorporated,Consumer Defensive,Mid-Cap,671695,NYQ
UEC,Uranium Energy Corp.,Energy,Mid-Cap,10863528,ASE
EQPT,EquipmentShare.com Inc,Industrials,Mid-Cap,1902758,NMS
SFM,"Sprouts Farmers Market, Inc.",Consumer Defensive,Mid-Cap,2830571,NMS
CRUS,"Cirrus Logic, Inc.",Technology,Mid-Cap,592598,NMS
AMTM,"Amentum Holdings, Inc.",Industrials,Mid-Cap,2131956,NYQ
GRFS,"Grifols, S.A.",Healthcare,Mid-Cap,536803,NMS
NOV,NOV Inc.,Energy,Mid-Cap,4543100,NYQ
MBLY,Mobileye Global Inc.,Consumer Cyclical,Mid-Cap,8073123,NMS
FIGR,"Figure Technology Solutions, In",Financial Services,Mid-Cap,4324510,NMS
GSAT,"Globalstar, Inc.",Communication Services,Mid-Cap,676858,NMS
UWMC,UWM Holdings Corporation,Financial Services,Mid-Cap,17455601,NYQ
GXO,"GXO Logistics, Inc.",Industrials,Mid-Cap,1272720,NYQ
AL,Air Lease Corporation,Industrials,Mid-Cap,1656720,NYQ
SIRI,SiriusXM Holdings Inc.,Communication Services,Mid-Cap,4822163,NMS
LUMN,"Lumen Technologies, Inc.",Communication Services,Mid-Cap,13271340,NYQ
BTSG,"BrightSpring Health Services, I",Healthcare,Mid-Cap,2120318,NMS
COMP,"Compass, Inc.",Real Estate,Mid-Cap,19876528,NYQ
AXTA,Axalta Coating Systems Ltd.,Basic Materials,Mid-Cap,3471525,NYQ
NICE,NICE Ltd,Technology,Mid-Cap,890583,NMS
NE,Noble Corporation plc A,Energy,Mid-Cap,2126658,NYQ
PAYC,"Paycom Software, Inc.",Technology,Mid-Cap,1523701,NYQ
EPRT,Essential Properties Realty Tru,Real Estate,Mid-Cap,1911138,NYQ
LEA,Lear Corporation,Consumer Cyclical,Mid-Cap,569721,NYQ
PB,"Prosperity Bancshares, Inc.",Financial Services,Mid-Cap,1167358,NYQ
PSN,Parsons Corporation,Technology,Mid-Cap,1402973,NYQ
BYD,Boyd Gaming Corporation,Consumer Cyclical,Mid-Cap,897641,NYQ
PLNT,"Planet Fitness, Inc.",Consumer Cyclical,Mid-Cap,1829061,NYQ
ORLA,Orla Mining Ltd.,Basic Materials,Mid-Cap,2671640,ASE
KEX,Kirby Corporation,Industrials,Mid-Cap,721680,NYQ
RIG,Transocean Ltd (Switzerland),Energy,Mid-Cap,44404516,NYQ
GTES,Gates Industrial Corporation pl,Industrials,Mid-Cap,2401706,NYQ
CWAN,"Clearwater Analytics Holdings, ",Technology,Mid-Cap,13280591,NYQ
LNC,Lincoln National Corporation,Financial Services,Mid-Cap,2047530,NYQ
GKOS,Glaukos Corporation,Healthcare,Mid-Cap,780560,NYQ
FAF,First American Corporation (New,Financial Services,Mid-Cap,950681,NYQ
VIAV,Viavi Solutions Inc.,Technology,Mid-Cap,4793545,NMS
MKTX,"MarketAxess Holdings, Inc.",Financial Services,Mid-Cap,631366,NMS
TTAN,"ServiceTitan, Inc.",Technology,Mid-Cap,1393693,NMS
STWD,"STARWOOD PROPERTY TRUST, INC. S",Real Estate,Mid-Cap,3614251,NYQ
TRNO,Terreno Realty Corporation,Real Estate,Mid-Cap,749206,NYQ
ALGM,"Allegro MicroSystems, Inc.",Technology,Mid-Cap,2595250,NMS
VOYA,"Voya Financial, Inc.",Financial Services,Mid-Cap,959280,NYQ
G,Genpact Limited,Technology,Mid-Cap,2040486,NYQ
OMF,"OneMain Holdings, Inc.",Financial Services,Mid-Cap,1393530,NYQ
SLAB,"Silicon Laboratories, Inc.",Technology,Mid-Cap,715091,NMS
EAT,"Brinker International, Inc.",Consumer Cyclical,Mid-Cap,1221345,NYQ
HQY,"HealthEquity, Inc.",Healthcare,Mid-Cap,980248,NMS
GPGI,"GPGI, Inc.",Industrials,Mid-Cap,2167681,NYQ
SOBO,South Bow Corporation,Energy,Mid-Cap,995245,NYQ
ADT,ADT Inc.,Industrials,Mid-Cap,9430091,NYQ
FRMI,Fermi Inc.,N/A,Mid-Cap,7790360,NMS
TAL,TAL Education Group,Consumer Defensive,Mid-Cap,3789723,NYQ
OLLI,Ollie's Bargain Outlet Holdings,Consumer Defensive,Mid-Cap,1208526,NGM
LW,"Lamb Weston Holdings, Inc.",Consumer Defensive,Mid-Cap,2858361,NYQ
HR,Healthcare Realty Trust Incorpo,Real Estate,Mid-Cap,3620875,NYQ
ACLX,"Arcellx, Inc.",Healthcare,Mid-Cap,2173528,NMS
VAL,Valaris Limited,Energy,Mid-Cap,1635011,NYQ
ESTC,Elastic N.V.,Technology,Mid-Cap,1936593,NYQ
RYTM,"Rhythm Pharmaceuticals, Inc.",Healthcare,Mid-Cap,793160,NGM
RYN,Rayonier Inc. REIT,Real Estate,Mid-Cap,2854840,NYQ
SSRM,SSR Mining Inc.,Basic Materials,Mid-Cap,3872278,NMS
FBIN,"Fortune Brands Innovations, Inc",Industrials,Mid-Cap,2353836,NYQ
SITE,"SiteOne Landscape Supply, Inc.",Industrials,Mid-Cap,626201,NYQ
CIFR,Cipher Digital Inc.,Technology,Mid-Cap,30201155,NMS
DBX,"Dropbox, Inc.",Technology,Mid-Cap,4334615,NMS
RHP,"Ryman Hospitality Properties, I",Real Estate,Mid-Cap,505420,NYQ
ORA,"Ormat Technologies, Inc.",Utilities,Mid-Cap,662513,NYQ
PACS,"PACS Group, Inc.",Healthcare,Mid-Cap,1106528,NYQ
LOAR,Loar Holdings Inc.,Industrials,Mid-Cap,848835,NYQ
FNB,F.N.B. Corporation,Financial Services,Mid-Cap,6265670,NYQ
TXNM,"TXNM Energy, Inc.",Utilities,Mid-Cap,1039658,NYQ
RRR,"Red Rock Resorts, Inc.",Consumer Cyclical,Mid-Cap,703985,NMS
WH,"Wyndham Hotels & Resorts, Inc.",Consumer Cyclical,Mid-Cap,1384093,NYQ
COGT,"Cogent Biosciences, Inc.",Healthcare,Mid-Cap,2175270,NMS
SWX,"Southwest Gas Holdings, Inc.",Utilities,Mid-Cap,644426,NYQ
OTEX,Open Text Corporation,Technology,Mid-Cap,1779335,NMS
ICL,ICL Group Ltd.,Basic Materials,Mid-Cap,1370400,NYQ
GBCI,"Glacier Bancorp, Inc.",Financial Services,Mid-Cap,1040868,NYQ
RIOT,"Riot Platforms, Inc.",Financial Services,Mid-Cap,18362431,NCM
YOU,"Clear Secure, Inc.",Technology,Mid-Cap,1730198,NYQ
TMHC,Taylor Morrison Home Corporatio,Consumer Cyclical,Mid-Cap,1060823,NYQ
CHDN,"Churchill Downs, Incorporated",Consumer Cyclical,Mid-Cap,821575,NMS
ALK,"Alaska Air Group, Inc.",Industrials,Mid-Cap,3343303,NYQ
CLF,Cleveland-Cliffs Inc.,Basic Materials,Mid-Cap,16536591,NYQ
KMX,CarMax Inc,Consumer Cyclical,Mid-Cap,3737325,NYQ
VSAT,"ViaSat, Inc.",Technology,Mid-Cap,1721156,NMS
DLB,Dolby Laboratories,Industrials,Mid-Cap,771518,NYQ
ECG,"Everus Construction Group, Inc.",Industrials,Mid-Cap,703266,NYQ
BRKR,Bruker Corporation,Healthcare,Mid-Cap,2330090,NMS
PONY,Pony AI Inc.,Technology,Mid-Cap,3751068,NMS
LGN,Legence Corp.,Industrials,Mid-Cap,1278451,NMS
POR,Portland General Electric Co,Utilities,Mid-Cap,1230960,NYQ
MTDR,Matador Resources Company,Energy,Mid-Cap,1768458,NYQ
AVTR,"Avantor, Inc.",Healthcare,Mid-Cap,12143388,NYQ
AROC,"Archrock, Inc.",Energy,Mid-Cap,1668385,NYQ
SEE,Sealed Air Corporation,Consumer Cyclical,Mid-Cap,3441420,NYQ
URBN,"Urban Outfitters, Inc.",Consumer Cyclical,Mid-Cap,1655953,NMS
RGTI,"Rigetti Computing, Inc.",Technology,Mid-Cap,32153018,NCM
MWH,"SOLV Energy, Inc.",N/A,Mid-Cap,995546,NMS
PCTY,Paylocity Holding Corporation,Technology,Mid-Cap,816098,NMS
LTH,"Life Time Group Holdings, Inc.",Consumer Cyclical,Mid-Cap,2261850,NYQ
GLBE,Global-E Online Ltd.,Consumer Cyclical,Mid-Cap,1579440,NMS
VNO,Vornado Realty Trust,Real Estate,Mid-Cap,1794728,NYQ
UBSI,"United Bankshares, Inc.",Financial Services,Mid-Cap,884938,NMS
REZI,"Resideo Technologies, Inc.",Industrials,Mid-Cap,1381795,NYQ
HLNE,Hamilton Lane Incorporated,Financial Services,Mid-Cap,636106,NMS
CHRD,Chord Energy Corporation,Energy,Mid-Cap,806028,NMS
BOOT,"Boot Barn Holdings, Inc.",Consumer Cyclical,Mid-Cap,626975,NYQ
ENPH,"Enphase Energy, Inc.",Technology,Mid-Cap,6916101,NGM
BIPC,Brookfield Infrastructure Corpo,Utilities,Mid-Cap,640351,NYQ
OBDC,Blue Owl Capital Corporation,Financial Services,Mid-Cap,5716156,NYQ
TKC,Turkcell Iletisim Hizmetleri AS,Communication Services,Mid-Cap,1072160,NYQ
VIST,Vista Energy S.A.B. de C.V.,Energy,Mid-Cap,1097215,NYQ
VNT,Vontier Corporation,Technology,Mid-Cap,1217260,NYQ
GVA,Granite Construction Incorporat,Industrials,Mid-Cap,672603,NYQ
ENIC,Enel Chile S.A.,Utilities,Mid-Cap,567933,NYQ
CRSP,CRISPR Therapeutics AG,Healthcare,Mid-Cap,1670500,NGM
ESNT,Essent Group Ltd.,Financial Services,Mid-Cap,733941,NYQ
HUT,Hut 8 Corp.,Financial Services,Mid-Cap,5885991,NMS
LB,LandBridge Company LLC,Energy,Mid-Cap,509366,NYQ
STEP,StepStone Group Inc.,Financial Services,Mid-Cap,1152540,NMS
KRG,Kite Realty Group Trust,Real Estate,Mid-Cap,1980951,NYQ
HWC,Hancock Whitney Corporation,Financial Services,Mid-Cap,797598,NMS
CWST,"Casella Waste Systems, Inc.",Industrials,Mid-Cap,1015246,NMS
LPX,Louisiana-Pacific Corporation,Industrials,Mid-Cap,1159655,NYQ
DSGX,The Descartes Systems Group Inc,Technology,Mid-Cap,641121,NMS
MTG,MGIC Investment Corporation,Financial Services,Mid-Cap,2237680,NYQ
OS,"OneStream, Inc.",Technology,Mid-Cap,4296716,NMS
RITM,Rithm Capital Corp.,Real Estate,Mid-Cap,8816438,NYQ
PATH,"UiPath, Inc.",Technology,Mid-Cap,29289741,NYQ
HOMB,"Home BancShares, Inc.",Financial Services,Mid-Cap,1405876,NYQ
MNSO,MINISO Group Holding Limited,Consumer Cyclical,Mid-Cap,585586,NYQ
RLI,RLI Corp.,Financial Services,Mid-Cap,852425,NYQ
CNX,CNX Resources Corporation,Energy,Mid-Cap,2338023,NYQ
BXSL,Blackstone Secured Lending Fund,Financial Services,Mid-Cap,2306601,NYQ
AUB,Atlantic Union Bankshares Corpo,Financial Services,Mid-Cap,1163770,NYQ
ELF,"e.l.f. Beauty, Inc.",Consumer Defensive,Mid-Cap,2006245,NYQ
FLG,"Flagstar Bank, N.A.",Financial Services,Mid-Cap,5338756,NYQ
ABCB,Ameris Bancorp,Financial Services,Mid-Cap,522508,NYQ
KVYO,"Klaviyo, Inc. Series A",Technology,Mid-Cap,4134341,NYQ
LYFT,"Lyft, Inc.",Technology,Mid-Cap,15392383,NMS
ATAT,Atour Lifestyle Holdings Limite,Consumer Cyclical,Mid-Cap,1094870,NMS
SGHC,Super Group (SGHC) Limited,Consumer Cyclical,Mid-Cap,2594813,NYQ
RDNT,"RadNet, Inc.",Healthcare,Mid-Cap,855700,NGM
IMVT,"Immunovant, Inc.",Healthcare,Mid-Cap,1610508,NMS
RUSHA,"Rush Enterprises, Inc.",Consumer Cyclical,Mid-Cap,512253,NMS
CORZ,"Core Scientific, Inc.",Technology,Mid-Cap,11280250,NMS
BKH,Black Hills Corporation,Utilities,Mid-Cap,998725,NYQ
LPL,"LG Display Co, Ltd AMERICAN DEP",Technology,Mid-Cap,735786,NYQ
NG,Novagold Resources Inc.,Basic Materials,Mid-Cap,3740186,ASE
MAC,Macerich Company (The),Real Estate,Mid-Cap,2001825,NYQ
UGP,Ultrapar Participacoes S.A. (Ne,Energy,Mid-Cap,1791573,NYQ
PTGX,"Protagonist Therapeutics, Inc.",Healthcare,Mid-Cap,793221,NGM
MIRM,"Mirum Pharmaceuticals, Inc.",Healthcare,Mid-Cap,837375,NGM
OZK,Bank OZK,Financial Services,Mid-Cap,1245563,NMS
MMYT,MakeMyTrip Limited,Consumer Cyclical,Mid-Cap,1740208,NMS
CRK,"Comstock Resources, Inc.",Energy,Mid-Cap,2657683,NYQ
SON,Sonoco Products Company,Consumer Cyclical,Mid-Cap,1010760,NYQ
POST,"Post Holdings, Inc.",Consumer Defensive,Mid-Cap,823915,NYQ
MAT,"Mattel, Inc.",Consumer Cyclical,Mid-Cap,5242321,NMS
MIR,"Mirion Technologies, Inc.",Industrials,Mid-Cap,2858670,NYQ
UUUU,Energy Fuels Inc,Energy,Mid-Cap,13116178,ASE
ST,Sensata Technologies Holding pl,Technology,Mid-Cap,1806385,NYQ
PTCT,"PTC Therapeutics, Inc.",Healthcare,Mid-Cap,1236893,NMS
ETSY,"Etsy, Inc.",Consumer Cyclical,Mid-Cap,3737193,NYQ
PECO,"Phillips Edison & Company, Inc.",Real Estate,Mid-Cap,943955,NMS
IPGP,IPG Photonics Corporation,Technology,Mid-Cap,506233,NMS
SRAD,Sportradar Group AG,Technology,Mid-Cap,2479380,NMS
DUOL,"Duolingo, Inc.",Technology,Mid-Cap,2602765,NMS
AVT,"Avnet, Inc.",Technology,Mid-Cap,1122386,NMS
CAI,"Caris Life Sciences, Inc.",Healthcare,Mid-Cap,2374346,NMS
ACHR,Archer Aviation Inc.,Industrials,Mid-Cap,36919600,NYQ
KBR,"KBR, Inc.",Industrials,Mid-Cap,1420256,NYQ
M,Macy's Inc,Consumer Cyclical,Mid-Cap,6663846,NYQ
NJR,NewJersey Resources Corporation,Utilities,Mid-Cap,568611,NYQ
CE,Celanese Corporation,Basic Materials,Mid-Cap,2313623,NYQ
MRCY,Mercury Systems Inc,Industrials,Mid-Cap,682403,NMS
OTF,Blue Owl Technology Finance Cor,Financial Services,Mid-Cap,1958551,NYQ
BC,Brunswick Corporation,Consumer Cyclical,Mid-Cap,936163,NYQ
LSTR,"Landstar System, Inc.",Industrials,Mid-Cap,565065,NMS
KLAR,Klarna Group plc,Technology,Mid-Cap,4646240,NYQ
MTH,Meritage Homes Corporation,Consumer Cyclical,Mid-Cap,933730,NYQ
AQN,Algonquin Power & Utilities Cor,Utilities,Mid-Cap,4750780,NYQ
RAL,Ralliant Corporation,Technology,Mid-Cap,1835250,NYQ
VSCO,Victorias Secret & Co.,Consumer Cyclical,Mid-Cap,2176433,NYQ
TFX,Teleflex Incorporated,Healthcare,Mid-Cap,979448,NYQ
SBRA,"Sabra Health Care REIT, Inc.",Real Estate,Mid-Cap,2799760,NMS
ATMU,Atmus Filtration Technologies I,Consumer Cyclical,Mid-Cap,734370,NYQ
MSM,"MSC Industrial Direct Company, ",Industrials,Mid-Cap,688960,NYQ
MAIN,Main Street Capital Corporation,Financial Services,Mid-Cap,600526,NYQ
GNTX,Gentex Corporation,Consumer Cyclical,Mid-Cap,2287148,NMS
REYN,Reynolds Consumer Products Inc.,Consumer Cyclical,Mid-Cap,954220,NMS
SKY,"Champion Homes, Inc.",Consumer Cyclical,Mid-Cap,745230,NYQ
OPCH,"Option Care Health, Inc.",Healthcare,Mid-Cap,1924116,NMS
PAGP,"Plains GP Holdings, L.P.",Energy,Mid-Cap,1874695,NMS
SSL,Sasol Ltd.,Basic Materials,Mid-Cap,1766323,NYQ
MRP,"Millrose Properties, Inc.",Real Estate,Mid-Cap,1558195,NYQ
MGY,Magnolia Oil & Gas Corporation,Energy,Mid-Cap,2871358,NYQ
OPEN,Opendoor Technologies Inc,Real Estate,Mid-Cap,56319063,NMS
CELC,Celcuity Inc.,Healthcare,Mid-Cap,754120,NCM
CSAN,Cosan S.A.,Energy,Mid-Cap,2225760,NYQ
LNTH,"Lantheus Holdings, Inc.",Healthcare,Mid-Cap,958996,NGM
THO,"Thor Industries, Inc.",Consumer Cyclical,Mid-Cap,591235,NYQ
CRC,California Resources Corporatio,Energy,Mid-Cap,874748,NYQ
OLED,Universal Display Corporation,Technology,Mid-Cap,713333,NMS
SLGN,Silgan Holdings Inc.,Consumer Cyclical,Mid-Cap,964815,NYQ
NSA,National Storage Affiliates Tru,Real Estate,Mid-Cap,1462716,NYQ
ALKS,Alkermes plc,Healthcare,Mid-Cap,1961826,NMS
KNF,Knife Riv Holding Co.,Basic Materials,Mid-Cap,545456,NYQ
SIGI,"Selective Insurance Group, Inc.",Financial Services,Mid-Cap,537341,NMS
CZR,"Caesars Entertainment, Inc.",Consumer Cyclical,Mid-Cap,6358226,NMS
MTN,"Vail Resorts, Inc.",Consumer Cyclical,Mid-Cap,949513,NYQ
SM,SM Energy Company,Energy,Mid-Cap,5922926,NYQ
LAZ,"Lazard, Inc.",Financial Services,Mid-Cap,1071196,NYQ
TNL,Travel   Leisure Co.,Consumer Cyclical,Mid-Cap,608695,NYQ
LAUR,"Laureate Education, Inc.",Consumer Defensive,Mid-Cap,1114301,NMS
EXLS,"ExlService Holdings, Inc.",Technology,Mid-Cap,1835098,NMS
CHH,"Choice Hotels International, In",Consumer Cyclical,Mid-Cap,747981,NYQ
WAY,Waystar Holding Corp.,Healthcare,Mid-Cap,2704876,NMS
FROG,JFrog Ltd.,Technology,Mid-Cap,3089226,NMS
DOCN,"DigitalOcean Holdings, Inc.",Technology,Mid-Cap,2722515,NYQ
HRI,Herc Holdings Inc.,Industrials,Mid-Cap,559360,NYQ
SNDR,"Schneider National, Inc.",Industrials,Mid-Cap,936206,NYQ
BLSH,Bullish,Technology,Mid-Cap,1971705,NYQ
TGTX,"TG Therapeutics, Inc.",Healthcare,Mid-Cap,1877503,NCM
CENX,Century Aluminum Company,Basic Materials,Mid-Cap,2257770,NMS
IEP,Icahn Enterprises L.P. - Deposi,Energy,Mid-Cap,1056856,NMS
INGM,Ingram Micro Holding Corporatio,Technology,Mid-Cap,512493,NYQ
PFSI,"PennyMac Financial Services, In",Financial Services,Mid-Cap,770560,NYQ
NVST,Envista Holdings Corporation,Healthcare,Mid-Cap,2873456,NYQ
RDN,Radian Group Inc.,Financial Services,Mid-Cap,1191536,NYQ
CROX,"Crocs, Inc.",Consumer Cyclical,Mid-Cap,1325280,NMS
VVV,Valvoline Inc.,Consumer Cyclical,Mid-Cap,2245546,NYQ
BBWI,"Bath & Body Works, Inc.",Consumer Cyclical,Mid-Cap,5536353,NYQ
FTDR,"frontdoor, inc.",Consumer Cyclical,Mid-Cap,579636,NMS
FFIN,"First Financial Bankshares, Inc",Financial Services,Mid-Cap,863516,NMS
OUT,OUTFRONT Media Inc.,Real Estate,Mid-Cap,1403018,NYQ
MC,Moelis & Company,Financial Services,Mid-Cap,1004598,NYQ
RUN,Sunrun Inc.,Technology,Mid-Cap,8703336,NMS
APGE,"Apogee Therapeutics, Inc.",Healthcare,Mid-Cap,1002541,NGM
HASI,HA Sustainable Infrastructure C,Financial Services,Mid-Cap,1002698,NYQ
DOCS,"Doximity, Inc.",Healthcare,Mid-Cap,3631293,NYQ
TPC,Tutor Perini Corporation,Industrials,Mid-Cap,604138,NYQ
MWA,MUELLER WATER PRODUCTS,Industrials,Mid-Cap,1244046,NYQ
KGS,"Kodiak Gas Services, Inc.",Energy,Mid-Cap,1608895,NYQ
ONDS,Ondas Inc,Technology,Mid-Cap,92533745,NCM
GTLB,GitLab Inc.,Technology,Mid-Cap,5443150,NMS
VSNT,"Versant Media Group, Inc.",Communication Services,Mid-Cap,4349616,NMS
BETA,"Beta Technologies, Inc.",Industrials,Mid-Cap,973945,NYQ
SHC,Sotera Health Company,Healthcare,Mid-Cap,2001001,NMS
ASB,Associated Banc-Corp,Financial Services,Mid-Cap,2356286,NYQ
VCTR,"Victory Capital Holdings, Inc. ",Financial Services,Mid-Cap,520486,NMS
EBC,"Eastern Bankshares, Inc.",Financial Services,Mid-Cap,2128118,NMS
ANF,Abercrombie & Fitch Company,Consumer Cyclical,Mid-Cap,1811556,NYQ
CGON,"CG Oncology, Inc.",Healthcare,Mid-Cap,1074388,NMS
EPR,EPR Properties,Real Estate,Mid-Cap,813228,NYQ
MMSI,"Merit Medical Systems, Inc.",Healthcare,Mid-Cap,701650,NMS
ALH,Alliance Laundry Holdings Inc.,Consumer Cyclical,Mid-Cap,995175,NYQ
TMDX,"TransMedics Group, Inc.",Healthcare,Mid-Cap,777263,NGM
RSI,"Rush Street Interactive, Inc.",Consumer Cyclical,Mid-Cap,2027220,NYQ
S,"SentinelOne, Inc.",Technology,Mid-Cap,8685478,NYQ
SRRK,Scholar Rock Holding Corporatio,Healthcare,Mid-Cap,1116035,NMS
GPCR,Structure Therapeutics Inc.,Healthcare,Mid-Cap,1500996,NGM
ARIS,Aris Mining Corporation,Basic Materials,Mid-Cap,1863875,NYQ
MUR,Murphy Oil Corporation,Energy,Mid-Cap,2379290,NYQ
BGC,"BGC Group, Inc.",Financial Services,Mid-Cap,2394763,NMS
AMRX,"Amneal Pharmaceuticals, Inc.",Healthcare,Mid-Cap,2532075,NMS
ALM,Almonty Industries Inc.,Basic Materials,Mid-Cap,4405935,NCM
NTSK,"Netskope, Inc.",Technology,Mid-Cap,2813578,NMS
LBRT,Liberty Energy Inc.,Energy,Mid-Cap,4251368,NYQ
SKE,Skeena Resources Limited,Basic Materials,Mid-Cap,1052410,NYQ
IRTC,"iRhythm Holdings, Inc.",Healthcare,Mid-Cap,657035,NMS
FOLD,"Amicus Therapeutics, Inc.",Healthcare,Mid-Cap,11017570,NGM
TREX,"Trex Company, Inc.",Industrials,Mid-Cap,1986288,NYQ
STNE,StoneCo Ltd.,Technology,Mid-Cap,5490725,NMS
CRNX,"Crinetics Pharmaceuticals, Inc.",Healthcare,Mid-Cap,1198445,NMS
SIMO,Silicon Motion Technology Corpo,Technology,Mid-Cap,631388,NMS
HCC,"Warrior Met Coal, Inc.",Basic Materials,Mid-Cap,933506,NYQ
TERN,"Terns Pharmaceuticals, Inc.",Healthcare,Mid-Cap,2846993,NMS
ZETA,Zeta Global Holdings Corp.,Technology,Mid-Cap,8690220,NYQ
GLNG,Golar LNG Limited,Energy,Mid-Cap,1336340,NMS
FHI,"Federated Hermes, Inc.",Financial Services,Mid-Cap,630905,NYQ
MDU,"MDU Resources Group, Inc.",Utilities,Mid-Cap,2092348,NYQ
USAR,"USA Rare Earth, Inc.",Basic Materials,Mid-Cap,18259508,NGM
HSAI,Hesai Group,Consumer Cyclical,Mid-Cap,2030115,NMS
QS,QuantumScape Corporation,Consumer Cyclical,Mid-Cap,15319296,NMS
BILL,"BILL Holdings, Inc.",Technology,Mid-Cap,2958898,NYQ
PPTA,Perpetua Resources Corp.,Basic Materials,Mid-Cap,2044798,NCM
CNR,"Core Natural Resources, Inc.",Energy,Mid-Cap,762288,NYQ
SLM,SLM Corporation,Financial Services,Mid-Cap,3867261,NMS
ITRI,"Itron, Inc.",Technology,Mid-Cap,862156,NMS
SKT,Tanger Inc.,Real Estate,Mid-Cap,1037193,NYQ
FOUR,"Shift4 Payments, Inc.",Technology,Mid-Cap,2284806,NYQ
NWE,"NorthWestern Energy Group, Inc.",Utilities,Mid-Cap,596575,NMS
LBTYA,Liberty Global Ltd.,Communication Services,Mid-Cap,2837591,NMS
BFAM,Bright Horizons Family Solution,Consumer Cyclical,Mid-Cap,866505,NYQ
AEO,"American Eagle Outfitters, Inc.",Consumer Cyclical,Mid-Cap,6303513,NYQ
CMBT,CMB.TECH NV,Energy,Mid-Cap,2134165,NYQ
SAIC,Science Applications Internatio,Technology,Mid-Cap,639321,NMS
PBF,PBF Energy Inc.,Energy,Mid-Cap,3360745,NYQ
INDV,"Indivior Pharmaceuticals, Inc.",Healthcare,Mid-Cap,2417210,NMS
TBBB,BBB Foods Inc.,Consumer Defensive,Mid-Cap,653648,NYQ
SHAK,"Shake Shack, Inc.",Consumer Cyclical,Mid-Cap,1629978,NYQ
ERAS,"Erasca, Inc.",Healthcare,Mid-Cap,5561026,NMS
FSM,Fortuna Mining Corp.,Basic Materials,Mid-Cap,8128736,NYQ
STVN,Stevanato Group S.p.A.,Healthcare,Mid-Cap,607565,NYQ
LEU,Centrus Energy Corp.,Energy,Mid-Cap,1134400,NYQ
IRT,"Independence Realty Trust, Inc.",Real Estate,Mid-Cap,2921773,NYQ
HYMC,Hycroft Mining Holding Corporat,Basic Materials,Mid-Cap,5180146,NCM
SPHR,Sphere Entertainment Co.,Communication Services,Mid-Cap,760811,NYQ
HGV,Hilton Grand Vacations Inc.,Consumer Cyclical,Mid-Cap,801938,NYQ
MMS,"Maximus, Inc.",Industrials,Mid-Cap,701026,NYQ
GTX,Garrett Motion Inc.,Consumer Cyclical,Mid-Cap,2503546,NMS
ACIW,"ACI Worldwide, Inc.",Technology,Mid-Cap,828330,NMS
EXK,Endeavour Silver Corporation,Basic Materials,Mid-Cap,14927678,NYQ
LMND,"Lemonade, Inc.",Financial Services,Mid-Cap,2687646,NYQ
ACAD,ACADIA Pharmaceuticals Inc.,Healthcare,Mid-Cap,1515051,NMS
SA,"Seabridge Gold, Inc.",Basic Materials,Mid-Cap,1157490,NYQ
CNO,"CNO Financial Group, Inc.",Financial Services,Mid-Cap,696510,NYQ
KBH,KB Home,Consumer Cyclical,Mid-Cap,1236766,NYQ
UCB,"United Community Banks, Inc.",Financial Services,Mid-Cap,865080,NYQ
ASO,"Academy Sports and Outdoors, In",Consumer Cyclical,Mid-Cap,1563201,NMS
SIG,Signet Jewelers Limited,Consumer Cyclical,Mid-Cap,837003,NYQ
LIF,"Life360, Inc.",Technology,Mid-Cap,1040343,NMS
DAN,Dana Incorporated,Consumer Cyclical,Mid-Cap,1791423,NYQ
WPP,WPP plc,Communication Services,Mid-Cap,570220,NYQ
OSCR,"Oscar Health, Inc.",Healthcare,Mid-Cap,8420991,NYQ
SMG,Scotts Miracle-Gro Company (The,Basic Materials,Mid-Cap,850415,NYQ
TFSL,TFS Financial Corporation,Financial Services,Mid-Cap,735813,NMS
CGAU,Centerra Gold Inc.,Basic Materials,Mid-Cap,1833420,NYQ
ALHC,"Alignment Healthcare, Inc.",Healthcare,Mid-Cap,2921558,NMS
WSC,WillScot Holdings Corporation,Industrials,Mid-Cap,2061266,NCM
CUZ,Cousins Properties Incorporated,Real Estate,Mid-Cap,2079045,NYQ
CALM,"Cal-Maine Foods, Inc.",Consumer Defensive,Mid-Cap,1229905,NMS
HRB,"H&R Block, Inc.",Consumer Cyclical,Mid-Cap,2272676,NYQ
STNG,Scorpio Tankers Inc.,Energy,Mid-Cap,1083255,NYQ
DNP,"DNP Select Income Fund, Inc.",Financial Services,Mid-Cap,658881,NYQ
TPH,"Tri Pointe Homes, Inc.",Consumer Cyclical,Mid-Cap,1998983,NYQ
WIX,Wix.com Ltd.,Technology,Mid-Cap,2026808,NMS
FRPT,"Freshpet, Inc.",Consumer Defensive,Mid-Cap,1265435,NGM
CBT,Cabot Corporation,Basic Materials,Mid-Cap,501905,NYQ
VISN,"Vistance Networks, Inc.",Technology,Mid-Cap,3949615,NMS
NAMS,NewAmsterdam Pharma Company N.V,Healthcare,Mid-Cap,803370,NGM
AAUC,Allied Gold Corporation,Basic Materials,Mid-Cap,895005,NYQ
BTU,Peabody Energy Corporation,Energy,Mid-Cap,2934970,NYQ
INTR,Inter & Co. Inc.,Financial Services,Mid-Cap,3004476,NMS
CNTA,Centessa Pharmaceuticals plc,Healthcare,Mid-Cap,1378411,NMS
WHR,Whirlpool Corporation,Consumer Cyclical,Mid-Cap,2138043,NYQ
CVLT,"Commvault Systems, Inc.",Technology,Mid-Cap,969983,NMS
MNDY,monday.com Ltd.,Technology,Mid-Cap,2326920,NMS
FULT,Fulton Financial Corporation,Financial Services,Mid-Cap,1923971,NMS
CCC,CCC Intelligent Solutions Holdi,Technology,Mid-Cap,11767926,NMS
COLD,"Americold Realty Trust, Inc.",Real Estate,Mid-Cap,5578960,NYQ
LIVN,LivaNova PLC,Healthcare,Mid-Cap,710301,NMS
BNL,"Broadstone Net Lease, Inc.",Real Estate,Mid-Cap,1850743,NYQ
TAC,TransAlta Corporation,Utilities,Mid-Cap,1499076,NYQ
TDW,Tidewater Inc.,Energy,Mid-Cap,756291,NYQ
KRC,Kilroy Realty Corporation,Real Estate,Mid-Cap,1952216,NYQ
DNN,Denison Mines Corp,Energy,Mid-Cap,46328241,ASE
VKTX,"Viking Therapeutics, Inc.",Healthcare,Mid-Cap,2954858,NCM
RNST,Renasant Corporation,Financial Services,Mid-Cap,694770,NYQ
FIBK,"First Interstate BancSystem, In",Financial Services,Mid-Cap,1104590,NMS
SOUN,"SoundHound AI, Inc.",Technology,Mid-Cap,25427281,NGM
SMR,NuScale Power Corporation,Industrials,Mid-Cap,26358978,NYQ
CORT,Corcept Therapeutics Incorporat,Healthcare,Mid-Cap,2257803,NCM
AVNT,Avient Corporation,Basic Materials,Mid-Cap,869163,NYQ
OII,"Oceaneering International, Inc.",Energy,Mid-Cap,1148000,NYQ
LRN,"Stride, Inc.",Consumer Defensive,Mid-Cap,1292530,NYQ
NMRK,"Newmark Group, Inc.",Real Estate,Mid-Cap,1326108,NMS
DLO,DLocal Limited,Technology,Mid-Cap,1168661,NMS
MEOH,Methanex Corporation,Basic Materials,Mid-Cap,564756,NMS
MIAX,"Miami International Holdings, I",Financial Services,Mid-Cap,1328935,NYQ
HAFN,Hafnia Limited,Industrials,Mid-Cap,1294343,NYQ
KC,Kingsoft Cloud Holdings Limited,Technology,Mid-Cap,1302278,NMS
CDP,COPT Defense Properties,Real Estate,Mid-Cap,1203703,NYQ
BKU,"BankUnited, Inc.",Financial Services,Mid-Cap,878926,NYQ
ALMS,Alumis Inc.,Healthcare,Mid-Cap,2920568,NMS
PI,"Impinj, Inc.",Technology,Mid-Cap,728728,NMS
KTB,"Kontoor Brands, Inc.",Consumer Cyclical,Mid-Cap,840136,NYQ
KLIC,"Kulicke and Soffa Industries, I",Technology,Mid-Cap,729248,NMS
ACMR,"ACM Research, Inc.",Technology,Mid-Cap,1524726,NGM
BBAR,Banco BBVA Argentina S.A.,Financial Services,Mid-Cap,685215,NYQ
AAOI,"Applied Optoelectronics, Inc.",Technology,Mid-Cap,6287000,NGM
YETI,"YETI Holdings, Inc.",Consumer Cyclical,Mid-Cap,1621401,NYQ
NIQ,NIQ Global Intelligence plc,N/A,Mid-Cap,1166895,NYQ
SEI,"Solaris Energy Infrastructure, ",Energy,Mid-Cap,2833516,NYQ
PII,Polaris Inc.,Consumer Cyclical,Mid-Cap,916708,NYQ
BFH,"Bread Financial Holdings, Inc.",Financial Services,Mid-Cap,874661,NYQ
CSTM,Constellium SE,Basic Materials,Mid-Cap,1830861,NYQ
BKD,Brookdale Senior Living Inc.,Healthcare,Mid-Cap,4822181,NYQ
ADMA,ADMA Biologics Inc,Healthcare,Mid-Cap,2603248,NGM
ERO,Ero Copper Corp.,Basic Materials,Mid-Cap,1799416,NYQ
INSW,"International Seaways, Inc.",Energy,Mid-Cap,563361,NYQ
GPK,Graphic Packaging Holding Compa,Consumer Cyclical,Mid-Cap,6175268,NYQ
LEGN,Legend Biotech Corporation,Healthcare,Mid-Cap,2645130,NMS
HIMS,"Hims & Hers Health, Inc.",Healthcare,Mid-Cap,23296261,NYQ
CRGY,Crescent Energy Company,Energy,Mid-Cap,6942878,NYQ
GNW,Genworth Financial Inc,Financial Services,Mid-Cap,3826821,NYQ
WHD,"Cactus, Inc. Class A Common Sto",Energy,Mid-Cap,927698,NYQ
RELY,"Remitly Global, Inc.",Technology,Mid-Cap,3737116,NMS
NEA,Nuveen AMT-Free Quality Municip,Financial Services,Mid-Cap,913311,NYQ
TCGL,TechCreate Group Ltd.,Technology,Mid-Cap,757133,ASE
TMC,TMC the metals company Inc.,Basic Materials,Mid-Cap,8433338,NMS
RH,RH,Consumer Cyclical,Mid-Cap,1100316,NYQ
FBP,First BanCorp. New,Financial Services,Mid-Cap,1311843,NYQ
MPT,"Medical Properties Trust, Inc.",Real Estate,Mid-Cap,6583008,NYQ
STUB,"StubHub Holdings, Inc.",Communication Services,Mid-Cap,3545811,NYQ
WSBC,"WesBanco, Inc.",Financial Services,Mid-Cap,529206,NMS
LASR,"nLIGHT, Inc.",Technology,Mid-Cap,1257266,NMS
ZIM,ZIM Integrated Shipping Service,Industrials,Mid-Cap,4283086,NYQ
PRM,"Perimeter Solutions, SA",Basic Materials,Mid-Cap,962478,NYQ
XENE,Xenon Pharmaceuticals Inc.,Healthcare,Mid-Cap,908221,NGM
WK,Workiva Inc.,Technology,Mid-Cap,939700,NYQ
ARQT,"Arcutis Biotherapeutics, Inc.",Healthcare,Mid-Cap,1625845,NMS
BHF,"Brighthouse Financial, Inc.",Financial Services,Mid-Cap,781505,NMS
HP,"Helmerich & Payne, Inc.",Energy,Mid-Cap,1681615,NYQ
HNGE,"Hinge Health, Inc.",Healthcare,Mid-Cap,1262228,NYQ
LCID,"Lucid Group, Inc.",Consumer Cyclical,Mid-Cap,7571920,NMS
FLY,Firefly Aerospace Inc.,Industrials,Mid-Cap,3272495,NGM
HAYW,"Hayward Holdings, Inc.",Industrials,Mid-Cap,1815008,NYQ
BOX,"Box, Inc.",Technology,Mid-Cap,2597480,NYQ
HPP,"Hudson Pacific Properties, Inc.",Real Estate,Mid-Cap,1482151,NYQ
CALX,"Calix, Inc",Technology,Mid-Cap,1078493,NYQ
COLM,Columbia Sportswear Company,Consumer Cyclical,Mid-Cap,693436,NMS
TGNA,TEGNA Inc,Communication Services,Mid-Cap,1528443,NYQ
SYRE,"Spyre Therapeutics, Inc.",Healthcare,Mid-Cap,740743,NMS
CAR,"Avis Budget Group, Inc.",Industrials,Mid-Cap,672988,NMS
QLYS,"Qualys, Inc.",Technology,Mid-Cap,604068,NMS
PVH,PVH Corp.,Consumer Cyclical,Mid-Cap,910235,NYQ
CLBT,Cellebrite DI Ltd.,Technology,Mid-Cap,1635125,NMS
DNLI,Denali Therapeutics Inc.,Healthcare,Mid-Cap,1671055,NMS
MCHB,Mechanics Bancorp,Financial Services,Mid-Cap,634893,NMS
YSS,York Space Systems Inc.,Industrials,Mid-Cap,2142544,NYQ
BXMT,"Blackstone Mortgage Trust, Inc.",Real Estate,Mid-Cap,1430786,NYQ
KNSA,Kiniksa Pharmaceuticals Interna,Healthcare,Mid-Cap,590515,NMS
KFY,Korn Ferry,Industrials,Mid-Cap,522315,NYQ
COCO,"The Vita Coco Company, Inc.",Consumer Defensive,Mid-Cap,846731,NMS
UAA,"Under Armour, Inc.",Consumer Cyclical,Mid-Cap,12417778,NYQ
CAKE,The Cheesecake Factory Incorpor,Consumer Cyclical,Mid-Cap,1325148,NMS
AVA,Avista Corporation,Utilities,Mid-Cap,736648,NYQ
HNI,HNI Corporation,Consumer Cyclical,Mid-Cap,783101,NYQ
GBDC,"Golub Capital BDC, Inc.",Financial Services,Mid-Cap,2485521,NMS
SBCF,Seacoast Banking Corporation of,Financial Services,Mid-Cap,760971,NMS
TARS,"Tarsus Pharmaceuticals, Inc.",Healthcare,Mid-Cap,641648,NMS
RNG,"Ringcentral, Inc.",Technology,Mid-Cap,2313200,NYQ
CWK,Cushman & Wakefield Ltd.,Real Estate,Mid-Cap,2155076,NYQ
FHB,"First Hawaiian, Inc.",Financial Services,Mid-Cap,1386576,NMS
SUPN,"Supernus Pharmaceuticals, Inc.",Healthcare,Mid-Cap,745946,NGM
MARA,"MARA Holdings, Inc.",Financial Services,Mid-Cap,44821865,NCM
PTEN,"Patterson-UTI Energy, Inc.",Energy,Mid-Cap,10197931,NMS
FG,"F&G Annuities & Life, Inc.",Financial Services,Mid-Cap,729765,NYQ
SYNA,Synaptics Incorporated,Technology,Mid-Cap,707760,NMS
HG,"Hamilton Insurance Group, Ltd.",Financial Services,Mid-Cap,565090,NYQ
FSK,FS KKR Capital Corp.,Financial Services,Mid-Cap,3412343,NYQ
AAP,Advance Auto Parts Inc.,Consumer Cyclical,Mid-Cap,2049796,NYQ
MRX,Marex Group plc,Financial Services,Mid-Cap,629556,NMS
EWTX,"Edgewise Therapeutics, Inc.",Healthcare,Mid-Cap,1339511,NMS
WRBY,Warby Parker Inc.,Healthcare,Mid-Cap,4386555,NYQ
CNK,Cinemark Holdings Inc Cinemark ,Communication Services,Mid-Cap,3081811,NYQ
CTRI,"Centuri Holdings, Inc.",Utilities,Mid-Cap,1551868,NYQ
PAY,"Paymentus Holdings, Inc.",Technology,Mid-Cap,813200,NYQ
PAGS,PagSeguro Digital Ltd.,Technology,Mid-Cap,3946331,NYQ
NATL,NCR Atleos Corporation,Technology,Mid-Cap,653161,NYQ
DHT,"DHT Holdings, Inc.",Energy,Mid-Cap,3228786,NYQ
WU,Western Union Company (The),Financial Services,Mid-Cap,8615340,NYQ
FFBC,First Financial Bancorp.,Financial Services,Mid-Cap,947493,NMS
SFNC,Simmons First National Corporat,Financial Services,Mid-Cap,1136918,NMS
BANC,"Banc of California, Inc.",Financial Services,Mid-Cap,2495686,NYQ
DJT,Trump Media & Technology Group ,Communication Services,Mid-Cap,8488571,NGM
TGB,"Taseko Mines, Ltd.",Basic Materials,Mid-Cap,7490825,ASE
VNET,"VNET Group, Inc.",Technology,Mid-Cap,5910540,NMS
CARG,"CarGurus, Inc.",Consumer Cyclical,Mid-Cap,1176740,NMS
PRVA,"Privia Health Group, Inc.",Healthcare,Mid-Cap,778543,NMS
VCYT,"Veracyte, Inc.",Healthcare,Mid-Cap,827233,NGM
BKV,BKV Corporation,Energy,Mid-Cap,757525,NYQ
CPRX,"Catalyst Pharmaceuticals, Inc.",Healthcare,Mid-Cap,1300878,NCM
KMT,Kennametal Inc.,Industrials,Mid-Cap,1321978,NYQ
RLX,RLX Technology Inc.,Consumer Defensive,Mid-Cap,2185960,NYQ
SVM,Silvercorp Metals Inc.,Basic Materials,Mid-Cap,6728430,ASE
ITGR,Integer Holdings Corporation,Healthcare,Mid-Cap,764353,NYQ
USAS,Americas Gold and Silver Corpor,Basic Materials,Mid-Cap,6880210,ASE
CON,Concentra Group Holdings Parent,Healthcare,Mid-Cap,941788,NYQ
AMBA,"Ambarella, Inc.",Technology,Mid-Cap,904816,NMS
BULL,Webull Corporation,Technology,Mid-Cap,12160016,NCM
OPLN,"OPENLANE, Inc.",Consumer Cyclical,Mid-Cap,939128,NYQ
QTWO,"Q2 Holdings, Inc.",Technology,Mid-Cap,968590,NYQ
KNTK,Kinetik Holdings Inc.,Energy,Mid-Cap,1394123,NYQ
TRMD,TORM plc,Energy,Mid-Cap,610180,NMS
VERA,"Vera Therapeutics, Inc.",Healthcare,Mid-Cap,1187145,NGM
DBRG,"DigitalBridge Group, Inc.",Financial Services,Mid-Cap,6270796,NYQ
TWST,Twist Bioscience Corporation,Healthcare,Mid-Cap,1333915,NMS
APLE,"Apple Hospitality REIT, Inc.",Real Estate,Mid-Cap,2393188,NYQ
EEFT,"Euronet Worldwide, Inc.",Technology,Mid-Cap,760620,NMS
FLNC,"Fluence Energy, Inc.",Utilities,Mid-Cap,5672743,NMS
EXG,Eaton Vance Tax-Managed Global ,Financial Services,Mid-Cap,507066,NYQ
CURB,Curbline Properties Corp.,Real Estate,Mid-Cap,861943,NYQ
LXP,LXP Industrial Trust,Real Estate,Mid-Cap,601910,NYQ
ZGN,Ermenegildo Zegna N.V.,Consumer Cyclical,Mid-Cap,703716,NYQ
AKR,Acadia Realty Trust,Real Estate,Mid-Cap,1354086,NYQ
IAC,IAC Inc.,Communication Services,Mid-Cap,1104035,NMS
JPC,Nuveen Preferred & Income Oppor,Financial Services,Mid-Cap,996116,NYQ
TDC,Teradata Corporation,Technology,Mid-Cap,1770916,NYQ
APAM,Artisan Partners Asset Manageme,Financial Services,Mid-Cap,574305,NYQ
BEAM,Beam Therapeutics Inc.,Healthcare,Mid-Cap,1812795,NMS
GBTG,"Global Business Travel Group, I",Consumer Cyclical,Mid-Cap,1688016,NYQ
HAE,Haemonetics Corporation,Healthcare,Mid-Cap,857255,NYQ
UPST,"Upstart Holdings, Inc.",Financial Services,Mid-Cap,5050823,NMS
PFS,"Provident Financial Services, I",Financial Services,Mid-Cap,907296,NYQ
SEZL,Sezzle Inc.,Financial Services,Mid-Cap,902248,NCM
BTE,Baytex Energy Corp,Energy,Mid-Cap,17985895,NYQ
UE,Urban Edge Properties,Real Estate,Mid-Cap,947080,NYQ
SLG,SL Green Realty Corp,Real Estate,Mid-Cap,1380468,NYQ
SBLK,Star Bulk Carriers Corp.,Industrials,Mid-Cap,1539600,NMS
NAD,Nuveen Quality Municipal Income,Financial Services,Mid-Cap,743381,NYQ
ATRO,Astronics Corporation,Industrials,Mid-Cap,728466,NMS
WVE,Wave Life Sciences Ltd.,Healthcare,Mid-Cap,6994915,NGM
EFXT,Enerflex Ltd,Energy,Mid-Cap,512273,NYQ
ASH,Ashland Inc.,Basic Materials,Mid-Cap,719431,NYQ
NVG,Nuveen AMT-Free Municipal Credi,Financial Services,Mid-Cap,718670,NYQ
CXT,"Crane NXT, Co.",Industrials,Mid-Cap,722585,NYQ
HTGC,"Hercules Capital, Inc.",Financial Services,Mid-Cap,2324296,NYQ
TXG,"10x Genomics, Inc.",Healthcare,Mid-Cap,2536916,NMS
KD,"Kyndryl Holdings, Inc.",Technology,Mid-Cap,4856580,NYQ
VRDN,"Viridian Therapeutics, Inc.",Healthcare,Mid-Cap,1470421,NCM
FCPT,"Four Corners Property Trust, In",Real Estate,Mid-Cap,921206,NYQ
IDYA,"IDEAYA Biosciences, Inc.",Healthcare,Mid-Cap,911516,NMS
DX,"Dynex Capital, Inc.",Real Estate,Mid-Cap,5972675,NYQ
BOBS,"Bob's Discount Furniture, Inc.",Consumer Cyclical,Mid-Cap,1842835,NYQ
INFQ,"Infleqtion, Inc.",Technology,Mid-Cap,3778446,NYQ
BKE,"Buckle, Inc. (The)",Consumer Cyclical,Mid-Cap,502473,NYQ
TRN,"Trinity Industries, Inc.",Industrials,Mid-Cap,820095,NYQ
DBC,Invesco DB Commodity Index Trac,N/A,Mid-Cap,741750,PCX
AMBP,Ardagh Metal Packaging S.A.,Consumer Cyclical,Mid-Cap,1321175,NYQ
APLS,"Apellis Pharmaceuticals, Inc.",Healthcare,Mid-Cap,2803001,NMS
OLN,Olin Corporation,Basic Materials,Mid-Cap,3056588,NYQ
KYIV,Kyivstar Group Ltd.,Communication Services,Mid-Cap,717693,NMS
VRNS,"Varonis Systems, Inc.",Technology,Mid-Cap,3176983,NMS
CVBF,CVB Financial Corporation,Financial Services,Mid-Cap,1429970,NMS
LFST,"LifeStance Health Group, Inc.",Healthcare,Mid-Cap,2325836,NMS
VRRM,Verra Mobility Corporation,Technology,Mid-Cap,1547130,NCM
ETOR,eToro Group Ltd.,Financial Services,Mid-Cap,1423060,NMS
UCTT,"Ultra Clean Holdings, Inc.",Technology,Mid-Cap,1249691,NMS
SDRL,Seadrill Limited,Energy,Mid-Cap,964443,NYQ
VC,Visteon Corporation,Consumer Cyclical,Mid-Cap,551228,NMS
POWI,"Power Integrations, Inc.",Technology,Mid-Cap,1056435,NMS
IHS,IHS Holding Limited,Real Estate,Mid-Cap,1815220,NYQ
FSLY,"Fastly, Inc.",Technology,Mid-Cap,9157148,NMS
LQDA,Liquidia Corporation,Healthcare,Mid-Cap,1833143,NCM
SHOO,"Steven Madden, Ltd.",Consumer Cyclical,Mid-Cap,1431481,NMS
HE,"Hawaiian Electric Industries, I",Utilities,Mid-Cap,4083678,NYQ
CLSK,"CleanSpark, Inc.",Financial Services,Mid-Cap,27298283,NCM
DYN,"Dyne Therapeutics, Inc.",Healthcare,Mid-Cap,2386831,NMS
TVTX,"Travere Therapeutics, Inc.",Healthcare,Mid-Cap,2130695,NGM
PLUG,"Plug Power, Inc.",Industrials,Mid-Cap,100327998,NCM
VSH,"Vishay Intertechnology, Inc.",Technology,Mid-Cap,2116020,NYQ
TBBK,"The Bancorp, Inc.",Financial Services,Mid-Cap,653003,NMS
HUBG,"Hub Group, Inc.",Industrials,Mid-Cap,945230,NMS
NAVN,"Navan, Inc.",Technology,Mid-Cap,1953300,NMS
ABM,ABM Industries Incorporated,Industrials,Mid-Cap,677820,NYQ
HIW,"Highwoods Properties, Inc.",Real Estate,Mid-Cap,1431090,NYQ
CLMT,"Calumet, Inc",Basic Materials,Mid-Cap,1206408,NMS
BBT,Beacon Financial Corporation,Financial Services,Mid-Cap,836726,NYQ
DAVE,Dave Inc.,Technology,Mid-Cap,528713,NGM
CC,Chemours Company (The),Basic Materials,Mid-Cap,3163800,NYQ
ACLS,"Axcelis Technologies, Inc.",Technology,Mid-Cap,742566,NMS
MH,"McGraw Hill, Inc.",Consumer Defensive,Mid-Cap,675331,NYQ
BRSL,Brightstar Lottery PLC Trading ,Consumer Cyclical,Mid-Cap,1647476,NYQ
CALY,Callaway Golf Company,Consumer Cyclical,Mid-Cap,3062431,NYQ
IRON,"Disc Medicine, Inc.",Healthcare,Mid-Cap,737525,NGM
NOG,"Northern Oil and Gas, Inc.",Energy,Mid-Cap,2227608,NYQ
RXO,"RXO, Inc.",Industrials,Mid-Cap,2443815,NYQ
XRAY,DENTSPLY SIRONA Inc.,Healthcare,Mid-Cap,4617113,NMS
NESR,National Energy Services Reunit,Energy,Mid-Cap,1408050,NCM
RHI,Robert Half Inc.,Industrials,Mid-Cap,2933400,NYQ
WB,Weibo Corporation,Communication Services,Mid-Cap,979478,NMS
LUNR,"Intuitive Machines, Inc.",Industrials,Mid-Cap,11249953,NGM
ADPT,Adaptive Biotechnologies Corpor,Healthcare,Mid-Cap,2041301,NMS
NZF,Nuveen Municipal Credit Income ,Financial Services,Mid-Cap,659803,NYQ
WAFD,"WaFd, Inc.",Financial Services,Mid-Cap,590643,NMS
SPNT,SiriusPoint Ltd.,Financial Services,Mid-Cap,691130,NYQ
CPRI,Capri Holdings Limited,Consumer Cyclical,Mid-Cap,3032410,NYQ
NEOG,Neogen Corporation,Healthcare,Mid-Cap,3794293,NMS
PTY,Pimco Corporate & Income Opport,Financial Services,Mid-Cap,1306416,NYQ
SLDE,"Slide Insurance Holdings, Inc.",Financial Services,Mid-Cap,1337765,NMS
WT,"WisdomTree, Inc.",Financial Services,Mid-Cap,3819213,NYQ
SEDG,"SolarEdge Technologies, Inc.",Technology,Mid-Cap,3104921,NMS
GOF,Guggenheim Strategic Opportunit,Financial Services,Mid-Cap,1604801,NYQ
IVT,InvenTrust Properties Corp.,Real Estate,Mid-Cap,503393,NYQ
WRD,WERIDE INC.,Technology,Mid-Cap,3674330,NGM
GT,The Goodyear Tire & Rubber Comp,Consumer Cyclical,Mid-Cap,6494050,NMS
RCUS,"Arcus Biosciences, Inc.",Healthcare,Mid-Cap,1509853,NYQ
IE,Ivanhoe Electric Inc.,Basic Materials,Mid-Cap,1844663,ASE
IMNM,"Immunome, Inc.",Healthcare,Mid-Cap,2083868,NCM
LION,Lionsgate Studios Corp,N/A,Mid-Cap,2930461,NYQ
UNFI,"United Natural Foods, Inc.",Consumer Defensive,Mid-Cap,788721,NYQ
ARX,Accelerant Holdings,Financial Services,Mid-Cap,1114641,NYQ
KN,Knowles Corporation,Technology,Mid-Cap,724086,NYQ
CVI,CVR Energy Inc.,Energy,Mid-Cap,1355866,NYQ
VERX,"Vertex, Inc.",Technology,Mid-Cap,2076343,NGM
ATHM,Autohome Inc.,Communication Services,Mid-Cap,642201,NYQ
IRDM,Iridium Communications Inc,Communication Services,Mid-Cap,2518993,NMS
WGS,GeneDx Holdings Corp.,Healthcare,Mid-Cap,670196,NMS
BRZE,"Braze, Inc.",Technology,Mid-Cap,3009291,NMS
VAC,Marriott Vacations Worldwide Co,Consumer Cyclical,Mid-Cap,697316,NYQ
PK,Park Hotels & Resorts Inc.,Real Estate,Mid-Cap,4034680,NYQ
COTY,Coty Inc.,Consumer Defensive,Mid-Cap,8232930,NYQ
LU,Lufax Holding Ltd,Financial Services,Mid-Cap,1250695,NYQ
MLCO,Melco Resorts & Entertainment L,Consumer Cyclical,Mid-Cap,2333985,NMS
FRSH,Freshworks Inc.,Technology,Mid-Cap,5291500,NMS
XMTR,"Xometry, Inc.",Industrials,Mid-Cap,1011558,NMS
TENB,"Tenable Holdings, Inc.",Technology,Mid-Cap,2395718,NMS
MCW,"Mister Car Wash, Inc.",Consumer Cyclical,Mid-Cap,2276058,NMS
MLYS,"Mineralys Therapeutics, Inc.",Healthcare,Mid-Cap,1255825,NMS
DNTH,"Dianthus Therapeutics, Inc.",Healthcare,Mid-Cap,775063,NCM
BUSE,First Busey Corporation,Financial Services,Mid-Cap,599916,NMS
ADEA,Adeia Inc.,Technology,Mid-Cap,790628,NMS
OSW,OneSpaWorld Holdings Limited,Consumer Cyclical,Mid-Cap,1128381,NCM
PLAB,"Photronics, Inc.",Technology,Small-Cap,1575180,NMS
NN,NextNav Inc.,Technology,Mid-Cap,1183498,NCM
NTST,NetSTREIT Corp.,Real Estate,Mid-Cap,1524930,NYQ
GRAL,"GRAIL, Inc.",Healthcare,Mid-Cap,1253486,NMS
SID,Companhia Siderurgica Nacional ,Basic Materials,Small-Cap,4294605,NYQ
BHC,Bausch Health Companies Inc.,Healthcare,Small-Cap,2358890,NYQ
IMAX,Imax Corporation,Communication Services,Mid-Cap,1160020,NYQ
GRND,Grindr Inc.,Technology,Mid-Cap,1480013,NYQ
ESTA,Establishment Labs Holdings Inc,Healthcare,Mid-Cap,503953,NCM
AVPT,"AvePoint, Inc.",Technology,Mid-Cap,2145823,NMS
HOG,"Harley-Davidson, Inc.",Consumer Cyclical,Mid-Cap,3405698,NYQ
PTRN,Pattern Group Inc. - Series A,Technology,Mid-Cap,983898,NMS
BRBR,"BellRing Brands, Inc.",Consumer Defensive,Mid-Cap,3945163,NYQ
RARE,Ultragenyx Pharmaceutical Inc.,Healthcare,Mid-Cap,2784746,NMS
GCMG,GCM Grosvenor Inc.,Financial Services,Mid-Cap,626113,NGM
ZLAB,Zai Lab Limited,Healthcare,Mid-Cap,784253,NGM
DXC,DXC Technology Company,Technology,Mid-Cap,2400933,NYQ
DNOW,DNOW Inc.,Industrials,Mid-Cap,2846103,NYQ
BWIN,"The Baldwin Insurance Group, In",Financial Services,Mid-Cap,1440403,NMS
NVTS,Navitas Semiconductor Corporati,Technology,Small-Cap,20724098,NGM
CLM,Cornerstone Strategic Value Fd,Financial Services,Mid-Cap,2503056,ASE
DK,"Delek US Holdings, Inc.",Energy,Mid-Cap,1533325,NYQ
EOSE,"Eos Energy Enterprises, Inc.",Industrials,Mid-Cap,22314760,NCM
TIC,"TIC Solutions, Inc.",Industrials,Small-Cap,2186168,NYQ
BL,"BlackLine, Inc.",Technology,Mid-Cap,1097036,NMS
PRDO,Perdoceo Education Corporation,Consumer Defensive,Mid-Cap,559915,NMS
EYE,"National Vision Holdings, Inc.",Consumer Cyclical,Mid-Cap,1249090,NMS
SPSC,"SPS Commerce, Inc.",Technology,Mid-Cap,763620,NMS
PAX,Patria Investments Limited,Financial Services,Small-Cap,869040,NMS
XXI,"Twenty One Capital, Inc.",Financial Services,Mid-Cap,1482840,NYQ
JBLU,JetBlue Airways Corporation,Industrials,Small-Cap,19144171,NMS
PENN,"PENN Entertainment, Inc.",Consumer Cyclical,Mid-Cap,4370920,NMS
DEI,"Douglas Emmett, Inc.",Real Estate,Mid-Cap,2632911,NYQ
PSIX,"Power Solutions International, ",Industrials,Small-Cap,501686,NCM
NTCT,"NetScout Systems, Inc.",Technology,Mid-Cap,527963,NMS
DRH,Diamondrock Hospitality Company,Real Estate,Small-Cap,2770476,NMS
FLO,"Flowers Foods, Inc.",Consumer Defensive,Small-Cap,4625201,NYQ
GNL,"Global Net Lease, Inc.",Real Estate,Mid-Cap,1951813,NYQ
OCUL,"Ocular Therapeutix, Inc.",Healthcare,Mid-Cap,6344443,NGM
ATEC,"Alphatec Holdings, Inc.",Healthcare,Small-Cap,2967895,NMS
VRE,"Veris Residential, Inc.",Real Estate,Small-Cap,1391726,NYQ
HUN,Huntsman Corporation,Basic Materials,Small-Cap,5776661,NYQ
BB,BlackBerry Limited,Technology,Mid-Cap,7682510,NYQ
CHA,Chagee Holdings Limited,Consumer Cyclical,Mid-Cap,797281,NMS
PARR,"Par Pacific Holdings, Inc. Comm",Energy,Mid-Cap,1213536,NYQ
GLOB,Globant S.A.,Technology,Mid-Cap,1413243,NYQ
QFIN,"Qfin Holdings, Inc.",Financial Services,Mid-Cap,1719223,NMS
GEO,Geo Group Inc (The) REIT,Industrials,Small-Cap,2161756,NYQ
FIGS,"FIGS, Inc.",Consumer Cyclical,Mid-Cap,3189146,NYQ
HTFL,"Heartflow, Inc.",Healthcare,Small-Cap,1272586,NMS
WERN,"Werner Enterprises, Inc.",Industrials,Small-Cap,1161198,NMS
SLNO,"Soleno Therapeutics, Inc.",Healthcare,Mid-Cap,1525693,NCM
ARR,"ARMOUR Residential REIT, Inc.",Real Estate,Mid-Cap,3600888,NYQ
FA,First Advantage Corporation,Industrials,Mid-Cap,958295,NMS
CLDX,"Celldex Therapeutics, Inc.",Healthcare,Small-Cap,809903,NCM
STOK,"Stoke Therapeutics, Inc.",Healthcare,Mid-Cap,771806,NMS
AXTI,AXT Inc,Technology,Small-Cap,7149095,NMS
QUBT,Quantum Computing Inc.,Technology,Small-Cap,15611188,NCM
TALO,"Talos Energy, Inc.",Energy,Mid-Cap,2099660,NYQ
RNW,ReNew Energy Global plc,Utilities,Small-Cap,1233638,NMS
OI,"O-I Glass, Inc.",Consumer Cyclical,Small-Cap,2056690,NYQ
XPRO,Expro Group Holdings N.V.,Energy,Small-Cap,1165453,NYQ
APPN,Appian Corporation,Technology,Small-Cap,1066126,NGM
HROW,"Harrow, Inc.",Healthcare,Small-Cap,671926,NGM
CNXC,Concentrix Corporation,Technology,Mid-Cap,1239988,NMS
HLF,Herbalife Ltd.,Consumer Defensive,Small-Cap,1909380,NYQ
NUVB,Nuvation Bio Inc.,Healthcare,Small-Cap,5932615,NYQ
SGRY,"Surgery Partners, Inc.",Healthcare,Small-Cap,1786928,NMS
ACHC,"Acadia Healthcare Company, Inc.",Healthcare,Mid-Cap,3624111,NMS
PRKS,United Parks & Resorts Inc.,Consumer Cyclical,Small-Cap,1138483,NYQ
INSP,"Inspire Medical Systems, Inc.",Healthcare,Small-Cap,1569796,NYQ
STEL,"Stellar Bancorp, Inc.",Financial Services,Small-Cap,536236,NYQ
RXRX,"Recursion Pharmaceuticals, Inc.",Healthcare,Small-Cap,21924791,NMS
GTY,Getty Realty Corporation,Real Estate,Small-Cap,548578,NYQ
KSS,Kohl's Corporation,Consumer Cyclical,Small-Cap,3673500,NYQ
BCRX,"BioCryst Pharmaceuticals, Inc.",Healthcare,Mid-Cap,4427918,NMS
OLMA,"Olema Pharmaceuticals, Inc.",Healthcare,Small-Cap,1685595,NMS
GTM,ZoomInfo Technologies Inc.,Technology,Mid-Cap,7869091,NMS
PRGO,Perrigo Company plc,Healthcare,Small-Cap,3310798,NYQ
ADNT,Adient plc,Consumer Cyclical,Small-Cap,1137386,NYQ
NWL,Newell Brands Inc.,Consumer Defensive,Small-Cap,5772383,NMS
MGNI,"Magnite, Inc.",Communication Services,Mid-Cap,2453303,NMS
LC,LendingClub Corporation,Financial Services,Small-Cap,2143813,NYQ
GAB,"Gabelli Equity Trust, Inc. (The",Financial Services,Small-Cap,872225,NYQ
OMCL,"Omnicell, Inc.",Healthcare,Small-Cap,679950,NMS
NCNO,"nCino, Inc.",Technology,Small-Cap,2158313,NMS
RUM,Rumble Inc.,Communication Services,Small-Cap,2040200,NGM
PDO,N/A,Financial Services,Small-Cap,702451,NYQ
PGNY,"Progyny, Inc.",Healthcare,Small-Cap,1557326,NMS
NUV,"Nuveen Municipal Value Fund, In",Financial Services,Small-Cap,542860,NYQ
KMPR,Kemper Corporation,Financial Services,Small-Cap,873868,NYQ
VCEL,Vericel Corporation,Healthcare,Small-Cap,530156,NGM
ASGN,ASGN Incorporated,Technology,Small-Cap,619013,NYQ
SONO,"Sonos, Inc.",Technology,Small-Cap,1792078,NMS
AGBK,AGI Inc,Financial Services,Small-Cap,1013006,NYQ
BBAI,"BigBear.ai, Inc.",Technology,Small-Cap,74445371,NYQ
UTI,Universal Technical Institute I,Consumer Defensive,Small-Cap,782671,NYQ
EXTR,"Extreme Networks, Inc.",Technology,Small-Cap,1589618,NMS
NWBI,"Northwest Bancshares, Inc.",Financial Services,Small-Cap,964203,NMS
DRVN,Driven Brands Holdings Inc.,Consumer Cyclical,Small-Cap,1345591,NMS
OGN,Organon & Co.,Healthcare,Small-Cap,5301295,NYQ
FCF,First,Financial Services,Small-Cap,766878,NYQ
RVLV,"Revolve Group, Inc.",Consumer Cyclical,Small-Cap,1186890,NYQ
ARCO,Arcos Dorados Holdings Inc.,Consumer Cyclical,Small-Cap,1342225,NYQ
PBI,Pitney Bowes Inc.,Industrials,Small-Cap,2277663,NYQ
BUR,Burford Capital Limited,Financial Services,Small-Cap,1794186,NYQ
NAC,Nuveen California Quality Munic,Financial Services,Small-Cap,547553,NYQ
SEM,Select Medical Holdings Corpora,Healthcare,Mid-Cap,1183145,NYQ
VECO,Veeco Instruments Inc.,Technology,Small-Cap,818126,NMS
INTA,"Intapp, Inc.",Technology,Mid-Cap,1193746,NMS
UNIT,Uniti Group Inc.,Real Estate,Small-Cap,2249118,NMS
NKTR,Nektar Therapeutics,Healthcare,Small-Cap,1169458,NCM
AUPH,Aurinia Pharmaceuticals Inc,Healthcare,Small-Cap,1028525,NGM
INVX,"Innovex International, Inc.",Energy,Small-Cap,521891,NYQ
SHO,"Sunstone Hotel Investors, Inc. ",Real Estate,Small-Cap,2017400,NYQ
SMA,"SmartStop Self Storage REIT, In",Real Estate,Mid-Cap,797200,NYQ
SRPT,"Sarepta Therapeutics, Inc.",Healthcare,Small-Cap,2771891,NMS
CXW,"CoreCivic, Inc.",Industrials,Small-Cap,1023228,NYQ
FMC,FMC Corporation,Basic Materials,Small-Cap,4368696,NYQ
NVAX,"Novavax, Inc.",Healthcare,Small-Cap,4947441,NMS
BORR,Borr Drilling Limited,Energy,Small-Cap,6234770,NYQ
ZYME,Zymeworks Inc.,Healthcare,Small-Cap,723446,NMS
TNET,"TriNet Group, Inc.",Industrials,Small-Cap,523955,NYQ
UPWK,Upwork Inc.,Communication Services,Small-Cap,3498451,NMS
SGML,Sigma Lithium Corporation,Basic Materials,Small-Cap,4464810,NCM
PRGS,Progress Software Corporation,Technology,Small-Cap,924495,NMS
ESRT,"Empire State Realty Trust, Inc.",Real Estate,Small-Cap,1581110,NYQ
SNDX,"Syndax Pharmaceuticals, Inc.",Healthcare,Small-Cap,1331318,NMS
SEMR,"SEMrush Holdings, Inc.",Technology,Small-Cap,2070306,NYQ
RQI,Cohen & Steers Quality Income R,Financial Services,Small-Cap,640556,NYQ
TYRA,"Tyra Biosciences, Inc.",Healthcare,Small-Cap,789991,NMS
GCT,GigaCloud Technology Inc,Technology,Small-Cap,582278,NGM
BTDR,Bitdeer Technologies Group,Technology,Small-Cap,7218895,NCM
USA,Liberty All-Star Equity Fund,Financial Services,Small-Cap,1190568,NYQ
INVA,"Innoviva, Inc.",Healthcare,Small-Cap,830855,NMS
ELVN,"Enliven Therapeutics, Inc.",Healthcare,Small-Cap,1066803,NMS
AGIO,"Agios Pharmaceuticals, Inc.",Healthcare,Small-Cap,1148363,NMS
MQ,"Marqeta, Inc.",Technology,Small-Cap,4136460,NMS
ASAN,"Asana, Inc.",Technology,Small-Cap,4922665,NYQ
TNDM,"Tandem Diabetes Care, Inc.",Healthcare,Small-Cap,1865046,NGM
FUN,Six Flags Entertainment Corpora,Consumer Cyclical,Small-Cap,2559306,NYQ
PTON,"Peloton Interactive, Inc.",Consumer Cyclical,Small-Cap,11679591,NMS
PWP,Perella Weinberg Partners,Financial Services,Small-Cap,971990,NMS
RAMP,"LiveRamp Holdings, Inc.",Technology,Small-Cap,727131,NYQ
MD,"Pediatrix Medical Group, Inc.",Healthcare,Small-Cap,792901,NYQ
TSLX,"Sixth Street Specialty Lending,",Financial Services,Small-Cap,864640,NYQ
CBZ,"CBIZ, Inc.",Industrials,Small-Cap,1035498,NYQ
KOD,Kodiak Sciences Inc,Healthcare,Small-Cap,819208,NGM
VOYG,"Voyager Technologies, Inc.",Industrials,Small-Cap,1636945,NYQ
TV,Grupo Televisa S.A.B.,Communication Services,Small-Cap,1588306,NYQ
NOMD,Nomad Foods Limited,Consumer Defensive,Small-Cap,1909970,NYQ
DFTX,"Definium Therapeutics, Inc.",Healthcare,Small-Cap,1959090,NMS
WTTR,"Select Water Solutions, Inc.",Energy,Small-Cap,1215023,NYQ
MUX,McEwen Inc.,Basic Materials,Small-Cap,1316323,NYQ
RAPT,"RAPT Therapeutics, Inc.",Healthcare,Small-Cap,2304572,NGM
AMLX,"Amylyx Pharmaceuticals, Inc.",Healthcare,Small-Cap,1478628,NMS
HRMY,"Harmony Biosciences Holdings, I",Healthcare,Small-Cap,880300,NGM
HLMN,Hillman Solutions Corp.,Industrials,Small-Cap,1453893,NGM
AESI,Atlas Energy Solutions Inc.,Energy,Small-Cap,2465561,NYQ
ORKA,"Oruka Therapeutics, Inc.",Healthcare,Small-Cap,516081,NGM
NRIX,"Nurix Therapeutics, Inc.",Healthcare,Small-Cap,1346486,NGM
CTOS,"Custom Truck One Source, Inc.",Industrials,Small-Cap,837053,NYQ
NTLA,"Intellia Therapeutics, Inc.",Healthcare,Small-Cap,4800701,NGM
DHC,Diversified Healthcare Trust,Real Estate,Small-Cap,1716786,NMS
AMSC,American Superconductor Corpora,Industrials,Small-Cap,1023186,NMS
IQ,"iQIYI, Inc.",Communication Services,Small-Cap,11189263,NMS
IAUX,i-80 Gold Corp.,Basic Materials,Small-Cap,8911583,ASE
WWW,"Wolverine World Wide, Inc.",Consumer Cyclical,Small-Cap,1598470,NYQ
VET,Vermilion Energy Inc.,Energy,Small-Cap,1835770,NYQ
SBH,"Sally Beauty Holdings, Inc. (Na",Consumer Cyclical,Small-Cap,1675791,NYQ
EZPW,"EZCORP, Inc.",Financial Services,Small-Cap,1116996,NMS
XHR,"Xenia Hotels & Resorts, Inc.",Real Estate,Small-Cap,862718,NYQ
ALKT,"Alkami Technology, Inc.",Technology,Small-Cap,1826133,NMS
SMPL,The Simply Good Foods Company,Consumer Defensive,Small-Cap,2116238,NCM
ICHR,Ichor Holdings,Technology,Small-Cap,959385,NMS
ARDX,"Ardelyx, Inc.",Healthcare,Small-Cap,4647903,NGM
WLY,"John Wiley & Sons, Inc.",Communication Services,Small-Cap,545152,NYQ
CLVT,Clarivate Plc,Technology,Small-Cap,7388101,NYQ
DQ,DAQO New Energy Corp.,Technology,Small-Cap,717258,NYQ
AXGN,"AxoGen, Inc.",Healthcare,Small-Cap,946871,NCM
LEG,"Leggett & Platt, Incorporated",Consumer Cyclical,Small-Cap,1726900,NYQ
GSG,iShares GSCI Commodity-Indexed ,N/A,Small-Cap,852721,PCX
DCH,Dauch Corporation,Consumer Cyclical,Small-Cap,6275943,NYQ
NEXA,Nexa Resources S.A.,Basic Materials,Small-Cap,813028,NYQ
GOLD,"Gold.com, Inc.",Financial Services,Small-Cap,831995,NYQ
RLAY,"Relay Therapeutics, Inc.",Healthcare,Small-Cap,2380671,NGM
BCAT,N/A,Financial Services,Small-Cap,758768,NYQ
ATRC,"AtriCure, Inc.",Healthcare,Small-Cap,618871,NGM
RDW,Redwire Corporation,Industrials,Small-Cap,23663048,NYQ
MBX,"MBX Biosciences, Inc.",Healthcare,Small-Cap,718633,NMS
FLYW,Flywire Corporation - Voting,Technology,Small-Cap,1594408,NMS
LPG,Dorian LPG Ltd.,Energy,Small-Cap,544778,NYQ
LAC,Lithium Americas Corp.,Basic Materials,Small-Cap,13624126,NYQ
EFC,Ellington Financial Inc.,Real Estate,Small-Cap,2060061,NYQ
MXL,"MaxLinear, Inc",Technology,Small-Cap,1160388,NMS
KRP,Kimbell Royalty Partners,Energy,Small-Cap,695115,NYQ
PEB,Pebblebrook Hotel Trust,Real Estate,Small-Cap,2147718,NYQ
DV,"DoubleVerify Holdings, Inc.",Communication Services,Small-Cap,2568208,NYQ
RCAT,"Red Cat Holdings, Inc.",Industrials,Small-Cap,12338205,NCM
TE,T1 Energy Inc.,Industrials,Small-Cap,21342435,NYQ
QDEL,QuidelOrtho Corporation,Healthcare,Small-Cap,1070871,NMS
CRI,"Carter's, Inc.",Consumer Cyclical,Small-Cap,1252906,NYQ
NVCR,NovoCure Limited,Healthcare,Small-Cap,2009298,NMS
PAYO,Payoneer Global Inc.,Technology,Small-Cap,4135811,NGM
ABR,Arbor Realty Trust,Real Estate,Small-Cap,4239655,NYQ
TNGX,"Tango Therapeutics, Inc.",Healthcare,Mid-Cap,3160391,NGM
HCSG,"Healthcare Services Group, Inc.",Healthcare,Small-Cap,808820,NMS
CRVS,"Corvus Pharmaceuticals, Inc.",Healthcare,Small-Cap,3598181,NGM
GENI,Genius Sports Limited,Communication Services,Small-Cap,5816673,NYQ
INOD,Innodata Inc.,Technology,Small-Cap,1268401,NGM
ALEX,"Alexander & Baldwin, Inc.",Real Estate,Small-Cap,1037790,NYQ
ECAT,N/A,Financial Services,Small-Cap,508888,NYQ
HOPE,"Hope Bancorp, Inc.",Financial Services,Small-Cap,996781,NMS
CAPR,"Capricor Therapeutics, Inc.",Healthcare,Small-Cap,1290698,NCM
BAK,Braskem SA,Basic Materials,Small-Cap,1618413,NYQ
ENR,"Energizer Holdings, Inc.",Industrials,Small-Cap,1296480,NYQ
VIA,"Via Transportation, Inc.",Technology,Small-Cap,666088,NYQ
IOVA,"Iovance Biotherapeutics, Inc.",Healthcare,Mid-Cap,13910748,NGM
KDK,"Kodiak AI, Inc.",Technology,Small-Cap,720208,NGM
AVAH,Aveanna Healthcare Holdings Inc,Healthcare,Small-Cap,1216903,NMS
NVRI,Enviri Corporation,Industrials,Small-Cap,1401745,NYQ
AMPX,"Amprius Technologies, Inc.",Industrials,Mid-Cap,7766253,NYQ
SKYT,"SkyWater Technology, Inc.",Technology,Small-Cap,2215155,NCM
ARI,Apollo Commercial Real Estate F,Real Estate,Small-Cap,1228373,NYQ
KW,Kennedy-Wilson Holdings Inc.,Real Estate,Small-Cap,1237391,NYQ
DOLE,Dole plc,Consumer Defensive,Small-Cap,750233,NYQ
BHVN,Biohaven Ltd.,Healthcare,Small-Cap,2786603,NYQ
SVV,"Savers Value Village, Inc.",Consumer Cyclical,Small-Cap,972495,NYQ
FINV,FinVolution Group,Financial Services,Small-Cap,1148491,NYQ
EYPT,"EyePoint, Inc.",Healthcare,Small-Cap,1391045,NGM
TRVI,"Trevi Therapeutics, Inc.",Healthcare,Small-Cap,1544156,NGM
TUYA,Tuya Inc.,Technology,Small-Cap,1378550,NYQ
WEN,Wendy's Company (The),Consumer Cyclical,Small-Cap,7819261,NMS
PCT,"PureCycle Technologies, Inc.",Industrials,Small-Cap,4290018,NCM
FIVN,"Five9, Inc.",Technology,Small-Cap,2370601,NGM
PRG,"PROG Holdings, Inc.",Industrials,Small-Cap,539741,NYQ
ENOV,Enovis Corporation,Healthcare,Small-Cap,1082606,NYQ
SFL,SFL Corporation Ltd,Industrials,Small-Cap,1546496,NYQ
PUMP,ProPetro Holding Corp.,Energy,Small-Cap,2790560,NYQ
HYT,Blackrock Corporate High Yield ,Financial Services,Small-Cap,1257011,NYQ
VZLA,Vizsla Silver Corp.,Basic Materials,Small-Cap,10787118,ASE
REAL,"The RealReal, Inc.",Consumer Cyclical,Small-Cap,3140618,NMS
NNE,Nano Nuclear Energy Inc.,Industrials,Small-Cap,1873096,NCM
ASM,Avino Silver & Gold Mines Ltd.,Basic Materials,Small-Cap,6567050,ASE
COHU,"Cohu, Inc.",Technology,Small-Cap,750765,NMS
TIGR,UP Fintech Holding Limited,Financial Services,Small-Cap,3031541,NMS
CXM,"Sprinklr, Inc.",Technology,Small-Cap,2172003,NYQ
MLKN,"MillerKnoll, Inc.",Consumer Cyclical,Small-Cap,611471,NMS
CNMD,CONMED Corporation,Healthcare,Small-Cap,596801,NYQ
SBET,"SharpLink, Inc.",Financial Services,Small-Cap,7827986,NCM
ZBIO,"Zenas BioPharma, Inc.",Healthcare,Small-Cap,845526,NMS
GLUE,"Monte Rosa Therapeutics, Inc.",Healthcare,Small-Cap,1635725,NMS
BTX,BlackRock Technology and Privat,Financial Services,Small-Cap,944571,NYQ
HTZ,"Hertz Global Holdings, Inc",Industrials,Small-Cap,5854350,NMS
WKC,World Kinect Corporation,Energy,Small-Cap,955160,NYQ
ORC,"Orchid Island Capital, Inc.",Real Estate,Small-Cap,6812813,NYQ
BITF,Bitfarms Ltd.,Financial Services,Small-Cap,37662416,NGM
YELP,Yelp Inc.,Communication Services,Small-Cap,1321330,NYQ
NEXT,NextDecade Corporation,Energy,Small-Cap,3263078,NCM
ATEN,"A10 Networks, Inc.",Technology,Small-Cap,784891,NYQ
OPRA,Opera Limited,Communication Services,Small-Cap,718465,NMS
ODV,Osisko Development Corp.,Basic Materials,Small-Cap,2374073,NYQ
CSWC,Capital Southwest Corporation,Financial Services,Small-Cap,619186,NMS
JKS,JinkoSolar Holding Company Limi,Technology,Small-Cap,669875,NYQ
LMRI,"Lumexa Imaging Holdings, Inc.",Healthcare,Small-Cap,715663,NMS
MBC,"MasterBrand, Inc.",Consumer Cyclical,Small-Cap,1917085,NYQ
ATAI,AtaiBeckley Inc.,Healthcare,Small-Cap,3969266,NGM
PGEN,"Precigen, Inc.",Healthcare,Small-Cap,4701270,NMS
MSDL,N/A,Financial Services,Small-Cap,886223,NYQ
UMH,"UMH Properties, Inc.",Real Estate,Small-Cap,550286,NYQ
LADR,Ladder Capital Corp,Real Estate,Small-Cap,699016,NYQ
CSIQ,Canadian Solar Inc.,Technology,Small-Cap,3121853,NMS
RERE,ATRenew Inc.,Consumer Cyclical,Small-Cap,1303503,NYQ
HLX,"Helix Energy Solutions Group, I",Energy,Small-Cap,1998635,NYQ
PSEC,Prospect Capital Corporation,Financial Services,Small-Cap,4439820,NMS
PRCT,PROCEPT BioRobotics Corporation,Healthcare,Small-Cap,1503868,NGM
NEO,"NeoGenomics, Inc.",Healthcare,Small-Cap,1914341,NCM
ORIC,"Oric Pharmaceuticals, Inc.",Healthcare,Small-Cap,1608185,NMS
HIMX,"Himax Technologies, Inc.",Technology,Small-Cap,1063063,NMS
ECVT,Ecovyst Inc.,Basic Materials,Small-Cap,1404065,NYQ
BV,"BrightView Holdings, Inc.",Industrials,Small-Cap,598528,NYQ
DSL,DoubleLine Income Solutions Fun,Financial Services,Small-Cap,715546,NYQ
ARHS,"Arhaus, Inc.",Consumer Cyclical,Small-Cap,1269331,NMS
MRVI,"Maravai LifeSciences Holdings, ",Healthcare,Small-Cap,1191441,NMS
ARLO,"Arlo Technologies, Inc.",Industrials,Small-Cap,1421696,NYQ
DAKT,"Daktronics, Inc.",Technology,Small-Cap,574153,NMS
VIR,"Vir Biotechnology, Inc.",Healthcare,Small-Cap,3336271,NMS
ENVX,Enovix Corporation,Industrials,Small-Cap,6494161,NMS
LSPD,Lightspeed Commerce Inc. Subord,Technology,Small-Cap,801921,NYQ
MAN,ManpowerGroup,Industrials,Small-Cap,1285235,NYQ
ALVO,Alvotech,Healthcare,Small-Cap,513860,NGM
LAR,Lithium Argentina AG,Basic Materials,Small-Cap,3351425,NYQ
CRML,Critical Metals Corp.,Basic Materials,Small-Cap,16080835,NGM
PLTK,Playtika Holding Corp.,Communication Services,Small-Cap,1624770,NMS
RES,"RPC, Inc.",Energy,Small-Cap,2348601,NYQ
UPBD,"Upbound Group, Inc.",Technology,Small-Cap,766686,NMS
LZ,"LegalZoom.com, Inc.",Industrials,Small-Cap,3266070,NMS
PRA,ProAssurance Corporation,Financial Services,Small-Cap,539553,NYQ
AZTA,"Azenta, Inc.",Healthcare,Small-Cap,773903,NMS
RLJ,RLJ Lodging Trust,Real Estate,Small-Cap,1904885,NYQ
NPKI,NPK International Inc.,Energy,Small-Cap,702865,NYQ
AGRO,Adecoagro S.A.,Consumer Defensive,Small-Cap,839571,NYQ
STGW,Stagwell Inc.,Communication Services,Small-Cap,1768553,NMS
NMZ,Nuveen Municipal High Income Op,Financial Services,Small-Cap,529973,NYQ
MLTX,MoonLake Immunotherapeutics,Healthcare,Small-Cap,2134413,NCM
TSHA,"Taysha Gene Therapies, Inc.",Healthcare,Small-Cap,2848961,NMS
UAMY,United States Antimony Corporat,Basic Materials,Small-Cap,13082040,ASE
WLTH,Wealthfront Corporation,Technology,Small-Cap,1533409,NMS
JFR,Nuveen Floating Rate Income Fun,Financial Services,Small-Cap,1003998,NYQ
AHCO,AdaptHealth Corp.,Healthcare,Small-Cap,1151140,NCM
SVRA,"Savara, Inc.",Healthcare,Small-Cap,2110578,NMS
AEHR,Aehr Test Systems,Technology,Small-Cap,1259428,NCM
BTGO,"BitGo Holdings, Inc.",Financial Services,Small-Cap,1696219,NYQ
DEA,"Easterly Government Properties,",Real Estate,Small-Cap,501303,NYQ
GOOS,Canada Goose Holdings Inc. Subo,Consumer Cyclical,Small-Cap,854401,NYQ
TTI,"Tetra Technologies, Inc.",Industrials,Small-Cap,2059315,NYQ
TRIP,"TripAdvisor, Inc.",Consumer Cyclical,Small-Cap,3053388,NMS
HLIT,Harmonic Inc.,Technology,Small-Cap,1133513,NMS
AI,"C3.ai, Inc.",Technology,Small-Cap,7005798,NYQ
CCO,"Clear Channel Outdoor Holdings,",Communication Services,Small-Cap,5269913,NYQ
OUST,"Ouster, Inc.",Technology,Small-Cap,1820260,NMS
WGO,"Winnebago Industries, Inc.",Consumer Cyclical,Small-Cap,610001,NYQ
BFLY,"Butterfly Network, Inc.",Healthcare,Small-Cap,6312556,NYQ
GILT,Gilat Satellite Networks Ltd.,Technology,Small-Cap,884060,NMS
EXPI,"eXp World Holdings, Inc.",Real Estate,Small-Cap,1036020,NGM
GLDD,Great Lakes Dredge & Dock Corpo,Industrials,Small-Cap,1255270,NMS
BVC,BitVentures Limited,Technology,Small-Cap,673823,NCM
TRIN,Trinity Capital Inc.,Financial Services,Small-Cap,1335865,NMS
SOC,Sable Offshore Corp.,Energy,Mid-Cap,8479911,NYQ
NAT,Nordic American Tankers Limited,Energy,Small-Cap,3684231,NYQ
VYX,NCR Voyix Corporation,Technology,Small-Cap,1921153,NYQ
SANA,"Sana Biotechnology, Inc.",Healthcare,Small-Cap,2924486,NMS
TROX,Tronox Holdings plc,Basic Materials,Small-Cap,4485291,NYQ
ZD,"Ziff Davis, Inc.",Communication Services,Small-Cap,931738,NMS
CRF,33138,Financial Services,Small-Cap,1668696,ASE
CIM,Chimera Investment Corporation,Real Estate,Small-Cap,888130,NYQ
AOD,Aberdeen Total Dynamic Dividend,Financial Services,Small-Cap,577878,NYQ
WBI,WaterBridge Infrastructure LLC,Energy,Small-Cap,598378,NYQ
COUR,"Coursera, Inc.",Consumer Defensive,Small-Cap,5175521,NYQ
LIND,Lindblad Expeditions Holdings I,Consumer Cyclical,Small-Cap,716656,NCM
ARRY,"Array Technologies, Inc.",Technology,Small-Cap,6518045,NGM
XERS,"Xeris Biopharma Holdings, Inc.",Healthcare,Small-Cap,2133943,NMS
OLPX,"Olaplex Holdings, Inc.",Consumer Cyclical,Small-Cap,1692978,NMS
CLOV,"Clover Health Investments, Corp",Healthcare,Small-Cap,5509195,NMS
TWO,Two Harbors Investment Corp,Real Estate,Small-Cap,3513790,NYQ
MRTN,"Marten Transport, Ltd.",Industrials,Small-Cap,841918,NMS
TK,Teekay Corporation Ltd.,Energy,Small-Cap,595731,NYQ
SLI,Standard Lithium Ltd.,Basic Materials,Small-Cap,3201780,ASE
EVEX,"Eve Holding, Inc.",Industrials,Small-Cap,1254866,NYQ
DAWN,"Day One Biopharmaceuticals, Inc",Healthcare,Mid-Cap,2738703,NMS
OCFC,OceanFirst Financial Corp.,Financial Services,Small-Cap,664558,NMS
ULCC,"Frontier Group Holdings, Inc.",Industrials,Small-Cap,3919260,NMS
SNCY,"Sun Country Airlines Holdings, ",Industrials,Small-Cap,1345450,NMS
CERT,"Certara, Inc.",Healthcare,Small-Cap,2613623,NMS
PENG,"Penguin Solutions, Inc.",Technology,Small-Cap,1219670,NMS
ABCL,AbCellera Biologics Inc.,Healthcare,Small-Cap,4209403,NMS
GROY,Gold Royalty Corp.,Basic Materials,Small-Cap,3559051,ASE
PMT,PennyMac Mortgage Investment Tr,Real Estate,Small-Cap,1219730,NYQ
QURE,uniQure N.V.,Healthcare,Small-Cap,3011525,NMS
EPC,Edgewell Personal Care Company,Consumer Defensive,Small-Cap,715456,NYQ
SHLS,"Shoals Technologies Group, Inc.",Technology,Small-Cap,4772838,NGM
PHAT,"Phathom Pharmaceuticals, Inc.",Healthcare,Small-Cap,1117790,NMS
CMP,Compass Minerals Intl Inc,Basic Materials,Small-Cap,557553,NYQ
JMIA,Jumia Technologies AG,Consumer Cyclical,Small-Cap,2836866,NYQ
NEWP,New Pacific Metals Corp.,Basic Materials,Small-Cap,1106250,ASE
GERN,Geron Corporation,Healthcare,Small-Cap,12884088,NMS
KOS,Kosmos Energy Ltd.,Energy,Small-Cap,20107030,NYQ
MFA,"MFA Financial, Inc.",Real Estate,Small-Cap,1375518,NYQ
GSBD,"Goldman Sachs BDC, Inc.",Financial Services,Small-Cap,1552741,NYQ
MOMO,Hello Group Inc.,Communication Services,Small-Cap,1007068,NMS
ASTH,Astrana Health Inc.,Healthcare,Small-Cap,578656,NCM
VSTS,Vestis Corporation,Industrials,Small-Cap,2295626,NYQ
FSCO,N/A,Financial Services,Small-Cap,1558605,NYQ
OCSL,Oaktree Specialty Lending Corpo,Financial Services,Small-Cap,849398,NMS
CMPX,"Compass Therapeutics, Inc.",Healthcare,Small-Cap,2196651,NCM
VLRS,Controladora Vuela Compania de ,Industrials,Small-Cap,714168,NYQ
NFGC,New Found Gold Corp,Basic Materials,Small-Cap,2126643,ASE
CRON,Cronos Group Inc. Common Share,Healthcare,Small-Cap,2306105,NGM
DEC,Diversified Energy Company,Energy,Small-Cap,648085,NYQ
BW,"Babcock & Wilcox Enterprises, I",Industrials,Small-Cap,3270706,NYQ
PZZA,"Papa John's International, Inc.",Consumer Cyclical,Small-Cap,1051016,NMS
STAA,STAAR Surgical Company,Healthcare,Small-Cap,1634458,NGM
VTYX,"Ventyx Biosciences, Inc.",Healthcare,Small-Cap,3633949,NMS
ABTC,American Bitcoin Corp.,Financial Services,Small-Cap,13655316,NCM
AVO,"Mission Produce, Inc.",Consumer Defensive,Small-Cap,748860,NMS
CDNA,"CareDx, Inc.",Healthcare,Small-Cap,738153,NGM
XIFR,"XPLR Infrastructure, LP",Utilities,Small-Cap,1475078,NYQ
FTRE,Fortrea Holdings Inc.,Healthcare,Small-Cap,1624911,NMS
PGY,Pagaya Technologies Ltd.,Technology,Small-Cap,3981290,NCM
MNKD,MannKind Corporation,Healthcare,Small-Cap,4912995,NGM
GPRE,"Green Plains, Inc.",Basic Materials,Small-Cap,1395603,NMS
URGN,UroGen Pharma Ltd.,Healthcare,Small-Cap,808445,NGM
VITL,"Vital Farms, Inc.",Consumer Defensive,Small-Cap,2034495,NGM
METC,"Ramaco Resources, Inc.",Basic Materials,Small-Cap,2958495,NMS
JBI,"Janus International Group, Inc.",Industrials,Small-Cap,1362896,NYQ
GSM,Ferroglobe PLC,Basic Materials,Small-Cap,1157548,NCM
PDM,"Piedmont Realty Trust, Inc.",Real Estate,Small-Cap,820175,NYQ
ARVN,"Arvinas, Inc.",Healthcare,Small-Cap,840368,NMS
MFIC,MidCap Financial Investment Cor,Financial Services,Small-Cap,874498,NMS
CFFN,"Capitol Federal Financial, Inc.",Financial Services,Small-Cap,991241,NMS
AMPL,"Amplitude, Inc.",Technology,Small-Cap,1898195,NCM
JBGS,JBG SMITH Properties,Real Estate,Small-Cap,555638,NYQ
PCRX,"Pacira BioSciences, Inc.",Healthcare,Small-Cap,946255,NMS
XNCR,"Xencor, Inc.",Healthcare,Small-Cap,726213,NGM
GO,Grocery Outlet Holding Corp.,Consumer Defensive,Small-Cap,2743263,NMS
NX,Quanex Building Products Corpor,Industrials,Small-Cap,767165,NYQ
RZLV,Rezolve AI PLC,Technology,Small-Cap,25316983,NGM
POET,POET Technologies Inc.,Technology,Small-Cap,8290703,NCM
OPK,"Opko Health, Inc.",Healthcare,Small-Cap,3242121,NMS
TDOC,"Teladoc Health, Inc.",Healthcare,Small-Cap,6093685,NYQ
TDAY,"USA TODAY Co., Inc.",Communication Services,Small-Cap,1397728,NYQ
SDGR,"Schrodinger, Inc.",Healthcare,Small-Cap,1300306,NMS
CRCT,"Cricut, Inc.",Technology,Small-Cap,544540,NMS
EVLV,"Evolv Technologies Holdings, In",Industrials,Small-Cap,2740235,NCM
CTMX,"CytomX Therapeutics, Inc.",Healthcare,Small-Cap,3100301,NMS
BIOA,"BioAge Labs, Inc.",Healthcare,Small-Cap,689573,NMS
TLRY,"Tilray Brands, Inc.",Healthcare,Small-Cap,9192788,NMS
SUPV,Grupo Supervielle S.A.,Financial Services,Small-Cap,1108136,NYQ
OFRM,"Once Upon a Farm, PBC",Consumer Defensive,Small-Cap,1018826,NYQ
BBDC,"Barings BDC, Inc.",Financial Services,Small-Cap,784808,NYQ
BCAX,Bicara Therapeutics Inc.,Healthcare,Small-Cap,546820,NGM
SPRY,"ARS Pharmaceuticals, Inc.",Healthcare,Small-Cap,1444728,NGM
TBPH,"Theravance Biopharma, Inc.",Healthcare,Small-Cap,566393,NGM
CRTO,Criteo S.A.,Communication Services,Small-Cap,580953,NMS
RPC,"Ridgepost Capital, Inc.",Financial Services,Small-Cap,580508,NYQ
PAR,PAR Technology Corporation,Technology,Small-Cap,1139710,NYQ
WOLF,"Wolfspeed, Inc.",Technology,Small-Cap,1497671,NYQ
CCOI,"Cogent Communications Holdings,",Communication Services,Small-Cap,1280558,NMS
ACDC,ProFrac Holding Corp.,Energy,Small-Cap,1082471,NMS
TBLA,Taboola.com Ltd.,Communication Services,Small-Cap,1552420,NMS
EH,EHang Holdings Limited,Industrials,Small-Cap,679683,NGM
ABUS,Arbutus Biopharma Corporation,Healthcare,Small-Cap,1932785,NMS
CGEM,"Cullinan Therapeutics, Inc.",Healthcare,Small-Cap,887918,NMS
GGN,"GAMCO Global Gold, Natural Reso",Financial Services,Small-Cap,688486,ASE
INMD,InMode Ltd.,Healthcare,Small-Cap,961323,NMS
LDI,"loanDepot, Inc.",Financial Services,Small-Cap,3709081,NYQ
ABX,"Abacus Global Management, Inc.",Financial Services,Small-Cap,579736,NYQ
DC,Dakota Gold Corp.,Basic Materials,Small-Cap,1577208,ASE
GAU,Galiano Gold Inc.,Basic Materials,Small-Cap,3327891,ASE
IART,Integra LifeSciences Holdings C,Healthcare,Small-Cap,760206,NMS
NAVI,Navient Corporation,Financial Services,Small-Cap,1042425,NMS
THM,"International Tower Hill Mines,",Basic Materials,Small-Cap,1828275,ASE
ITRG,Integra Resources Corp.,Basic Materials,Small-Cap,2479233,ASE
HNRG,Hallador Energy Company,Energy,Small-Cap,546095,NCM
NSP,"Insperity, Inc.",Industrials,Small-Cap,1207863,NYQ
PRCH,"Porch Group, Inc.",Financial Services,Small-Cap,1699408,NCM
EVGO,EVgo Inc.,Consumer Cyclical,Small-Cap,3607218,NMS
HTLD,"Heartland Express, Inc.",Industrials,Small-Cap,603740,NMS
ACVA,ACV Auctions Inc.,Consumer Cyclical,Small-Cap,3224645,NYQ
PHK,Pimco High Income Fund Pimco Hi,Financial Services,Small-Cap,745373,NYQ
SSYS,"Stratasys, Ltd.",Technology,Small-Cap,1034111,NMS
CGBD,"Carlyle Secured Lending, Inc.",Financial Services,Small-Cap,598783,NMS
NABL,"N-able, Inc.",Technology,Small-Cap,1494943,NYQ
HUYA,HUYA Inc.,Communication Services,Small-Cap,2060163,NYQ
NRDS,"NerdWallet, Inc.",Communication Services,Small-Cap,944216,NGM
SLDP,"Solid Power, Inc.",Consumer Cyclical,Small-Cap,5995288,NMS
EVMN,"Evommune, Inc.",Healthcare,Small-Cap,615408,NYQ
PFLT,PennantPark Floating Rate Capit,Financial Services,Small-Cap,1140185,NYQ
SLS,"SELLAS Life Sciences Group, Inc",Healthcare,Small-Cap,8958621,NCM
JANX,"Janux Therapeutics, Inc.",Healthcare,Small-Cap,1681295,NGM
AIV,Apartment Investment and Manage,Real Estate,Small-Cap,3230698,NYQ
LXU,"LSB Industries, Inc.",Basic Materials,Small-Cap,571571,NYQ
UTZ,Utz Brands Inc,Consumer Defensive,Small-Cap,1670978,NYQ
OXLC,Oxford Lane Capital Corp.,Financial Services,Small-Cap,1854716,NGM
BCSF,"Bain Capital Specialty Finance,",Financial Services,Small-Cap,524726,NYQ
NAK,"Northern Dynasty Minerals, Ltd.",Basic Materials,Small-Cap,10563968,ASE
MTA,Metalla Royalty & Streaming Ltd,Basic Materials,Small-Cap,561893,ASE
OMER,Omeros Corporation,Healthcare,Small-Cap,2323600,NGM
OPFI,OppFi Inc.,Financial Services,Small-Cap,513625,NYQ
AEVA,"Aeva Technologies, Inc.",Technology,Small-Cap,2780346,NMS
SWIM,"Latham Group, Inc.",Industrials,Small-Cap,957476,NMS
ANNX,"Annexon, Inc.",Healthcare,Small-Cap,2695096,NMS
FWRD,Forward Air Corporation,Industrials,Small-Cap,542165,NMS
TALK,"Talkspace, Inc.",Healthcare,Small-Cap,1547033,NCM
ESPR,"Esperion Therapeutics, Inc.",Healthcare,Small-Cap,4816563,NGM
FWRG,"First Watch Restaurant Group, I",Consumer Cyclical,Small-Cap,1578466,NMS
PSNL,"Personalis, Inc.",Healthcare,Small-Cap,1399635,NGM
HTBK,Heritage Commerce Corp,Financial Services,Small-Cap,873976,NMS
OIS,"Oil States International, Inc.",Energy,Small-Cap,1046441,NYQ
KALV,"KalVista Pharmaceuticals, Inc.",Healthcare,Small-Cap,968041,NGM
NMFC,New Mountain Finance Corporatio,Financial Services,Small-Cap,1099158,NMS
ODD,ODDITY Tech Ltd.,Consumer Defensive,Small-Cap,1847443,NGM
PRME,"Prime Medicine, Inc.",Healthcare,Small-Cap,3310518,NGM
ADTN,"ADTRAN Holdings, Inc.",Technology,Small-Cap,1219728,NMS
NMAX,"Newsmax, Inc.",Communication Services,Small-Cap,1041773,NYQ
AIP,"Arteris, Inc.",Technology,Small-Cap,523656,NGM
SERV,Serve Robotics Inc.,Industrials,Small-Cap,5976836,NCM
MVST,"Microvast Holdings, Inc.",Consumer Cyclical,Small-Cap,3662295,NCM
PKST,Peakstone Realty Trust,Real Estate,Small-Cap,581238,NYQ
LIFE,Ethos Technologies Inc.,Financial Services,Small-Cap,654104,NMS
UDMY,"Udemy, Inc.",Consumer Defensive,Small-Cap,2901790,NMS
FOXF,Fox Factory Holding Corp.,Consumer Cyclical,Small-Cap,711165,NMS
TMQ,Trilogy Metals Inc.,Basic Materials,Small-Cap,4939326,ASE
CTLP,"Cantaloupe, Inc.",Technology,Small-Cap,1146775,NMS
RWT,"Redwood Trust, Inc.",Real Estate,Small-Cap,1722005,NYQ
STKL,"SunOpta, Inc.",Consumer Defensive,Small-Cap,2582085,NMS
FBRT,"Franklin BSP Realty Trust, Inc.",Real Estate,Small-Cap,962098,NYQ
BRSP,"BrightSpire Capital, Inc.",Real Estate,Small-Cap,776580,NYQ
KURA,"Kura Oncology, Inc.",Healthcare,Small-Cap,1558713,NMS
IGR,CBRE Clarion Global Real Estate,Financial Services,Small-Cap,1224426,NYQ
ADAM,"Adamas Trust, Inc.",Real Estate,Small-Cap,700086,NMS
OMDA,"Omada Health, Inc.",Healthcare,Small-Cap,1164520,NMS
FIP,FTAI Infrastructure Inc.,Industrials,Small-Cap,1118031,NMS
RSKD,Riskified Ltd.,Technology,Small-Cap,572100,NYQ
INDI,"indie Semiconductor, Inc.",Technology,Small-Cap,3860931,NCM
PHR,"Phreesia, Inc.",Healthcare,Small-Cap,1758376,NYQ
SPPP,"""Sprott Physical Platinum and P",N/A,Small-Cap,1465836,ASE
MNTN,"MNTN, Inc.",Technology,Small-Cap,837716,NYQ
AMN,AMN Healthcare Services Inc,Healthcare,Small-Cap,1372500,NYQ
LAES,SEALSQ Corp,Technology,Small-Cap,8350473,NMS
EIKN,"Eikon Therapeutics, Inc.",Healthcare,Small-Cap,619865,NMS
MDXG,"MiMedx Group, Inc",Healthcare,Small-Cap,955180,NCM
AXG,Solowin Holdings,Financial Services,Small-Cap,730843,NCM
JQC,Nuveen Credit Strategies Income,Financial Services,Small-Cap,951078,NYQ
SG,"Sweetgreen, Inc.",Consumer Cyclical,Small-Cap,4400620,NYQ
KODK,Eastman Kodak Company,Industrials,Small-Cap,874688,NYQ
CBRL,Cracker Barrel Old Country Stor,Consumer Cyclical,Small-Cap,1780976,NMS
GEMI,"Gemini Space Station, Inc.",Financial Services,Small-Cap,1873238,NMS
BKSY,BlackSky Technology Inc.,Industrials,Small-Cap,1460758,NYQ
WOOF,Petco Health and Wellness Compa,Consumer Cyclical,Small-Cap,1792093,NMS
WYFI,"WhiteFiber, Inc.",Technology,Small-Cap,1025293,NCM
NB,NioCorp Developments Ltd.,Basic Materials,Small-Cap,5249366,NGM
ASPI,ASP Isotopes Inc.,Basic Materials,Small-Cap,5125608,NCM
SIBN,"SI-BONE, Inc.",Healthcare,Small-Cap,543710,NGM
CMPS,COMPASS Pathways Plc - American,Healthcare,Small-Cap,2579043,NMS
ACP,Aberdeen Income Credit Strategi,Financial Services,Small-Cap,627065,NYQ
NXDR,"Nextdoor Holdings, Inc.",Communication Services,Small-Cap,7213586,NYQ
ARKO,ARKO Corp.,Consumer Cyclical,Small-Cap,535875,NCM
MAMA,"Mama's Creations, Inc.",Consumer Defensive,Small-Cap,540508,NCM
GDRX,"GoodRx Holdings, Inc.",Healthcare,Small-Cap,3128338,NMS
EHAB,"Enhabit, Inc.",Healthcare,Small-Cap,1056451,NYQ
YEXT,"Yext, Inc.",Technology,Small-Cap,1867046,NYQ
WRN,Western Copper and Gold Corpora,Basic Materials,Small-Cap,1915803,ASE
AVNS,"Avanos Medical, Inc.",Healthcare,Small-Cap,584170,NYQ
IDR,"Idaho Strategic Resources, Inc.",Basic Materials,Small-Cap,544318,ASE
TRTX,"TPG RE Finance Trust, Inc.",Real Estate,Small-Cap,806511,NYQ
PROK,ProKidney Corp.,Healthcare,Small-Cap,998375,NCM
SB,"Safe Bulkers, Inc",Industrials,Small-Cap,626873,NYQ
GRNT,"Granite Ridge Resources, Inc.",Energy,Small-Cap,675231,NYQ
BLDP,"Ballard Power Systems, Inc.",Industrials,Small-Cap,2909470,NGM
MITK,"Mitek Systems, Inc.",Technology,Small-Cap,866638,NCM
CNNE,"Cannae Holdings, Inc.",Consumer Cyclical,Small-Cap,628481,NYQ
QNST,"QuinStreet, Inc.",Communication Services,Small-Cap,760046,NMS
PD,"PagerDuty, Inc.",Technology,Small-Cap,2836363,NYQ
VOR,Vor Biopharma Inc.,Healthcare,Small-Cap,1812908,NMS
GTN,"Gray Media, Inc.",Communication Services,Small-Cap,1411003,NYQ
DNUT,"Krispy Kreme, Inc.",Consumer Defensive,Small-Cap,2583115,NMS
GDOT,Green Dot Corporation,Financial Services,Small-Cap,670686,NYQ
LWLG,"Lightwave Logic, Inc.",Basic Materials,Small-Cap,2123663,NCM
ANGX,"Angel Studios, Inc.",Communication Services,Small-Cap,880403,NYQ
ASC,Ardmore Shipping Corporation,Industrials,Small-Cap,686521,NYQ
MAX,"MediaAlpha, Inc.",Communication Services,Small-Cap,789216,NYQ
MNRO,"Monro, Inc.",Consumer Cyclical,Small-Cap,767781,NMS
AHH,"Armada Hoffler Properties, Inc.",Real Estate,Small-Cap,888494,NYQ
LPTH,"LightPath Technologies, Inc.",Technology,Small-Cap,2836346,NCM
HPK,"HighPeak Energy, Inc.",Energy,Small-Cap,903800,NGM
DDL,Dingdong (Cayman) Limited,Consumer Defensive,Small-Cap,2607493,NYQ
RYAM,Rayonier Advanced Materials Inc,Basic Materials,Small-Cap,942928,NYQ
ECX,ECARX Holdings Inc.,Consumer Cyclical,Small-Cap,3692295,NGM
REPL,"Replimune Group, Inc.",Healthcare,Small-Cap,1332560,NMS
TDUP,ThredUp Inc.,Consumer Cyclical,Small-Cap,2091140,NMS
TWI,"Titan International, Inc. (DE)",Industrials,Small-Cap,667246,NYQ
URG,Ur Energy Inc,Energy,Small-Cap,10894885,ASE
CODI,D/B/A Compass Diversified Holdi,Industrials,Small-Cap,1546096,NYQ
SES,SES AI Corporation,Consumer Cyclical,Small-Cap,7501218,NYQ
LXRX,"Lexicon Pharmaceuticals, Inc.",Healthcare,Small-Cap,2633836,NCM
GOOD,Gladstone Commercial Corporatio,Real Estate,Small-Cap,538586,NMS
EMBC,Embecta Corp.,Healthcare,Small-Cap,776851,NMS
AVR,Anteris Technologies Global Cor,Healthcare,Small-Cap,1014045,NGM
CRSR,"Corsair Gaming, Inc.",Technology,Small-Cap,2232880,NMS
IMSR,Terrestrial Energy Inc.,Utilities,Small-Cap,2932253,NMS
RR,Richtech Robotics Inc.,Industrials,Small-Cap,29363196,NCM
OCGN,"Ocugen, Inc.",Healthcare,Small-Cap,5331743,NCM
DXYZ,Destiny Tech100 Inc.,Financial Services,Small-Cap,1578000,NYQ
IVR,INVESCO MORTGAGE CAPITAL INC,Real Estate,Small-Cap,2543988,NYQ
ALLO,"Allogene Therapeutics, Inc.",Healthcare,Small-Cap,5003631,NMS
PANL,Pangaea Logistics Solutions Ltd,Industrials,Small-Cap,560920,NCM
UROY,Uranium Royalty Corp.,Energy,Small-Cap,2708588,NCM
NMRA,"Neumora Therapeutics, Inc.",Healthcare,Small-Cap,1635055,NMS
EVER,"EverQuote, Inc.",Communication Services,Small-Cap,780126,NGM
IRWD,"Ironwood Pharmaceuticals, Inc.",Healthcare,Small-Cap,4502071,NMS
EBS,Emergent BioSolutions Inc.,Healthcare,Small-Cap,951450,NYQ
AMC,"AMC Entertainment Holdings, Inc",Communication Services,Small-Cap,35766585,NYQ
DNA,"Ginkgo Bioworks Holdings, Inc.",Healthcare,Small-Cap,1083515,NYQ
REAX,"The Real Brokerage, Inc.",Real Estate,Small-Cap,1739876,NCM
GDYN,"Grid Dynamics Holdings, Inc.",Technology,Small-Cap,1247631,NCM
FPI,Farmland Partners Inc.,Real Estate,Small-Cap,631705,NYQ
GOGO,Gogo Inc.,Communication Services,Small-Cap,2837770,NMS
CRMD,CorMedix Inc.,Healthcare,Small-Cap,2860350,NGM
HIVE,HIVE Digital Technologies Ltd,Financial Services,Small-Cap,10828418,NCM
BBNX,"Beta Bionics, Inc.",Healthcare,Small-Cap,1281631,NGM
FULC,"Fulcrum Therapeutics, Inc.",Healthcare,Small-Cap,1486403,NGM
CATX,"Perspective Therapeutics, Inc.",Healthcare,Small-Cap,3436435,ASE
BTBT,"Bit Digital, Inc.",Financial Services,Small-Cap,28755845,NCM
NRGV,"Energy Vault Holdings, Inc.",Utilities,Small-Cap,3608166,NYQ
BDN,Brandywine Realty Trust,Real Estate,Small-Cap,4284515,NYQ
SCVL,"Shoe Carnival, Inc.",Consumer Cyclical,Small-Cap,523121,NMS
CTKB,"Cytek Biosciences, Inc.",Healthcare,Small-Cap,953476,NMS
VTEX,VTEX,Technology,Small-Cap,988776,NYQ
ALT,"Altimmune, Inc.",Healthcare,Small-Cap,4941803,NGM
CARS,Cars.com Inc.,Communication Services,Small-Cap,953276,NYQ
RXT,"Rackspace Technology, Inc.",Technology,Small-Cap,22758753,NMS
FDMT,"4D Molecular Therapeutics, Inc.",Healthcare,Small-Cap,924863,NMS
HKD,AMTD Digital Inc.,Technology,Small-Cap,687380,NYQ
CWH,"Camping World Holdings, Inc.",Consumer Cyclical,Small-Cap,2698385,NYQ
PLAY,"Dave & Buster's Entertainment, ",Communication Services,Small-Cap,1152748,NMS
PACB,Pacific Biosciences of Californ,Healthcare,Small-Cap,7138005,NMS
TRX,TRX Gold Corporation,Basic Materials,Small-Cap,6674058,ASE
EGY,"VAALCO Energy, Inc.",Energy,Small-Cap,1167291,NYQ
SWBI,"Smith & Wesson Brands, Inc.",Industrials,Small-Cap,533513,NMS
PURR,Hyperliquid Strategies Inc,Financial Services,Small-Cap,2674151,NCM
BLMN,"Bloomin' Brands, Inc.",Consumer Cyclical,Small-Cap,2410011,NMS
UMAC,"Unusual Machines, Inc.",Technology,Small-Cap,3176016,ASE
GRPN,"Groupon, Inc.",Communication Services,Small-Cap,987375,NMS
BTQ,BTQ Technologies Corp.,Technology,Small-Cap,2689386,NGM
PML,Pimco Municipal Income Fund II ,Financial Services,Small-Cap,518993,NYQ
EU,enCore Energy Corp.,Energy,Small-Cap,3336058,NCM
CLNE,Clean Energy Fuels Corp.,Energy,Small-Cap,1184561,NMS
ADCT,ADC Therapeutics SA,Healthcare,Small-Cap,965025,NYQ
ASST,"Strive, Inc.",Financial Services,Small-Cap,4737162,NGM
CYH,"Community Health Systems, Inc.",Healthcare,Small-Cap,1573345,NYQ
ZVRA,"Zevra Therapeutics, Inc.",Healthcare,Small-Cap,890691,NMS
ECC,Eagle Point Credit Company Inc.,Financial Services,Small-Cap,2392473,NYQ
FFWM,First Foundation Inc.,Financial Services,Small-Cap,721126,NYQ
VNDA,Vanda Pharmaceuticals Inc.,Healthcare,Small-Cap,2921656,NGM
ABAT,American Battery Technology Com,Industrials,Small-Cap,5733238,NCM
LX,LexinFintech Holdings Ltd.,Financial Services,Small-Cap,1588000,NMS
INN,"Summit Hotel Properties, Inc.",Real Estate,Small-Cap,822016,NYQ
AIOT,"PowerFleet, Inc.",Technology,Small-Cap,1400296,NGM
LXEO,"Lexeo Therapeutics, Inc.",Healthcare,Small-Cap,1136496,NGM
CLYM,"Climb Bio, Inc.",Healthcare,Small-Cap,1371678,NGM
AQST,"Aquestive Therapeutics, Inc.",Healthcare,Small-Cap,4938346,NGM
HLLY,Holley Inc.,Consumer Cyclical,Small-Cap,790861,NYQ
CERS,Cerus Corporation,Healthcare,Small-Cap,1536418,NGM
ASTL,Algoma Steel Group Inc.,Basic Materials,Small-Cap,1277598,NGM
PRAA,"PRA Group, Inc.",Financial Services,Small-Cap,518971,NMS
BMBL,Bumble Inc.,Communication Services,Small-Cap,2981860,NMS
RCKT,"Rocket Pharmaceuticals, Inc.",Healthcare,Small-Cap,2360370,NGM
SLDB,Solid Biosciences Inc.,Healthcare,Small-Cap,1046263,NMS
VVR,Invesco Senior Income Trust  (D,Financial Services,Small-Cap,1156555,NYQ
KYTX,"Kyverna Therapeutics, Inc.",Healthcare,Small-Cap,1494548,NMS
ALIT,"Alight, Inc.",Technology,Small-Cap,19076773,NYQ
SXC,"SunCoke Energy, Inc.",Basic Materials,Small-Cap,1363123,NYQ
IVVD,"Invivyd, Inc.",Healthcare,Small-Cap,3448250,NGM
IHRT,"iHeartMedia, Inc.",Communication Services,Small-Cap,864263,NMS
APPS,"Digital Turbine, Inc.",Technology,Small-Cap,2932405,NCM
UP,Wheels Up Experience Inc.,Industrials,Small-Cap,5019956,NYQ
LRMR,"Larimar Therapeutics, Inc.",Healthcare,Small-Cap,3962858,NGM
ANGO,"AngioDynamics, Inc.",Healthcare,Small-Cap,550516,NMS
CGC,Canopy Growth Corporation,Healthcare,Small-Cap,26554585,NMS
MAGN,Magnera Corporation,Consumer Defensive,Small-Cap,531190,NYQ
AUTL,Autolus Therapeutics plc,Healthcare,Small-Cap,2134163,NMS
ORGO,Organogenesis Holdings Inc.,Healthcare,Small-Cap,992450,NCM
PRTA,Prothena Corporation plc,Healthcare,Small-Cap,565293,NMS
LAND,Gladstone Land Corporation,Real Estate,Small-Cap,743701,NGM
ISSC,Innovative Solutions and Suppor,Industrials,Small-Cap,603911,NMS
KREF,KKR Real Estate Finance Trust I,Real Estate,Small-Cap,1079648,NYQ
STEX,Streamex Corp.,Financial Services,Small-Cap,1663470,NCM
SFIX,"Stitch Fix, Inc.",Consumer Cyclical,Small-Cap,2083501,NMS
SATL,Satellogic Inc.,Industrials,Small-Cap,8520095,NCM
MYGN,"Myriad Genetics, Inc.",Healthcare,Small-Cap,1157966,NMS
KLC,"KinderCare Learning Companies, ",Consumer Defensive,Small-Cap,777401,NYQ
GEVO,"Gevo, Inc.",Basic Materials,Small-Cap,2662040,NCM
LCTX,"Lineage Cell Therapeutics, Inc.",Healthcare,Small-Cap,1148341,ASE
LAB,Standard BioTools Inc.,Healthcare,Small-Cap,1695966,NMS
IMMX,"Immix Biopharma, Inc.",Healthcare,Small-Cap,1077978,NCM
LTBR,Lightbridge Corporation,Industrials,Small-Cap,976921,NCM
CDZI,"Cadiz, Inc.",Utilities,Small-Cap,802930,NGM
BLND,"Blend Labs, Inc.",Technology,Small-Cap,2934790,NYQ
RGNX,REGENXBIO Inc.,Healthcare,Small-Cap,925441,NMS
EB,"Eventbrite, Inc.",Communication Services,Small-Cap,1498480,NYQ
ZURA,Zura Bio Limited,Healthcare,Small-Cap,679861,NCM
GPRK,Geopark Ltd,Energy,Small-Cap,692043,NYQ
DVS,Dolly Varden Silver Corporation,Basic Materials,Small-Cap,1581843,ASE
OSPN,OneSpan Inc.,Technology,Small-Cap,647166,NCM
FCEL,"FuelCell Energy, Inc.",Industrials,Small-Cap,2277025,NGM
EVTL,Vertical Aerospace Ltd.,Industrials,Small-Cap,1523038,NYQ
FVRR,Fiverr International Ltd.,Communication Services,Small-Cap,1421625,NYQ
BGS,"B&G Foods, Inc.",Consumer Defensive,Small-Cap,2082818,NYQ
VSTM,"Verastem, Inc.",Healthcare,Small-Cap,1793013,NCM
NNDM,Nano Dimension Ltd.,Technology,Small-Cap,2735435,NCM
PEPG,PepGen Inc.,Healthcare,Small-Cap,696735,NMS
CLPT,ClearPoint Neuro Inc.,Healthcare,Small-Cap,786106,NCM
UPB,"Upstream Bio, Inc.",Healthcare,Small-Cap,1207973,NMS
SABR,Sabre Corporation,Technology,Small-Cap,9866288,NMS
FUBO,fuboTV Inc.,Communication Services,Small-Cap,14314138,NYQ
LENZ,"LENZ Therapeutics, Inc.",Healthcare,Small-Cap,1108530,NMS
VOXR,Vox Royalty Corp.,Basic Materials,Small-Cap,716715,NCM
SPT,"Sprout Social, Inc",Technology,Small-Cap,1454200,NCM
ABSI,Absci Corporation,Healthcare,Small-Cap,3310691,NMS
RPD,"Rapid7, Inc.",Technology,Small-Cap,1469528,NGM
DVLT,Datavault AI Inc.,Technology,Small-Cap,70370978,NCM
AVXL,Anavex Life Sciences Corp.,Healthcare,Small-Cap,1647948,NMS
BCAR,D. Boral ARC Acquisition I Corp,Financial Services,Small-Cap,570668,NGM
NUS,"Nu Skin Enterprises, Inc.",Consumer Defensive,Small-Cap,520595,NYQ
NAGE,"Niagen Bioscience, Inc.",Healthcare,Small-Cap,1030816,NCM
WNC,Wabash National Corporation,Industrials,Small-Cap,659168,NYQ
HELE,Helen of Troy Limited,Consumer Defensive,Small-Cap,854218,NMS
KOPN,Kopin Corporation,Technology,Small-Cap,3074553,NCM
VFF,"Village Farms International, In",Consumer Defensive,Small-Cap,1718220,NCM
CAL,"Caleres, Inc.",Consumer Cyclical,Small-Cap,719685,NYQ
SNDL,SNDL Inc.,Consumer Defensive,Small-Cap,2655273,NCM
IMMP,Immutep Limited,Healthcare,Small-Cap,756768,NGM
DBO,Invesco DB Oil Fund,N/A,Small-Cap,646555,PCX
RBBN,Ribbon Communications Inc.,Technology,Small-Cap,847956,NMS
SVC,Service Properties Trust - Shar,Real Estate,Small-Cap,1552620,NMS
PTLO,Portillo's Inc.,Consumer Cyclical,Small-Cap,2144861,NMS
XPOF,"Xponential Fitness, Inc.",Consumer Cyclical,Small-Cap,610140,NYQ
WEAV,"Weave Communications, Inc.",Healthcare,Small-Cap,1905481,NYQ
BBBY,"Bed Bath & Beyond, Inc.",N/A,Small-Cap,1905711,NYQ
GLSI,"Greenwich LifeSciences, Inc.",Healthcare,Small-Cap,565736,NCM
NMG,Nouveau Monde Graphite Inc.,Basic Materials,Small-Cap,860516,NYQ
HELP,Cybin Inc.,Healthcare,Small-Cap,808135,NGM
ELVA,Electrovaya Inc.,Industrials,Small-Cap,648531,NCM
EVH,"Evolent Health, Inc",Healthcare,Small-Cap,3213923,NYQ
PSFE,Paysafe Limited,Technology,Small-Cap,534868,NYQ
TCPC,BlackRock TCP Capital Corp.,Financial Services,Small-Cap,1143546,NMS
SRTA,"Strata Critical Medical, Inc.",Healthcare,Small-Cap,891301,NCM
WTI,"W&T Offshore, Inc.",Energy,Small-Cap,2641583,NYQ
NBP,NovaBridge Biosciences,Healthcare,Small-Cap,692238,NGM
HYLN,Hyliion Holdings Corp.,Consumer Cyclical,Small-Cap,1009941,ASE
FWDI,"Forward Industries, Inc.",Consumer Cyclical,Small-Cap,945681,NCM
ACCO,Acco Brands Corporation,Industrials,Small-Cap,675881,NYQ
TRON,Tron Inc.,Consumer Cyclical,Small-Cap,967586,NCM
DBI,Designer Brands Inc.,Consumer Cyclical,Small-Cap,1186926,NYQ
BYND,"Beyond Meat, Inc.",Consumer Defensive,Small-Cap,46541185,NMS
GLDG,GoldMining Inc.,Basic Materials,Small-Cap,4417088,ASE
VGZ,Vista Gold Corp,Basic Materials,Small-Cap,2026571,ASE
TII,Titan Mining Corporation,Basic Materials,Small-Cap,844465,ASE
SITC,SITE Centers Corp.,Real Estate,Small-Cap,1157425,NYQ
CRNC,Cerence Inc.,Technology,Small-Cap,994045,NMS
CAN,Canaan Inc.,Technology,Small-Cap,17218533,NGM
ANGI,Angi Inc.,Communication Services,Small-Cap,1071605,NMS
KALA,"KALA BIO, Inc.",Healthcare,Small-Cap,1602955,NCM
AKBA,"Akebia Therapeutics, Inc.",Healthcare,Small-Cap,3268910,NCM
ACRS,"Aclaris Therapeutics, Inc.",Healthcare,Small-Cap,1919485,NMS
RLMD,"Relmada Therapeutics, Inc.",Healthcare,Small-Cap,692885,NCM
CABA,"Cabaletta Bio, Inc.",Healthcare,Small-Cap,3022858,NMS
PLG,Platinum Group Metals Ltd.,Basic Materials,Small-Cap,4529870,ASE
PNNT,PennantPark Investment Corporat,Financial Services,Small-Cap,719748,NYQ
GETY,"Getty Images Holdings, Inc.",Communication Services,Small-Cap,2920173,NYQ
ALDX,"Aldeyra Therapeutics, Inc.",Healthcare,Small-Cap,1072893,NCM
ANL,Adlai Nortye Ltd.,Healthcare,Small-Cap,949455,NGM
JACK,Jack In The Box Inc.,Consumer Cyclical,Small-Cap,614196,NMS
KELYA,"Kelly Services, Inc.",Industrials,Small-Cap,544025,NMS
NKLR,Terra Innovatum Global N.V.,Utilities,Small-Cap,668010,NGM
PUBM,"PubMatic, Inc.",Technology,Small-Cap,678141,NGM
SSP,E.W. Scripps Company (The),Communication Services,Small-Cap,642966,NMS
ALLT,Allot Ltd.,Technology,Small-Cap,518201,NMS
RXST,"RxSight, Inc.",Healthcare,Small-Cap,951720,NGM
NFE,New Fortress Energy Inc.,Energy,Small-Cap,9444630,NMS
IMRX,Immuneering Corporation,Healthcare,Small-Cap,1728821,NGM
OEC,Orion S.A.,Basic Materials,Small-Cap,676475,NYQ
AIRO,"AIRO Group Holdings, Inc.",Industrials,Small-Cap,614901,NGM
AREC,American Resources Corporation,Basic Materials,Small-Cap,4292720,NCM
DCTH,"Delcath Systems, Inc.",Healthcare,Small-Cap,518191,NCM
SY,So-Young International Inc. - A,Healthcare,Small-Cap,595110,NCM
EGHT,8x8 Inc,Technology,Small-Cap,1683723,NMS
RZLT,"Rezolute, Inc.",Healthcare,Small-Cap,7339773,NCM
PDYN,Palladyne AI Corp.,Technology,Small-Cap,4077350,NGM
FJET,"Starfighters Space, Inc.",Industrials,Small-Cap,3608313,ASE
QTRX,Quanterix Corporation,Healthcare,Micro-Cap,672156,NGM
EWCZ,"European Wax Center, Inc.",Consumer Defensive,Small-Cap,774566,NMS
HNST,"The Honest Company, Inc.",Consumer Defensive,Small-Cap,2055110,NMS
TARA,"Protara Therapeutics, Inc.",Healthcare,Small-Cap,1093045,NGM
SMRT,"SmartRent, Inc.",Technology,Small-Cap,1267920,NYQ
SPIR,"Spire Global, Inc.",Industrials,Small-Cap,732906,NYQ
ALXO,ALX Oncology Holdings Inc.,Healthcare,Small-Cap,532181,NMS
CANG,Cango Inc.,Financial Services,Small-Cap,944731,NYQ
TLS,Telos Corporation,Technology,Small-Cap,847395,NGM
DEFT,"Defi Technologies, Inc.",Financial Services,Small-Cap,4885405,NCM
ACIU,AC Immune SA,Healthcare,Small-Cap,738570,NGM
TYGO,"Tigo Energy, Inc.",Technology,Micro-Cap,756841,NCM
DDD,3D Systems Corporation,Technology,Small-Cap,3756061,NYQ
GSIT,"GSI Technology, Inc.",Technology,Small-Cap,1542425,NMS
DSX,Diana Shipping inc.,Industrials,Small-Cap,703655,NYQ
NVA,Nova Minerals Limited,Basic Materials,Small-Cap,878978,NCM
HRZN,Horizon Technology Finance Corp,Financial Services,Micro-Cap,990426,NMS
TOI,"The Oncology Institute, Inc.",Healthcare,Small-Cap,1749188,NCM
EOLS,"Evolus, Inc. Common Stock",Healthcare,Small-Cap,1284666,NGM
CCRN,"Cross Country Healthcare, Inc.",Healthcare,Small-Cap,699981,NMS
NIU,Niu Technologies,Consumer Cyclical,Small-Cap,546891,NGM
XFOR,"X4 Pharmaceuticals, Inc.",Healthcare,Small-Cap,593468,NCM
CADL,"Candel Therapeutics, Inc.",Healthcare,Small-Cap,1015643,NGM
ACRE,Ares Commercial Real Estate Cor,Real Estate,Small-Cap,593903,NYQ
ABEO,Abeona Therapeutics Inc.,Healthcare,Small-Cap,1138571,NCM
SKYX,SKYX Platforms Corp.,Industrials,Small-Cap,1105703,NCM
ALEC,"Alector, Inc.",Healthcare,Micro-Cap,1105183,NMS
PALI,"Palisade Bio, Inc.",Healthcare,Micro-Cap,4892603,NCM
REI,"Ring Energy, Inc.",Energy,Small-Cap,3087855,ASE
FNKO,"Funko, Inc.",Consumer Cyclical,Small-Cap,1015865,NMS
VERI,"Veritone, Inc.",Technology,Small-Cap,2310660,NGM
FOSL,"Fossil Group, Inc.",Consumer Cyclical,Micro-Cap,566963,NMS
CCCC,"C4 Therapeutics, Inc.",Healthcare,Small-Cap,1914168,NMS
RPAY,Repay Holdings Corporation,Technology,Small-Cap,1150603,NCM
RC,Ready Capital Corporation,Real Estate,Small-Cap,4011631,NYQ
BKKT,"Bakkt, Inc.",Technology,Micro-Cap,1483285,NYQ
DAVA,Endava plc,Technology,Small-Cap,597345,NYQ
VELO,"Velo3D, Inc.",Technology,Small-Cap,2084120,NCM
XFLT,XAI Octagon Floating Rate & Alt,Financial Services,Micro-Cap,687818,NYQ
GRRR,Gorilla Technology Group Inc.,Technology,Small-Cap,849513,NCM
NUAI,"New Era Energy & Digital, Inc.",Technology,Micro-Cap,5986748,NGM
ASPN,"Aspen Aerogels, Inc.",Industrials,Small-Cap,1761768,NYQ
XWIN,"XMAX, Inc.",Consumer Cyclical,Small-Cap,774816,NCM
MRAM,"Everspin Technologies, Inc.",Technology,Micro-Cap,688326,NGM
STTK,"Shattuck Labs, Inc.",Healthcare,Small-Cap,613963,NMS
TSSI,"TSS, Inc.",Technology,Small-Cap,1101188,NCM
GORO,Gold Resource Corporation,Basic Materials,Micro-Cap,6224378,ASE
AGL,"agilon health, inc.",Healthcare,Micro-Cap,7216758,NYQ
ACHV,"Achieve Life Sciences, Inc.",Healthcare,Micro-Cap,596578,NCM
IKT,"Inhibikase Therapeutics, Inc.",Healthcare,Micro-Cap,1537215,NCM
MVIS,"Microvision, Inc.",Technology,Micro-Cap,4870901,NGM
CHRS,"Coherus Oncology, Inc.",Healthcare,Small-Cap,2100230,NGM
POWW,Outdoor Holding Company,Industrials,Micro-Cap,538148,NCM
IRD,"Opus Genetics, Inc.",Healthcare,Small-Cap,843095,NCM
VUZI,Vuzix Corporation,Technology,Micro-Cap,1866783,NCM
LTRX,"Lantronix, Inc.",Technology,Micro-Cap,905943,NCM
OPTX,"Syntec Optics Holdings, Inc.",Technology,Micro-Cap,2846073,NCM
PLX,"Protalix BioTherapeutics, Inc. ",Healthcare,Micro-Cap,1163595,ASE
OPRT,Oportun Financial Corporation,Financial Services,Micro-Cap,503208,NMS
HUMA,"Humacyte, Inc.",Healthcare,Micro-Cap,5299763,NMS
ARCT,Arcturus Therapeutics Holdings ,Healthcare,Micro-Cap,530471,NGM
VYGR,"Voyager Therapeutics, Inc.",Healthcare,Micro-Cap,541551,NMS
BHR,Braemar Hotels & Resorts Inc.,Real Estate,Micro-Cap,526080,NYQ
SMWB,Similarweb Ltd.,Technology,Micro-Cap,922550,NYQ
CNDT,Conduent Incorporated,Technology,Micro-Cap,1445418,NMS
BRCB,"Black Rock Coffee Bar, Inc.",Consumer Cyclical,Small-Cap,577166,NGM
CMRC,"Commerce.com, Inc. - Series 1",Technology,Micro-Cap,1075973,NGM
BRR,"ProCap Financial, Inc.",Financial Services,Micro-Cap,919493,NGM
HITI,High Tide Inc.,Healthcare,Micro-Cap,563171,NCM
FLWS,"1-800-FLOWERS.COM, Inc.",Consumer Cyclical,Micro-Cap,913636,NMS
NVX,NOVONIX Limited - American Depo,Industrials,Micro-Cap,1135036,NGM
XRX,Xerox Holdings Corporation,Industrials,Micro-Cap,3617003,NMS
OSUR,"OraSure Technologies, Inc.",Healthcare,Micro-Cap,569051,NMS
OSS,"One Stop Systems, Inc.",Technology,Micro-Cap,2046245,NCM
ORBS,Eightco Holdings Inc.,Consumer Cyclical,Micro-Cap,4171423,NCM
LODE,Comstock Inc.,Basic Materials,Micro-Cap,1898195,ASE
AMPY,Amplify Energy Corp.,Energy,Micro-Cap,634463,NYQ
INV,"Innventure, Inc.",Financial Services,Micro-Cap,1859748,NGM
BLZE,"Backblaze, Inc.",Technology,Micro-Cap,859941,NGM
ACB,Aurora Cannabis Inc.,Healthcare,Micro-Cap,1674085,NCM
HRTX,"Heron Therapeutics, Inc.",Healthcare,Micro-Cap,1759338,NCM
QSI,Quantum-Si Incorporated,Healthcare,Micro-Cap,4549610,NGM
AIRJ,AirJoule Technologies Corporati,Industrials,Micro-Cap,555478,NCM
PLBY,"Playboy, Inc.",Consumer Cyclical,Micro-Cap,1204236,NGM
EDIT,"Editas Medicine, Inc.",Healthcare,Micro-Cap,1758846,NMS
RILY,"BRC Group Holdings, Inc.",Financial Services,Micro-Cap,1896718,NGM
CNTX,Context Therapeutics Inc.,Healthcare,Small-Cap,1536498,NCM
PZG,Paramount Gold Nevada Corp.,Basic Materials,Micro-Cap,1741526,ASE
AHMA,Ambitions Enterprise Management,Consumer Cyclical,Micro-Cap,987813,NCM
DOUG,Douglas Elliman Inc.,Real Estate,Micro-Cap,562131,NYQ
GTE,Gran Tierra Energy Inc.,Energy,Small-Cap,636806,ASE
STXS,"Stereotaxis, Inc.",Healthcare,Micro-Cap,503991,ASE
NAMM,Namib Minerals,Basic Materials,Micro-Cap,9818188,NGM
CRNT,Ceragon Networks Ltd.,Technology,Micro-Cap,535955,NMS
VHUB,"VenHub Global, Inc.",Consumer Defensive,Micro-Cap,1959416,NGM
CNTN,"Canton Strategic Holdings, Inc.",Healthcare,Micro-Cap,883571,NCM
CURI,CuriosityStream Inc.,Communication Services,Micro-Cap,557961,NCM
OGI,Organigram Global Inc.,Healthcare,Micro-Cap,1185013,NMS
IPSC,"Century Therapeutics, Inc.",Healthcare,Micro-Cap,1817676,NCM
SPCE,"Virgin Galactic Holdings, Inc.",Industrials,Micro-Cap,4359703,NYQ
ELME,Elme Communities,Real Estate,Micro-Cap,4240621,NYQ
LUCD,Lucid Diagnostics Inc.,Healthcare,Micro-Cap,1362205,NCM
ELDN,"Eledon Pharmaceuticals, Inc.",Healthcare,Micro-Cap,803861,NCM
SGMT,Sagimet Biosciences Inc. - Seri,Healthcare,Micro-Cap,634681,NGM
INVZ,Innoviz Technologies Ltd.,Consumer Cyclical,Micro-Cap,3826090,NCM
ACH,"Accendra Health, Inc.",Healthcare,Micro-Cap,1501043,NYQ
NKTX,"Nkarta, Inc.",Healthcare,Micro-Cap,763155,NMS
CRBU,"Caribou Biosciences, Inc.",Healthcare,Micro-Cap,1194436,NMS
ALTO,"Alto Ingredients, Inc.",Basic Materials,Small-Cap,1499706,NCM
DHF,Dreyfus High Yield Strategies F,Financial Services,Micro-Cap,505441,NYQ
DGXX,Digi Power X Inc.,Utilities,Micro-Cap,3183256,NCM
FATE,"Fate Therapeutics, Inc.",Healthcare,Micro-Cap,1657793,NGM
ALTS,ALT5 Sigma Corporation,Technology,Micro-Cap,4180431,NCM
ADV,Advantage Solutions Inc.,Communication Services,Micro-Cap,922983,NMS
NAKA,Nakamoto Inc.,Financial Services,Micro-Cap,7855135,NGM
DPRO,Draganfly Inc.,Technology,Micro-Cap,2014791,NCM
MENS,Jyong Biotech Ltd.,Healthcare,Micro-Cap,955726,NGM
NRDY,Nerdy Inc.,Technology,Micro-Cap,1114310,NYQ
UIS,Unisys Corporation New,Technology,Micro-Cap,884693,NYQ
MBOT,Microbot Medical Inc.,Healthcare,Micro-Cap,1946986,NCM
KPTI,Karyopharm Therapeutics Inc.,Healthcare,Micro-Cap,506796,NMS
ABOS,"Acumen Pharmaceuticals, Inc.",Healthcare,Micro-Cap,615341,NMS
LPRO,Open Lending Corporation,Financial Services,Micro-Cap,597238,NGM
RANI,"Rani Therapeutics Holdings, Inc",Healthcare,Micro-Cap,1419246,NGM
DOMO,"Domo, Inc.",Technology,Micro-Cap,1195230,NGM
ATOM,Atomera Incorporated,Technology,Micro-Cap,2172350,NCM
AMCI,AMC Robotics Corporation,Technology,Micro-Cap,4468526,NCM
JELD,"JELD-WEN Holding, Inc.",Industrials,Micro-Cap,1482630,NYQ
NPWR,NET Power Inc.,Industrials,Micro-Cap,892956,NYQ
VLN,Valens Semiconductor Ltd.,Technology,Micro-Cap,2039745,NYQ
SLQT,"SelectQuote, Inc.",Financial Services,Micro-Cap,1396220,NYQ
SGMO,"Sangamo Therapeutics, Inc.",Healthcare,Micro-Cap,5703055,NCM
SPWR,SunPower Inc.,Technology,Micro-Cap,1519105,NGM
NNOX,NANO-X IMAGING LTD,Healthcare,Micro-Cap,1166548,NGM
GRO,Brazil Potash Corp.,Basic Materials,Micro-Cap,550306,ASE
QIPT,Quipt Home Medical Corp.,Healthcare,Micro-Cap,715523,NCM
ZIP,"ZipRecruiter, Inc.",Communication Services,Micro-Cap,1267438,NYQ
ZNTL,"Zentalis Pharmaceuticals, Inc.",Healthcare,Micro-Cap,1366485,NGM
SNBR,Sleep Number Corporation,Consumer Cyclical,Micro-Cap,706176,NMS
CHPT,"ChargePoint Holdings, Inc.",Consumer Cyclical,Micro-Cap,534881,NYQ
IMPP,Imperial Petroleum Inc.,Energy,Micro-Cap,719846,NCM
GAMB,Gambling.com Group Limited,Consumer Cyclical,Micro-Cap,543781,NGM
FURY,Fury Gold Mines Limited,Basic Materials,Micro-Cap,899838,ASE
BNAI,Brand Engagement Network Inc.,Technology,Small-Cap,9324946,NCM
USBC,"USBC, Inc.",Technology,Micro-Cap,1522825,ASE
OXSQ,Oxford Square Capital Corp.,Financial Services,Micro-Cap,1205533,NMS
UNCY,"Unicycive Therapeutics, Inc.",Healthcare,Micro-Cap,521026,NCM
MIST,Milestone Pharmaceuticals Inc.,Healthcare,Micro-Cap,4811303,NMS
SIDU,"Sidus Space, Inc.",Industrials,Micro-Cap,39777428,NCM
ATLX,Atlas Lithium Corporation,Basic Materials,Micro-Cap,576390,NCM
BZAI,"Blaize Holdings, Inc.",Technology,Micro-Cap,2458620,NGM
BAER,Bridger Aerospace Group Holding,Industrials,Micro-Cap,760930,NGM
EMPD,Empery Digital Inc.,Consumer Cyclical,Micro-Cap,936971,NMS
BDTX,"Black Diamond Therapeutics, Inc",Healthcare,Micro-Cap,842100,NMS
DGNX,Diginex Limited,Industrials,Micro-Cap,3342198,NCM
GPRO,"GoPro, Inc.",Technology,Micro-Cap,3087036,NMS
UNG,United States Natural Gas Fund ,N/A,Micro-Cap,20825298,PCX
LGO,Largo Inc.,Basic Materials,Micro-Cap,1360335,NMS
BARK,"BARK, Inc.",Consumer Cyclical,Micro-Cap,1566946,NYQ
ZENA,"ZenaTech, Inc.",Technology,Micro-Cap,1150843,NCM
KULR,"KULR Technology Group, Inc.",Technology,Micro-Cap,1933441,ASE
LFMD,"LifeMD, Inc.",Healthcare,Micro-Cap,1041240,NGM
TMCI,"Treace Medical Concepts, Inc.",Healthcare,Micro-Cap,807198,NMS
TNMG,TNL Mediagene,Communication Services,Micro-Cap,708376,NCM
ARTV,"Artiva Biotherapeutics, Inc.",Healthcare,Micro-Cap,1049261,NGM
CRDF,"Cardiff Oncology, Inc.",Healthcare,Micro-Cap,1274860,NCM
TNYA,"Tenaya Therapeutics, Inc.",Healthcare,Micro-Cap,5595015,NMS
NEOV,NeoVolta Inc.,Industrials,Micro-Cap,770615,NCM
SRFM,Surf Air Mobility Inc.,Industrials,Micro-Cap,3503173,NYQ
AGIG,Abundia Global Impact Group Inc,Utilities,Micro-Cap,1133785,ASE
MGNX,"MacroGenics, Inc.",Healthcare,Micro-Cap,1165058,NMS
SKIN,The Beauty Health Company,Consumer Defensive,Micro-Cap,590210,NCM
HCAT,"Health Catalyst, Inc",Healthcare,Micro-Cap,771675,NMS
MERC,Mercer International Inc.,Basic Materials,Micro-Cap,691391,NMS
INO,"Inovio Pharmaceuticals, Inc.",Healthcare,Micro-Cap,1432550,NCM
NPT,Texxon Holding Limited,Consumer Cyclical,Small-Cap,981433,NCM
AGEN,Agenus Inc.,Healthcare,Micro-Cap,650445,NCM
REKR,"Rekor Systems, Inc.",Technology,Micro-Cap,2723690,NCM
OVID,Ovid Therapeutics Inc.,Healthcare,Micro-Cap,1490110,NCM
DHX,"DHI Group, Inc.",Technology,Micro-Cap,627618,NYQ
TGEN,Tecogen Inc.,Industrials,Micro-Cap,529045,ASE
EXFY,"Expensify, Inc.",Technology,Micro-Cap,648940,NMS
ONCY,Oncolytics Biotech Inc.,Healthcare,Micro-Cap,1287046,NCM
ARBE,Arbe Robotics Ltd.,Technology,Micro-Cap,4803303,NCM
IMUX,"Immunic, Inc.",Healthcare,Micro-Cap,3199026,NCM
SAVA,"Cassava Sciences, Inc.",Healthcare,Micro-Cap,829933,NCM
HSDT,Solana Company,Financial Services,Micro-Cap,501108,NCM
MAPS,"WM Technology, Inc.",Technology,Micro-Cap,1289186,NMS
DFDV,DeFi Development Corp.,Financial Services,Micro-Cap,1637258,NCM
SUIG,Sui Group Holdings Limited,Financial Services,Micro-Cap,892211,NCM
BDSX,"Biodesix, Inc.",Healthcare,Micro-Cap,1479186,NGM
HYPR,"Hyperfine, Inc.",Healthcare,Micro-Cap,513170,NGM
FBIO,"Fortress Biotech, Inc.",Healthcare,Micro-Cap,1044498,NCM
AIRS,"AirSculpt Technologies, Inc.",Healthcare,Micro-Cap,1032833,NGM
WWR,"Westwater Resources, Inc.",Basic Materials,Micro-Cap,2229315,ASE
IBIO,"iBio, Inc.",Healthcare,Micro-Cap,5909420,NCM
FFAI,Faraday Future Intelligent Elec,Consumer Cyclical,Micro-Cap,11371321,NCM
EQ,"Equillium, Inc.",Healthcare,Micro-Cap,650545,NCM
NCI,Neo-Concept International Group,Consumer Cyclical,Micro-Cap,3309355,NCM
PROP,Prairie Operating Co.,Energy,Micro-Cap,1555085,NCM
CGTX,"Cognition Therapeutics, Inc.",Healthcare,Micro-Cap,881251,NCM
BMEA,"Biomea Fusion, Inc.",Healthcare,Micro-Cap,1166876,NMS
AISP,"Airship AI Holdings, Inc",Technology,Micro-Cap,836033,NGM
TWG,Top Wealth Group Holding Limite,Consumer Defensive,Micro-Cap,1444153,NCM
ATYR,"aTyr Pharma, Inc.",Healthcare,Micro-Cap,2027825,NCM
STIM,"Neuronetics, Inc.",Healthcare,Micro-Cap,1860146,NGM
AMTX,"Aemetis, Inc",Basic Materials,Micro-Cap,841908,NGM
BLNK,Blink Charging Co.,Industrials,Micro-Cap,4497441,NCM
CDXS,"Codexis, Inc.",Healthcare,Micro-Cap,1226501,NMS
GANX,"Gain Therapeutics, Inc.",Healthcare,Micro-Cap,1262945,NGM
PYXS,"Pyxis Oncology, Inc.",Healthcare,Micro-Cap,1165798,NMS
CTM,"Castellum, Inc.",Technology,Micro-Cap,1591536,ASE
GOSS,"Gossamer Bio, Inc.",Healthcare,Micro-Cap,13741925,NMS
SLNH,"Soluna Holdings, Inc.",Financial Services,Micro-Cap,5278548,NCM
QMCO,Quantum Corporation,Technology,Micro-Cap,582235,NGM
THRY,"Thryv Holdings, Inc.",Technology,Micro-Cap,1310770,NCM
SLMT,Brera Holdings PLC,Communication Services,Micro-Cap,1178725,NCM
HURA,"TuHURA Biosciences, Inc.",Healthcare,Micro-Cap,1646705,NCM
ZVIA,Zevia PBC,Consumer Defensive,Micro-Cap,1017996,NYQ
INLF,INLIF LIMITED,Industrials,Micro-Cap,1312553,NCM
HOVR,New Horizon Aircraft Ltd.,Industrials,Micro-Cap,888613,NCM
NXXT,"NextNRG, Inc.",Utilities,Micro-Cap,1916426,NCM
BLNE,"Beeline Holdings, Inc.",Financial Services,Micro-Cap,840285,NCM
OMEX,"Odyssey Marine Exploration, Inc",Basic Materials,Micro-Cap,872788,NCM
PMI,"Picard Medical, Inc.",Healthcare,Micro-Cap,883560,ASE
MXCT,"MaxCyte, Inc.",Healthcare,Micro-Cap,1088616,NMS
PEW,GrabAGun Digital Holdings Inc.,Industrials,Micro-Cap,693225,NYQ
BDMD,Baird Medical Investment Holdin,Healthcare,Micro-Cap,1870623,NCM
MAIA,"MAIA Biotechnology, Inc.",Healthcare,Micro-Cap,1116471,ASE
PLRX,"Pliant Therapeutics, Inc.",Healthcare,Micro-Cap,902995,NMS
OPTT,"Ocean Power Technologies, Inc.",Industrials,Micro-Cap,13327626,ASE
BTCS,BTCS Inc.,Financial Services,Micro-Cap,973793,NCM
VRA,"Vera Bradley, Inc.",Consumer Cyclical,Micro-Cap,527581,NMS
GCL,GCL Global Holdings Ltd,Communication Services,Micro-Cap,946488,NMS
LIDR,"AEye, Inc.",Technology,Micro-Cap,900835,NCM
TEAD,Teads Holding Co.,Communication Services,Micro-Cap,1983551,NMS
BGL,Blue Gold Limited,Basic Materials,Micro-Cap,1410978,NGM
ELBM,Electra Battery Materials Corpo,Basic Materials,Micro-Cap,1095520,NCM
CHGG,"Chegg, Inc.",Consumer Defensive,Micro-Cap,1307108,NYQ
BRCC,BRC Inc.,Consumer Defensive,Micro-Cap,998433,NYQ
INDO,Indonesia Energy Corporation Li,Energy,Micro-Cap,2150320,ASE
PMVP,"PMV Pharmaceuticals, Inc.",Healthcare,Micro-Cap,541726,NMS
HAIN,"The Hain Celestial Group, Inc.",Consumer Defensive,Micro-Cap,2120421,NMS
GUTS,"Fractyl Health, Inc.",Healthcare,Micro-Cap,6037063,NGM
ETHZ,ETHZilla Corporation,Technology,Micro-Cap,728166,NCM
FLYX,"flyExclusive, Inc.",Industrials,Micro-Cap,2354955,ASE
GPUS,"Hyperscale Data, Inc.",Industrials,Micro-Cap,39139308,ASE
AMPG,"Amplitech Group, Inc.",Technology,Micro-Cap,689295,NCM
AVX,Avax One Technology Ltd.,Financial Services,Micro-Cap,714656,NCM
DCGO,DocGo Inc.,Healthcare,Micro-Cap,731348,NCM
ARAY,Accuray Incorporated,Healthcare,Micro-Cap,1020300,NMS
ABVE,Above Food Ingredients Inc.,Consumer Defensive,Micro-Cap,1689260,NGM
GRWG,GrowGeneration Corp.,Consumer Cyclical,Micro-Cap,614743,NCM
BENF,Beneficient,Financial Services,Micro-Cap,587255,NCM
LUNG,Pulmonx Corporation,Healthcare,Micro-Cap,541260,NMS
BATL,Battalion Oil Corporation,Energy,Small-Cap,11500150,ASE
GCTS,"GCT Semiconductor Holding, Inc.",Technology,Micro-Cap,4100043,NYQ
OM,"Outset Medical, Inc.",Healthcare,Micro-Cap,831136,NMS
XTIA,"XTI Aerospace, Inc.",Industrials,Micro-Cap,2131688,NCM
YIBO,Planet Image International Limi,Technology,Micro-Cap,569826,NCM
IFRX,InflaRx N.V.,Healthcare,Micro-Cap,502311,NMS
TCRX,"TScan Therapeutics, Inc.",Healthcare,Micro-Cap,547893,NGM
CGTL,Creative Global Technology Hold,Consumer Cyclical,Nano-Cap,1674926,NCM
BEAT,"Heartbeam, Inc.",Healthcare,Micro-Cap,11404101,NCM
MREO,Mereo BioPharma Group plc,Healthcare,Micro-Cap,15314311,NCM
SLGB,Smart Logistics Global Limited,Industrials,Nano-Cap,3134430,NCM
PETS,"PetMed Express, Inc.",Healthcare,Micro-Cap,2690446,NMS
SMJF,SMJ International Holdings Inc.,N/A,Micro-Cap,817796,ASE
SAFX,"XCF Global, Inc.",Utilities,Micro-Cap,16459938,NCM
PSTV,"PLUS THERAPEUTICS, Inc.",Healthcare,Micro-Cap,9744350,NCM
NRXP,"NRX Pharmaceuticals, Inc.",Healthcare,Micro-Cap,971816,NCM
DFNS,T3 Defense Inc.,Industrials,Micro-Cap,1807006,NGM
ACRV,"Acrivon Therapeutics, Inc.",Healthcare,Nano-Cap,1719440,NGM
COCH,"Envoy Medical, Inc.",Healthcare,Micro-Cap,698926,NCM
MRNO,Murano Global Investments PLC,Real Estate,Nano-Cap,3189643,NCM
UPXI,"Upexi, Inc.",Communication Services,Micro-Cap,4825231,NCM
LONA,"LeonaBio, Inc.",Healthcare,Nano-Cap,1106293,NCM
STSS,Sharps Technology Inc.,Healthcare,Micro-Cap,600271,NCM
JAGU,Jaguar Uranium Corp.,Energy,Nano-Cap,580244,ASE
GWH,"ESS Tech, Inc.",Industrials,Nano-Cap,580636,NYQ
OSTX,OS Therapies Incorporated,Healthcare,Micro-Cap,549315,ASE
ROLR,"High Roller Technologies, Inc.",Consumer Cyclical,Nano-Cap,2493110,ASE
BURU,"Nuburu, Inc.",Industrials,Nano-Cap,8778555,ASE
AIIO,Robo.ai Inc.,Consumer Cyclical,Micro-Cap,7640936,NCM
CDLX,"Cardlytics, Inc. Common Stock",Communication Services,Nano-Cap,811658,NGM
AXIL,"AXIL Brands, Inc.",Technology,Nano-Cap,517980,ASE
ASTI,"Ascent Solar Technologies, Inc",Technology,Nano-Cap,3301105,NCM
PRTS,"CarParts.com, Inc.",Consumer Cyclical,Nano-Cap,1041190,NCM
IBO,"Impact BioMedical, Inc.",Healthcare,Micro-Cap,4197286,ASE
RITR,Reitar Logtech Holdings Limited,Industrials,Micro-Cap,1059243,NCM
AIRE,reAlpha Tech Corp.,Real Estate,Nano-Cap,4567146,NCM
MAMO,Massimo Group,Consumer Cyclical,Nano-Cap,833876,NCM
ZNB,Zeta Network Group,Communication Services,Nano-Cap,2025423,NCM
UAVS,"AgEagle Aerial Systems, Inc.",Technology,Nano-Cap,7736953,ASE
ARAI,Arrive AI Inc.,Technology,Nano-Cap,1000985,NGM
LITS,"Lite Strategy, Inc.",Healthcare,Nano-Cap,540901,NCM
ZDGE,"Zedge, Inc.",Communication Services,Nano-Cap,975403,ASE
EHTH,"eHealth, Inc.",Financial Services,Micro-Cap,705061,NMS
OPAD,Offerpad Solutions Inc.,Real Estate,Nano-Cap,3850978,NYQ
VVPR,VivoPower International PLC,Technology,Nano-Cap,862678,NCM
CYPH,Cypherpunk Technologies Inc.,Financial Services,Nano-Cap,3922758,NCM
GNS,Genius Group Limited,Consumer Defensive,Nano-Cap,936421,ASE
RADX,Radiopharm Theranostics Limited,Healthcare,Nano-Cap,753548,NCM
SRXH,"SRX Health Solutions, Inc.",Consumer Defensive,Nano-Cap,32353561,ASE
BTAI,"BioXcel Therapeutics, Inc.",Healthcare,Nano-Cap,1247276,NCM
SMXT,Solarmax Technology Inc.,Technology,Nano-Cap,1126880,NCM
JSPR,"Jasper Therapeutics, Inc.",Healthcare,Nano-Cap,694186,NCM
PDSB,PDS Biotechnology Corporation,Healthcare,Nano-Cap,643356,NCM
FUSE,Fusemachines Inc.,Technology,Nano-Cap,3714475,NGM
KNRX,KNOREX LTD.,Technology,Nano-Cap,1716911,ASE
SUUN,PowerBank Corporation,Utilities,Nano-Cap,2042670,NGM
RMTI,"Rockwell Medical, Inc.",Healthcare,Nano-Cap,705143,NCM
USEG,U.S. Energy Corp.,Energy,Nano-Cap,3899911,NCM
ONMD,OneMedNet Corp,Healthcare,Nano-Cap,4173653,NCM
ATCH,"AtlasClear Holdings, Inc.",Financial Services,Nano-Cap,5209351,ASE
YYAI,AiRWA Inc.,Technology,Nano-Cap,2248903,NCM
EKSO,"Ekso Bionics Holdings, Inc.",Healthcare,Nano-Cap,2151423,NCM
BIOX,Bioceres Crop Solutions Corp.,Basic Materials,Nano-Cap,631273,NMS
MODD,"Modular Medical, Inc.",Healthcare,Nano-Cap,744553,NCM
KLTO,"Klotho Neurosciences, Inc.",Healthcare,Nano-Cap,2989653,NCM
PSQH,"PSQ Holdings, Inc.",Technology,Nano-Cap,1493161,NYQ
BRLS,Borealis Foods Inc.,Consumer Defensive,Nano-Cap,1554960,NCM
EUDA,Euda Health Holdings Limited,Real Estate,Nano-Cap,522766,NCM
MDCX,Medicus Pharma Ltd.,Healthcare,Nano-Cap,814165,NCM
UFG,Uni-Fuels Holdings Limited,Industrials,Nano-Cap,961641,NCM
FEMY,Femasys Inc.,Healthcare,Nano-Cap,1014903,NCM
GAME,"GameSquare Holdings, Inc.",Communication Services,Nano-Cap,1193106,NCM
HOLO,MicroCloud Hologram Inc.,Technology,Nano-Cap,527945,NCM
DFLI,Dragonfly Energy Holdings Corp,Industrials,Nano-Cap,712206,NCM
VNRX,VolitionRX Limited,Healthcare,Nano-Cap,2234258,ASE
OTLK,"Outlook Therapeutics, Inc.",Healthcare,Nano-Cap,5637941,NCM
OBAI,"Our Bond, Inc.",Technology,Nano-Cap,2868195,NGM
BEEM,Beam Global,Technology,Nano-Cap,1399916,NCM
HOWL,"Werewolf Therapeutics, Inc.",Healthcare,Nano-Cap,615166,NMS
QCLS,"Q/C Technologies, Inc.",Technology,Nano-Cap,1375661,NCM
MYO,Myomo Inc.,Healthcare,Nano-Cap,557676,ASE
RYDE,Ryde Group Ltd.,Technology,Micro-Cap,2228551,ASE
THH,TryHard Holdings Limited,Industrials,Nano-Cap,3337943,NCM
YSXT,"YSX Tech. Co., Ltd",Industrials,Nano-Cap,758973,NCM
POM,POMDOCTOR LIMITED,Healthcare,Nano-Cap,1838793,NGM
AUST,Austin Gold Corp.,Basic Materials,Nano-Cap,1564746,ASE
IGC,"IGC Pharma, Inc.",Healthcare,Nano-Cap,599126,ASE
AUID,authID Inc.,Technology,Nano-Cap,5928485,NCM
TDTH,Trident Digital Tech Holdings L,Technology,Nano-Cap,919793,NCM
ORGN,"Origin Materials, Inc.",Basic Materials,Nano-Cap,1989221,NCM
AMOD,"Alpha Modus Holdings, Inc.",Technology,Nano-Cap,2392663,NCM
CUE,"Cue Biopharma, Inc.",Healthcare,Nano-Cap,1227466,NCM
ANGH,Anghami Inc.,Communication Services,Nano-Cap,832668,NCM
IOBT,"IO Biotech, Inc.",Healthcare,Nano-Cap,9917643,NMS
SNTI,"Senti Biosciences, Inc.",Healthcare,Nano-Cap,1679153,NCM
PRZO,ParaZero Technologies Ltd.,Industrials,Nano-Cap,1344658,NCM
IINN,Inspira Technologies Oxy B.H.N.,Healthcare,Nano-Cap,601575,NCM
DBGI,"Digital Brands Group, Inc.",Consumer Cyclical,Nano-Cap,556628,NCM
WGRX,"Wellgistics Health, Inc.",Healthcare,Nano-Cap,758713,NCM
VTGN,"VistaGen Therapeutics, Inc.",Healthcare,Nano-Cap,2810520,NCM
ZJYL,JIN MEDICAL INTERNATIONAL LTD.,Healthcare,Nano-Cap,631125,NCM
XCUR,"Exicure, Inc.",Healthcare,Nano-Cap,708485,NCM
LASE,Laser Photonics Corporation,Industrials,Nano-Cap,1475790,NCM
RVPH,Reviva Pharmaceuticals Holdings,Healthcare,Nano-Cap,5042838,NCM
MSAI,"MultiSensor AI Holdings, Inc.",Technology,Nano-Cap,1736025,NCM
GNTA,Genenta Science S.p.A.,Healthcare,Nano-Cap,1084618,NCM
VEEA,Veea Inc.,Technology,Nano-Cap,1584390,NGM
MVO,MV Oil Trust,Energy,Nano-Cap,554940,NYQ
FATN,"FatPipe, Inc.",Technology,Nano-Cap,1323955,NCM
LHAI,Linkhome Holdings Inc.,Real Estate,Nano-Cap,786600,NCM
DOGZ,Dogness (International) Corpora,Consumer Cyclical,Nano-Cap,1169330,NCM
BNKK,"Bonk, Inc.",Financial Services,Nano-Cap,1484567,NCM
POAS,Phaos Technology Holdings (Caym,Healthcare,Nano-Cap,1289418,ASE
HCHL,Happy City Holdings Limited,Consumer Cyclical,Nano-Cap,788333,NCM
PASW,"Ping An Biomedical Co., Ltd.",Consumer Cyclical,Nano-Cap,3772155,NCM
VYNE,VYNE Therapeutics Inc.,Healthcare,Nano-Cap,5295848,NCM
ACCL,Acco Group Holdings Limited,Industrials,Nano-Cap,848201,NCM
SER,"Serina Therapeutics, Inc.",Healthcare,Nano-Cap,1374963,ASE
TMDE,TMD Energy Limited,Energy,Micro-Cap,6303253,ASE
CHOW,ChowChow Cloud International Ho,Technology,Nano-Cap,9545478,ASE
LBGJ,Li Bang International Corporati,Industrials,Nano-Cap,2789848,NCM
HIND,"Vyome Holdings, Inc.",Healthcare,Nano-Cap,895643,NCM
FBLG,"FibroBiologics, Inc.",Healthcare,Nano-Cap,1920450,NCM
PCLA,PicoCELA Inc.,Communication Services,Nano-Cap,718923,NCM
PAPL,Pineapple Financial Inc.,Financial Services,Nano-Cap,1677971,ASE
SCNX,"Scienture Holdings, Inc.",Healthcare,Nano-Cap,1181883,NCM
EONR,EON Resources Inc.,Energy,Nano-Cap,7298658,ASE
NOTE,"FiscalNote Holdings, Inc.",Technology,Nano-Cap,534746,NYQ
LEXX,Lexaria Bioscience Corp.,Healthcare,Nano-Cap,631888,NCM
CISO,"CISO Global, Inc.",Technology,Nano-Cap,500893,NCM
BCAB,"BioAtla, Inc.",Healthcare,Nano-Cap,2447188,NCM
FBGL,FBS Global Limited,Industrials,Nano-Cap,2378283,NCM
MOBX,"Mobix Labs, Inc.",Technology,Micro-Cap,52122473,NCM
CTXR,"Citius Pharmaceuticals, Inc.",Healthcare,Nano-Cap,839585,NCM
GTEC,Greenland Technologies Holding ,Consumer Cyclical,Nano-Cap,564640,NCM
DLXY,Delixy Holdings Limited,Energy,Nano-Cap,1488546,NCM
BNZI,"Banzai International, Inc.",Technology,Nano-Cap,921833,NCM
LNKS,Linkers Industries Limited,Industrials,Nano-Cap,1175761,NCM
AZI,Autozi Internet Technology (Glo,Consumer Cyclical,Nano-Cap,6461293,NGM
ALUR,"Allurion Technologies, Inc.",Healthcare,Nano-Cap,2715128,NYQ
SWVL,Swvl Holdings Corp,Industrials,Nano-Cap,772188,NCM
CRIS,"Curis, Inc.",Healthcare,Nano-Cap,509173,NCM
VSEE,"VSee Health, Inc.",Healthcare,Nano-Cap,842766,NCM
BTTC,Black Titan Corp,N/A,Nano-Cap,2259393,NCM
NIXX,"Nixxy, Inc.",Industrials,Nano-Cap,522555,NCM
BTOC,Armlogi Holding Corp.,Industrials,Nano-Cap,721391,NGM
MTEK,Maris-Tech Ltd.,Technology,Nano-Cap,741713,NCM
COSM,Cosmos Health Inc.,Healthcare,Nano-Cap,855521,NCM
ELOG,Eastern International Ltd.,Industrials,Nano-Cap,755528,NCM
NXPL,NextPlat Corp,Technology,Nano-Cap,545553,NCM
SVRN,OceanPal Inc.,Industrials,Nano-Cap,2508116,NCM
GFAI,"Guardforce AI Co., Limited",Industrials,Nano-Cap,2272931,NCM
TRIB,Trinity Biotech plc,Healthcare,Nano-Cap,3320378,NMS
AGAE,Allied Gaming & Entertainment I,Communication Services,Nano-Cap,4385760,NCM
MOVE,Movano Inc.,Healthcare,Nano-Cap,1044763,NCM
PN,Skycorp Solar Group Limited,Technology,Nano-Cap,755990,NCM
AMZE,"Amaze Holdings, Inc.",Technology,Nano-Cap,3719235,ASE
SEGG,Sports Entertainment Gaming Glo,Consumer Cyclical,Nano-Cap,11318510,NGM
CAPT,Captivision Inc.,Basic Materials,Nano-Cap,1525398,NGM
EDSA,"Edesa Biotech, Inc.",Healthcare,Micro-Cap,3426918,NCM
KAPA,"Kairos Pharma, Ltd.",Healthcare,Nano-Cap,549006,ASE
RPGL,Republic Power Group Limited,Technology,Nano-Cap,894425,NCM
GDTC,CytoMed Therapeutics Limited,Healthcare,Nano-Cap,602833,NCM
ITRM,Iterum Therapeutics plc,Healthcare,Nano-Cap,1084430,NCM
CYN,Cyngn Inc.,Technology,Nano-Cap,2709436,NCM
GTBP,"GT Biopharma, Inc.",Healthcare,Nano-Cap,1604248,NCM
AKTX,Akari Therapeutics Plc,Healthcare,Nano-Cap,832780,NCM
TLIH,Ten-League International Holdin,Industrials,Nano-Cap,2161541,NCM
MBAI,Check-Cap Ltd.,Healthcare,Nano-Cap,2567293,NCM
PHIO,Phio Pharmaceuticals Corp.,Healthcare,Nano-Cap,3903770,NCM
VRME,"VerifyMe, Inc.",Industrials,Nano-Cap,4181920,NCM
AIMD,"Ainos, Inc.",Technology,Nano-Cap,659950,NCM
GITS,Global Interactive Technologies,Communication Services,Nano-Cap,2646433,NCM
PMNT,Perfect Moment Ltd.,Consumer Cyclical,Nano-Cap,674820,ASE
HCAI,Huachen AI Parking Management T,Industrials,Nano-Cap,662606,NCM
MWG,Multi Ways Holdings Limited,Industrials,Nano-Cap,576141,ASE
MLEC,Moolec Science SA,Healthcare,Nano-Cap,1389135,NCM
RIME,"Algorhythm Holdings, Inc.",Technology,Nano-Cap,7465388,NCM
YYGH,YY Group Holding Limited,Consumer Cyclical,Nano-Cap,1512355,NCM
RBNE,Robin Energy Ltd.,Energy,Nano-Cap,949760,NCM
OSRH,"OSR Holdings, Inc.",Healthcare,Nano-Cap,1384583,NCM
CETX,Cemtrex Inc.,Technology,Nano-Cap,6878413,NCM
YCBD,"cbdMD, Inc.",Healthcare,Nano-Cap,11620108,ASE
WFF,WF Holding Limited,Industrials,Nano-Cap,624743,NCM
XAIR,"Beyond Air, Inc.",Healthcare,Nano-Cap,7645630,NCM
BANL,CBL International Limited,Energy,Nano-Cap,889818,NCM
SKYQ,Sky Quarry Inc.,Energy,Nano-Cap,6755495,NCM
CENN,Cenntro Inc.,Consumer Cyclical,Nano-Cap,2481091,NCM
TGHL,The GrowHub Limited,Technology,Nano-Cap,571100,NCM
CCHH,CCH Holdings Ltd,Consumer Cyclical,Nano-Cap,9174646,NCM
AIFF,"Firefly Neuroscience, Inc.",Technology,Nano-Cap,5644051,NCM
SOPA,Society Pass Incorporated,Communication Services,Nano-Cap,5965558,NCM
OLB,"The OLB Group, Inc.",Technology,Nano-Cap,9054613,NCM
GXAI,Gaxos.ai Inc.,Communication Services,Nano-Cap,11474081,NCM
TNON,"Tenon Medical, Inc.",Healthcare,Nano-Cap,1016331,NCM
LHSW,Lianhe Sowell International Gro,Technology,Nano-Cap,3032663,NCM
PAVM,PAVmed Inc.,Healthcare,Nano-Cap,1040093,NCM
CDIO,Cardio Diagnostics Holdings Inc,Healthcare,Nano-Cap,4030808,NCM
INHD,Inno Holdings Inc.,Basic Materials,Nano-Cap,580494,NCM
ZSPC,"zSpace, Inc.",Technology,Nano-Cap,768758,NCM
AEHL,Antelope Enterprise Holdings Li,Industrials,Nano-Cap,922427,NCM
MIMI,Mint Incorporation Limited,Industrials,Nano-Cap,7450531,NCM
TSE,Trinseo PLC,Basic Materials,Nano-Cap,1160488,NYQ
ITOC,iTonic Holdings Ltd,Healthcare,Nano-Cap,1355633,NCM
DKI,DarkIris Inc.,Communication Services,Nano-Cap,4903748,NCM
SGN,"Signing Day Sports, Inc.",Technology,Nano-Cap,43119058,ASE
YMAT,"J-Star Holding Co., Ltd.",Basic Materials,Nano-Cap,1319233,NCM
LCFY,Locafy Limited,Communication Services,Nano-Cap,752078,NCM
MGRX,"Mangoceuticals, Inc.",Healthcare,Nano-Cap,6931493,NCM
EVTV,"Envirotech Vehicles, Inc.",Consumer Cyclical,Nano-Cap,29350003,NCM
IMG,CIMG Inc.,Consumer Defensive,Nano-Cap,1545916,NCM
ERNA,Ernexa Therapeutics Inc.,Healthcare,Nano-Cap,1298798,NCM
CALC,"CalciMedica, Inc.",Healthcare,Nano-Cap,1207063,NCM
GELS,Gelteq Limited,Healthcare,Nano-Cap,1032640,NCM
MSGY,Masonglory Limited,Industrials,Nano-Cap,997028,NCM
MNTS,Momentus Inc.,Industrials,Nano-Cap,3172037,NCM
FMFC,Kandal M Venture Limited,Consumer Cyclical,Nano-Cap,1966745,NCM
XWEL,"XWELL, Inc.",Healthcare,Nano-Cap,8860348,NCM
TGL,Treasure Global Inc.,Technology,Nano-Cap,558923,NCM
BBGI,"Beasley Broadcast Group, Inc.",Communication Services,Nano-Cap,910618,NCM
QNCX,"Quince Therapeutics, Inc.",Healthcare,Nano-Cap,62247181,NMS
STAK,STAK Inc.,Energy,Nano-Cap,4415371,NCM
HXHX,Haoxin Holdings Limited,Industrials,Nano-Cap,7209126,NCM
CJMB,Callan JMB Inc.,Industrials,Nano-Cap,3658363,NCM
CETY,"Clean Energy Technologies, Inc.",Industrials,Nano-Cap,731588,NCM
TURB,"Turbo Energy, S.A.",Technology,Nano-Cap,3437535,NCM
PHGE,BiomX Inc.,Healthcare,Nano-Cap,1047855,ASE
XTLB,XTL Biopharmaceuticals Ltd.,Healthcare,Nano-Cap,729208,NCM
LIMN,"Liminatus Pharma, Inc.",Healthcare,Nano-Cap,8604686,NGM
TOVX,"Theriva Biologics, Inc.",Healthcare,Nano-Cap,10072118,ASE
BFRG,"Bullfrog AI Holdings, Inc.",Healthcare,Nano-Cap,664725,NCM
TIRX,TIAN RUIXIANG Holdings Ltd,Financial Services,Nano-Cap,57695625,NCM
CXAI,CXApp Inc.,Technology,Nano-Cap,6713786,NCM
ASBP,"Aspire Biopharma Holdings, Inc.",Healthcare,Nano-Cap,1046461,NCM
RMSG,Real Messenger Corporation,N/A,Nano-Cap,577755,NCM
HTCR,"Heartcore Enterprises, Inc.",Technology,Nano-Cap,584070,NCM
XPON,Expion360 Inc.,Industrials,Nano-Cap,1220076,NCM
IVF,"INVO Fertility, Inc.",Healthcare,Nano-Cap,7258556,NCM
DAIC,"CID HoldCo, Inc.",Technology,Nano-Cap,2948448,NGM
MSS,Maison Solutions Inc.,Consumer Defensive,Nano-Cap,777030,NCM
TDIC,Dreamland Limited,Communication Services,Nano-Cap,1738108,NCM
ORKT,Orangekloud Technology Inc.,Technology,Nano-Cap,1304753,NCM
CANF,Can-Fite Biopharma Ltd,Healthcare,Nano-Cap,880062,ASE
GP,GreenPower Motor Company Inc.,Industrials,Nano-Cap,1578956,NCM
SPHL,SPRINGVIEW HOLDINGS LTD,Consumer Cyclical,Nano-Cap,2164733,NCM
INBS,Intelligent Bio Solutions Inc.,Healthcare,Nano-Cap,2476488,NCM
BKYI,"BIO-key International, Inc.",Industrials,Nano-Cap,3351733,NCM
APRE,"Aprea Therapeutics, Inc.",Healthcare,Nano-Cap,2174638,NCM
HCWC,Healthy Choice Wellness Corp.,Consumer Defensive,Nano-Cap,1473703,ASE
LUCY,"Innovative Eyewear, Inc.",Healthcare,Nano-Cap,3298795,NCM
ABTS,Abits Group Inc,Financial Services,Nano-Cap,689673,NCM
VIVS,"VivoSim Labs, Inc.",Healthcare,Nano-Cap,1672751,NCM
OLOX,Olenox Industries Inc.,Industrials,Nano-Cap,1085270,NCM
NTCL,NETCLASS TECHNOLOGY INC,Technology,Nano-Cap,2170705,NCM
ATON,AlphaTON Capital Corp.,Financial Services,Nano-Cap,6112101,NCM
CNEY,CN Energy Group Inc.,Basic Materials,Nano-Cap,1824975,NCM
SOWG,Sow Good Inc.,Consumer Defensive,Nano-Cap,1168710,NCM
NCT,Intercont (Cayman) Limited,Industrials,Nano-Cap,615431,NCM
IOTR,iOThree Limited,Communication Services,Nano-Cap,1502195,NCM
DXST,Decent Holding Inc.,Industrials,Nano-Cap,25956325,NCM
BRTX,"BioRestorative Therapies, Inc.",Healthcare,Nano-Cap,5786293,NCM
JCSE,JE Cleantech Holdings Limited,Industrials,Nano-Cap,991316,NCM
GNLN,"Greenlane Holdings, Inc.",Consumer Defensive,Nano-Cap,546610,NCM
JTAI,Jet.AI Inc.,Technology,Nano-Cap,31157545,NCM
GIBO,GIBO Holdings Limited,Communication Services,Nano-Cap,714896,NCM
SILO,"Silo Pharma, Inc.",Healthcare,Nano-Cap,967573,NCM
PCSA,"Processa Pharmaceuticals, Inc.",Healthcare,Nano-Cap,813532,NCM
WORX,SCWorx Corp.,Healthcare,Nano-Cap,11417985,NCM
CYCN,"Cyclerion Therapeutics, Inc.",Healthcare,Nano-Cap,1535321,NCM
SUNE,"SUNation Energy, Inc.",Technology,Nano-Cap,2897940,NCM
XHLD,"TEN Holdings, Inc.",Communication Services,Nano-Cap,3205023,NCM
KITT,"Nauticus Robotics, Inc.",Industrials,Nano-Cap,5227953,NCM
AMIX,"Autonomix Medical, Inc.",Healthcare,Nano-Cap,3377735,NCM
TPET,Trio Petroleum Corp.,Energy,Nano-Cap,21910333,ASE
INDP,"Indaptus Therapeutics, Inc.",Healthcare,Nano-Cap,721870,NCM
PAVS,Paranovus Entertainment Technol,Consumer Defensive,Nano-Cap,2521793,NCM
DCX,Digital Currency X Technology I,Consumer Cyclical,Nano-Cap,545422,NCM
STFS,Star Fashion Culture Holdings L,Communication Services,Nano-Cap,4916705,NCM
POLA,"Polar Power, Inc.",Industrials,Nano-Cap,1370003,NCM
DCOY,Decoy Therapeutics Inc.,Healthcare,Nano-Cap,2275511,NCM
ULY,Urgent.ly Inc.,Technology,Nano-Cap,649636,NCM
LXEH,"Lixiang Education Holding Co., ",Consumer Defensive,Nano-Cap,1316193,NGM
HIHO,Highway Holdings Limited,Industrials,Nano-Cap,2869131,NCM
MEHA,"Functional Brands, Inc.",Consumer Defensive,Nano-Cap,1386276,NCM
NCPL,Netcapital Inc.,Financial Services,Nano-Cap,6213016,NCM
ALBT,Avalon GloboCare Corp.,Real Estate,Nano-Cap,6691880,NCM
JDZG,JIADE LIMITED,Technology,Nano-Cap,5452390,NCM
ATXG,Addentax Group Corp.,Industrials,Nano-Cap,711641,NCM
GBR,"New Concept Energy, Inc",Real Estate,Nano-Cap,510736,ASE
TRUG,"TruGolf Holdings, Inc.",Consumer Cyclical,Nano-Cap,596671,NCM
DRMA,"Dermata Therapeutics, Inc.",Healthcare,Nano-Cap,2152325,NCM
NCL,Northann Corp.,Consumer Cyclical,Nano-Cap,15346645,ASE
SXTP,"60 Degrees Pharmaceuticals, Inc",Healthcare,Nano-Cap,3527820,NCM
BHAT,Blue Hat Interactive Entertainm,Communication Services,Nano-Cap,563680,NCM
HCTI,"Healthcare Triangle, Inc.",Healthcare,Nano-Cap,533707,NCM
VSME,VS Media Holdings Limited,Communication Services,Nano-Cap,5961393,NCM
MIGI,Mawson Infrastructure Group Inc,Financial Services,Nano-Cap,1550371,NCM
JAGX,"Jaguar Health, Inc.",Healthcare,Nano-Cap,3864310,NCM
SHPH,Shuttle Pharmaceuticals Holding,Healthcare,Nano-Cap,2668355,NCM
MASK,3 E Network Technology Group Lt,Technology,Nano-Cap,9878986,NCM
REVB,"Revelation Biosciences, Inc.",Healthcare,Nano-Cap,658373,NCM
ICON,Icon Energy Corp.,Industrials,Nano-Cap,996812,NCM
GNPX,"Genprex, Inc.",Healthcare,Nano-Cap,1003306,NCM
AIM,AIM ImmunoTech Inc.,Healthcare,Nano-Cap,1458565,ASE
IVDA,"Iveda Solutions, Inc.",Industrials,Nano-Cap,4298595,NCM
AIXI,XIAO-I Corporation,Technology,Nano-Cap,849806,NGM
EZRA,"Reliance Global Group, Inc.",Financial Services,Nano-Cap,16202421,NCM
ENVB,"Enveric Biosciences, Inc.",Healthcare,Nano-Cap,1043313,NCM
PPCB,"Propanc Biopharma, Inc.",Healthcare,Nano-Cap,1457550,NCM
SOAR,"Volato Group, Inc.",Industrials,Nano-Cap,2839042,ASE
KIDZ,"Classover Holdings, Inc.",Consumer Defensive,Nano-Cap,19238165,NCM
ACON,"Aclarion, Inc.",Healthcare,Nano-Cap,891813,NCM
AIOS,AIOS Tech Inc.,Financial Services,Nano-Cap,1701748,NCM
CDTG,CDT Environmental Technology In,Industrials,Nano-Cap,843001,NCM
GVH,Globavend Holdings Limited - Or,Industrials,Nano-Cap,1641060,NCM
ISPC,iSpecimen Inc.,Healthcare,Nano-Cap,1788061,NCM
AUUD,Auddia Inc.,Technology,Nano-Cap,2280536,NCM
ZONE,CleanCore Solutions Inc.,Industrials,Nano-Cap,2414636,ASE
WHLR,Wheeler Real Estate Investment ,Real Estate,Nano-Cap,754278,NCM
PRFX,PRF Technologies Ltd.,Healthcare,Nano-Cap,537858,NCM
MNDR,Mobile-health Network Solutions,Healthcare,Nano-Cap,740866,NCM
FEED,"ENvue Medical, Inc.",Healthcare,Nano-Cap,10194596,NCM
DTCK,Davis Commodities Limited,Consumer Defensive,Nano-Cap,5340028,NCM
DRCT,"Direct Digital Holdings, Inc.",Communication Services,Nano-Cap,2812997,NCM
WBUY,WEBUY GLOBAL LTD.,Consumer Cyclical,Nano-Cap,786610,NCM
CCTG,CCSC Technology International H,Industrials,Nano-Cap,894117,NCM
IMTE,Integrated Media Technology Lim,Technology,Nano-Cap,1281771,NCM
RETO,"ReTo Eco-Solutions, Inc.",Basic Materials,Nano-Cap,804328,NCM
TIVC,"Tivic Health Systems, Inc.",Healthcare,Nano-Cap,914023,NCM
CMCT,Creative Media,Real Estate,Nano-Cap,2608966,NCM
BIYA,Baiya International Group Inc.,Technology,Nano-Cap,503367,NCM
SMTK,"SmartKem, Inc.",Technology,Nano-Cap,839146,NCM
AKAN,Akanda Corp.,Healthcare,Nano-Cap,1246671,NCM
AZTR,Azitra Inc,Healthcare,Nano-Cap,1269518,ASE
CISS,C3is Inc.,Industrials,Nano-Cap,3632445,NCM
FRGT,"Freight Technologies, Inc.",Technology,Nano-Cap,824112,NCM
ATPC,Agape ATP Corporation,Consumer Defensive,Nano-Cap,828821,NCM
AREB,"American Rebel Holdings, Inc.",Consumer Cyclical,Nano-Cap,2986963,NCM
WOK,WORK Medical Technology Group L,Healthcare,Nano-Cap,793791,NCM
NVVE,Nuvve Holding Corp.,Consumer Cyclical,Nano-Cap,2543153,NCM
JEM,707 Cayman Holdings Limited,Consumer Cyclical,Nano-Cap,7441285,NCM
PFSA,"Profusa, Inc.",Healthcare,Nano-Cap,626437,NGM
SBEV,"Splash Beverage Group, Inc. (NV",Consumer Defensive,Nano-Cap,992126,ASE
XTKG,"X3 Holdings Co., Ltd.",Technology,Nano-Cap,1062089,NCM
JZXN,"Jiuzi Holdings, Inc.",Consumer Cyclical,Nano-Cap,3441999,NCM
SOBR,"SOBR Safe, Inc.",Technology,Nano-Cap,2656123,NCM
ASNS,"Actelis Networks, Inc.",Technology,Nano-Cap,20826578,NCM
CDT,CDT Equity Inc.,Healthcare,Nano-Cap,710633,NCM
ELAB,PMGC Holdings Inc.,Healthcare,Nano-Cap,1329586,NCM
NUWE,"Nuwellis, Inc.",Healthcare,Nano-Cap,2175108,NCM
ENSC,"Ensysce Biosciences, Inc.",Healthcare,Nano-Cap,6102891,NCM
BOXL,Boxlight Corporation,Technology,Nano-Cap,6828425,NCM
RENX,RenX Enterprises Corp.,Real Estate,Nano-Cap,29684560,NCM
OCG,Oriental Culture Holding LTD,Consumer Cyclical,Nano-Cap,1533497,NCM
UOKA,MDJM LTD,Consumer Cyclical,Nano-Cap,13514630,NCM
QH,Quhuo Limited - American Deposi,Technology,Nano-Cap,3567338,NGM
TRNR,Interactive Strength Inc.,Consumer Cyclical,Nano-Cap,779839,NCM
VEEE,Twin Vee PowerCats Co.,Consumer Cyclical,Nano-Cap,1172496,NCM
ELPW,Elong Power Holding Limited,Industrials,Nano-Cap,13916488,NGM
KUST,"Kustom Entertainment, Inc.",Communication Services,Nano-Cap,2568128,NCM
BDRX,Biodexa Pharmaceuticals plc,Healthcare,Nano-Cap,1180158,NCM
ADTX,"Aditxt, Inc.",Healthcare,Nano-Cap,2250590,NCM
NIVF,NewGenIvf Group Limited,Healthcare,Nano-Cap,637768,NCM
RAYA,Erayak Power Solution Group Inc,Industrials,Nano-Cap,1013886,NCM
EPWK,EPWK Holdings Ltd.,Technology,Nano-Cap,1634723,NGM
LRHC,La Rosa Holdings Corp.,Real Estate,Nano-Cap,1831515,NCM
KXIN,Kaixin Holdings,Consumer Cyclical,Nano-Cap,1416530,NCM
RUBI,Rubico Inc.,Industrials,Nano-Cap,3089124,NCM
XRP,Bitwise XRP ETF,N/A,Nano-Cap,599963,PCX
PLYX,"Polaryx Therapeutics, Inc.",Healthcare,Nano-Cap,2702000,NCM
SSAC,SPACSphere Acquisition Corp.,N/A,Micro-Cap,604320,NGM
KCAC-UN,N/A,N/A,Nano-Cap,3127025,NYQ
SUNB,300,Industrials,Nano-Cap,2617250,NYQ
FSSL,FS Specialty Lending Fund,,Nano-Cap,711311,NYQ
QNC,Quantum eMotion Corp.,Technology,Small-Cap,579462,ASE
SIVR,abrdn Physical Silver Shares ET,N/A,Nano-Cap,5373118,PCX
PPLT,abrdn Physical Platinum Shares ,N/A,Nano-Cap,1179490,PCX
BNO,"United States Brent Oil Fund, L",N/A,Nano-Cap,1237625,PCX
PALL,abrdn Physical Palladium Shares,N/A,Nano-Cap,647465,PCX
OSG,"Octave Specialty Group, Inc.",Financial Services,Micro-Cap,633991,NYQ
IBIT,iShares Bitcoin Trust ETF,N/A,Nano-Cap,66977468,NGM
GENB,"Generate Biomedicines, Inc.",N/A,Small-Cap,2192740,NMS
GSOL,Grayscale Solana Staking ETF,N/A,Nano-Cap,943240,PCX
OPTU,"Optimum Communications, Inc.",Communication Services,Nano-Cap,2228358,NYQ
ETHE,Grayscale Ethereum Staking ETF ,N/A,Nano-Cap,7210133,PCX
BSOL,Bitwise Solana Staking ETF,N/A,Nano-Cap,1922076,PCX
IAUM,iShares Gold Trust Micro Shares,N/A,Nano-Cap,7364211,PCX
BTC,Grayscale Bitcoin Mini Trust (B,N/A,Nano-Cap,4610736,PCX
ETH,Grayscale Ethereum Staking Mini,N/A,Nano-Cap,9552358,PCX
ETHW,Bitwise Ethereum ETF,N/A,Nano-Cap,1758298,PCX
BITB,Bitwise Bitcoin ETF,N/A,Nano-Cap,3634158,PCX
UUP,Invesco DB USD Index Bullish Fu,N/A,Nano-Cap,1319445,PCX
SGOL,abrdn Physical Gold Shares ETF,N/A,Nano-Cap,7717156,PCX
GLDM,SPDR Gold MiniShares Trust,N/A,Nano-Cap,11689708,PCX
RNAM,"Avidity Biosciences, Inc.",Healthcare,Large-Cap,1962674,NGM
BPRE,N/A,,Nano-Cap,1497192,NYQ
OUNZ,VanEck Merk Gold ETF,N/A,Nano-Cap,2070785,PCX
TSM,Taiwan Semiconductor Manufactur,Technology,Mega-Cap,13098671,NYQ
ETHA,iShares Ethereum Trust ETF,N/A,Nano-Cap,43983165,NGM
NXTS,Nexentis Technologies Inc.,,Nano-Cap,922906,NCM
BAR,GraniteShares Gold Trust Shares,N/A,Nano-Cap,1426743,PCX
PLTM,GraniteShares Platinum Shares E,N/A,Nano-Cap,1686451,PCX
PICS,PicS N.V.,Technology,Nano-Cap,1323308,NMS
GOOG,Alphabet Inc.,Communication Services,Mega-Cap,21876780,NMS
SPG,"Simon Property Group, Inc.",Real Estate,Large-Cap,1559261,NYQ
PBR-A,Petroleo Brasileiro S.A. Petrob,Energy,Large-Cap,9527698,NYQ
FOX,Fox Corporation,Communication Services,Large-Cap,1599286,NMS
FWONK,Liberty Media Corporation - Ser,Communication Services,Large-Cap,1915598,NMS
Z,"Zillow Group, Inc.",Communication Services,Large-Cap,4107853,NMS
NWS,News Corporation,Communication Services,Large-Cap,1289016,NMS
BF-B,Brown Forman Inc,Consumer Defensive,Large-Cap,5327570,NYQ
FNGD,MicroSectors FANG  Index -3X In,N/A,Large-Cap,2707681,PCX
LBRDK,Liberty Broadband Corporation,Communication Services,Mid-Cap,1282718,NMS
RNA,"Atrium Therapeutics, Inc.",Healthcare,Micro-Cap,3538780,NMS
TDS,"Telephone and Data Systems, Inc",Communication Services,Mid-Cap,1020433,NYQ
LBTYK,Liberty Global Ltd.,Communication Services,Mid-Cap,1098628,NMS
ARMN,Aris Mining Corporation,,Mid-Cap,1844358,ASE
UA,"Under Armour, Inc.",Consumer Cyclical,Mid-Cap,5429249,NYQ
LILAK,Liberty Latin America Ltd.,Communication Services,Small-Cap,870060,NMS
THAR,"Tharimmune, Inc.",Healthcare,Micro-Cap,807759,NCM
STRC,Strategy Inc - Variable Rate Se,Technology,Nano-Cap,1035161,NMS
LVRO,Lavoro Limited,Basic Materials,Nano-Cap,2261405,NGM
NITO,"N2OFF, Inc.",Basic Materials,Nano-Cap,892925,NCM
ABP,"Abpro Holdings, Inc",Healthcare,Nano-Cap,1719761,NCM
C-PR,Citigroup Inc. Depositary Share,Financial Services,Nano-Cap,996044,NYQ
BA-PA,Boeing Company (The) Depositary,N/A,Nano-Cap,955431,NYQ
FCNCN,"First Citizens BancShares, Inc.",N/A,Nano-Cap,504620,NMS
AGQ,ProShares Ultra Silver,N/A,Nano-Cap,8745585,PCX
BOIL,ProShares Ultra Bloomberg Natur,N/A,Nano-Cap,14155590,PCX
GLL,ProShares UltraShort Gold,N/A,Nano-Cap,8289795,PCX
KOLD,ProShares UltraShort Bloomberg ,N/A,Nano-Cap,10379218,PCX
ZSL,ProShares UltraShort Silver,N/A,Nano-Cap,19988973,PCX
UGL,ProShares Ultra Gold,N/A,Nano-Cap,6286598,PCX
SCO,ProShares UltraShort Bloomberg ,N/A,Nano-Cap,2538426,PCX
UCO,ProShares Ultra Bloomberg Crude,N/A,Nano-Cap,4042925,PCX
ORCL-PD,Oracle Corporation Depositary S,N/A,Nano-Cap,1742644,NYQ
FNGU,MicroSectors FANG+ 3X Leveraged,N/A,Nano-Cap,5949203,PCX
GDXD,MicroSectors Gold Miners -3X In,N/A,Nano-Cap,1051255,PCX
BULZ,MicroSectors FANG & Innovation ,N/A,Nano-Cap,2555630,PCX
SHNY,MicroSectors Gold 3X Leveraged ,N/A,Nano-Cap,1365191,PCX
GDXU,MicroSectors Gold Miners 3X Lev,N/A,Nano-Cap,756701,PCX
KKR-PD,KKR & Co. Inc. 6.25% Series D M,Financial Services,Nano-Cap,521061,NYQ
HACQU,HCM IV Acquisition Corp.,N/A,Nano-Cap,987073,NGM
OPENZ,N/A,,Nano-Cap,621981,NMS
OPENW,N/A,,Nano-Cap,565246,NMS
CPER,United States Copper Index Fund,N/A,Nano-Cap,1395015,PCX
SSACU,SPACSphere Acquisition Corp.,N/A,Nano-Cap,729868,NGM
KRAQU,KRAKacquisition Corp,N/A,Nano-Cap,509330,NGM
XSLLU,Xsolla SPAC 1,Financial Services,Nano-Cap,516000,NGM
GLIBK,"GCI Liberty, Inc. - Series C GC",Communication Services,Small-Cap,538251,NMS
TRAD-UN,APEX Tech Acquisition Inc.,N/A,Nano-Cap,548800,NYQ
CLBR-UN,Colombier Acquisition Corp. III,N/A,Nano-Cap,841586,NYQ
MEVOU,M Evo Global Acquisition Corp I,Financial Services,Nano-Cap,541641,NGM
SVIVU,Spring Valley Acquisition Corp.,Financial Services,Nano-Cap,561170,NGM
TRGSU,TRG Latin America Acquisitions ,N/A,Nano-Cap,1183650,NGM
TMTSU,Spartacus Acquisition Corp. II,Financial Services,Nano-Cap,542606,NGM
PALOU,Paloma Acquisition Corp I,Financial Services,Nano-Cap,503009,NGM
ACAAU,Averin Capital Acquisition Corp,N/A,Nano-Cap,1027045,NGM
IACOU,Idea Acquisition Corp.,Financial Services,Nano-Cap,809562,NGM
CAQUU,Cambridge Acquisition Corp.,Financial Services,Nano-Cap,692431,NGM
CTAAU,ClearThink 1 Acquisition Corp.,N/A,Nano-Cap,662125,NGM
WLIIU,Willow Lane Acquisition Corp. I,Financial Services,Nano-Cap,510250,NGM
MLAAU,Mountain Lake Acquisition Corp.,N/A,Nano-Cap,666814,NGM
