ticker,name,sector,cap_tier,avg_volume,exchange
NVDA,NVIDIA Corporation,Technology,Mega-Cap,181664229,NMS
GOOGL,Alphabet Inc.,Communication Services,Mega-Cap,35328359,NMS
AAPL,Apple Inc.,Technology,Mega-Cap,46590713,NMS
MSFT,Microsoft Corporation,Technology,Mega-Cap,27213203,NMS
AMZN,"Amazon.com, Inc.",Consumer Cyclical,Mega-Cap,41512196,NMS
META,"Meta Platforms, Inc.",Communication Services,Mega-Cap,18298054,NMS
AVGO,Broadcom Inc.,Technology,Mega-Cap,29914786,NMS
TSLA,"Tesla, Inc.",Consumer Cyclical,Mega-Cap,74413947,NMS
BRK-B,Berkshire Hathaway Inc. New,Financial Services,Mega-Cap,4947606,NYQ
WMT,Walmart Inc.,Consumer Defensive,Mega-Cap,28580332,NMS
LLY,Eli Lilly and Company,Healthcare,Mega-Cap,3475983,NYQ
JPM,JP Morgan Chase & Co.,Financial Services,Mega-Cap,9923055,NYQ
SPY,State Street SPDR S&P 500 ETF T,N/A,Mega-Cap,80677213,PCX
V,Visa Inc.,Financial Services,Mega-Cap,7051963,NYQ
XOM,Exxon Mobil Corporation,Energy,Mega-Cap,16857727,NYQ
ASML,ASML Holding N.V. - New York Re,Technology,Mega-Cap,1650937,NMS
JNJ,Johnson & Johnson,Healthcare,Mega-Cap,8884967,NYQ
ORCL,Oracle Corporation,Technology,Mega-Cap,26359754,NYQ
MA,Mastercard Incorporated,Financial Services,Mega-Cap,3202301,NYQ
MU,"Micron Technology, Inc.",Technology,Mega-Cap,30589808,NMS
COST,Costco Wholesale Corporation,Consumer Defensive,Mega-Cap,2748391,NMS
BABA,Alibaba Group Holding Limited,Consumer Cyclical,Mega-Cap,12519959,NYQ
AMD,"Advanced Micro Devices, Inc.",Technology,Mega-Cap,39513529,NMS
ABBV,AbbVie Inc.,Healthcare,Mega-Cap,6193301,NYQ
PLTR,Palantir Technologies Inc.,Technology,Mega-Cap,45000642,NMS
BAC,Bank of America Corporation,Financial Services,Mega-Cap,37769778,NYQ
HD,"Home Depot, Inc. (The)",Consumer Cyclical,Mega-Cap,4530783,NYQ
NFLX,"Netflix, Inc.",Communication Services,Mega-Cap,45829631,NMS
PG,Procter & Gamble Company (The),Consumer Defensive,Mega-Cap,10700495,NYQ
CVX,Chevron Corporation,Energy,Mega-Cap,9948229,NYQ
KO,Coca-Cola Company (The),Consumer Defensive,Mega-Cap,16868039,NYQ
GE,GE Aerospace,Industrials,Mega-Cap,5002275,NYQ
CSCO,"Cisco Systems, Inc.",Technology,Mega-Cap,21274281,NMS
HSBC,"HSBC Holdings, plc.",Financial Services,Mega-Cap,1721986,NYQ
LRCX,Lam Research Corporation,Technology,Mega-Cap,11783842,NMS
CAT,"Caterpillar, Inc.",Industrials,Mega-Cap,2496922,NYQ
AZN,Astrazeneca PLC,Healthcare,Mega-Cap,6520980,NMS
NVS,Novartis AG,Healthcare,Mega-Cap,1631816,NYQ
MS,Morgan Stanley,Financial Services,Mega-Cap,5923600,NYQ
GS,"Goldman Sachs Group, Inc. (The)",Financial Services,Mega-Cap,2175495,NYQ
NVO,Novo Nordisk A/S,Healthcare,Mega-Cap,20592645,NYQ
WFC,Wells Fargo & Company,Financial Services,Mega-Cap,14905719,NYQ
PM,Philip Morris International Inc,Consumer Defensive,Mega-Cap,5612816,NYQ
IBM,International Business Machines,Technology,Mega-Cap,4221462,NYQ
SAP,SAP  SE,Technology,Mega-Cap,1776788,NYQ
RTX,RTX Corporation,Industrials,Mega-Cap,4880540,NYQ
MRK,"Merck & Company, Inc.",Healthcare,Mega-Cap,13971768,NYQ
AMAT,"Applied Materials, Inc.",Technology,Mega-Cap,7498898,NMS
UNH,UnitedHealth Group Incorporated,Healthcare,Mega-Cap,8588345,NYQ
AXP,American Express Company,Financial Services,Mega-Cap,2704501,NYQ
QQQ,"Invesco QQQ Trust, Series 1",N/A,Mega-Cap,55365875,NGM
RY,Royal Bank Of Canada,Financial Services,Mega-Cap,1232883,NYQ
TMO,Thermo Fisher Scientific Inc,Healthcare,Mega-Cap,1939393,NYQ
MCD,McDonald's Corporation,Consumer Cyclical,Mega-Cap,3255454,NYQ
INTC,Intel Corporation,Technology,Mega-Cap,99290155,NMS
CRM,"Salesforce, Inc.",Technology,Mega-Cap,8283208,NYQ
SHEL,Shell PLC,Energy,Mega-Cap,4592852,NYQ
KLAC,KLA Corporation,Technology,Large-Cap,1043767,NMS
LIN,Linde plc,Basic Materials,Mega-Cap,2796057,NMS
MUFG,"Mitsubishi UFJ Financial Group,",Financial Services,Mega-Cap,3680181,NYQ
TMUS,"T-Mobile US, Inc.",Communication Services,Mega-Cap,5416068,NMS
C,"Citigroup, Inc.",Financial Services,Mega-Cap,13435724,NYQ
PEP,"Pepsico, Inc.",Consumer Defensive,Mega-Cap,7833978,NMS
APH,Amphenol Corporation,Technology,Large-Cap,8926711,NYQ
DIS,Walt Disney Company (The),Communication Services,Mega-Cap,11132257,NYQ
SAN,"Banco Santander, S.A. Sponsored",Financial Services,Large-Cap,3134550,NYQ
BA,Boeing Company (The),Industrials,Large-Cap,8539836,NYQ
GEV,GE Vernova Inc.,Industrials,Large-Cap,3256454,NYQ
SCHW,Charles Schwab Corporation (The,Financial Services,Large-Cap,8786973,NYQ
AMGN,Amgen Inc.,Healthcare,Large-Cap,2911690,NMS
ISRG,"Intuitive Surgical, Inc.",Healthcare,Large-Cap,1848681,NMS
ABT,Abbott Laboratories,Healthcare,Large-Cap,8055457,NYQ
RIO,Rio Tinto Plc,Basic Materials,Large-Cap,3456947,NYQ
ANET,"Arista Networks, Inc.",Technology,Large-Cap,7888613,NYQ
APP,Applovin Corporation,Communication Services,Large-Cap,4560045,NMS
BX,Blackstone Inc.,Financial Services,Large-Cap,4036475,NYQ
NEE,"NextEra Energy, Inc.",Utilities,Large-Cap,9615719,NYQ
BHP,BHP Group Limited,Basic Materials,Large-Cap,3383095,NYQ
SHOP,Shopify Inc.,Technology,Large-Cap,7994903,NMS
TXN,Texas Instruments Incorporated,Technology,Large-Cap,7522701,NMS
GILD,"Gilead Sciences, Inc.",Healthcare,Large-Cap,7238593,NMS
BLK,"BlackRock, Inc.",Financial Services,Large-Cap,651726,NYQ
ACN,Accenture plc,Technology,Large-Cap,4020575,NYQ
UBER,"Uber Technologies, Inc.",Technology,Large-Cap,19722427,NYQ
DHR,Danaher Corporation,Healthcare,Large-Cap,3602968,NYQ
HDB,HDFC Bank Limited,Financial Services,Large-Cap,4431865,NYQ
VZ,Verizon Communications Inc.,Communication Services,Large-Cap,28056552,NYQ
TJX,"TJX Companies, Inc. (The)",Consumer Cyclical,Large-Cap,5459932,NYQ
T,AT&T Inc.,Communication Services,Large-Cap,44055078,NYQ
QCOM,QUALCOMM Incorporated,Technology,Large-Cap,8969186,NMS
TD,Toronto Dominion Bank (The),Financial Services,Large-Cap,2229998,NYQ
SPGI,S&P Global Inc.,Financial Services,Large-Cap,1517119,NYQ
SCCO,Southern Copper Corporation,Basic Materials,Large-Cap,1629226,NYQ
UBS,UBS Group AG Registered,Financial Services,Large-Cap,2004896,NYQ
TTE,TotalEnergies SE,Energy,Large-Cap,1203255,NYQ
LOW,"Lowe's Companies, Inc.",Consumer Cyclical,Large-Cap,3073693,NYQ
INTU,Intuit Inc.,Technology,Large-Cap,2151283,NMS
PDD,PDD Holdings Inc.,Consumer Cyclical,Large-Cap,8627842,NMS
PFE,"Pfizer, Inc.",Healthcare,Large-Cap,62114562,NYQ
ADI,"Analog Devices, Inc.",Technology,Large-Cap,3793862,NMS
HON,Honeywell International Inc.,Industrials,Large-Cap,4276300,NMS
BBVA,Banco Bilbao Vizcaya Argentaria,Financial Services,Large-Cap,1440718,NYQ
UL,Unilever PLC,Consumer Defensive,Large-Cap,2757286,NYQ
DE,Deere & Company,Industrials,Large-Cap,1442019,NYQ
NEM,Newmont Corporation,Basic Materials,Large-Cap,9445388,NYQ
NOW,"ServiceNow, Inc.",Technology,Large-Cap,11157500,NYQ
LMT,Lockheed Martin Corporation,Industrials,Large-Cap,1626501,NYQ
BSX,Boston Scientific Corporation,Healthcare,Large-Cap,10113824,NYQ
COF,Capital One Financial Corporati,Financial Services,Large-Cap,4483990,NYQ
UNP,Union Pacific Corporation,Industrials,Large-Cap,3131850,NYQ
SMFG,Sumitomo Mitsui Financial Group,Financial Services,Large-Cap,2072742,NYQ
BUD,Anheuser-Busch Inbev SA Sponsor,Consumer Defensive,Large-Cap,1969939,NYQ
SONY,Sony Group Corporation,Technology,Large-Cap,4666626,NYQ
SYK,Stryker Corporation,Healthcare,Large-Cap,1794937,NYQ
ETN,"Eaton Corporation, PLC",Industrials,Large-Cap,3024927,NYQ
BTI,British American Tobacco  Indus,Consumer Defensive,Large-Cap,3782116,NYQ
MDT,Medtronic plc.,Healthcare,Large-Cap,7261695,NYQ
IBKR,"Interactive Brokers Group, Inc.",Financial Services,Large-Cap,4334906,NMS
WELL,Welltower Inc.,Real Estate,Large-Cap,3386319,NYQ
PANW,"Palo Alto Networks, Inc.",Technology,Large-Cap,6080962,NMS
COP,ConocoPhillips,Energy,Large-Cap,7743842,NYQ
ADBE,Adobe Inc.,Technology,Large-Cap,4283080,NMS
GLD,SPDR Gold Shares,N/A,Large-Cap,15824178,PCX
ARM,Arm Holdings plc,Technology,Large-Cap,4973201,NMS
PGR,Progressive Corporation (The),Financial Services,Large-Cap,3458449,NYQ
VRTX,Vertex Pharmaceuticals Incorpor,Healthcare,Large-Cap,1430286,NMS
CB,Chubb Limited,Financial Services,Large-Cap,1670193,NYQ
CRWD,"CrowdStrike Holdings, Inc.",Technology,Large-Cap,2420816,NMS
PLD,"Prologis, Inc.",Real Estate,Large-Cap,3553203,NYQ
HCA,"HCA Healthcare, Inc.",Healthcare,Large-Cap,1240022,NYQ
PH,Parker-Hannifin Corporation,Industrials,Large-Cap,676981,NYQ
MELI,"MercadoLibre, Inc.",Consumer Cyclical,Large-Cap,537760,NMS
SNY,Sanofi,Healthcare,Large-Cap,2757790,NMS
CMCSA,Comcast Corporation,Communication Services,Large-Cap,39238583,NMS
BMY,Bristol-Myers Squibb Company,Healthcare,Large-Cap,14477893,NYQ
SBUX,Starbucks Corporation,Consumer Cyclical,Large-Cap,10372206,NMS
AEM,Agnico Eagle Mines Limited,Basic Materials,Large-Cap,2557359,NYQ
KKR,KKR & Co. Inc.,Financial Services,Large-Cap,4388819,NYQ
MFG,"Mizuho Financial Group, Inc. Sp",Financial Services,Large-Cap,3398639,NYQ
MO,"Altria Group, Inc.",Consumer Defensive,Large-Cap,9626781,NYQ
BN,Brookfield Corporation,Financial Services,Large-Cap,4250044,NYQ
IBN,ICICI Bank Limited,Financial Services,Large-Cap,5943119,NYQ
SPOT,Spotify Technology S.A.,Communication Services,Large-Cap,2108070,NYQ
ENB,Enbridge Inc,Energy,Large-Cap,4410244,NYQ
CEG,Constellation Energy Corporatio,Utilities,Large-Cap,2977606,NMS
MCK,McKesson Corporation,Healthcare,Large-Cap,700221,NYQ
CVNA,Carvana Co.,Consumer Cyclical,Large-Cap,4174024,NYQ
ADP,"Automatic Data Processing, Inc.",Technology,Large-Cap,2334465,NMS
GSK,GSK plc,Healthcare,Large-Cap,4278519,NYQ
CME,CME Group Inc.,Financial Services,Large-Cap,1904190,NMS
ICE,Intercontinental Exchange Inc.,Financial Services,Large-Cap,3250008,NYQ
BMO,Bank Of Montreal,Financial Services,Large-Cap,722955,NYQ
GD,General Dynamics Corporation,Industrials,Large-Cap,1262547,NYQ
SO,Southern Company (The),Utilities,Large-Cap,5926109,NYQ
NOC,Northrop Grumman Corporation,Industrials,Large-Cap,844331,NYQ
PBR,Petroleo Brasileiro S.A. Petrob,Energy,Large-Cap,21546504,NYQ
ITUB,Itau Unibanco Banco Holding SA,Financial Services,Large-Cap,22004276,NYQ
BP,BP p.l.c.,Energy,Large-Cap,8013388,NYQ
SNPS,"Synopsys, Inc.",Technology,Large-Cap,2100547,NMS
BNS,Bank Nova Scotia Halifax Pfd 3,Financial Services,Large-Cap,1919263,NYQ
HOOD,"Robinhood Markets, Inc.",Financial Services,Large-Cap,25107731,NMS
IAU,iShares Gold Trust Shares,N/A,Large-Cap,12844355,PCX
GLW,Corning Incorporated,Technology,Large-Cap,6725826,NYQ
BCS,Barclays PLC,Financial Services,Large-Cap,5245021,NYQ
DUK,Duke Energy Corporation (Holdin,Utilities,Large-Cap,3613624,NYQ
NKE,"Nike, Inc.",Consumer Cyclical,Large-Cap,18324027,NYQ
WM,"Waste Management, Inc.",Industrials,Large-Cap,2075568,NYQ
MCO,Moody's Corporation,Financial Services,Large-Cap,749626,NYQ
CVS,CVS Health Corporation,Healthcare,Large-Cap,7955186,NYQ
UPS,"United Parcel Service, Inc.",Industrials,Large-Cap,6146465,NYQ
PNC,"PNC Financial Services Group, I",Financial Services,Large-Cap,2207926,NYQ
FCX,"Freeport-McMoRan, Inc.",Basic Materials,Large-Cap,18222465,NYQ
NU,Nu Holdings Ltd.,Financial Services,Large-Cap,40848222,NYQ
DASH,"DoorDash, Inc.",Consumer Cyclical,Large-Cap,5399837,NMS
B,Barrick Mining Corporation,Basic Materials,Large-Cap,15604431,NYQ
MRSH,Marsh,Financial Services,Large-Cap,2708711,NYQ
USB,U.S. Bancorp,Financial Services,Large-Cap,9351006,NYQ
TT,Trane Technologies plc,Industrials,Large-Cap,1512895,NYQ
ING,"ING Group, N.V.",Financial Services,Large-Cap,1838108,NYQ
CM,Canadian Imperial Bank of Comme,Financial Services,Large-Cap,1140795,NYQ
HWM,Howmet Aerospace Inc.,Industrials,Large-Cap,2298695,NYQ
CDNS,"Cadence Design Systems, Inc.",Technology,Large-Cap,1746086,NMS
WDC,Western Digital Corporation,Technology,Large-Cap,8869247,NMS
SHW,Sherwin-Williams Company (The),Basic Materials,Large-Cap,1815240,NYQ
LYG,Lloyds Banking Group Plc,Financial Services,Large-Cap,7556936,NYQ
MAR,Marriott International,Consumer Cyclical,Large-Cap,1584565,NMS
ORLY,"O'Reilly Automotive, Inc.",Consumer Cyclical,Large-Cap,5548806,NMS
NTES,"NetEase, Inc.",Communication Services,Large-Cap,647375,NMS
AMT,American Tower Corporation (REI,Real Estate,Large-Cap,3179800,NYQ
MMM,3M Company,Industrials,Large-Cap,3217267,NYQ
NGG,"National Grid Transco, PLC Nati",Utilities,Large-Cap,651078,NYQ
BAM,Brookfield Asset Management Inc,Financial Services,Large-Cap,2527457,NYQ
EMR,Emerson Electric Company,Industrials,Large-Cap,2698355,NYQ
BK,The Bank of New York Mellon Cor,Financial Services,Large-Cap,3517242,NYQ
CRH,CRH PLC,Basic Materials,Large-Cap,7656814,NYQ
GM,General Motors Company,Consumer Cyclical,Large-Cap,9049509,NYQ
REGN,"Regeneron Pharmaceuticals, Inc.",Healthcare,Large-Cap,969309,NMS
ABNB,"Airbnb, Inc.",Consumer Cyclical,Large-Cap,4727744,NMS
STX,Seagate Technology Holdings PLC,Technology,Large-Cap,4256531,NMS
ECL,Ecolab Inc.,Basic Materials,Large-Cap,1338736,NYQ
WMB,"Williams Companies, Inc. (The)",Energy,Large-Cap,7115883,NYQ
CMI,Cummins Inc.,Industrials,Large-Cap,893114,NYQ
MNST,Monster Beverage Corporation,Consumer Defensive,Large-Cap,5555885,NMS
EQIX,"Equinix, Inc.",Real Estate,Large-Cap,553086,NMS
RCL,Royal Caribbean Cruises Ltd.,Consumer Cyclical,Large-Cap,2401890,NYQ
DB,Deutsche Bank AG,Financial Services,Large-Cap,2504575,NYQ
DELL,Dell Technologies Inc.,Technology,Large-Cap,6889934,NYQ
CTAS,Cintas Corporation,Industrials,Large-Cap,2002896,NMS
APO,"Apollo Global Management, Inc. ",Financial Services,Large-Cap,3168988,NYQ
CNQ,Canadian Natural Resources Limi,Energy,Large-Cap,8260388,NYQ
MDLZ,"Mondelez International, Inc.",Consumer Defensive,Large-Cap,10846004,NMS
SLB,SLB Limited,Energy,Large-Cap,17022488,NYQ
ITW,Illinois Tool Works Inc.,Industrials,Large-Cap,1194216,NYQ
SE,Sea Limited,Consumer Cyclical,Large-Cap,5033206,NYQ
INFY,Infosys Limited,Technology,Large-Cap,13232496,NYQ
FDX,FedEx Corporation,Industrials,Large-Cap,1750473,NYQ
NWG,NatWest Group plc,Financial Services,Large-Cap,2366303,NYQ
SNOW,Snowflake Inc.,Technology,Large-Cap,4739549,NYQ
ELV,"Elevance Health, Inc.",Healthcare,Large-Cap,1607888,NYQ
VRT,"Vertiv Holdings, LLC",Industrials,Large-Cap,6256478,NYQ
NET,"Cloudflare, Inc.",Technology,Large-Cap,3106572,NYQ
CI,The Cigna Group,Healthcare,Large-Cap,1844663,NYQ
EPD,Enterprise Products Partners L.,Energy,Large-Cap,3894611,NYQ
JCI,Johnson Controls International ,Industrials,Large-Cap,5519403,NYQ
MRVL,"Marvell Technology, Inc.",Technology,Large-Cap,16750644,NMS
PWR,"Quanta Services, Inc.",Industrials,Large-Cap,978580,NYQ
AON,Aon plc,Financial Services,Large-Cap,1085342,NYQ
SNDK,Sandisk Corporation,Technology,Large-Cap,13957636,NMS
CSX,CSX Corporation,Industrials,Large-Cap,13359452,NMS
VALE,VALE S.A.,Basic Materials,Large-Cap,34918926,NYQ
HLT,Hilton Worldwide Holdings Inc.,Consumer Cyclical,Large-Cap,1686609,NYQ
SPG,"Simon Property Group, Inc.",Real Estate,Large-Cap,1439167,NYQ
WBD,"Warner Bros. Discovery, Inc. - ",Communication Services,Large-Cap,43313250,NMS
RELX,RELX PLC PLC,Industrials,Large-Cap,2268247,NYQ
CL,Colgate-Palmolive Company,Consumer Defensive,Large-Cap,6668421,NYQ
COR,"Cencora, Inc.",Healthcare,Large-Cap,1418216,NYQ
WPM,Wheaton Precious Metals Corp,Basic Materials,Large-Cap,2024947,NYQ
TEL,TE Connectivity plc,Technology,Large-Cap,2018265,NYQ
RSG,"Republic Services, Inc.",Industrials,Large-Cap,1521667,NYQ
MSI,"Motorola Solutions, Inc.",Technology,Large-Cap,1458242,NYQ
LHX,"L3Harris Technologies, Inc.",Industrials,Large-Cap,1339924,NYQ
CP,Canadian Pacific Kansas City Li,Industrials,Large-Cap,2456718,NYQ
KMI,"Kinder Morgan, Inc.",Energy,Large-Cap,13765793,NYQ
EQNR,Equinor ASA,Energy,Large-Cap,4094277,NYQ
TFC,Truist Financial Corporation,Financial Services,Large-Cap,8585242,NYQ
NSC,Norfolk Southern Corporation,Industrials,Large-Cap,1247926,NYQ
AEP,American Electric Power Company,Utilities,Large-Cap,3392409,NMS
AMX,"America Movil, S.A.B. de C.V.",Communication Services,Large-Cap,2247959,NYQ
PCAR,PACCAR Inc.,Industrials,Large-Cap,3259393,NMS
SU,Suncor Energy  Inc.,Energy,Large-Cap,4655050,NYQ
CNI,Canadian National Railway Compa,Industrials,Large-Cap,1374690,NYQ
MFC,Manulife Financial Corporation,Financial Services,Large-Cap,2073093,NYQ
TRV,"The Travelers Companies, Inc.",Financial Services,Large-Cap,1507963,NYQ
FTNT,"Fortinet, Inc.",Technology,Large-Cap,5993591,NMS
AJG,Arthur J. Gallagher & Co.,Financial Services,Large-Cap,1782154,NYQ
ET,Energy Transfer LP,Energy,Large-Cap,15254759,NYQ
ROST,"Ross Stores, Inc.",Consumer Cyclical,Large-Cap,2654639,NMS
RACE,Ferrari N.V.,Consumer Cyclical,Large-Cap,690511,NYQ
TRP,TC Energy Corporation,Energy,Large-Cap,2214244,NYQ
EOG,"EOG Resources, Inc.",Energy,Large-Cap,4120837,NYQ
RKT,"Rocket Companies, Inc.",Financial Services,Large-Cap,29808345,NYQ
URI,"United Rentals, Inc.",Industrials,Large-Cap,668831,NYQ
BDX,"Becton, Dickinson and Company",Healthcare,Large-Cap,2183460,NYQ
AFL,AFLAC Incorporated,Financial Services,Large-Cap,2380678,NYQ
NXPI,NXP Semiconductors N.V.,Technology,Large-Cap,2792945,NMS
APD,"Air Products and Chemicals, Inc",Basic Materials,Large-Cap,1651121,NYQ
DLR,"Digital Realty Trust, Inc.",Real Estate,Large-Cap,1976921,NYQ
COIN,"Coinbase Global, Inc. - 3",Financial Services,Large-Cap,9172670,NMS
SRE,DBA Sempra,Utilities,Large-Cap,3903455,NYQ
ADSK,"Autodesk, Inc.",Technology,Large-Cap,1641119,NMS
VLO,Valero Energy Corporation,Energy,Large-Cap,3156265,NYQ
MPLX,MPLX LP,Energy,Large-Cap,1545540,NYQ
PSX,Phillips 66,Energy,Large-Cap,2353244,NYQ
NDAQ,"Nasdaq, Inc.",Financial Services,Large-Cap,3262737,NMS
TAK,Takeda Pharmaceutical Company L,Healthcare,Large-Cap,3002947,NYQ
O,Realty Income Corporation,Real Estate,Large-Cap,6442249,NYQ
BKR,Baker Hughes Company,Energy,Large-Cap,8060849,NMS
VST,Vistra Corp.,Utilities,Large-Cap,4909196,NYQ
IDXX,"IDEXX Laboratories, Inc.",Healthcare,Large-Cap,556293,NMS
F,Ford Motor Company,Consumer Cyclical,Large-Cap,58290106,NYQ
ZTS,Zoetis Inc.,Healthcare,Large-Cap,5421101,NYQ
BIDU,"Baidu, Inc.",Communication Services,Large-Cap,3370675,NMS
AU,AngloGold Ashanti PLC,Basic Materials,Large-Cap,2851063,NYQ
CCJ,Cameco Corporation,Energy,Large-Cap,4215449,NYQ
CRWV,"CoreWeave, Inc.",Technology,Large-Cap,30324495,NMS
TRI,Thomson Reuters Corp,Industrials,Large-Cap,1125340,NMS
CMG,"Chipotle Mexican Grill, Inc.",Consumer Cyclical,Large-Cap,20043906,NYQ
BSBR,Banco Santander Brasil SA,Financial Services,Large-Cap,706870,NYQ
PYPL,"PayPal Holdings, Inc.",Financial Services,Large-Cap,15405506,NMS
MPWR,"Monolithic Power Systems, Inc.",Technology,Large-Cap,671350,NMS
IMO,Imperial Oil Limited,Energy,Large-Cap,596985,ASE
D,"Dominion Energy, Inc.",Utilities,Large-Cap,6226585,NYQ
MPC,Marathon Petroleum Corporation,Energy,Large-Cap,2266216,NYQ
ALL,Allstate Corporation (The),Financial Services,Large-Cap,1656291,NYQ
EA,Electronic Arts Inc.,Communication Services,Large-Cap,1972104,NMS
MET,"MetLife, Inc.",Financial Services,Large-Cap,3607054,NYQ
AME,"AMETEK, Inc.",Industrials,Large-Cap,1351367,NYQ
CAH,"Cardinal Health, Inc.",Healthcare,Large-Cap,2122326,NYQ
GFI,Gold Fields Limited,Basic Materials,Large-Cap,3391059,NYQ
FNV,Franco-Nevada Corporation,Basic Materials,Large-Cap,781477,NYQ
RBLX,Roblox Corporation,Communication Services,Large-Cap,9330596,NYQ
CBRE,CBRE Group Inc,Real Estate,Large-Cap,1353177,NYQ
FERG,Ferguson Enterprises Inc.,Industrials,Large-Cap,1451691,NYQ
FAST,Fastenal Company,Industrials,Large-Cap,7758726,NMS
WDAY,"Workday, Inc.",Technology,Large-Cap,3141270,NMS
FER,Ferrovial SE,Industrials,Large-Cap,2346626,NMS
CTVA,"Corteva, Inc.",Basic Materials,Large-Cap,3759722,NYQ
DEO,Diageo plc,Consumer Defensive,Large-Cap,1776788,NYQ
EW,Edwards Lifesciences Corporatio,Healthcare,Large-Cap,3432970,NYQ
OKE,"ONEOK, Inc.",Energy,Large-Cap,4288472,NYQ
ARES,Ares Management Corporation,Financial Services,Large-Cap,2992088,NYQ
PSA,Public Storage,Real Estate,Large-Cap,1133562,NYQ
CARR,Carrier Global Corporation,Industrials,Large-Cap,7382722,NYQ
AXON,"Axon Enterprise, Inc.",Industrials,Large-Cap,897616,NMS
DDOG,"Datadog, Inc.",Technology,Large-Cap,5001060,NMS
GBTC,Grayscale Bitcoin Trust (BTC),N/A,Large-Cap,5332550,PCX
TGT,Target Corporation,Consumer Defensive,Large-Cap,7091719,NYQ
ROK,"Rockwell Automation, Inc.",Industrials,Large-Cap,872895,NYQ
AMP,"Ameriprise Financial, Inc.",Financial Services,Large-Cap,606706,NYQ
ALNY,"Alnylam Pharmaceuticals, Inc.",Healthcare,Large-Cap,1381855,NMS
MSTR,Strategy Inc,Technology,Large-Cap,20014216,NMS
RKLB,Rocket Lab Corporation,Industrials,Large-Cap,23946921,NCM
HLN,Haleon plc,Healthcare,Large-Cap,9118313,NYQ
KGC,Kinross Gold Corporation,Basic Materials,Large-Cap,9470614,NYQ
FANG,"Diamondback Energy, Inc.",Energy,Large-Cap,1823090,NMS
TTWO,"Take-Two Interactive Software, ",Communication Services,Large-Cap,1670924,NMS
EXC,Exelon Corporation,Utilities,Large-Cap,7565659,NMS
LNG,"Cheniere Energy, Inc.",Energy,Large-Cap,1959778,NYQ
XEL,Xcel Energy Inc.,Utilities,Large-Cap,5271501,NMS
MSCI,MSCI Inc.,Financial Services,Large-Cap,579385,NYQ
ABEV,Ambev S.A.,Consumer Defensive,Large-Cap,29549947,NYQ
OXY,Occidental Petroleum Corporatio,Energy,Large-Cap,10046991,NYQ
BBD,Banco Bradesco Sa,Financial Services,Large-Cap,34886145,NYQ
ASX,"ASE Technology Holding Co., Ltd",Technology,Large-Cap,7135814,NYQ
WCN,"Waste Connections, Inc.",Industrials,Large-Cap,1265295,NYQ
JD,"JD.com, Inc.",Consumer Cyclical,Large-Cap,10303475,NMS
EBAY,eBay Inc.,Consumer Cyclical,Large-Cap,4271291,NMS
DHI,"D.R. Horton, Inc.",Consumer Cyclical,Large-Cap,3161447,NYQ
DAL,"Delta Air Lines, Inc.",Industrials,Large-Cap,7761950,NYQ
ETR,Entergy Corporation,Utilities,Large-Cap,2559398,NYQ
YUM,"Yum! Brands, Inc.",Consumer Cyclical,Large-Cap,2182449,NYQ
MT,Arcelor Mittal NY Registry Shar,Basic Materials,Large-Cap,1410532,NYQ
TRGP,"Targa Resources, Inc.",Energy,Large-Cap,1489237,NYQ
EL,"Estee Lauder Companies, Inc. (T",Consumer Defensive,Large-Cap,3495139,NYQ
CCEP,Coca-Cola Europacific Partners ,Consumer Defensive,Large-Cap,1603763,NMS
LVS,Las Vegas Sands Corp.,Consumer Cyclical,Large-Cap,5866542,NYQ
PUK,Prudential Public Limited Compa,Financial Services,Large-Cap,822768,NYQ
CTSH,Cognizant Technology Solutions ,Technology,Large-Cap,4659039,NMS
KR,Kroger Company (The),Consumer Defensive,Large-Cap,6577421,NYQ
IQV,"IQVIA Holdings, Inc.",Healthcare,Large-Cap,1327013,NYQ
AIG,"American International Group, I",Financial Services,Large-Cap,5043786,NYQ
FIX,"Comfort Systems USA, Inc.",Industrials,Large-Cap,573218,NYQ
ASTS,"AST SpaceMobile, Inc.",Technology,Large-Cap,14348445,NMS
TCOM,Trip.com Group Limited,Consumer Cyclical,Large-Cap,2888983,NMS
MCHP,Microchip Technology Incorporat,Technology,Large-Cap,9055219,NMS
SYY,Sysco Corporation,Consumer Defensive,Large-Cap,3430683,NYQ
PEG,Public Service Enterprise Group,Utilities,Large-Cap,2961140,NYQ
ALC,Alcon Inc.,Healthcare,Large-Cap,1663962,NYQ
DIA,SPDR Dow Jones Industrial Avera,N/A,Large-Cap,6158409,PCX
ROP,"Roper Technologies, Inc.",Technology,Large-Cap,1179926,NMS
NUE,Nucor Corporation,Basic Materials,Large-Cap,1585722,NYQ
WAB,Westinghouse Air Brake Technolo,Industrials,Large-Cap,786272,NYQ
VMC,Vulcan Materials Company (Holdi,Basic Materials,Large-Cap,1004190,NYQ
GRMN,Garmin Ltd.,Technology,Large-Cap,1019516,NYQ
XYZ,"Block, Inc.",Technology,Large-Cap,7301819,NYQ
NOK,Nokia Corporation Sponsored,Technology,Large-Cap,32099204,NYQ
CPRT,"Copart, Inc.",Industrials,Large-Cap,8869936,NMS
HMC,"Honda Motor Company, Ltd.",Consumer Cyclical,Large-Cap,1030760,NYQ
HSY,The Hershey Company,Consumer Defensive,Large-Cap,1695365,NYQ
A,"Agilent Technologies, Inc.",Healthcare,Large-Cap,1998111,NYQ
MDLN,Medline Inc.,Healthcare,Large-Cap,8814853,NMS
CLS,"Celestica, Inc.",Technology,Large-Cap,2919270,NYQ
ED,"Consolidated Edison, Inc.",Utilities,Large-Cap,2136473,NYQ
TER,"Teradyne, Inc.",Technology,Large-Cap,3040100,NMS
CCI,Crown Castle Inc.,Real Estate,Large-Cap,2840057,NYQ
PRU,"Prudential Financial, Inc.",Financial Services,Large-Cap,1722183,NYQ
CUK,Carnival Plc,Consumer Cyclical,Large-Cap,2089616,NYQ
CCL,Carnival Corporation,Consumer Cyclical,Large-Cap,20414840,NYQ
PAYX,"Paychex, Inc.",Technology,Large-Cap,3325939,NMS
KDP,Keurig Dr Pepper Inc.,Consumer Defensive,Large-Cap,13667336,NMS
KEYS,Keysight Technologies Inc.,Technology,Large-Cap,1184313,NYQ
TEVA,Teva Pharmaceutical Industries ,Healthcare,Large-Cap,11452949,NYQ
RMD,ResMed Inc.,Healthcare,Large-Cap,1031714,NYQ
RDDT,"Reddit, Inc.",Communication Services,Large-Cap,4367968,NYQ
ERIC,Ericsson,Technology,Large-Cap,10478026,NMS
CVE,Cenovus Energy Inc,Energy,Large-Cap,11339295,NYQ
GEHC,GE HealthCare Technologies Inc.,Healthcare,Large-Cap,3521237,NMS
CPNG,"Coupang, Inc.",Consumer Cyclical,Large-Cap,17531313,NYQ
ODFL,"Old Dominion Freight Line, Inc.",Industrials,Large-Cap,2156485,NMS
HIG,"The Hartford Insurance Group, I",Financial Services,Large-Cap,1470385,NYQ
SATS,EchoStar Corporation,Communication Services,Large-Cap,5531357,NMS
FISV,"Fiserv, Inc.",N/A,Large-Cap,10129715,NMS
WEC,"WEC Energy Group, Inc.",Utilities,Large-Cap,2117839,NYQ
VEEV,Veeva Systems Inc.,Healthcare,Large-Cap,1634927,NYQ
BE,Bloom Energy Corporation,Industrials,Large-Cap,13443232,NYQ
RYAAY,Ryanair Holdings plc,Industrials,Large-Cap,1152004,NMS
VTR,"Ventas, Inc.",Real Estate,Large-Cap,2991883,NYQ
STT,State Street Corporation,Financial Services,Large-Cap,2004624,NYQ
OTIS,Otis Worldwide Corporation,Industrials,Large-Cap,2781875,NYQ
TEAM,Atlassian Corporation,Technology,Large-Cap,3160280,NMS
MDY,State Street SPDR S&P MIDCAP 40,N/A,Large-Cap,978611,PCX
ZS,"Zscaler, Inc.",Technology,Large-Cap,1845822,NMS
SYM,Symbotic Inc.,Industrials,Large-Cap,2712398,NGM
ACGL,Arch Capital Group Ltd.,Financial Services,Large-Cap,2225157,NMS
CIEN,Ciena Corporation,Technology,Large-Cap,2962114,NYQ
SLV,iShares Silver Trust,N/A,Large-Cap,85965642,PCX
INSM,Insmed Incorporated,Healthcare,Large-Cap,3046931,NMS
IR,Ingersoll Rand Inc.,Industrials,Large-Cap,2862813,NYQ
NTR,Nutrien Ltd.,Basic Materials,Large-Cap,2666970,NYQ
XYL,Xylem Inc.,Industrials,Large-Cap,1331622,NYQ
LYV,"Live Nation Entertainment, Inc.",Communication Services,Large-Cap,3038750,NYQ
WDS,Woodside Energy Group Limited,Energy,Large-Cap,866514,NYQ
MTB,M&T Bank Corporation,Financial Services,Large-Cap,1019331,NYQ
VOD,Vodafone Group Plc,Communication Services,Large-Cap,4644432,NMS
EQT,EQT Corporation,Energy,Large-Cap,9436504,NYQ
UAL,"United Airlines Holdings, Inc.",Industrials,Large-Cap,5251516,NMS
COHR,Coherent Corp.,Technology,Large-Cap,4649393,NYQ
KVUE,Kenvue Inc.,Consumer Defensive,Large-Cap,44336903,NYQ
MDB,"MongoDB, Inc.",Technology,Large-Cap,1754965,NGM
NTRA,"Natera, Inc.",Healthcare,Large-Cap,1335939,NMS
KMB,Kimberly-Clark Corporation,Consumer Defensive,Large-Cap,6953150,NMS
RJF,"Raymond James Financial, Inc.",Financial Services,Large-Cap,1218659,NYQ
PCG,Pacific Gas & Electric Co.,Utilities,Large-Cap,23044370,NYQ
EXPE,"Expedia Group, Inc.",Consumer Cyclical,Large-Cap,2048814,NMS
ADM,Archer-Daniels-Midland Company,Consumer Defensive,Large-Cap,3349724,NYQ
DG,Dollar General Corporation,Consumer Defensive,Large-Cap,3641309,NYQ
SOFI,"SoFi Technologies, Inc.",Financial Services,Large-Cap,59139604,NMS
FOXA,Fox Corporation,Communication Services,Large-Cap,3336673,NMS
UMC,United Microelectronics Corpora,Technology,Large-Cap,10386157,NYQ
EXR,Extra Space Storage Inc,Real Estate,Large-Cap,1269855,NYQ
QSR,Restaurant Brands International,Consumer Cyclical,Large-Cap,2819642,NYQ
WTW,Willis Towers Watson Public Lim,Financial Services,Large-Cap,618085,NMS
VIK,Viking Holdings Ltd,Consumer Cyclical,Large-Cap,2426042,NYQ
ROL,"Rollins, Inc.",Consumer Cyclical,Large-Cap,2621950,NYQ
VICI,VICI Properties Inc.,Real Estate,Large-Cap,12308531,NYQ
FIS,Fidelity National Information S,Technology,Large-Cap,3273447,NYQ
VRSK,"Verisk Analytics, Inc.",Industrials,Large-Cap,1338001,NMS
NRG,"NRG Energy, Inc.",Utilities,Large-Cap,1923954,NYQ
AMRZ,Amrize Ltd,Basic Materials,Large-Cap,4032965,NYQ
BNTX,BioNTech SE,Healthcare,Large-Cap,1179886,NMS
FLUT,Flutter Entertainment plc,Consumer Cyclical,Large-Cap,2684760,NYQ
TSCO,Tractor Supply Company,Consumer Cyclical,Large-Cap,6596790,NMS
LPLA,LPL Financial Holdings Inc.,Financial Services,Large-Cap,639280,NMS
ULTA,"Ulta Beauty, Inc.",Consumer Cyclical,Large-Cap,664527,NMS
HAL,Halliburton Company,Energy,Large-Cap,12134277,NYQ
FTAI,FTAI Aviation Ltd.,Industrials,Large-Cap,1383226,NMS
DXCM,"DexCom, Inc.",Healthcare,Large-Cap,6014872,NMS
HPE,Hewlett Packard Enterprise Comp,Technology,Large-Cap,23934734,NYQ
ALAB,"Astera Labs, Inc.",Technology,Large-Cap,5517418,NMS
TME,Tencent Music Entertainment Gro,Communication Services,Large-Cap,6007998,NYQ
DOV,Dover Corporation,Industrials,Large-Cap,1122765,NYQ
DTE,DTE Energy Company,Utilities,Large-Cap,1633540,NYQ
NTRS,Northern Trust Corporation,Financial Services,Large-Cap,984913,NMS
ZM,"Zoom Communications, Inc.",Technology,Large-Cap,3046667,NMS
STLA,Stellantis N.V.,Consumer Cyclical,Large-Cap,12670416,NYQ
PHG,Koninklijke Philips N.V. NY Reg,Healthcare,Large-Cap,696655,NYQ
STZ,"Constellation Brands, Inc.",Consumer Defensive,Large-Cap,2595468,NYQ
EC,Ecopetrol S.A.,Energy,Large-Cap,2633826,NYQ
AEE,Ameren Corporation,Utilities,Large-Cap,1698255,NYQ
CSGP,"CoStar Group, Inc.",Real Estate,Large-Cap,5141252,NMS
KHC,The Kraft Heinz Company,Consumer Defensive,Large-Cap,15278954,NMS
TECK,Teck Resources Ltd,Basic Materials,Large-Cap,4167742,NYQ
KEP,Korea Electric Power Corporatio,Utilities,Large-Cap,539139,NYQ
HBAN,Huntington Bancshares Incorpora,Financial Services,Large-Cap,30011285,NMS
FE,FirstEnergy Corp.,Utilities,Large-Cap,4510468,NYQ
WIT,Wipro Limited,Technology,Large-Cap,6920604,NYQ
ATO,Atmos Energy Corporation,Utilities,Large-Cap,1245827,NYQ
CFG,"Citizens Financial Group, Inc.",Financial Services,Large-Cap,4758575,NYQ
LEN,Lennar Corporation,Consumer Cyclical,Large-Cap,5837268,NYQ
PPL,PPL Corporation,Utilities,Large-Cap,6665355,NYQ
SYF,Synchrony Financial,Financial Services,Large-Cap,3910000,NYQ
PAAS,Pan American Silver Corp.,Basic Materials,Large-Cap,7218170,NYQ
FTS,Fortis Inc.,Utilities,Large-Cap,882401,NYQ
IRM,Iron Mountain Incorporated (Del,Real Estate,Large-Cap,2208000,NYQ
NMR,Nomura Holdings Inc,Financial Services,Large-Cap,1040006,NYQ
ES,Eversource Energy (D/B/A),Utilities,Large-Cap,2639226,NYQ
TPR,"Tapestry, Inc.",Consumer Cyclical,Large-Cap,2885239,NYQ
GFS,GlobalFoundries Inc.,Technology,Large-Cap,4180168,NMS
LITE,Lumentum Holdings Inc.,Technology,Large-Cap,4667637,NMS
STM,STMicroelectronics N.V.,Technology,Large-Cap,6047680,NYQ
CNP,"CenterPoint Energy, Inc (Holdin",Utilities,Large-Cap,4711109,NYQ
EXE,Expand Energy Corporation,Energy,Large-Cap,3331809,NMS
STE,STERIS plc (Ireland),Healthcare,Large-Cap,616572,NYQ
JBL,Jabil Inc.,Technology,Large-Cap,1212811,NYQ
STLD,"Steel Dynamics, Inc.",Basic Materials,Large-Cap,1261440,NMS
EFX,"Equifax, Inc.",Industrials,Large-Cap,1516181,NYQ
AER,AerCap Holdings N.V.,Industrials,Large-Cap,1228690,NYQ
ON,ON Semiconductor Corporation,Technology,Large-Cap,9110198,NMS
BIIB,Biogen Inc.,Healthcare,Large-Cap,1958080,NMS
WRB,W.R. Berkley Corporation,Financial Services,Large-Cap,2956573,NYQ
AWK,"American Water Works Company, I",Utilities,Large-Cap,1811919,NYQ
BRO,"Brown & Brown, Inc.",Financial Services,Large-Cap,2702359,NYQ
FSLR,"First Solar, Inc.",Technology,Large-Cap,2161377,NMS
AVB,"AvalonBay Communities, Inc.",Real Estate,Large-Cap,1087367,NYQ
DVN,Devon Energy Corporation,Energy,Large-Cap,8807852,NYQ
HUM,Humana Inc.,Healthcare,Large-Cap,1718586,NYQ
CHTR,"Charter Communications, Inc.",Communication Services,Large-Cap,1947362,NMS
VLTO,Veralto Corp,Industrials,Large-Cap,1638200,NYQ
PPG,"PPG Industries, Inc.",Basic Materials,Large-Cap,2137709,NYQ
WSM,"Williams-Sonoma, Inc.",Consumer Cyclical,Large-Cap,1192190,NYQ
DLTR,"Dollar Tree, Inc.",Consumer Defensive,Large-Cap,3375780,NMS
RGLD,"Royal Gold, Inc.",Basic Materials,Large-Cap,974386,NMS
OMC,Omnicom Group Inc.,Communication Services,Large-Cap,4569493,NYQ
CINF,Cincinnati Financial Corporatio,Financial Services,Large-Cap,576501,NMS
NBIS,Nebius Group N.V.,Communication Services,Large-Cap,16250867,NMS
PSTG,"Pure Storage, Inc.",Technology,Large-Cap,4081159,NYQ
EQR,Equity Residential,Real Estate,Large-Cap,2350449,NYQ
PHM,"PulteGroup, Inc.",Consumer Cyclical,Large-Cap,1814759,NYQ
RF,Regions Financial Corporation,Financial Services,Large-Cap,14343273,NYQ
FLEX,Flex Ltd.,Technology,Large-Cap,4910463,NMS
BR,"Broadridge Financial Solutions,",Technology,Large-Cap,756032,NYQ
EIX,Edison International,Utilities,Large-Cap,3084411,NYQ
SQM,Sociedad Quimica y Minera S.A.,Basic Materials,Large-Cap,1616368,NYQ
LDOS,"Leidos Holdings, Inc.",Technology,Large-Cap,860245,NYQ
PBA,Pembina Pipeline Corp.,Energy,Large-Cap,1395406,NYQ
GIS,"General Mills, Inc.",Consumer Defensive,Large-Cap,7209914,NYQ
RPRX,Royalty Pharma plc,Healthcare,Large-Cap,4205054,NMS
BCE,"BCE, Inc.",Communication Services,Large-Cap,3116050,NYQ
KEY,KeyCorp,Financial Services,Large-Cap,16598316,NYQ
AXIA,AXIA Energia,Utilities,Large-Cap,1909280,NYQ
ILMN,"Illumina, Inc.",Healthcare,Large-Cap,1796468,NMS
CRDO,Credo Technology Group Holding ,Technology,Large-Cap,6093598,NMS
VRSN,"VeriSign, Inc.",Technology,Large-Cap,785463,NMS
WAT,Waters Corporation,Healthcare,Large-Cap,559572,NYQ
TSN,"Tyson Foods, Inc.",Consumer Defensive,Large-Cap,3167449,NYQ
TROW,"T. Rowe Price Group, Inc.",Financial Services,Large-Cap,1739900,NMS
TPG,TPG Inc.,Financial Services,Large-Cap,1823967,NMS
DRI,"Darden Restaurants, Inc.",Consumer Cyclical,Large-Cap,1629993,NYQ
FTI,TechnipFMC plc,Energy,Large-Cap,3013575,NYQ
VIV,Telefonica Brasil S.A.,Communication Services,Large-Cap,806881,NYQ
AFRM,"Affirm Holdings, Inc.",Financial Services,Large-Cap,5430840,NMS
ALB,Albemarle Corporation,Basic Materials,Large-Cap,3600657,NYQ
OWL,Blue Owl Capital Inc.,Financial Services,Large-Cap,13488077,NYQ
FUTU,Futu Holdings Limited,Financial Services,Large-Cap,1368760,NGM
TW,Tradeweb Markets Inc.,Financial Services,Large-Cap,1245145,NMS
TS,Tenaris S.A.,Energy,Large-Cap,1162627,NYQ
CHD,"Church & Dwight Company, Inc.",Consumer Defensive,Large-Cap,2532619,NYQ
LH,Labcorp Holdings Inc.,Healthcare,Large-Cap,806680,NYQ
CYBR,CyberArk Software Ltd.,Technology,Large-Cap,561939,NMS
BG,Bunge Limited,Consumer Defensive,Large-Cap,1534391,NYQ
CPAY,"Corpay, Inc.",Technology,Large-Cap,569411,NYQ
SW,Smurfit WestRock plc,Consumer Cyclical,Large-Cap,5235768,NYQ
IP,International Paper Company,Consumer Cyclical,Large-Cap,5617278,NYQ
LULU,lululemon athletica inc.,Consumer Cyclical,Large-Cap,4008626,NMS
CMS,CMS Energy Corporation,Utilities,Large-Cap,2589962,NYQ
PSLV,"""Sprott Physical Silver Trust""",N/A,Large-Cap,17037590,ASE
RBA,"RB Global, Inc.",Industrials,Large-Cap,1138132,NYQ
CG,The Carlyle Group Inc.,Financial Services,Large-Cap,2609118,NMS
VG,"Venture Global, Inc.",Energy,Large-Cap,11848573,NYQ
LUV,Southwest Airlines Company,Industrials,Large-Cap,9619537,NYQ
RL,Ralph Lauren Corporation,Consumer Cyclical,Large-Cap,629711,NYQ
EXPD,Expeditors International of Was,Industrials,Large-Cap,1486768,NYQ
TU,Telus Corporation,Communication Services,Large-Cap,6310895,NYQ
GMAB,Genmab A/S,Healthcare,Large-Cap,1735580,NMS
CHRW,"C.H. Robinson Worldwide, Inc.",Industrials,Large-Cap,1659518,NMS
L,Loews Corporation,Financial Services,Large-Cap,782965,NYQ
AS,"Amer Sports, Inc.",Consumer Cyclical,Large-Cap,3997147,NYQ
NI,NiSource Inc,Utilities,Large-Cap,3521888,NYQ
CTRA,Coterra Energy Inc.,Energy,Large-Cap,8842172,NYQ
SSNC,"SS&C Technologies Holdings, Inc",Technology,Large-Cap,1249954,NMS
Q,"Qnity Electronics, Inc.",Technology,Large-Cap,2682668,NYQ
BEKE,KE Holdings Inc,Real Estate,Large-Cap,4991837,NYQ
GPN,Global Payments Inc.,Industrials,Large-Cap,2763852,NYQ
AMCR,Amcor plc,Consumer Cyclical,Large-Cap,4870166,NYQ
DGX,Quest Diagnostics Incorporated,Healthcare,Large-Cap,1025572,NYQ
PFG,Principal Financial Group Inc,Financial Services,Large-Cap,1382413,NMS
TWLO,Twilio Inc.,Technology,Large-Cap,2133163,NYQ
LTM,LATAM Airlines Group S.A.,Industrials,Large-Cap,857904,NYQ
CNC,Centene Corporation,Healthcare,Large-Cap,7140811,NYQ
INCY,Incyte Corporation,Healthcare,Large-Cap,2161296,NMS
PKG,Packaging Corporation of Americ,Consumer Cyclical,Large-Cap,884596,NYQ
NTAP,"NetApp, Inc.",Technology,Large-Cap,2198047,NMS
KTOS,Kratos Defense & Security Solut,Industrials,Large-Cap,3184268,NMS
RCI,"Rogers Communication, Inc.",Communication Services,Large-Cap,996732,NYQ
SBAC,SBA Communications Corporation,Real Estate,Large-Cap,811695,NMS
WWD,"Woodward, Inc.",Industrials,Large-Cap,557495,NMS
DOW,Dow Inc.,Basic Materials,Large-Cap,12171100,NYQ
IREN,IREN LIMITED,Financial Services,Large-Cap,39898232,NMS
PTC,PTC Inc.,Technology,Large-Cap,924567,NMS
CHKP,Check Point Software Technologi,Technology,Large-Cap,968570,NMS
MTZ,"MasTec, Inc.",Industrials,Large-Cap,817298,NYQ
EXAS,Exact Sciences Corporation,Healthcare,Large-Cap,5503500,NCM
BWXT,"BWX Technologies, Inc.",Industrials,Large-Cap,1163073,NYQ
GPC,Genuine Parts Company,Consumer Cyclical,Large-Cap,1122254,NYQ
JBHT,"J.B. Hunt Transport Services, I",Industrials,Large-Cap,1153224,NMS
RVMD,"Revolution Medicines, Inc.",Healthcare,Large-Cap,3463488,NMS
GRAB,Grab Holdings Limited,Technology,Large-Cap,50741000,NMS
TOST,"Toast, Inc.",Technology,Large-Cap,8381019,NYQ
SBS,Companhia de saneamento Basico ,Utilities,Large-Cap,1180827,NYQ
SGI,Somnigroup International Inc.,Consumer Cyclical,Large-Cap,1740760,NYQ
HL,Hecla Mining Company,Basic Materials,Large-Cap,24473811,NYQ
WY,Weyerhaeuser Company,Real Estate,Large-Cap,7221131,NYQ
PHYS,"""Sprott Physical Gold Trust""",N/A,Large-Cap,6289529,ASE
USFD,US Foods Holding Corp.,Consumer Defensive,Large-Cap,2332208,NYQ
IFF,International Flavors & Fragran,Basic Materials,Large-Cap,2143613,NYQ
RIVN,"Rivian Automotive, Inc.",Consumer Cyclical,Large-Cap,45993626,NMS
CX,"Cemex, S.A.B. de C.V. Sponsored",Basic Materials,Large-Cap,6780216,NYQ
DD,"DuPont de Nemours, Inc.",Basic Materials,Large-Cap,5895514,NYQ
PODD,Insulet Corporation,Healthcare,Large-Cap,790924,NMS
SMCI,"Super Micro Computer, Inc.",Technology,Large-Cap,27359870,NMS
BEP,Brookfield Renewable Partners L,Utilities,Large-Cap,745168,NYQ
DKS,Dick's Sporting Goods Inc,Consumer Cyclical,Large-Cap,1435101,NYQ
NVT,nVent Electric plc,Industrials,Large-Cap,2097014,NYQ
ENTG,"Entegris, Inc.",Technology,Large-Cap,2843439,NMS
BURL,"Burlington Stores, Inc.",Consumer Cyclical,Large-Cap,996595,NYQ
AGI,Alamos Gold Inc.,Basic Materials,Large-Cap,2927455,NYQ
HPQ,HP Inc.,Technology,Large-Cap,14534834,NYQ
APG,APi Group Corporation,Industrials,Large-Cap,2491211,NYQ
FTV,Fortive Corporation,Technology,Large-Cap,3149924,NYQ
FN,Fabrinet,Technology,Large-Cap,635686,NYQ
YUMC,"Yum China Holdings, Inc.",Consumer Cyclical,Large-Cap,1292862,NYQ
MRNA,"Moderna, Inc.",Healthcare,Large-Cap,11803831,NMS
EVRG,"Evergy, Inc.",Utilities,Large-Cap,2060947,NMS
CRCL,"Circle Internet Group, Inc.",Financial Services,Large-Cap,13600291,NYQ
XPEV,XPeng Inc.,Consumer Cyclical,Large-Cap,11595165,NYQ
U,Unity Software Inc.,Technology,Large-Cap,9778347,NYQ
IOT,Samsara Inc.,Technology,Large-Cap,6050585,NYQ
PNR,Pentair plc.,Industrials,Large-Cap,1338998,NYQ
IT,"Gartner, Inc.",Technology,Large-Cap,983370,NYQ
XPO,"XPO, Inc.",Industrials,Large-Cap,1312398,NYQ
ESS,"Essex Property Trust, Inc.",Real Estate,Large-Cap,512622,NYQ
SN,"SharkNinja, Inc.",Consumer Cyclical,Large-Cap,1720688,NYQ
WST,"West Pharmaceutical Services, I",Healthcare,Large-Cap,788785,NYQ
CRS,Carpenter Technology Corporatio,Industrials,Large-Cap,869234,NYQ
JBS,JBS N.V.,Consumer Defensive,Large-Cap,5180519,NYQ
LNT,Alliant Energy Corporation,Utilities,Large-Cap,2094760,NMS
ATI,ATI Inc.,Industrials,Large-Cap,1365447,NYQ
ZTO,ZTO Express (Cayman) Inc.,Industrials,Large-Cap,1844547,NYQ
ZBH,"Zimmer Biomet Holdings, Inc.",Healthcare,Large-Cap,2295032,NYQ
MKC,"McCormick & Company, Incorporat",Consumer Defensive,Large-Cap,3221585,NYQ
APTV,Aptiv PLC,Consumer Cyclical,Large-Cap,2310611,NYQ
LI,Li Auto Inc.,Consumer Cyclical,Large-Cap,4292942,NMS
RTO,Rentokil Initial plc,Industrials,Large-Cap,958077,NYQ
HUBS,"HubSpot, Inc.",Technology,Large-Cap,977147,NYQ
TXT,Textron Inc.,Industrials,Large-Cap,1544149,NYQ
HOLX,"Hologic, Inc.",Healthcare,Large-Cap,2856418,NMS
WES,"Western Midstream Partners, LP",Energy,Large-Cap,1337940,NYQ
THC,Tenet Healthcare Corporation,Healthcare,Large-Cap,897511,NYQ
QXO,"QXO, Inc.",Industrials,Large-Cap,8109329,NYQ
TRMB,Trimble Inc.,Technology,Large-Cap,1521952,NMS
NLY,Annaly Capital Management Inc.,Real Estate,Large-Cap,7933750,NYQ
HII,"Huntington Ingalls Industries, ",Industrials,Large-Cap,511654,NYQ
ZG,"Zillow Group, Inc.",Communication Services,Large-Cap,743339,NMS
MTSI,MACOM Technology Solutions Hold,Technology,Large-Cap,1230137,NMS
TLN,Talen Energy Corporation,Utilities,Large-Cap,893121,NMS
CDE,"Coeur Mining, Inc.",Basic Materials,Large-Cap,22100231,NYQ
CDW,CDW Corporation,Technology,Large-Cap,1699865,NMS
INVH,Invitation Homes Inc.,Real Estate,Large-Cap,5881886,NYQ
BIP,Brookfield Infrastructure Partn,Utilities,Large-Cap,593698,NYQ
TKO,"TKO Group Holdings, Inc.",Communication Services,Large-Cap,1146963,NYQ
SUI,"Sun Communities, Inc.",Real Estate,Large-Cap,680093,NYQ
YPF,YPF Sociedad Anonima,Energy,Large-Cap,1624211,NYQ
J,Jacobs Solutions Inc.,Industrials,Large-Cap,971121,NYQ
LYB,LyondellBasell Industries NV,Basic Materials,Large-Cap,5820926,NYQ
OKTA,"Okta, Inc.",Technology,Large-Cap,2573831,NMS
MAA,Mid-America Apartment Communiti,Real Estate,Large-Cap,998726,NYQ
IONQ,"IonQ, Inc.",Technology,Large-Cap,21002642,NYQ
NXT,Nextpower Inc.,Technology,Large-Cap,2091095,NMS
COO,"The Cooper Companies, Inc.",Healthcare,Large-Cap,2663245,NMS
TRU,TransUnion,Financial Services,Large-Cap,1931126,NYQ
PINS,"Pinterest, Inc.",Communication Services,Large-Cap,16570116,NYQ
WMG,Warner Music Group Corp.,Communication Services,Large-Cap,2087657,NMS
GFL,GFL Environmental Inc. Subordin,Industrials,Large-Cap,1635490,NYQ
ITT,ITT Inc.,Industrials,Large-Cap,842470,NYQ
TTD,"The Trade Desk, Inc.",Communication Services,Large-Cap,13258844,NGM
FFIV,"F5, Inc.",Technology,Large-Cap,1242403,NMS
ROIV,Roivant Sciences Ltd.,Healthcare,Large-Cap,7246944,NMS
EWBC,"East West Bancorp, Inc.",Financial Services,Large-Cap,827188,NMS
NWSA,News Corporation,Communication Services,Large-Cap,3661609,NMS
GEN,Gen Digital Inc.,Technology,Large-Cap,5020011,NMS
BALL,Ball Corporation,Consumer Cyclical,Large-Cap,2661375,NYQ
HTHT,H World Group Limited,Consumer Cyclical,Large-Cap,1598465,NMS
ROKU,"Roku, Inc.",Communication Services,Large-Cap,2913970,NMS
AVAV,"AeroVironment, Inc.",Industrials,Large-Cap,1260775,NMS
MKSI,MKS Inc.,Technology,Large-Cap,1080070,NMS
AA,Alcoa Corporation,Basic Materials,Large-Cap,6926924,NYQ
PFGC,Performance Food Group Company,Consumer Defensive,Large-Cap,1745855,NYQ
CRBG,Corebridge Financial Inc.,Financial Services,Large-Cap,6284050,NYQ
WPC,W. P. Carey Inc. REIT,Real Estate,Large-Cap,1289657,NYQ
MGA,"Magna International, Inc.",Consumer Cyclical,Large-Cap,1470998,NYQ
VTRS,Viatris Inc.,Healthcare,Large-Cap,8785406,NMS
HMY,Harmony Gold Mining Company Lim,Basic Materials,Large-Cap,4272134,NYQ
ONON,On Holding AG,Consumer Cyclical,Large-Cap,6589157,NYQ
KRMN,Karman Holdings Inc.,Industrials,Large-Cap,1879655,NYQ
DKNG,DraftKings Inc.,Consumer Cyclical,Large-Cap,13936808,NMS
H,Hyatt Hotels Corporation,Consumer Cyclical,Large-Cap,841134,NYQ
MLI,"Mueller Industries, Inc.",Industrials,Large-Cap,729290,NYQ
TSEM,Tower Semiconductor Ltd.,Technology,Large-Cap,1713837,NMS
BBIO,"BridgeBio Pharma, Inc.",Healthcare,Large-Cap,2311521,NMS
AKAM,"Akamai Technologies, Inc.",Technology,Large-Cap,3440640,NMS
GH,"Guardant Health, Inc.",Healthcare,Large-Cap,2258309,NMS
CF,"CF Industries Holdings, Inc.",Basic Materials,Large-Cap,2471595,NYQ
DECK,Deckers Outdoor Corporation,Consumer Cyclical,Large-Cap,3279032,NYQ
FNF,"Fidelity National Financial, In",Financial Services,Large-Cap,1389066,NYQ
SNN,"Smith & Nephew SNATS, Inc.",Healthcare,Large-Cap,704496,NYQ
IEX,IDEX Corporation,Industrials,Large-Cap,636340,NYQ
ICLR,ICON plc,Healthcare,Large-Cap,888152,NMS
ARCC,Ares Capital Corporation,Financial Services,Large-Cap,4617901,NMS
ULS,UL Solutions Inc.,Industrials,Large-Cap,1389562,NYQ
ASND,Ascendis Pharma A/S,Healthcare,Large-Cap,670262,NMS
GGG,Graco Inc.,Industrials,Large-Cap,862736,NYQ
W,Wayfair Inc.,Consumer Cyclical,Large-Cap,2917957,NYQ
EMBJ,Embraer S.A.,Industrials,Large-Cap,864421,NYQ
AVY,Avery Dennison Corporation,Consumer Cyclical,Large-Cap,678732,NYQ
SBSW,D/B/A Sibanye-Stillwater Limite,Basic Materials,Large-Cap,6729186,NYQ
GDDY,GoDaddy Inc.,Technology,Large-Cap,1449265,NYQ
ALLE,Allegion plc,Industrials,Large-Cap,824391,NYQ
CELH,"Celsius Holdings, Inc.",Consumer Defensive,Large-Cap,6159788,NCM
PNFP,"Pinnacle Financial Partners, In",Financial Services,Large-Cap,1394852,NYQ
KIM,Kimco Realty Corporation (HC),Real Estate,Large-Cap,5013778,NYQ
BILI,Bilibili Inc.,Communication Services,Large-Cap,2487660,NMS
FIG,"Figma, Inc.",Technology,Large-Cap,7682072,NYQ
PEN,"Penumbra, Inc.",Healthcare,Large-Cap,883622,NYQ
MAS,Masco Corporation,Industrials,Large-Cap,2443195,NYQ
DPZ,Domino's Pizza Inc,Consumer Cyclical,Large-Cap,582516,NMS
UDR,"UDR, Inc.",Real Estate,Large-Cap,3449275,NYQ
JHX,James Hardie Industries plc.,Basic Materials,Large-Cap,6349968,NYQ
HRL,Hormel Foods Corporation,Consumer Defensive,Large-Cap,4987226,NYQ
BBY,"Best Buy Co., Inc.",Consumer Cyclical,Large-Cap,4329578,NYQ
CLX,Clorox Company (The),Consumer Defensive,Large-Cap,2358291,NYQ
PAA,"Plains All American Pipeline, L",Energy,Large-Cap,3078954,NMS
TOL,"Toll Brothers, Inc.",Consumer Cyclical,Large-Cap,1175157,NYQ
LOGI,Logitech International S.A. - R,Technology,Large-Cap,981747,NMS
RPM,RPM International Inc.,Basic Materials,Large-Cap,1041198,NYQ
EQH,"Equitable Holdings, Inc.",Financial Services,Large-Cap,2753973,NYQ
GWRE,"Guidewire Software, Inc.",Technology,Large-Cap,1119580,NYQ
CNH,CNH Industrial N.V.,Industrials,Large-Cap,12894860,NYQ
SOLV,Solventum Corporation,Healthcare,Large-Cap,1092047,NYQ
FIGR,"Figure Technology Solutions, In",Financial Services,Large-Cap,2989591,NMS
GLXY,Galaxy Digital Inc.,Financial Services,Large-Cap,7389726,NMS
AMH,American Homes 4 Rent,Real Estate,Large-Cap,3413032,NYQ
NBIX,"Neurocrine Biosciences, Inc.",Healthcare,Large-Cap,1053813,NMS
OKLO,Oklo Inc.,Utilities,Large-Cap,12619432,NYQ
BEN,"Franklin Resources, Inc.",Financial Services,Large-Cap,4705632,NYQ
BMNR,"BitMine Immersion Technologies,",Financial Services,Large-Cap,45693936,ASE
IONS,"Ionis Pharmaceuticals, Inc.",Healthcare,Large-Cap,2457700,NMS
RVTY,"Revvity, Inc.",Healthcare,Large-Cap,1445672,NYQ
ALLY,Ally Financial Inc.,Financial Services,Large-Cap,3261293,NYQ
EQX,Equinox Gold Corp.,Basic Materials,Large-Cap,9793081,ASE
VNOM,"Viper Energy, Inc.",Energy,Large-Cap,1855527,NMS
REG,Regency Centers Corporation,Real Estate,Large-Cap,1237429,NMS
OHI,"Omega Healthcare Investors, Inc",Real Estate,Large-Cap,1858442,NYQ
FMS,Fresenius Medical Care AG,Healthcare,Large-Cap,564345,NYQ
BLDR,"Builders FirstSource, Inc.",Industrials,Large-Cap,2062473,NYQ
JKHY,"Jack Henry & Associates, Inc.",Technology,Large-Cap,793985,NMS
CHWY,"Chewy, Inc.",Consumer Cyclical,Large-Cap,7602372,NYQ
AGNC,AGNC Investment Corp.,Real Estate,Large-Cap,20442198,NMS
HST,"Host Hotels & Resorts, Inc.",Real Estate,Large-Cap,8267686,NMS
UNM,Unum Group,Financial Services,Large-Cap,1396575,NYQ
SF,Stifel Financial Corporation,Financial Services,Large-Cap,779368,NYQ
GLPI,"Gaming and Leisure Properties, ",Real Estate,Large-Cap,2645093,NMS
UHS,"Universal Health Services, Inc.",Healthcare,Large-Cap,705298,NYQ
JEF,Jefferies Financial Group Inc.,Financial Services,Large-Cap,1767827,NYQ
SNAP,Snap Inc.,Communication Services,Large-Cap,44914631,NYQ
ELS,"Equity Lifestyle Properties, In",Real Estate,Large-Cap,1603983,NYQ
PSKY,Paramount Skydance Corporation,Communication Services,Large-Cap,8886675,NMS
ACM,AECOM,Industrials,Large-Cap,1417344,NYQ
SNX,TD SYNNEX Corporation,Technology,Large-Cap,757863,NYQ
IAG,Iamgold Corporation,Basic Materials,Large-Cap,8621547,NYQ
HAS,"Hasbro, Inc.",Consumer Cyclical,Large-Cap,1693709,NMS
BJ,"BJ's Wholesale Club Holdings, I",Consumer Defensive,Large-Cap,2070444,NYQ
SWK,"Stanley Black & Decker, Inc.",Industrials,Large-Cap,1678644,NYQ
AG,First Majestic Silver Corp.,Basic Materials,Large-Cap,22326345,NYQ
AMKR,"Amkor Technology, Inc.",Technology,Large-Cap,3750027,NMS
DTM,"DT Midstream, Inc.",Energy,Large-Cap,742063,NYQ
RBRK,"Rubrik, Inc.",Technology,Large-Cap,3471870,NYQ
RMBS,"Rambus, Inc.",Technology,Large-Cap,1776986,NMS
GIL,"Gildan Activewear, Inc.",Consumer Cyclical,Large-Cap,1479954,NYQ
GMED,"Globus Medical, Inc.",Healthcare,Large-Cap,1787996,NYQ
DOC,"Healthpeak Properties, Inc.",Real Estate,Large-Cap,7957201,NYQ
RYAN,"Ryan Specialty Holdings, Inc.",Financial Services,Large-Cap,1408427,NYQ
TXRH,"Texas Roadhouse, Inc.",Consumer Cyclical,Large-Cap,976585,NMS
DT,"Dynatrace, Inc.",Technology,Large-Cap,3978863,NYQ
JOBY,"Joby Aviation, Inc.",Industrials,Mid-Cap,25054068,NYQ
ELAN,Elanco Animal Health Incorporat,Healthcare,Large-Cap,5427385,NYQ
SUZ,Suzano S.A.,Basic Materials,Large-Cap,2472300,NYQ
EPAM,"EPAM Systems, Inc.",Technology,Large-Cap,859109,NYQ
CMA,Comerica Incorporated,Financial Services,Large-Cap,2312675,NYQ
ZBRA,Zebra Technologies Corporation,Technology,Large-Cap,643452,NMS
IVZ,Invesco Ltd,Financial Services,Large-Cap,5230762,NYQ
CCK,"Crown Holdings, Inc.",Consumer Cyclical,Large-Cap,1560354,NYQ
ALGN,"Align Technology, Inc.",Healthcare,Large-Cap,1193936,NMS
FHN,First Horizon Corporation,Financial Services,Large-Cap,6242924,NYQ
WMS,"Advanced Drainage Systems, Inc.",Industrials,Large-Cap,636314,NYQ
TEM,"Tempus AI, Inc.",Healthcare,Large-Cap,5044729,NMS
NYT,New York Times Company (The),Communication Services,Large-Cap,1807170,NYQ
SMMT,Summit Therapeutics Inc.,Healthcare,Large-Cap,2662654,NGM
WYNN,"Wynn Resorts, Limited",Consumer Cyclical,Large-Cap,1441727,NMS
MP,MP Materials Corp.,Basic Materials,Large-Cap,9390545,NYQ
EXEL,"Exelixis, Inc.",Healthcare,Large-Cap,2629560,NMS
AEG,Aegon Ltd. New York Registry Sh,Financial Services,Large-Cap,4871727,NYQ
NIO,NIO Inc.,Consumer Cyclical,Large-Cap,47301390,NYQ
DCI,"Donaldson Company, Inc.",Industrials,Large-Cap,721039,NYQ
CPT,Camden Property Trust,Real Estate,Large-Cap,1453637,NYQ
LSCC,Lattice Semiconductor Corporati,Technology,Large-Cap,1910345,NMS
BXP,"BXP, Inc.",Real Estate,Large-Cap,1510795,NYQ
RDY,Dr. Reddy's Laboratories Ltd,Healthcare,Large-Cap,1258626,NYQ
STRL,"Sterling Infrastructure, Inc.",Industrials,Large-Cap,662732,NMS
APLD,Applied Digital Corporation,Technology,Mid-Cap,31219019,NMS
PR,Permian Resources Corporation,Energy,Large-Cap,10495898,NYQ
PNW,Pinnacle West Capital Corporati,Utilities,Large-Cap,1302352,NYQ
CEF,"""Sprott Physical Gold and Silve",N/A,Mid-Cap,1699757,ASE
BSY,"Bentley Systems, Incorporated",Technology,Large-Cap,2143075,NMS
SCI,Service Corporation Internation,Consumer Cyclical,Large-Cap,895895,NYQ
SJM,The J.M. Smucker Company,Consumer Defensive,Large-Cap,1604781,NYQ
DRS,"Leonardo DRS, Inc.",Industrials,Large-Cap,1112326,NMS
QGEN,Qiagen N.V.,Healthcare,Large-Cap,1890024,NYQ
NTNX,"Nutanix, Inc.",Technology,Large-Cap,4375275,NMS
GL,Globe Life Inc.,Financial Services,Large-Cap,509501,NYQ
WTRG,"Essential Utilities, Inc.",Utilities,Large-Cap,1979665,NYQ
DOCU,"DocuSign, Inc.",Technology,Large-Cap,3045762,NMS
DAY,"Dayforce, Inc.",Technology,Large-Cap,3274232,NYQ
SARO,"StandardAero, Inc.",Industrials,Large-Cap,2826209,NYQ
BAH,Booz Allen Hamilton Holding Cor,Industrials,Large-Cap,2647796,NYQ
SUN,Sunoco LP,Energy,Large-Cap,552403,NYQ
RNA,"Avidity Biosciences, Inc.",Healthcare,Large-Cap,2577857,NGM
BMRN,BioMarin Pharmaceutical Inc.,Healthcare,Large-Cap,2721477,NMS
CAE,CAE Inc.,Industrials,Large-Cap,588890,NYQ
CNM,"Core & Main, Inc.",Industrials,Large-Cap,2365031,NYQ
MICC,The Magnum Ice Cream Company N.,Consumer Defensive,Large-Cap,2497010,NYQ
GME,GameStop Corporation,Consumer Cyclical,Large-Cap,6970660,NYQ
CFLT,"Confluent, Inc.",Technology,Large-Cap,11594147,NMS
OVV,Ovintiv Inc. (DE),Energy,Large-Cap,3696422,NYQ
CRL,Charles River Laboratories Inte,Healthcare,Large-Cap,821811,NYQ
SPXC,"SPX Technologies, Inc.",Industrials,Large-Cap,526881,NYQ
TECH,Bio-Techne Corp,Healthcare,Mid-Cap,2005744,NMS
AR,Antero Resources Corporation,Energy,Large-Cap,5580129,NYQ
AES,The AES Corporation,Utilities,Large-Cap,8126360,NYQ
SKM,"SK Telecom Co., Ltd.",Communication Services,Large-Cap,971462,NYQ
XP,XP Inc.,Financial Services,Large-Cap,7118129,NMS
WLK,Westlake Corporation,Basic Materials,Large-Cap,1514555,NYQ
BWA,BorgWarner Inc.,Consumer Cyclical,Large-Cap,2870234,NYQ
SEIC,SEI Investments Company,Financial Services,Large-Cap,598793,NMS
HBM,Hudbay Minerals Inc.,Basic Materials,Mid-Cap,5415629,NYQ
YMM,Full Truck Alliance Co. Ltd.,Technology,Large-Cap,8048532,NYQ
WBS,Webster Financial Corporation,Financial Services,Large-Cap,1332632,NYQ
ONTO,Onto Innovation Inc.,Technology,Large-Cap,841493,NYQ
FIVE,"Five Below, Inc.",Consumer Cyclical,Large-Cap,1254227,NMS
SAIL,"SailPoint, Inc.",Technology,Mid-Cap,2028454,NMS
PPC,Pilgrim's Pride Corporation,Consumer Defensive,Large-Cap,1078418,NMS
MANH,"Manhattan Associates, Inc.",Technology,Mid-Cap,597770,NMS
RRX,Regal Rexnord Corporation,Industrials,Large-Cap,761181,NYQ
JAZZ,Jazz Pharmaceuticals plc,Healthcare,Mid-Cap,1222244,NMS
ARMK,Aramark,Industrials,Large-Cap,2516870,NYQ
SSB,SouthState Bank Corporation,Financial Services,Large-Cap,801093,NYQ
FLS,Flowserve Corporation,Industrials,Large-Cap,1351908,NYQ
OC,Owens Corning Inc,Industrials,Large-Cap,1586313,NYQ
TIGO,Millicom International Cellular,Communication Services,Large-Cap,980690,NMS
BAX,Baxter International Inc.,Healthcare,Large-Cap,8569452,NYQ
FDS,FactSet Research Systems Inc.,Financial Services,Mid-Cap,767327,NYQ
GNRC,Generac Holdlings Inc.,Industrials,Mid-Cap,1077524,NYQ
NGD,New Gold Inc.,Basic Materials,Mid-Cap,21600485,ASE
CART,Maplebear Inc.,Consumer Cyclical,Mid-Cap,5469101,NMS
MOH,Molina Healthcare Inc,Healthcare,Mid-Cap,1586547,NYQ
CHYM,"Chime Financial, Inc.",Technology,Mid-Cap,3962421,NMS
GAP,"Gap, Inc. (The)",Consumer Cyclical,Large-Cap,8547318,NYQ
KT,KT Corporation,Communication Services,Large-Cap,1700450,NYQ
AOS,A.O. Smith Corporation,Industrials,Large-Cap,1317447,NYQ
SOLS,Solstice Advanced Materials Inc,Basic Materials,Mid-Cap,3971560,NMS
ARE,Alexandria Real Estate Equities,Real Estate,Mid-Cap,2913037,NYQ
WAL,Western Alliance Bancorporation,Financial Services,Mid-Cap,879157,NYQ
POOL,Pool Corporation,Industrials,Mid-Cap,808236,NMS
ALV,"Autoliv, Inc.",Consumer Cyclical,Mid-Cap,604350,NYQ
AEIS,"Advanced Energy Industries, Inc",Industrials,Mid-Cap,583921,NMS
PCOR,"Procore Technologies, Inc.",Technology,Mid-Cap,1458442,NYQ
TTMI,"TTM Technologies, Inc.",Technology,Large-Cap,2553913,NMS
KLAR,Klarna Group plc,Technology,Mid-Cap,2568896,NYQ
TTEK,"Tetra Tech, Inc.",Industrials,Mid-Cap,2416129,NMS
EGO,Eldorado Gold Corporation,Basic Materials,Mid-Cap,1788488,NYQ
BVN,Buenaventura Mining Company Inc,Basic Materials,Mid-Cap,1666611,NYQ
REXR,"Rexford Industrial Realty, Inc.",Real Estate,Mid-Cap,2073898,NYQ
OSK,Oshkosh Corporation (Holding Co,Industrials,Mid-Cap,717867,NYQ
TAP,Molson Coors Beverage Company,Consumer Defensive,Mid-Cap,3398270,NYQ
ORI,Old Republic International Corp,Financial Services,Mid-Cap,1796650,NYQ
BROS,Dutch Bros Inc.,Consumer Cyclical,Mid-Cap,3839057,NYQ
LUMN,"Lumen Technologies, Inc.",Communication Services,Mid-Cap,14258213,NYQ
EHC,Encompass Health Corporation,Healthcare,Mid-Cap,979080,NYQ
COMP,"Compass, Inc.",Real Estate,Mid-Cap,16847885,NYQ
NCLH,Norwegian Cruise Line Holdings ,Consumer Cyclical,Mid-Cap,18197300,NYQ
AXSM,"Axsome Therapeutics, Inc.",Healthcare,Mid-Cap,656947,NGM
UWMC,UWM Holdings Corporation,Financial Services,Mid-Cap,13542855,NYQ
SFD,"Smithfield Foods, Inc.",Consumer Defensive,Mid-Cap,863419,NMS
DINO,HF Sinclair Corporation,Energy,Mid-Cap,2544357,NYQ
EDU,New Oriental Education & Techno,Consumer Defensive,Large-Cap,901952,NYQ
ONB,Old National Bancorp,Financial Services,Mid-Cap,2773209,NMS
HSIC,"Henry Schein, Inc.",Healthcare,Mid-Cap,1349157,NMS
GTLS,"Chart Industries, Inc.",Industrials,Mid-Cap,616595,NYQ
ARWR,"Arrowhead Pharmaceuticals, Inc.",Healthcare,Mid-Cap,2678613,NMS
ABVX,Abivax SA,Healthcare,Mid-Cap,1660385,NGM
UEC,Uranium Energy Corp.,Energy,Mid-Cap,10920295,ASE
APA,APA Corporation,Energy,Mid-Cap,6297726,NMS
ALSN,"Allison Transmission Holdings, ",Consumer Cyclical,Mid-Cap,926322,NYQ
PL,Planet Labs PBC,Industrials,Mid-Cap,12161945,NYQ
RGEN,Repligen Corporation,Healthcare,Mid-Cap,680836,NMS
QBTS,D-Wave Quantum Inc.,Technology,Mid-Cap,36124744,NYQ
ACI,"Albertsons Companies, Inc.",Consumer Defensive,Mid-Cap,9058654,NYQ
MGM,MGM Resorts International,Consumer Cyclical,Mid-Cap,4366701,NYQ
STEP,StepStone Group Inc.,Financial Services,Mid-Cap,678859,NMS
GDS,GDS Holdings Limited,Technology,Mid-Cap,1881322,NGM
GGAL,Grupo Financiero Galicia S.A.,Financial Services,Mid-Cap,1327462,NCM
DOX,Amdocs Limited,Technology,Mid-Cap,1114293,NMS
OGE,OGE Energy Corp,Utilities,Mid-Cap,1446416,NYQ
LINE,"Lineage, Inc.",Real Estate,Mid-Cap,1696734,NMS
MOS,Mosaic Company (The),Basic Materials,Mid-Cap,7505985,NYQ
USO,United States Oil Fund,N/A,Mid-Cap,5297749,PCX
SWKS,"Skyworks Solutions, Inc.",Technology,Mid-Cap,3390750,NMS
AM,Antero Midstream Corporation,Energy,Mid-Cap,2551855,NYQ
GGB,Gerdau S.A.,Basic Materials,Mid-Cap,13647459,NYQ
KNX,Knight-Swift Transportation Hol,Industrials,Mid-Cap,3049160,NYQ
AAL,"American Airlines Group, Inc.",Industrials,Mid-Cap,56013129,NMS
TTC,Toro Company (The),Industrials,Mid-Cap,978449,NYQ
FRT,Federal Realty Investment Trust,Real Estate,Mid-Cap,698567,NYQ
BPOP,"Popular, Inc.",Financial Services,Mid-Cap,559168,NMS
PRAX,"Praxis Precision Medicines, Inc",Healthcare,Mid-Cap,803121,NMS
ZION,Zions Bancorporation N.A.,Financial Services,Mid-Cap,1564183,NMS
VIPS,Vipshop Holdings Limited,Consumer Cyclical,Mid-Cap,2772849,NYQ
COLB,"Columbia Banking System, Inc.",Financial Services,Mid-Cap,2748880,NMS
AMTM,"Amentum Holdings, Inc.",Industrials,Mid-Cap,2222554,NYQ
OR,OR Royalties Inc.,Basic Materials,Mid-Cap,1332198,NYQ
CAG,"ConAgra Brands, Inc.",Consumer Defensive,Mid-Cap,10893321,NYQ
TTAN,"ServiceTitan, Inc.",Technology,Mid-Cap,1022296,NMS
UGI,UGI Corporation,Utilities,Mid-Cap,2290250,NYQ
CUBE,CubeSmart,Real Estate,Mid-Cap,2158193,NYQ
LKQ,LKQ Corporation,Consumer Cyclical,Mid-Cap,4042280,NMS
AHR,"American Healthcare REIT, Inc.",Real Estate,Mid-Cap,2519691,NYQ
PEGA,Pegasystems Inc.,Technology,Mid-Cap,1253109,NMS
RRC,Range Resources Corporation,Energy,Mid-Cap,3069090,NYQ
CMC,Commercial Metals Company,Basic Materials,Mid-Cap,1112811,NYQ
AGCO,AGCO Corporation,Industrials,Mid-Cap,709696,NYQ
LEVI,Levi Strauss & Co,Consumer Cyclical,Mid-Cap,2035514,NYQ
AUR,"Aurora Innovation, Inc.",Technology,Mid-Cap,16588355,NMS
ADC,Agree Realty Corporation,Real Estate,Mid-Cap,1187583,NYQ
NXE,Nexgen Energy Ltd.,Energy,Mid-Cap,8067045,NYQ
HLNE,Hamilton Lane Incorporated,Financial Services,Mid-Cap,528572,NMS
HALO,"Halozyme Therapeutics, Inc.",Healthcare,Mid-Cap,2221501,NMS
PSO,"Pearson, Plc",Communication Services,Mid-Cap,817963,NYQ
ATR,"AptarGroup, Inc.",Healthcare,Mid-Cap,542080,NYQ
PRIM,Primoris Services Corporation,Industrials,Mid-Cap,998639,NYQ
MBLY,Mobileye Global Inc.,Consumer Cyclical,Mid-Cap,7359068,NMS
CPB,The Campbell's Company,Consumer Defensive,Mid-Cap,6776052,NMS
EQPT,EquipmentShare.com Inc,Industrials,Mid-Cap,5972933,NMS
CLF,Cleveland-Cliffs Inc.,Basic Materials,Mid-Cap,16378444,NYQ
BRX,Brixmor Property Group Inc.,Real Estate,Mid-Cap,2716972,NYQ
CTRE,"CareTrust REIT, Inc.",Real Estate,Mid-Cap,1831239,NYQ
GSAT,"Globalstar, Inc.",Communication Services,Mid-Cap,878963,NMS
CADE,Cadence Bank,Financial Services,Mid-Cap,3982227,NYQ
JXN,Jackson Financial Inc.,Financial Services,Mid-Cap,520134,NYQ
VIRT,"Virtu Financial, Inc.",Financial Services,Mid-Cap,1005522,NYQ
NNN,"NNN REIT, Inc.",Real Estate,Mid-Cap,1459355,NYQ
AXS,Axis Capital Holdings Limited,Financial Services,Mid-Cap,644808,NYQ
PAYC,"Paycom Software, Inc.",Technology,Mid-Cap,882914,NYQ
AVTR,"Avantor, Inc.",Healthcare,Mid-Cap,10398606,NYQ
TFPM,Triple Flag Precious Metals Cor,Basic Materials,Mid-Cap,607575,NYQ
VFC,V.F. Corporation,Consumer Cyclical,Mid-Cap,6435836,NYQ
EMN,Eastman Chemical Company,Basic Materials,Mid-Cap,2215000,NYQ
NFG,National Fuel Gas Company,Energy,Mid-Cap,690045,NYQ
G,Genpact Limited,Technology,Mid-Cap,1801344,NYQ
ESTC,Elastic N.V.,Technology,Mid-Cap,1722518,NYQ
ZWS,Zurn Elkay Water Solutions Corp,Industrials,Mid-Cap,851398,NYQ
PCTY,Paylocity Holding Corporation,Technology,Mid-Cap,627729,NMS
FR,"First Industrial Realty Trust, ",Real Estate,Mid-Cap,917831,NYQ
CYTK,"Cytokinetics, Incorporated",Healthcare,Mid-Cap,1917777,NMS
SANM,Sanmina Corporation,Technology,Mid-Cap,803945,NMS
PLNT,"Planet Fitness, Inc.",Consumer Cyclical,Mid-Cap,1625509,NYQ
BZ,KANZHUN LIMITED - American Depo,Communication Services,Mid-Cap,3129834,NMS
LNC,Lincoln National Corporation,Financial Services,Mid-Cap,1588431,NYQ
OMF,"OneMain Holdings, Inc.",Financial Services,Mid-Cap,1181070,NYQ
FND,"Floor & Decor Holdings, Inc.",Consumer Cyclical,Mid-Cap,2567460,NYQ
NUVL,"Nuvalent, Inc.",Healthcare,Mid-Cap,606688,NMS
MOD,Modine Manufacturing Company,Consumer Cyclical,Mid-Cap,1312165,NYQ
PATH,"UiPath, Inc.",Technology,Mid-Cap,24236288,NYQ
WING,Wingstop Inc.,Consumer Cyclical,Mid-Cap,788111,NMS
CBSH,"Commerce Bancshares, Inc.",Financial Services,Mid-Cap,1166548,NMS
QRVO,"Qorvo, Inc.",Technology,Mid-Cap,1332054,NMS
KVYO,"Klaviyo, Inc. Series A",Technology,Mid-Cap,3034019,NYQ
ORA,"Ormat Technologies, Inc.",Utilities,Mid-Cap,588749,NYQ
GRFS,"Grifols, S.A.",Healthcare,Mid-Cap,584647,NMS
MTCH,"Match Group, Inc.",Communication Services,Mid-Cap,3626568,NMS
PSN,Parsons Corporation,Technology,Mid-Cap,1458280,NYQ
PDI,PIMCO Dynamic Income Fund,Financial Services,Mid-Cap,2919803,NYQ
DVA,DaVita Inc.,Healthcare,Mid-Cap,913786,NYQ
AAON,"AAON, Inc.",Industrials,Mid-Cap,1033650,NMS
CWEN,"Clearway Energy, Inc.",Utilities,Mid-Cap,1128862,NYQ
INGR,Ingredion Incorporated,Consumer Defensive,Mid-Cap,672263,NYQ
HESM,Hess Midstream LP,Energy,Mid-Cap,1546303,NYQ
MIDD,The Middleby Corporation,Industrials,Mid-Cap,812490,NMS
MHK,"Mohawk Industries, Inc.",Consumer Cyclical,Mid-Cap,1024329,NYQ
FLR,Fluor Corporation,Industrials,Mid-Cap,2995032,NYQ
JHG,Janus Henderson Group plc,Financial Services,Mid-Cap,1404032,NYQ
MASI,Masimo Corporation,Healthcare,Mid-Cap,812185,NMS
RGTI,"Rigetti Computing, Inc.",Technology,Mid-Cap,38452345,NCM
SMTC,Semtech Corporation,Technology,Mid-Cap,1594691,NMS
BTG,B2Gold Corp,Basic Materials,Mid-Cap,39287050,ASE
CIFR,Cipher Mining Inc.,Financial Services,Mid-Cap,37346801,NMS
VOYA,"Voya Financial, Inc.",Financial Services,Mid-Cap,831613,NYQ
DOCS,"Doximity, Inc.",Healthcare,Mid-Cap,2672157,NYQ
CAI,"Caris Life Sciences, Inc.",Healthcare,Mid-Cap,2329836,NMS
BRKR,Bruker Corporation,Healthcare,Mid-Cap,2416480,NMS
OTEX,Open Text Corporation,Technology,Mid-Cap,1156785,NMS
CAVA,"CAVA Group, Inc.",Consumer Cyclical,Mid-Cap,4093798,NYQ
BEPC,Brookfield Renewable Corporatio,Utilities,Mid-Cap,1066906,NYQ
AL,Air Lease Corporation,Industrials,Mid-Cap,1693244,NYQ
CWAN,"Clearwater Analytics Holdings, ",Technology,Mid-Cap,11746240,NYQ
HQY,"HealthEquity, Inc.",Healthcare,Mid-Cap,940486,NMS
AXTA,Axalta Coating Systems Ltd.,Basic Materials,Mid-Cap,3946611,NYQ
KEX,Kirby Corporation,Industrials,Mid-Cap,776011,NYQ
LYFT,"Lyft, Inc.",Technology,Mid-Cap,14574890,NMS
PONY,Pony AI Inc.,Technology,Mid-Cap,4992465,NMS
PCVX,"Vaxcyte, Inc.",Healthcare,Mid-Cap,1391432,NMS
PB,"Prosperity Bancshares, Inc.",Financial Services,Mid-Cap,989250,NYQ
ICL,ICL Group Ltd.,Basic Materials,Mid-Cap,1115722,NYQ
GPGI,"GPGI, Inc.",Industrials,Mid-Cap,1507552,NYQ
ESI,Element Solutions Inc.,Basic Materials,Mid-Cap,2277291,NYQ
BIRK,Birkenstock Holding plc,Consumer Cyclical,Mid-Cap,2559342,NYQ
STAG,"Stag Industrial, Inc.",Real Estate,Mid-Cap,1349150,NYQ
BTSG,"BrightSpring Health Services, I",Healthcare,Mid-Cap,1924181,NMS
PRMB,Primo Brands Corporation,Consumer Defensive,Mid-Cap,8298714,NYQ
RYTM,"Rhythm Pharmaceuticals, Inc.",Healthcare,Mid-Cap,765785,NGM
CHDN,"Churchill Downs, Incorporated",Consumer Cyclical,Mid-Cap,698257,NMS
NOV,NOV Inc.,Energy,Mid-Cap,4157237,NYQ
NICE,NICE Ltd,Technology,Mid-Cap,876908,NMS
DSGX,The Descartes Systems Group Inc,Technology,Mid-Cap,563104,NMS
CIG,Comp En De Mn Cemig,Utilities,Mid-Cap,3376442,NYQ
FROG,JFrog Ltd.,Technology,Mid-Cap,1986957,NMS
EAT,"Brinker International, Inc.",Consumer Cyclical,Mid-Cap,1419752,NYQ
DAR,Darling Ingredients Inc.,Consumer Defensive,Mid-Cap,2189526,NYQ
DBX,"Dropbox, Inc.",Technology,Mid-Cap,3708113,NMS
STWD,"STARWOOD PROPERTY TRUST, INC. S",Real Estate,Mid-Cap,3527414,NYQ
SFM,"Sprouts Farmers Market, Inc.",Consumer Defensive,Mid-Cap,2530245,NMS
VLY,Valley National Bancorp,Financial Services,Mid-Cap,7463373,NMS
GKOS,Glaukos Corporation,Healthcare,Mid-Cap,892168,NYQ
OLLI,Ollie's Bargain Outlet Holdings,Consumer Defensive,Mid-Cap,1168514,NGM
KMX,CarMax Inc,Consumer Cyclical,Mid-Cap,4652506,NYQ
SIRI,SiriusXM Holdings Inc.,Communication Services,Mid-Cap,3925021,NMS
HIMS,"Hims & Hers Health, Inc.",Healthcare,Mid-Cap,18676004,NYQ
DUOL,"Duolingo, Inc.",Technology,Mid-Cap,2076808,NMS
CWST,"Casella Waste Systems, Inc.",Industrials,Mid-Cap,901070,NMS
WFRD,Weatherford International plc,Energy,Mid-Cap,954462,NMS
VNO,Vornado Realty Trust,Real Estate,Mid-Cap,1495221,NYQ
RITM,Rithm Capital Corp.,Real Estate,Mid-Cap,7095957,NYQ
HUT,Hut 8 Corp.,Financial Services,Mid-Cap,6872918,NMS
CRUS,"Cirrus Logic, Inc.",Technology,Mid-Cap,530632,NMS
FBIN,"Fortune Brands Innovations, Inc",Industrials,Mid-Cap,1711127,NYQ
GXO,"GXO Logistics, Inc.",Industrials,Mid-Cap,1104881,NYQ
LOAR,Loar Holdings Inc.,Industrials,Mid-Cap,736713,NYQ
CGNX,Cognex Corporation,Technology,Mid-Cap,1726934,NMS
FAF,First American Corporation (New,Financial Services,Mid-Cap,752626,NYQ
BYD,Boyd Gaming Corporation,Consumer Cyclical,Mid-Cap,801470,NYQ
CRK,"Comstock Resources, Inc.",Energy,Mid-Cap,2880767,NYQ
ADT,ADT Inc.,Industrials,Mid-Cap,6367732,NYQ
LMND,"Lemonade, Inc.",Financial Services,Mid-Cap,2678029,NYQ
TKR,Timken Company (The),Industrials,Mid-Cap,667059,NYQ
EXLS,"ExlService Holdings, Inc.",Technology,Mid-Cap,1169722,NMS
RIOT,"Riot Platforms, Inc.",Financial Services,Mid-Cap,19193824,NCM
MAT,"Mattel, Inc.",Consumer Cyclical,Mid-Cap,3466786,NMS
HXL,Hexcel Corporation,Industrials,Mid-Cap,1197006,NYQ
TAL,TAL Education Group,Consumer Defensive,Mid-Cap,3478367,NYQ
GLBE,Global-E Online Ltd.,Consumer Cyclical,Mid-Cap,1270942,NMS
LTH,"Life Time Group Holdings, Inc.",Consumer Cyclical,Mid-Cap,2144050,NYQ
MNDY,monday.com Ltd.,Technology,Mid-Cap,1412403,NMS
TXNM,"TXNM Energy, Inc.",Utilities,Mid-Cap,847732,NYQ
SITE,"SiteOne Landscape Supply, Inc.",Industrials,Mid-Cap,606777,NYQ
LEA,Lear Corporation,Consumer Cyclical,Mid-Cap,610763,NYQ
WULF,TeraWulf Inc.,Financial Services,Mid-Cap,32599024,NCM
ORLA,Orla Mining Ltd.,Basic Materials,Mid-Cap,2611373,ASE
TRNO,Terreno Realty Corporation,Real Estate,Mid-Cap,717540,NYQ
GBCI,"Glacier Bancorp, Inc.",Financial Services,Mid-Cap,892904,NYQ
GPCR,Structure Therapeutics Inc.,Healthcare,Mid-Cap,1605462,NGM
OTF,Blue Owl Technology Finance Cor,Financial Services,Mid-Cap,1265990,NYQ
MKTX,"MarketAxess Holdings, Inc.",Financial Services,Mid-Cap,637145,NMS
GTLB,GitLab Inc.,Technology,Mid-Cap,4588636,NMS
LW,"Lamb Weston Holdings, Inc.",Consumer Defensive,Mid-Cap,2581329,NYQ
URBN,"Urban Outfitters, Inc.",Consumer Cyclical,Mid-Cap,2177773,NMS
OBDC,Blue Owl Capital Corporation,Financial Services,Mid-Cap,5042227,NYQ
FNB,F.N.B. Corporation,Financial Services,Mid-Cap,5347616,NYQ
ARW,"Arrow Electronics, Inc.",Technology,Mid-Cap,533550,NYQ
ENIC,Enel Chile S.A.,Utilities,Mid-Cap,517922,NYQ
RRR,"Red Rock Resorts, Inc.",Consumer Cyclical,Mid-Cap,853434,NMS
MIR,"Mirion Technologies, Inc.",Industrials,Mid-Cap,2812709,NYQ
NTSK,"Netskope, Inc.",Technology,Mid-Cap,2455822,NMS
CORZ,"Core Scientific, Inc.",Technology,Mid-Cap,12385127,NMS
SEE,Sealed Air Corporation,Consumer Cyclical,Mid-Cap,3602673,NYQ
ESNT,Essent Group Ltd.,Financial Services,Mid-Cap,656596,NYQ
LPX,Louisiana-Pacific Corporation,Industrials,Mid-Cap,1024785,NYQ
MTG,MGIC Investment Corporation,Financial Services,Mid-Cap,1825000,NYQ
QS,QuantumScape Corporation,Consumer Cyclical,Mid-Cap,19132822,NMS
VSAT,"ViaSat, Inc.",Technology,Mid-Cap,1875249,NMS
ALGM,"Allegro MicroSystems, Inc.",Technology,Mid-Cap,2196873,NMS
MRCY,Mercury Systems Inc,Industrials,Mid-Cap,661168,NMS
BXSL,Blackstone Secured Lending Fund,Financial Services,Mid-Cap,1766977,NYQ
PTCT,"PTC Therapeutics, Inc.",Healthcare,Mid-Cap,1637547,NMS
THO,"Thor Industries, Inc.",Consumer Cyclical,Mid-Cap,564096,NYQ
FRO,Frontline Plc,Energy,Mid-Cap,3119455,NYQ
RAL,Ralliant Corporation,Technology,Mid-Cap,1385001,NYQ
EPRT,Essential Properties Realty Tru,Real Estate,Mid-Cap,1787137,NYQ
VIST,Vista Energy S.A.B. de C.V.,Energy,Mid-Cap,911006,NYQ
ALK,"Alaska Air Group, Inc.",Industrials,Mid-Cap,3507649,NYQ
TMHC,Taylor Morrison Home Corporatio,Consumer Cyclical,Mid-Cap,930918,NYQ
MMYT,MakeMyTrip Limited,Consumer Cyclical,Mid-Cap,1207088,NMS
HR,Healthcare Realty Trust Incorpo,Real Estate,Mid-Cap,3024865,NYQ
COGT,"Cogent Biosciences, Inc.",Healthcare,Mid-Cap,3303704,NMS
ACHR,Archer Aviation Inc.,Industrials,Mid-Cap,48881304,NYQ
FRMI,Fermi Inc.,N/A,Mid-Cap,6535777,NMS
SOBO,South Bow Corporation,Energy,Mid-Cap,948018,NYQ
GTES,Gates Industrial Corporation pl,Industrials,Mid-Cap,2276157,NYQ
IBRX,"ImmunityBio, Inc.",Healthcare,Mid-Cap,25177339,NMS
DLB,Dolby Laboratories,Industrials,Mid-Cap,687790,NYQ
WH,"Wyndham Hotels & Resorts, Inc.",Consumer Cyclical,Mid-Cap,1233234,NYQ
ETSY,"Etsy, Inc.",Consumer Cyclical,Mid-Cap,3397159,NYQ
OS,"OneStream, Inc.",Technology,Mid-Cap,3228462,NMS
UBSI,"United Bankshares, Inc.",Financial Services,Mid-Cap,811516,NMS
MAIN,Main Street Capital Corporation,Financial Services,Mid-Cap,507227,NYQ
KYMR,"Kymera Therapeutics, Inc.",Healthcare,Mid-Cap,978685,NGM
BETA,"Beta Technologies, Inc.",Industrials,Mid-Cap,1232666,NYQ
AUGO,Aura Minerals Inc.,Basic Materials,Mid-Cap,704403,NMS
TKC,Turkcell Iletisim Hizmetleri AS,Communication Services,Mid-Cap,1096006,NYQ
OPCH,"Option Care Health, Inc.",Healthcare,Mid-Cap,1968540,NMS
UUUU,Energy Fuels Inc,Energy,Mid-Cap,13915170,ASE
FORM,"FormFactor, Inc.",Technology,Mid-Cap,1084718,NMS
MNSO,MINISO Group Holding Limited,Consumer Cyclical,Mid-Cap,567904,NYQ
SSRM,SSR Mining Inc.,Basic Materials,Mid-Cap,3034586,NMS
POR,Portland General Electric Co,Utilities,Mid-Cap,1103340,NYQ
HWC,Hancock Whitney Corporation,Financial Services,Mid-Cap,814118,NMS
LEU,Centrus Energy Corp.,Energy,Mid-Cap,1133495,NYQ
HOMB,"Home BancShares, Inc.",Financial Services,Mid-Cap,1227070,NYQ
BC,Brunswick Corporation,Consumer Cyclical,Mid-Cap,862824,NYQ
CHRD,Chord Energy Corporation,Energy,Mid-Cap,731785,NMS
AUB,Atlantic Union Bankshares Corpo,Financial Services,Mid-Cap,1192832,NYQ
RDNT,"RadNet, Inc.",Healthcare,Mid-Cap,872422,NGM
NE,Noble Corporation plc A,Energy,Mid-Cap,1677840,NYQ
OLED,Universal Display Corporation,Technology,Mid-Cap,612344,NMS
BKH,Black Hills Corporation,Utilities,Mid-Cap,1110783,NYQ
KBR,"KBR, Inc.",Industrials,Mid-Cap,1313575,NYQ
OPEN,Opendoor Technologies Inc,Real Estate,Mid-Cap,88337893,NMS
ALKS,Alkermes plc,Healthcare,Mid-Cap,2256052,NMS
DOCN,"DigitalOcean Holdings, Inc.",Technology,Mid-Cap,2415773,NYQ
BIPC,Brookfield Infrastructure Corpo,Utilities,Mid-Cap,607945,NYQ
SLM,SLM Corporation,Financial Services,Mid-Cap,2903673,NMS
KD,"Kyndryl Holdings, Inc.",Technology,Mid-Cap,2286875,NYQ
BOOT,"Boot Barn Holdings, Inc.",Consumer Cyclical,Mid-Cap,576263,NYQ
SRAD,Sportradar Group AG,Technology,Mid-Cap,2318898,NMS
RIG,Transocean Ltd (Switzerland),Energy,Mid-Cap,34175113,NYQ
FOUR,"Shift4 Payments, Inc.",Technology,Mid-Cap,2026662,NYQ
MC,Moelis & Company,Financial Services,Mid-Cap,801983,NYQ
FLG,"Flagstar Bank, N.A.",Financial Services,Mid-Cap,4960555,NYQ
SMR,NuScale Power Corporation,Industrials,Mid-Cap,26290516,NYQ
CRNX,"Crinetics Pharmaceuticals, Inc.",Healthcare,Mid-Cap,1358772,NMS
VNT,Vontier Corporation,Technology,Mid-Cap,1120895,NYQ
M,Macy's Inc,Consumer Cyclical,Mid-Cap,6770809,NYQ
IMVT,"Immunovant, Inc.",Healthcare,Mid-Cap,1627962,NMS
CELC,Celcuity Inc.,Healthcare,Mid-Cap,848196,NCM
WAY,Waystar Holding Corp.,Healthcare,Mid-Cap,2033327,NMS
MTDR,Matador Resources Company,Energy,Mid-Cap,1617855,NYQ
LGN,Legence Corp.,Industrials,Mid-Cap,1199080,NMS
PACS,"PACS Group, Inc.",Healthcare,Mid-Cap,1681634,NYQ
CNX,CNX Resources Corporation,Energy,Mid-Cap,2032565,NYQ
MMS,"Maximus, Inc.",Industrials,Mid-Cap,608809,NYQ
SHC,Sotera Health Company,Healthcare,Mid-Cap,2493183,NMS
RLI,RLI Corp.,Financial Services,Mid-Cap,801909,NYQ
BLSH,Bullish,Technology,Mid-Cap,2033162,NYQ
GNTX,Gentex Corporation,Consumer Cyclical,Mid-Cap,2297500,NMS
GVA,Granite Construction Incorporat,Industrials,Mid-Cap,680514,NYQ
ENPH,"Enphase Energy, Inc.",Technology,Mid-Cap,6565770,NGM
FLNC,"Fluence Energy, Inc.",Utilities,Mid-Cap,5925273,NMS
ONDS,Ondas Inc,Technology,Mid-Cap,103035332,NCM
OZK,Bank OZK,Financial Services,Mid-Cap,1258857,NMS
PTGX,"Protagonist Therapeutics, Inc.",Healthcare,Mid-Cap,907380,NGM
BFAM,Bright Horizons Family Solution,Consumer Cyclical,Mid-Cap,678136,NYQ
NIQ,NIQ Global Intelligence plc,N/A,Mid-Cap,1252385,NYQ
KRG,Kite Realty Group Trust,Real Estate,Mid-Cap,1848147,NYQ
SNDR,"Schneider National, Inc.",Industrials,Mid-Cap,953421,NYQ
CRSP,CRISPR Therapeutics AG,Healthcare,Mid-Cap,2008813,NGM
ELF,"e.l.f. Beauty, Inc.",Consumer Defensive,Mid-Cap,2407493,NYQ
ATAT,Atour Lifestyle Holdings Limite,Consumer Cyclical,Mid-Cap,1234460,NMS
S,"SentinelOne, Inc.",Technology,Mid-Cap,8202572,NYQ
ST,Sensata Technologies Holding pl,Technology,Mid-Cap,1332636,NYQ
MIRM,"Mirum Pharmaceuticals, Inc.",Healthcare,Mid-Cap,767622,NGM
CE,Celanese Corporation,Basic Materials,Mid-Cap,2157577,NYQ
POST,"Post Holdings, Inc.",Consumer Defensive,Mid-Cap,816372,NYQ
AQN,Algonquin Power & Utilities Cor,Utilities,Mid-Cap,5002601,NYQ
CCC,CCC Intelligent Solutions Holdi,Technology,Mid-Cap,8105140,NMS
UGP,Ultrapar Participacoes S.A. (Ne,Energy,Mid-Cap,1683239,NYQ
STUB,"StubHub Holdings, Inc.",Communication Services,Mid-Cap,3617542,NYQ
REZI,"Resideo Technologies, Inc.",Industrials,Mid-Cap,1732150,NYQ
LAUR,"Laureate Education, Inc.",Consumer Defensive,Mid-Cap,1127983,NMS
IRTC,"iRhythm Holdings, Inc.",Healthcare,Mid-Cap,550068,NMS
TDS,"Telephone and Data Systems, Inc",Communication Services,Mid-Cap,979908,NYQ
HRB,"H&R Block, Inc.",Consumer Cyclical,Mid-Cap,1679037,NYQ
LAZ,"Lazard, Inc.",Financial Services,Mid-Cap,930649,NYQ
AROC,"Archrock, Inc.",Energy,Mid-Cap,1584290,NYQ
NOVT,Novanta Inc.,Technology,Mid-Cap,640898,NMS
CNR,"Core Natural Resources, Inc.",Energy,Mid-Cap,766132,NYQ
SGHC,Super Group (SGHC) Limited,Consumer Cyclical,Mid-Cap,2392572,NYQ
RUSHA,"Rush Enterprises, Inc.",Consumer Cyclical,Mid-Cap,579232,NMS
MRP,"Millrose Properties, Inc.",Real Estate,Mid-Cap,2403336,NYQ
MTH,Meritage Homes Corporation,Consumer Cyclical,Mid-Cap,900124,NYQ
NJR,NewJersey Resources Corporation,Utilities,Mid-Cap,577734,NYQ
APGE,"Apogee Therapeutics, Inc.",Healthcare,Mid-Cap,946073,NGM
ZETA,Zeta Global Holdings Corp.,Technology,Mid-Cap,7700926,NYQ
PECO,"Phillips Edison & Company, Inc.",Real Estate,Mid-Cap,880855,NMS
WIX,Wix.com Ltd.,Technology,Mid-Cap,1591580,NMS
TGTX,"TG Therapeutics, Inc.",Healthcare,Mid-Cap,2014403,NCM
MMSI,"Merit Medical Systems, Inc.",Healthcare,Mid-Cap,689552,NMS
REYN,Reynolds Consumer Products Inc.,Consumer Cyclical,Mid-Cap,819936,NMS
PI,"Impinj, Inc.",Technology,Mid-Cap,612378,NMS
SKY,"Champion Homes, Inc.",Consumer Cyclical,Mid-Cap,722818,NYQ
EOSE,"Eos Energy Enterprises, Inc.",Industrials,Mid-Cap,21250988,NCM
CORT,Corcept Therapeutics Incorporat,Healthcare,Mid-Cap,1793598,NCM
HCC,"Warrior Met Coal, Inc.",Basic Materials,Mid-Cap,848232,NYQ
LIF,"Life360, Inc.",Technology,Mid-Cap,1047152,NMS
CHH,"Choice Hotels International, In",Consumer Cyclical,Mid-Cap,765524,NYQ
PAGP,"Plains GP Holdings, L.P.",Energy,Mid-Cap,1568504,NMS
BBAR,Banco BBVA Argentina S.A.,Financial Services,Mid-Cap,781524,NYQ
RUN,Sunrun Inc.,Technology,Mid-Cap,7683318,NMS
MTN,"Vail Resorts, Inc.",Consumer Cyclical,Mid-Cap,902927,NYQ
VSNT,"Versant Media Group, Inc.",Communication Services,Mid-Cap,5261659,NMS
NG,Novagold Resources Inc.,Basic Materials,Mid-Cap,3053821,ASE
ECG,"Everus Construction Group, Inc.",Industrials,Mid-Cap,628847,NYQ
SAIC,Science Applications Internatio,Technology,Mid-Cap,579121,NMS
IEP,Icahn Enterprises L.P. - Deposi,Energy,Mid-Cap,1192670,NMS
MAC,Macerich Company (The),Real Estate,Mid-Cap,1757393,NYQ
SON,Sonoco Products Company,Consumer Cyclical,Mid-Cap,967665,NYQ
BILL,"BILL Holdings, Inc.",Technology,Mid-Cap,2528145,NYQ
TMDX,"TransMedics Group, Inc.",Healthcare,Mid-Cap,789775,NGM
MGY,Magnolia Oil & Gas Corporation,Energy,Mid-Cap,2451981,NYQ
NSA,National Storage Affiliates Tru,Real Estate,Mid-Cap,1322373,NYQ
WHR,Whirlpool Corporation,Consumer Cyclical,Mid-Cap,1464249,NYQ
FLY,Firefly Aerospace Inc.,Industrials,Mid-Cap,3021100,NGM
ATMU,Atmus Filtration Technologies I,Consumer Cyclical,Mid-Cap,665681,NYQ
MSM,"MSC Industrial Direct Company, ",Industrials,Mid-Cap,684521,NYQ
SSL,Sasol Ltd.,Basic Materials,Mid-Cap,1135237,NYQ
WPP,WPP plc,Communication Services,Mid-Cap,611400,NYQ
YOU,"Clear Secure, Inc.",Technology,Mid-Cap,1522829,NYQ
VIAV,Viavi Solutions Inc.,Technology,Mid-Cap,4094955,NMS
TFX,Teleflex Incorporated,Healthcare,Mid-Cap,846177,NYQ
LNTH,"Lantheus Holdings, Inc.",Healthcare,Mid-Cap,1072363,NGM
SBRA,"Sabra Health Care REIT, Inc.",Real Estate,Mid-Cap,2879624,NMS
ACIW,"ACI Worldwide, Inc.",Technology,Mid-Cap,717519,NMS
CROX,"Crocs, Inc.",Consumer Cyclical,Mid-Cap,1356575,NMS
ANF,Abercrombie & Fitch Company,Consumer Cyclical,Mid-Cap,2116318,NYQ
SLGN,Silgan Holdings Inc.,Consumer Cyclical,Mid-Cap,991234,NYQ
EBC,"Eastern Bankshares, Inc.",Financial Services,Mid-Cap,2203290,NMS
FFIN,"First Financial Bankshares, Inc",Financial Services,Mid-Cap,785273,NMS
HYMC,Hycroft Mining Holding Corporat,Basic Materials,Mid-Cap,3944159,NCM
WK,Workiva Inc.,Technology,Mid-Cap,674439,NYQ
MUR,Murphy Oil Corporation,Energy,Mid-Cap,2390432,NYQ
CRC,California Resources Corporatio,Energy,Mid-Cap,933260,NYQ
ITRI,"Itron, Inc.",Technology,Mid-Cap,690736,NMS
CGON,"CG Oncology, Inc.",Healthcare,Mid-Cap,1074793,NMS
CSAN,Cosan S.A.,Energy,Mid-Cap,2462039,NYQ
TNL,Travel   Leisure Co.,Consumer Cyclical,Mid-Cap,564863,NYQ
TREX,"Trex Company, Inc.",Industrials,Mid-Cap,2788734,NYQ
CZR,"Caesars Entertainment, Inc.",Consumer Cyclical,Mid-Cap,6645503,NMS
SRRK,Scholar Rock Holding Corporatio,Healthcare,Mid-Cap,1454452,NMS
VSCO,Victorias Secret & Co.,Consumer Cyclical,Mid-Cap,2441234,NYQ
FOLD,"Amicus Therapeutics, Inc.",Healthcare,Mid-Cap,10738811,NGM
RDN,Radian Group Inc.,Financial Services,Mid-Cap,957500,NYQ
CENX,Century Aluminum Company,Basic Materials,Mid-Cap,2233483,NMS
GPK,Graphic Packaging Holding Compa,Consumer Cyclical,Mid-Cap,5110768,NYQ
STNE,StoneCo Ltd.,Technology,Mid-Cap,6844900,NMS
ACAD,ACADIA Pharmaceuticals Inc.,Healthcare,Mid-Cap,1427509,NMS
BBWI,"Bath & Body Works, Inc.",Consumer Cyclical,Mid-Cap,7546277,NYQ
ALH,Alliance Laundry Holdings Inc.,Consumer Cyclical,Mid-Cap,1119985,NYQ
ASB,Associated Banc-Corp,Financial Services,Mid-Cap,1995657,NYQ
KC,Kingsoft Cloud Holdings Limited,Technology,Mid-Cap,1367808,NMS
UPST,"Upstart Holdings, Inc.",Financial Services,Mid-Cap,5135957,NMS
INTR,Inter & Co. Inc.,Financial Services,Mid-Cap,2565737,NMS
BTU,Peabody Energy Corporation,Energy,Mid-Cap,2893929,NYQ
AMRX,"Amneal Pharmaceuticals, Inc.",Healthcare,Mid-Cap,2442147,NMS
LPL,"LG Display Co, Ltd AMERICAN DEP",Technology,Mid-Cap,531016,NYQ
INDV,"Indivior Pharmaceuticals, Inc.",Healthcare,Mid-Cap,2445759,NMS
NMRK,"Newmark Group, Inc.",Real Estate,Mid-Cap,1089537,NMS
HASI,HA Sustainable Infrastructure C,Financial Services,Mid-Cap,1097985,NYQ
FTDR,"frontdoor, inc.",Consumer Cyclical,Mid-Cap,648940,NMS
TMC,TMC the metals company Inc.,Basic Materials,Mid-Cap,9787913,NMS
CUZ,Cousins Properties Incorporated,Real Estate,Mid-Cap,1433962,NYQ
AVT,"Avnet, Inc.",Technology,Mid-Cap,981490,NMS
DLO,DLocal Limited,Technology,Mid-Cap,1673975,NMS
OSCR,"Oscar Health, Inc.",Healthcare,Mid-Cap,11250498,NYQ
PPTA,Perpetua Resources Corp.,Basic Materials,Mid-Cap,2380108,NCM
ARMN,Aris Mining Corporation,Basic Materials,Mid-Cap,1752400,ASE
GRAL,"GRAIL, Inc.",Healthcare,Mid-Cap,960060,NMS
MDU,"MDU Resources Group, Inc.",Utilities,Mid-Cap,2360875,NYQ
VVV,Valvoline Inc.,Consumer Cyclical,Mid-Cap,2334224,NYQ
MWA,MUELLER WATER PRODUCTS,Industrials,Mid-Cap,1317640,NYQ
BGC,"BGC Group, Inc.",Financial Services,Mid-Cap,2564921,NMS
ATGE,Adtalem Global Education Inc.,Consumer Defensive,Mid-Cap,582404,NYQ
KRC,Kilroy Realty Corporation,Real Estate,Mid-Cap,1508878,NYQ
SOUN,"SoundHound AI, Inc.",Technology,Mid-Cap,27040752,NGM
OUT,OUTFRONT Media Inc.,Real Estate,Mid-Cap,1577672,NYQ
VAL,Valaris Limited,Energy,Mid-Cap,1007288,NYQ
ALHC,"Alignment Healthcare, Inc.",Healthcare,Mid-Cap,2729540,NMS
TPC,Tutor Perini Corporation,Industrials,Mid-Cap,525027,NYQ
CAR,"Avis Budget Group, Inc.",Industrials,Mid-Cap,609047,NMS
NWE,"NorthWestern Energy Group, Inc.",Utilities,Mid-Cap,580604,NMS
UCB,"United Community Banks, Inc.",Financial Services,Mid-Cap,790732,NYQ
HSAI,Hesai Group,Consumer Cyclical,Mid-Cap,2519145,NMS
IRT,"Independence Realty Trust, Inc.",Real Estate,Mid-Cap,2652624,NYQ
GLNG,Golar LNG Limited,Energy,Mid-Cap,1178775,NMS
TAC,TransAlta Corporation,Utilities,Mid-Cap,1729863,NYQ
FHI,"Federated Hermes, Inc.",Financial Services,Mid-Cap,577316,NYQ
QTWO,"Q2 Holdings, Inc.",Technology,Mid-Cap,763685,NYQ
EXK,Endeavour Silver Corporation,Basic Materials,Mid-Cap,14994549,NYQ
CLBT,Cellebrite DI Ltd.,Technology,Mid-Cap,1267468,NMS
VISN,"Vistance Networks, Inc.",Technology,Mid-Cap,4150172,NMS
SKE,Skeena Resources Limited,Basic Materials,Mid-Cap,880627,NYQ
VRNS,"Varonis Systems, Inc.",Technology,Mid-Cap,2137509,NMS
NVST,Envista Holdings Corporation,Healthcare,Mid-Cap,2211829,NYQ
TFSL,TFS Financial Corporation,Financial Services,Mid-Cap,631206,NMS
CALM,"Cal-Maine Foods, Inc.",Consumer Defensive,Mid-Cap,1166196,NMS
FSK,FS KKR Capital Corp.,Financial Services,Mid-Cap,2575927,NYQ
ACLX,"Arcellx, Inc.",Healthcare,Mid-Cap,1050196,NMS
MARA,"MARA Holdings, Inc.",Financial Services,Mid-Cap,42049968,NCM
HPP,"Hudson Pacific Properties, Inc.",Real Estate,Mid-Cap,1238110,NYQ
CNO,"CNO Financial Group, Inc.",Financial Services,Mid-Cap,649131,NYQ
AEO,"American Eagle Outfitters, Inc.",Consumer Cyclical,Mid-Cap,7499080,NYQ
TEX,Terex Corporation,Industrials,Mid-Cap,1249321,NYQ
ADMA,ADMA Biologics Inc,Healthcare,Mid-Cap,2873219,NGM
CVLT,"Commvault Systems, Inc.",Technology,Mid-Cap,858040,NMS
TBBB,BBB Foods Inc.,Consumer Defensive,Mid-Cap,669159,NYQ
AAUC,Allied Gold Corporation,Basic Materials,Mid-Cap,909739,NYQ
PRM,"Perimeter Solutions, SA",Basic Materials,Mid-Cap,934227,NYQ
SIMO,Silicon Motion Technology Corpo,Technology,Mid-Cap,505300,NMS
DJT,Trump Media & Technology Group ,Communication Services,Mid-Cap,9273273,NGM
RH,RH,Consumer Cyclical,Mid-Cap,1050727,NYQ
CGAU,Centerra Gold Inc.,Basic Materials,Mid-Cap,1494336,NYQ
EPR,EPR Properties,Real Estate,Mid-Cap,729188,NYQ
HGV,Hilton Grand Vacations Inc.,Consumer Cyclical,Mid-Cap,792296,NYQ
RSI,"Rush Street Interactive, Inc.",Consumer Cyclical,Mid-Cap,1515575,NYQ
WHD,"Cactus, Inc. Class A Common Sto",Energy,Mid-Cap,700604,NYQ
KNF,Knife Riv Holding Co.,Basic Materials,Mid-Cap,566295,NYQ
SEI,"Solaris Energy Infrastructure, ",Energy,Mid-Cap,3117424,NYQ
FG,"F&G Annuities & Life, Inc.",Financial Services,Mid-Cap,576327,NYQ
YETI,"YETI Holdings, Inc.",Consumer Cyclical,Mid-Cap,1963765,NYQ
BULL,Webull Corporation,Technology,Mid-Cap,15021660,NCM
CBT,Cabot Corporation,Basic Materials,Mid-Cap,512968,NYQ
PBF,PBF Energy Inc.,Energy,Mid-Cap,3016414,NYQ
DNP,"DNP Select Income Fund, Inc.",Financial Services,Mid-Cap,594275,NYQ
TERN,"Terns Pharmaceuticals, Inc.",Healthcare,Mid-Cap,4152011,NMS
FIBK,"First Interstate BancSystem, In",Financial Services,Mid-Cap,1396659,NMS
CNTA,Centessa Pharmaceuticals plc,Healthcare,Mid-Cap,1791422,NMS
BOX,"Box, Inc.",Technology,Mid-Cap,2311959,NYQ
CWK,Cushman & Wakefield Ltd.,Real Estate,Mid-Cap,1668280,NYQ
RYN,Rayonier Inc. REIT,Real Estate,Mid-Cap,2034896,NYQ
SHAK,"Shake Shack, Inc.",Consumer Cyclical,Mid-Cap,1548678,NYQ
PII,Polaris Inc.,Consumer Cyclical,Mid-Cap,908847,NYQ
SKT,Tanger Inc.,Real Estate,Mid-Cap,867483,NYQ
WSC,WillScot Holdings Corporation,Industrials,Mid-Cap,3091927,NCM
SIG,Signet Jewelers Limited,Consumer Cyclical,Mid-Cap,880536,NYQ
CALX,"Calix, Inc",Technology,Mid-Cap,890440,NYQ
NAMS,NewAmsterdam Pharma Company N.V,Healthcare,Mid-Cap,907321,NGM
GTX,Garrett Motion Inc.,Consumer Cyclical,Mid-Cap,2487944,NMS
LQDA,Liquidia Corporation,Healthcare,Mid-Cap,1991019,NCM
PAY,"Paymentus Holdings, Inc.",Technology,Mid-Cap,740324,NYQ
ERO,Ero Copper Corp.,Basic Materials,Mid-Cap,1508118,NYQ
LBTYA,Liberty Global Ltd.,Communication Services,Mid-Cap,1989270,NMS
GBTG,"Global Business Travel Group, I",Consumer Cyclical,Mid-Cap,1583157,NYQ
BHF,"Brighthouse Financial, Inc.",Financial Services,Mid-Cap,1247857,NMS
SMG,Scotts Miracle-Gro Company (The,Basic Materials,Mid-Cap,855783,NYQ
USAR,"USA Rare Earth, Inc.",Basic Materials,Mid-Cap,15192801,NGM
FULT,Fulton Financial Corporation,Financial Services,Mid-Cap,1736518,NMS
SA,"Seabridge Gold, Inc.",Basic Materials,Mid-Cap,1133795,NYQ
GBDC,"Golub Capital BDC, Inc.",Financial Services,Mid-Cap,1673836,NMS
COLD,"Americold Realty Trust, Inc.",Real Estate,Mid-Cap,6331395,NYQ
KBH,KB Home,Consumer Cyclical,Mid-Cap,1167508,NYQ
BNL,"Broadstone Net Lease, Inc.",Real Estate,Mid-Cap,1829072,NYQ
ASO,"Academy Sports and Outdoors, In",Consumer Cyclical,Mid-Cap,1659278,NMS
CMBT,CMB.TECH NV,Energy,Mid-Cap,2247667,NYQ
LBRT,Liberty Energy Inc.,Energy,Mid-Cap,3688860,NYQ
BKU,"BankUnited, Inc.",Financial Services,Mid-Cap,941737,NYQ
LCID,"Lucid Group, Inc.",Consumer Cyclical,Mid-Cap,8486877,NMS
NAVN,"Navan, Inc.",Technology,Mid-Cap,1965003,NMS
FSM,Fortuna Mining Corp.,Basic Materials,Mid-Cap,8500327,NYQ
HAYW,"Hayward Holdings, Inc.",Industrials,Mid-Cap,1537321,NYQ
VKTX,"Viking Therapeutics, Inc.",Healthcare,Mid-Cap,3213057,NCM
RNST,Renasant Corporation,Financial Services,Mid-Cap,564575,NYQ
KGS,"Kodiak Gas Services, Inc.",Energy,Mid-Cap,1574811,NYQ
MIAX,"Miami International Holdings, I",Financial Services,Mid-Cap,870678,NYQ
DNN,Denison Mines Corp,Energy,Mid-Cap,52725786,ASE
FBP,First BanCorp. New,Financial Services,Mid-Cap,1321519,NYQ
ACMR,"ACM Research, Inc.",Technology,Mid-Cap,1399363,NGM
FRPT,"Freshpet, Inc.",Consumer Defensive,Mid-Cap,1199765,NGM
CDP,COPT Defense Properties,Real Estate,Mid-Cap,1048581,NYQ
LIVN,LivaNova PLC,Healthcare,Mid-Cap,613162,NMS
DAN,Dana Incorporated,Consumer Cyclical,Mid-Cap,1869665,NYQ
SPSC,"SPS Commerce, Inc.",Technology,Mid-Cap,537788,NMS
SPHR,Sphere Entertainment Co.,Communication Services,Mid-Cap,831481,NYQ
NEA,Nuveen AMT-Free Quality Municip,Financial Services,Mid-Cap,951804,NYQ
PAGS,PagSeguro Digital Ltd.,Technology,Mid-Cap,4329547,NYQ
SLG,SL Green Realty Corp,Real Estate,Mid-Cap,1297060,NYQ
HTGC,"Hercules Capital, Inc.",Financial Services,Mid-Cap,1155598,NYQ
GNW,Genworth Financial Inc,Financial Services,Mid-Cap,4094201,NYQ
FRSH,Freshworks Inc.,Technology,Mid-Cap,3993249,NMS
LEGN,Legend Biotech Corporation,Healthcare,Mid-Cap,2436344,NMS
FHB,"First Hawaiian, Inc.",Financial Services,Mid-Cap,1409462,NMS
CARG,"CarGurus, Inc.",Consumer Cyclical,Mid-Cap,889365,NMS
HNI,HNI Corporation,Consumer Cyclical,Mid-Cap,758385,NYQ
CLSK,"CleanSpark, Inc.",Financial Services,Mid-Cap,31565622,NCM
PLUG,"Plug Power, Inc.",Industrials,Mid-Cap,105974667,NCM
AVNT,Avient Corporation,Basic Materials,Mid-Cap,842527,NYQ
XMTR,"Xometry, Inc.",Industrials,Mid-Cap,749896,NMS
AVA,Avista Corporation,Utilities,Mid-Cap,729293,NYQ
WRBY,Warby Parker Inc.,Healthcare,Mid-Cap,4269452,NYQ
BXMT,"Blackstone Mortgage Trust, Inc.",Real Estate,Mid-Cap,1322386,NYQ
DNLI,Denali Therapeutics Inc.,Healthcare,Mid-Cap,1632485,NMS
VERA,"Vera Therapeutics, Inc.",Healthcare,Mid-Cap,1537434,NGM
SYNA,Synaptics Incorporated,Technology,Mid-Cap,593731,NMS
REVG,"REV Group, Inc.",Industrials,Mid-Cap,769850,NYQ
HP,"Helmerich & Payne, Inc.",Energy,Mid-Cap,1582642,NYQ
PCH,PotlatchDeltic Corporation - Co,Real Estate,Mid-Cap,820054,NMS
SBCF,Seacoast Banking Corporation of,Financial Services,Mid-Cap,690626,NMS
MCHB,Mechanics Bancorp,Financial Services,Mid-Cap,646481,NMS
BL,"BlackLine, Inc.",Technology,Mid-Cap,778908,NMS
ALMS,Alumis Inc.,Healthcare,Mid-Cap,2918470,NMS
XENE,Xenon Pharmaceuticals Inc.,Healthcare,Mid-Cap,880349,NGM
KTB,"Kontoor Brands, Inc.",Consumer Cyclical,Mid-Cap,721685,NYQ
HAE,Haemonetics Corporation,Healthcare,Mid-Cap,913554,NYQ
ARQT,"Arcutis Biotherapeutics, Inc.",Healthcare,Mid-Cap,2026593,NMS
OPLN,"OPENLANE, Inc.",Consumer Cyclical,Mid-Cap,926436,NYQ
VRDN,"Viridian Therapeutics, Inc.",Healthcare,Mid-Cap,1638403,NCM
SHOO,"Steven Madden, Ltd.",Consumer Cyclical,Mid-Cap,1132200,NMS
VRRM,Verra Mobility Corporation,Technology,Mid-Cap,1417226,NCM
BTDR,Bitdeer Technologies Group,Technology,Mid-Cap,7134780,NCM
HNGE,"Hinge Health, Inc.",Healthcare,Mid-Cap,1510747,NYQ
LRN,"Stride, Inc.",Consumer Defensive,Mid-Cap,1579609,NYQ
CSTM,Constellium SE,Basic Materials,Mid-Cap,1244301,NYQ
BFH,"Bread Financial Holdings, Inc.",Financial Services,Mid-Cap,828844,NYQ
TBBK,"The Bancorp, Inc.",Financial Services,Mid-Cap,607113,NMS
IAC,IAC Inc.,Communication Services,Mid-Cap,1111349,NMS
VCYT,"Veracyte, Inc.",Healthcare,Mid-Cap,918411,NGM
TDW,Tidewater Inc.,Energy,Mid-Cap,759731,NYQ
BEAM,Beam Therapeutics Inc.,Healthcare,Mid-Cap,1975606,NMS
BANC,"Banc of California, Inc.",Financial Services,Mid-Cap,2066429,NYQ
COCO,"The Vita Coco Company, Inc.",Consumer Defensive,Mid-Cap,730870,NMS
PTRN,Pattern Group Inc. - Series A,Technology,Mid-Cap,891721,NMS
BRBR,"BellRing Brands, Inc.",Consumer Defensive,Mid-Cap,4075314,NYQ
EWTX,"Edgewise Therapeutics, Inc.",Healthcare,Mid-Cap,1481691,NMS
STNG,Scorpio Tankers Inc.,Energy,Mid-Cap,988291,NYQ
OII,"Oceaneering International, Inc.",Energy,Mid-Cap,892750,NYQ
IRON,"Disc Medicine, Inc.",Healthcare,Mid-Cap,576109,NGM
WRD,WERIDE INC.,Technology,Mid-Cap,4912242,NGM
ARX,Accelerant Holdings,Financial Services,Mid-Cap,1110511,NYQ
VERX,"Vertex, Inc.",Technology,Mid-Cap,1505403,NGM
MPW,"Medical Properties Trust, Inc.",Real Estate,Mid-Cap,7127403,NYQ
EEFT,"Euronet Worldwide, Inc.",Technology,Mid-Cap,767247,NMS
BKD,Brookdale Senior Living Inc.,Healthcare,Mid-Cap,4045847,NYQ
VNET,"VNET Group, Inc.",Technology,Mid-Cap,4414742,NMS
TGNA,TEGNA Inc,Communication Services,Mid-Cap,1332288,NYQ
GLOB,Globant S.A.,Technology,Mid-Cap,1259111,NYQ
IDYA,"IDEAYA Biosciences, Inc.",Healthcare,Mid-Cap,923457,NMS
KLIC,"Kulicke and Soffa Industries, I",Technology,Mid-Cap,632550,NMS
WU,Western Union Company (The),Financial Services,Mid-Cap,7880813,NYQ
CRGY,Crescent Energy Company,Energy,Mid-Cap,6058195,NYQ
INTA,"Intapp, Inc.",Technology,Mid-Cap,626419,NMS
ITGR,Integer Holdings Corporation,Healthcare,Mid-Cap,647836,NYQ
PVH,PVH Corp.,Consumer Cyclical,Mid-Cap,896983,NYQ
DBRG,"DigitalBridge Group, Inc.",Financial Services,Mid-Cap,6950039,NYQ
USAS,Americas Gold and Silver Corpor,Basic Materials,Mid-Cap,5332534,ASE
ERAS,"Erasca, Inc.",Healthcare,Mid-Cap,4665816,NMS
RLX,RLX Technology Inc.,Consumer Defensive,Mid-Cap,2055267,NYQ
AAP,Advance Auto Parts Inc.,Consumer Cyclical,Mid-Cap,1759818,NYQ
DYN,"Dyne Therapeutics, Inc.",Healthcare,Mid-Cap,2654770,NMS
COLM,Columbia Sportswear Company,Consumer Cyclical,Mid-Cap,574427,NMS
CPRX,"Catalyst Pharmaceuticals, Inc.",Healthcare,Mid-Cap,1312724,NCM
TGB,"Taseko Mines, Ltd.",Basic Materials,Mid-Cap,7325736,ASE
EXG,Eaton Vance Tax-Managed Global ,Financial Services,Mid-Cap,504785,NYQ
HAFN,Hafnia Limited,Industrials,Mid-Cap,1172077,NYQ
HIW,"Highwoods Properties, Inc.",Real Estate,Mid-Cap,1256495,NYQ
XXI,"Twenty One Capital, Inc.",Financial Services,Mid-Cap,1261027,NYQ
ADPT,Adaptive Biotechnologies Corpor,Healthcare,Mid-Cap,2377285,NMS
LXP,LXP Industrial Trust,Real Estate,Mid-Cap,676334,NYQ
SFNC,Simmons First National Corporat,Financial Services,Mid-Cap,1087147,NMS
TPH,"Tri Pointe Homes, Inc.",Consumer Cyclical,Mid-Cap,848555,NYQ
HUBG,"Hub Group, Inc.",Industrials,Mid-Cap,664695,NMS
JPC,Nuveen Preferred & Income Oppor,Financial Services,Mid-Cap,1075244,NYQ
KYIV,Kyivstar Group Ltd.,Communication Services,Mid-Cap,751714,NMS
RELY,"Remitly Global, Inc.",Technology,Mid-Cap,3765291,NMS
TARS,"Tarsus Pharmaceuticals, Inc.",Healthcare,Mid-Cap,551613,NMS
LUNR,"Intuitive Machines, Inc.",Industrials,Mid-Cap,9840073,NGM
AMBA,"Ambarella, Inc.",Technology,Mid-Cap,983085,NMS
PTEN,"Patterson-UTI Energy, Inc.",Energy,Mid-Cap,9137772,NMS
CXT,"Crane NXT, Co.",Industrials,Mid-Cap,540095,NYQ
FFBC,First Financial Bancorp.,Financial Services,Mid-Cap,832281,NMS
BWIN,"The Baldwin Insurance Group, In",Financial Services,Mid-Cap,1182437,NMS
MRX,Marex Group plc,Financial Services,Mid-Cap,579013,NMS
CAKE,The Cheesecake Factory Incorpor,Consumer Cyclical,Mid-Cap,1164870,NMS
ASH,Ashland Inc.,Basic Materials,Mid-Cap,828531,NYQ
RCUS,"Arcus Biosciences, Inc.",Healthcare,Mid-Cap,1797740,NYQ
CPRI,Capri Holdings Limited,Consumer Cyclical,Mid-Cap,2573173,NYQ
INSW,"International Seaways, Inc.",Energy,Mid-Cap,537586,NYQ
IMNM,"Immunome, Inc.",Healthcare,Mid-Cap,2167388,NCM
CTRI,"Centuri Holdings, Inc.",Utilities,Mid-Cap,1778927,NYQ
SUPN,"Supernus Pharmaceuticals, Inc.",Healthcare,Mid-Cap,789183,NGM
MH,"McGraw Hill, Inc.",Consumer Defensive,Mid-Cap,649434,NYQ
ALM,Almonty Industries Inc.,Basic Materials,Mid-Cap,3235927,NCM
UPWK,Upwork Inc.,Communication Services,Mid-Cap,3574777,NMS
RHI,Robert Half Inc.,Industrials,Mid-Cap,2394000,NYQ
ACLS,"Axcelis Technologies, Inc.",Technology,Mid-Cap,555685,NMS
BBAI,"BigBear.ai, Inc.",Technology,Mid-Cap,92463003,NYQ
SUNC,SunocoCorp LLC,Energy,Mid-Cap,811496,NYQ
NAD,Nuveen Quality Municipal Income,Financial Services,Mid-Cap,761893,NYQ
APLE,"Apple Hospitality REIT, Inc.",Real Estate,Mid-Cap,2666372,NYQ
PRVA,"Privia Health Group, Inc.",Healthcare,Mid-Cap,744550,NMS
IE,Ivanhoe Electric Inc.,Basic Materials,Mid-Cap,1990116,ASE
TDC,Teradata Corporation,Technology,Mid-Cap,1514629,NYQ
SVM,Silvercorp Metals Inc.,Basic Materials,Mid-Cap,6053772,ASE
ATRO,Astronics Corporation,Industrials,Mid-Cap,728513,NMS
AKR,Acadia Realty Trust,Real Estate,Mid-Cap,1379504,NYQ
GTM,ZoomInfo Technologies Inc.,Technology,Mid-Cap,5117622,NMS
ABM,ABM Industries Incorporated,Industrials,Mid-Cap,694026,NYQ
WGS,GeneDx Holdings Corp.,Healthcare,Mid-Cap,541681,NMS
CALY,Callaway Golf Company,Consumer Cyclical,Mid-Cap,3166765,NYQ
LION,Lionsgate Studios Corp,N/A,Mid-Cap,2672137,NYQ
CON,Concentra Group Holdings Parent,Healthcare,Mid-Cap,984922,NYQ
LFST,"LifeStance Health Group, Inc.",Healthcare,Mid-Cap,2181721,NMS
COTY,Coty Inc.,Consumer Defensive,Mid-Cap,6611006,NYQ
APLS,"Apellis Pharmaceuticals, Inc.",Healthcare,Mid-Cap,2929422,NMS
TENB,"Tenable Holdings, Inc.",Technology,Mid-Cap,1450262,NMS
DNOW,DNOW Inc.,Industrials,Mid-Cap,2581180,NYQ
NCNO,"nCino, Inc.",Technology,Mid-Cap,1875973,NMS
BKV,BKV Corporation,Energy,Mid-Cap,884755,NYQ
DBC,Invesco DB Commodity Index Trac,N/A,Mid-Cap,574675,PCX
ZIM,ZIM Integrated Shipping Service,Industrials,Mid-Cap,4673780,NYQ
TXG,"10x Genomics, Inc.",Healthcare,Mid-Cap,2684362,NMS
GT,The Goodyear Tire & Rubber Comp,Consumer Cyclical,Mid-Cap,6379003,NMS
SID,Companhia Siderurgica Nacional ,Basic Materials,Mid-Cap,3356342,NYQ
BRZE,"Braze, Inc.",Technology,Mid-Cap,2087626,NMS
PFS,"Provident Financial Services, I",Financial Services,Mid-Cap,898059,NYQ
CNK,Cinemark Holdings Inc Cinemark ,Communication Services,Mid-Cap,3438870,NYQ
NVG,Nuveen AMT-Free Municipal Credi,Financial Services,Mid-Cap,658583,NYQ
TVTX,"Travere Therapeutics, Inc.",Healthcare,Mid-Cap,2212314,NGM
UAA,"Under Armour, Inc.",Consumer Cyclical,Mid-Cap,11741437,NYQ
BRSL,Brightstar Lottery PLC Trading ,Consumer Cyclical,Mid-Cap,1695601,NYQ
WB,Weibo Corporation,Communication Services,Mid-Cap,1033750,NMS
AVPT,"AvePoint, Inc.",Technology,Mid-Cap,1989427,NMS
ANDG,Andersen Group Inc.,Consumer Cyclical,Mid-Cap,610923,NYQ
IHS,IHS Holding Limited,Real Estate,Mid-Cap,1012986,NYQ
HE,"Hawaiian Electric Industries, I",Utilities,Mid-Cap,3768608,NYQ
HTFL,"Heartflow, Inc.",Healthcare,Mid-Cap,747490,NMS
CVBF,CVB Financial Corporation,Financial Services,Mid-Cap,1288065,NMS
AMBP,Ardagh Metal Packaging S.A.,Consumer Cyclical,Mid-Cap,1054706,NYQ
ASAN,"Asana, Inc.",Technology,Mid-Cap,3926583,NYQ
ETOR,eToro Group Ltd.,Financial Services,Mid-Cap,1451501,NMS
KMT,Kennametal Inc.,Industrials,Mid-Cap,929411,NYQ
BTE,Baytex Energy Corp,Energy,Mid-Cap,20019609,NYQ
DXC,DXC Technology Company,Technology,Mid-Cap,2050426,NYQ
OLN,Olin Corporation,Basic Materials,Mid-Cap,2763455,NYQ
TWST,Twist Bioscience Corporation,Healthcare,Mid-Cap,1438626,NMS
MLYS,"Mineralys Therapeutics, Inc.",Healthcare,Mid-Cap,1524849,NMS
DRVN,Driven Brands Holdings Inc.,Consumer Cyclical,Mid-Cap,1065624,NMS
UE,Urban Edge Properties,Real Estate,Mid-Cap,829098,NYQ
SYRE,"Spyre Therapeutics, Inc.",Healthcare,Mid-Cap,703606,NMS
FCPT,"Four Corners Property Trust, In",Real Estate,Mid-Cap,838036,NYQ
POWI,"Power Integrations, Inc.",Technology,Mid-Cap,1037650,NMS
CNXC,Concentrix Corporation,Technology,Mid-Cap,1132483,NMS
GOF,Guggenheim Strategic Opportunit,Financial Services,Mid-Cap,1729609,NYQ
XRAY,DENTSPLY SIRONA Inc.,Healthcare,Mid-Cap,3956349,NMS
PAX,Patria Investments Limited,Financial Services,Mid-Cap,621998,NMS
AAOI,"Applied Optoelectronics, Inc.",Technology,Mid-Cap,5355870,NGM
QUBT,Quantum Computing Inc.,Technology,Mid-Cap,21376063,NCM
KNTK,Kinetik Holdings Inc.,Energy,Mid-Cap,1138995,NYQ
SBLK,Star Bulk Carriers Corp.,Industrials,Mid-Cap,1277731,NMS
CURB,Curbline Properties Corp.,Real Estate,Mid-Cap,738772,NYQ
PTY,Pimco Corporate & Income Opport,Financial Services,Mid-Cap,1147168,NYQ
VSH,"Vishay Intertechnology, Inc.",Technology,Mid-Cap,1925649,NYQ
BKE,"Buckle, Inc. (The)",Consumer Cyclical,Mid-Cap,524083,NYQ
WVE,Wave Life Sciences Ltd.,Healthcare,Mid-Cap,6892081,NGM
MLCO,Melco Resorts & Entertainment L,Consumer Cyclical,Mid-Cap,1961186,NMS
PTON,"Peloton Interactive, Inc.",Consumer Cyclical,Mid-Cap,9400967,NMS
WAFD,"WaFd, Inc.",Financial Services,Mid-Cap,684590,NMS
WT,"WisdomTree, Inc.",Financial Services,Mid-Cap,3549506,NYQ
HOG,"Harley-Davidson, Inc.",Consumer Cyclical,Mid-Cap,2700540,NYQ
INSP,"Inspire Medical Systems, Inc.",Healthcare,Mid-Cap,1639427,NYQ
SDRL,Seadrill Limited,Energy,Mid-Cap,780957,NYQ
KMPR,Kemper Corporation,Financial Services,Mid-Cap,911488,NYQ
TRMD,TORM plc,Energy,Mid-Cap,541063,NMS
LC,LendingClub Corporation,Financial Services,Small-Cap,1979429,NYQ
DAVE,Dave Inc.,Technology,Mid-Cap,519704,NGM
RXRX,"Recursion Pharmaceuticals, Inc.",Healthcare,Mid-Cap,24781480,NMS
NZF,Nuveen Municipal Credit Income ,Financial Services,Mid-Cap,626813,NYQ
BBT,Beacon Financial Corporation,Financial Services,Mid-Cap,891585,NYQ
RXO,"RXO, Inc.",Industrials,Mid-Cap,2157903,NYQ
CIVI,"Civitas Resources, Inc.",Energy,Mid-Cap,1941180,NYQ
UNFI,"United Natural Foods, Inc.",Consumer Defensive,Mid-Cap,948770,NYQ
RARE,Ultragenyx Pharmaceutical Inc.,Healthcare,Mid-Cap,2438213,NMS
CLM,Cornerstone Strategic Value Fd,Financial Services,Mid-Cap,1916381,ASE
ZGN,Ermenegildo Zegna N.V.,Consumer Cyclical,Mid-Cap,600693,NYQ
FLO,"Flowers Foods, Inc.",Consumer Defensive,Mid-Cap,4215704,NYQ
CC,Chemours Company (The),Basic Materials,Mid-Cap,2778175,NYQ
NOG,"Northern Oil and Gas, Inc.",Energy,Mid-Cap,2243360,NYQ
RDW,Redwire Corporation,Industrials,Small-Cap,18263273,NYQ
OI,"O-I Glass, Inc.",Consumer Cyclical,Mid-Cap,2172832,NYQ
RNG,"Ringcentral, Inc.",Technology,Mid-Cap,1355072,NYQ
OGN,Organon & Co.,Healthcare,Mid-Cap,5878309,NYQ
FA,First Advantage Corporation,Industrials,Mid-Cap,679881,NMS
LU,Lufax Holding Ltd,Financial Services,Mid-Cap,1304660,NYQ
TIC,"TIC Solutions, Inc.",Industrials,Mid-Cap,2658768,NYQ
SRPT,"Sarepta Therapeutics, Inc.",Healthcare,Mid-Cap,4045450,NMS
SLNO,"Soleno Therapeutics, Inc.",Healthcare,Mid-Cap,1856957,NCM
SEZL,Sezzle Inc.,Financial Services,Mid-Cap,919788,NCM
GEO,Geo Group Inc (The) REIT,Industrials,Mid-Cap,1905424,NYQ
OCUL,"Ocular Therapeutix, Inc.",Healthcare,Small-Cap,3845227,NGM
SPNT,SiriusPoint Ltd.,Financial Services,Mid-Cap,633867,NYQ
PAYO,Payoneer Global Inc.,Technology,Mid-Cap,3560883,NGM
VZLA,Vizsla Silver Corp.,Basic Materials,Small-Cap,7861572,ASE
LASR,"nLIGHT, Inc.",Technology,Mid-Cap,773314,NMS
CSGS,"CSG Systems International, Inc.",Technology,Mid-Cap,500498,NMS
GENI,Genius Sports Limited,Communication Services,Mid-Cap,5142275,NYQ
TRN,"Trinity Industries, Inc.",Industrials,Mid-Cap,746390,NYQ
CHA,Chagee Holdings Limited,Consumer Cyclical,Mid-Cap,894003,NMS
ATEC,"Alphatec Holdings, Inc.",Healthcare,Mid-Cap,2788480,NMS
GRND,Grindr Inc.,Technology,Mid-Cap,1492150,NYQ
IRDM,Iridium Communications Inc,Communication Services,Mid-Cap,2336363,NMS
HI,Hillenbrand Inc,Industrials,Mid-Cap,834393,NYQ
BB,BlackBerry Limited,Technology,Mid-Cap,8312467,NYQ
IVT,InvenTrust Properties Corp.,Real Estate,Mid-Cap,528975,NYQ
NEOG,Neogen Corporation,Healthcare,Mid-Cap,3895732,NMS
CVI,CVR Energy Inc.,Energy,Mid-Cap,1164962,NYQ
ALKT,"Alkami Technology, Inc.",Technology,Mid-Cap,1454621,NMS
ASGN,ASGN Incorporated,Technology,Mid-Cap,554073,NYQ
QFIN,"Qfin Holdings, Inc.",Financial Services,Mid-Cap,1798955,NMS
SM,SM Energy Company,Energy,Mid-Cap,3936145,NYQ
APPN,Appian Corporation,Technology,Mid-Cap,898022,NGM
NVTS,Navitas Semiconductor Corporati,Technology,Small-Cap,22771208,NGM
DHT,"DHT Holdings, Inc.",Energy,Mid-Cap,1960572,NYQ
PK,Park Hotels & Resorts Inc.,Real Estate,Mid-Cap,3712447,NYQ
HRMY,"Harmony Biosciences Holdings, I",Healthcare,Mid-Cap,751162,NGM
DX,"Dynex Capital, Inc.",Real Estate,Mid-Cap,5556511,NYQ
MGNI,"Magnite, Inc.",Communication Services,Mid-Cap,2556518,NMS
DNTH,"Dianthus Therapeutics, Inc.",Healthcare,Mid-Cap,786152,NCM
CRML,Critical Metals Corp.,Basic Materials,Small-Cap,14573542,NGM
CBZ,"CBIZ, Inc.",Industrials,Mid-Cap,684632,NYQ
BUR,Burford Capital Limited,Financial Services,Mid-Cap,2100154,NYQ
BHC,Bausch Health Companies Inc.,Healthcare,Mid-Cap,2572400,NYQ
DEI,"Douglas Emmett, Inc.",Real Estate,Mid-Cap,2262093,NYQ
GCMG,GCM Grosvenor Inc.,Financial Services,Mid-Cap,733722,NGM
AVDL,Avadel Pharmaceuticals plc,Healthcare,Mid-Cap,1885013,NGM
PLAB,"Photronics, Inc.",Technology,Mid-Cap,1352052,NMS
EYE,"National Vision Holdings, Inc.",Consumer Cyclical,Mid-Cap,1474636,NMS
OLMA,"Olema Pharmaceuticals, Inc.",Healthcare,Mid-Cap,3773809,NMS
GNL,"Global Net Lease, Inc.",Real Estate,Mid-Cap,1711762,NYQ
PGNY,"Progyny, Inc.",Healthcare,Mid-Cap,1588557,NMS
ARR,"ARMOUR Residential REIT, Inc.",Real Estate,Small-Cap,3308537,NYQ
VOYG,"Voyager Technologies, Inc.",Industrials,Small-Cap,1783650,NYQ
SEDG,"SolarEdge Technologies, Inc.",Technology,Small-Cap,3426004,NMS
KN,Knowles Corporation,Technology,Mid-Cap,701385,NYQ
UCTT,"Ultra Clean Holdings, Inc.",Technology,Small-Cap,711867,NMS
RVLV,"Revolve Group, Inc.",Consumer Cyclical,Small-Cap,1022252,NYQ
PRDO,Perdoceo Education Corporation,Consumer Defensive,Mid-Cap,698350,NMS
TALO,"Talos Energy, Inc.",Energy,Mid-Cap,2033632,NYQ
PCT,"PureCycle Technologies, Inc.",Industrials,Small-Cap,4333834,NCM
RNW,ReNew Energy Global plc,Utilities,Small-Cap,1348859,NMS
IQ,"iQIYI, Inc.",Communication Services,Mid-Cap,10736360,NMS
PRKS,United Parks & Resorts Inc.,Consumer Cyclical,Mid-Cap,1191762,NYQ
RUM,Rumble Inc.,Communication Services,Small-Cap,2820363,NGM
NTCT,"NetScout Systems, Inc.",Technology,Mid-Cap,503813,NMS
ADEA,Adeia Inc.,Technology,Small-Cap,963919,NMS
PWP,Perella Weinberg Partners,Financial Services,Mid-Cap,920570,NMS
NESR,National Energy Services Reunit,Energy,Small-Cap,1044881,NCM
OSW,OneSpaWorld Holdings Limited,Consumer Cyclical,Mid-Cap,561809,NCM
FMC,FMC Corporation,Basic Materials,Small-Cap,4659940,NYQ
PENN,"PENN Entertainment, Inc.",Consumer Cyclical,Small-Cap,3875072,NMS
CXW,"CoreCivic, Inc.",Industrials,Small-Cap,1030808,NYQ
KSS,Kohl's Corporation,Consumer Cyclical,Small-Cap,4756872,NYQ
ODD,ODDITY Tech Ltd.,Consumer Defensive,Small-Cap,953257,NGM
SLDE,"Slide Insurance Holdings, Inc.",Financial Services,Mid-Cap,1081445,NMS
SGRY,"Surgery Partners, Inc.",Healthcare,Small-Cap,1921124,NMS
ESRT,"Empire State Realty Trust, Inc.",Real Estate,Small-Cap,1426922,NYQ
WERN,"Werner Enterprises, Inc.",Industrials,Mid-Cap,1004024,NMS
HUN,Huntsman Corporation,Basic Materials,Small-Cap,5211596,NYQ
CMRE,Costamare Inc.,Industrials,Mid-Cap,514616,NYQ
NRIX,"Nurix Therapeutics, Inc.",Healthcare,Small-Cap,1609877,NGM
EXTR,"Extreme Networks, Inc.",Technology,Small-Cap,1478791,NMS
SBET,"SharpLink Gaming, Inc.",Communication Services,Small-Cap,8849632,NCM
VECO,Veeco Instruments Inc.,Technology,Small-Cap,663473,NMS
AESI,Atlas Energy Solutions Inc.,Energy,Small-Cap,2945096,NYQ
MQ,"Marqeta, Inc.",Technology,Small-Cap,4101988,NMS
TE,T1 Energy Inc.,Industrials,Small-Cap,19258345,NYQ
NN,NextNav Inc.,Technology,Small-Cap,1265626,NCM
CLVT,Clarivate Plc,Technology,Small-Cap,5212960,NYQ
AUPH,Aurinia Pharmaceuticals Inc,Healthcare,Small-Cap,1480677,NGM
PRGO,Perrigo Company plc,Healthcare,Small-Cap,3820703,NYQ
NUVB,Nuvation Bio Inc.,Healthcare,Small-Cap,7723877,NYQ
PDO,N/A,Financial Services,Small-Cap,638737,NYQ
CLMT,"Calumet, Inc",Basic Materials,Small-Cap,897752,NMS
ARDX,"Ardelyx, Inc.",Healthcare,Small-Cap,4179057,NGM
VAC,Marriott Vacations Worldwide Co,Consumer Cyclical,Small-Cap,733098,NYQ
ATRC,"AtriCure, Inc.",Healthcare,Small-Cap,518142,NGM
LAC,Lithium Americas Corp.,Basic Materials,Small-Cap,16390380,NYQ
GAB,"Gabelli Equity Trust, Inc. (The",Financial Services,Small-Cap,513713,NYQ
DRH,Diamondrock Hospitality Company,Real Estate,Small-Cap,3267777,NMS
NUV,"Nuveen Municipal Value Fund, In",Financial Services,Small-Cap,561550,NYQ
ESTA,Establishment Labs Holdings Inc,Healthcare,Small-Cap,538537,NCM
ZLAB,Zai Lab Limited,Healthcare,Small-Cap,865067,NGM
FIGS,"FIGS, Inc.",Consumer Cyclical,Small-Cap,2577936,NYQ
NOMD,Nomad Foods Limited,Consumer Defensive,Small-Cap,1952863,NYQ
HLMN,Hillman Solutions Corp.,Industrials,Small-Cap,1070196,NGM
REAL,"The RealReal, Inc.",Consumer Cyclical,Small-Cap,3294745,NMS
RCAT,"Red Cat Holdings, Inc.",Industrials,Small-Cap,10595391,NCM
IMAX,Imax Corporation,Communication Services,Small-Cap,1407421,NYQ
INOD,Innodata Inc.,Technology,Small-Cap,1289801,NGM
NWBI,"Northwest Bancshares, Inc.",Financial Services,Small-Cap,913585,NMS
SMPL,The Simply Good Foods Company,Consumer Defensive,Small-Cap,1952745,NCM
NEXA,Nexa Resources S.A.,Basic Materials,Small-Cap,616052,NYQ
XPRO,Expro Group Holdings N.V.,Energy,Small-Cap,1165483,NYQ
SEM,Select Medical Holdings Corpora,Healthcare,Small-Cap,961186,NYQ
QDEL,QuidelOrtho Corporation,Healthcare,Small-Cap,1231659,NMS
SNDX,"Syndax Pharmaceuticals, Inc.",Healthcare,Small-Cap,1914139,NMS
CRVS,"Corvus Pharmaceuticals, Inc.",Healthcare,Small-Cap,3423711,NGM
FCF,First,Financial Services,Small-Cap,691298,NYQ
VCEL,Vericel Corporation,Healthcare,Small-Cap,608213,NGM
AZTA,"Azenta, Inc.",Healthcare,Small-Cap,660006,NMS
NWL,Newell Brands Inc.,Consumer Defensive,Small-Cap,7777059,NMS
DQ,DAQO New Energy Corp.,Technology,Small-Cap,925060,NYQ
DVAX,Dynavax Technologies Corporatio,Healthcare,Small-Cap,3049193,NMS
USA,Liberty All-Star Equity Fund,Financial Services,Small-Cap,1365136,NYQ
UNIT,Uniti Group Inc.,Real Estate,Small-Cap,2618231,NMS
SEMR,"SEMrush Holdings, Inc.",Technology,Small-Cap,2816900,NYQ
DV,"DoubleVerify Holdings, Inc.",Communication Services,Small-Cap,2597214,NYQ
MD,"Pediatrix Medical Group, Inc.",Healthcare,Small-Cap,923647,NYQ
PRGS,Progress Software Corporation,Technology,Small-Cap,649632,NMS
PARR,"Par Pacific Holdings, Inc. Comm",Energy,Small-Cap,1239293,NYQ
SONO,"Sonos, Inc.",Technology,Small-Cap,1526340,NMS
AI,"C3.ai, Inc.",Technology,Small-Cap,6403178,NYQ
FUN,Six Flags Entertainment Corpora,Consumer Cyclical,Small-Cap,3507749,NYQ
NNE,Nano Nuclear Energy Inc.,Industrials,Small-Cap,2049360,NCM
ZYME,Zymeworks Inc.,Healthcare,Small-Cap,1168762,NMS
MCW,"Mister Car Wash, Inc.",Consumer Cyclical,Small-Cap,1256819,NMS
TV,Grupo Televisa S.A.B.,Communication Services,Small-Cap,1505491,NYQ
ADNT,Adient plc,Consumer Cyclical,Small-Cap,1262708,NYQ
GLUE,"Monte Rosa Therapeutics, Inc.",Healthcare,Small-Cap,1587701,NMS
SHCO,Soho House & Co Inc.,Consumer Cyclical,Small-Cap,1284511,NYQ
UPB,"Upstream Bio, Inc.",Healthcare,Small-Cap,556922,NMS
SMA,"SmartStop Self Storage REIT, In",Real Estate,Small-Cap,757486,NYQ
PBI,Pitney Bowes Inc.,Industrials,Small-Cap,2527268,NYQ
HLF,Herbalife Ltd.,Consumer Defensive,Small-Cap,2036636,NYQ
NTST,NetSTREIT Corp.,Real Estate,Small-Cap,1219539,NYQ
JAMF,Jamf Holding Corp.,Technology,Small-Cap,2327275,NMS
AMRC,"Ameresco, Inc.",Industrials,Small-Cap,511777,NYQ
CLDX,"Celldex Therapeutics, Inc.",Healthcare,Small-Cap,768352,NCM
NAC,Nuveen California Quality Munic,Financial Services,Small-Cap,567752,NYQ
ARRY,"Array Technologies, Inc.",Technology,Small-Cap,6554981,NGM
AVAH,Aveanna Healthcare Holdings Inc,Healthcare,Small-Cap,1216570,NMS
YELP,Yelp Inc.,Communication Services,Small-Cap,997313,NYQ
KDK,"Kodiak AI, Inc.",Technology,Small-Cap,772322,NGM
JBLU,JetBlue Airways Corporation,Industrials,Small-Cap,18257903,NMS
PRCT,PROCEPT BioRobotics Corporation,Healthcare,Small-Cap,1420940,NGM
NTLA,"Intellia Therapeutics, Inc.",Healthcare,Small-Cap,5862929,NGM
MNKD,MannKind Corporation,Healthcare,Small-Cap,3741954,NGM
PSIX,"Power Solutions International, ",Industrials,Small-Cap,582172,NCM
DFTX,"Definium Therapeutics, Inc.",Healthcare,Small-Cap,1983745,NMS
DK,"Delek US Holdings, Inc.",Energy,Small-Cap,1449332,NYQ
ORKA,"Oruka Therapeutics, Inc.",Healthcare,Small-Cap,551957,NGM
STOK,"Stoke Therapeutics, Inc.",Healthcare,Small-Cap,932373,NMS
SHO,"Sunstone Hotel Investors, Inc. ",Real Estate,Small-Cap,1907726,NYQ
BHVN,Biohaven Ltd.,Healthcare,Small-Cap,4265013,NYQ
TYRA,"Tyra Biosciences, Inc.",Healthcare,Small-Cap,561298,NMS
AGIO,"Agios Pharmaceuticals, Inc.",Healthcare,Small-Cap,1647490,NMS
AMLX,"Amylyx Pharmaceuticals, Inc.",Healthcare,Small-Cap,1646250,NMS
PGEN,"Precigen, Inc.",Healthcare,Small-Cap,4491293,NMS
NSP,"Insperity, Inc.",Industrials,Small-Cap,1112957,NYQ
PGY,Pagaya Technologies Ltd.,Technology,Small-Cap,3413855,NCM
RAPT,"RAPT Therapeutics, Inc.",Healthcare,Small-Cap,1191800,NGM
ALVO,Alvotech,Healthcare,Small-Cap,604654,NGM
MUX,McEwen Inc.,Basic Materials,Small-Cap,1338019,NYQ
VRE,"Veris Residential, Inc.",Real Estate,Small-Cap,696539,NYQ
HTZ,"Hertz Global Holdings, Inc",Industrials,Small-Cap,9553221,NMS
RAMP,"LiveRamp Holdings, Inc.",Technology,Small-Cap,571778,NYQ
ABR,Arbor Realty Trust,Real Estate,Small-Cap,3701080,NYQ
MXL,"MaxLinear, Inc",Technology,Small-Cap,1225698,NMS
ARCO,Arcos Dorados Holdings Inc.,Consumer Cyclical,Small-Cap,1142259,NYQ
RQI,Cohen & Steers Quality Income R,Financial Services,Small-Cap,588068,NYQ
FLYW,Flywire Corporation - Voting,Technology,Small-Cap,1417167,NMS
SVV,"Savers Value Village, Inc.",Consumer Cyclical,Small-Cap,993649,NYQ
SKYT,"SkyWater Technology, Inc.",Technology,Small-Cap,2538645,NCM
WLY,"John Wiley & Sons, Inc.",Communication Services,Small-Cap,594704,NYQ
ASM,Avino Silver & Gold Mines Ltd.,Basic Materials,Small-Cap,6016880,ASE
ZD,"Ziff Davis, Inc.",Communication Services,Small-Cap,641311,NMS
MBX,"MBX Biosciences, Inc.",Healthcare,Small-Cap,767180,NMS
CXM,"Sprinklr, Inc.",Technology,Small-Cap,1820408,NYQ
NEO,"NeoGenomics, Inc.",Healthcare,Small-Cap,1963214,NCM
LEG,"Leggett & Platt, Incorporated",Consumer Cyclical,Small-Cap,1811108,NYQ
SHLS,"Shoals Technologies Group, Inc.",Technology,Small-Cap,4411491,NGM
LZ,"LegalZoom.com, Inc.",Industrials,Small-Cap,2477821,NMS
STGW,Stagwell Inc.,Communication Services,Small-Cap,2907945,NMS
AXGN,"AxoGen, Inc.",Healthcare,Small-Cap,918600,NCM
TNGX,"Tango Therapeutics, Inc.",Healthcare,Small-Cap,2955177,NGM
NVAX,"Novavax, Inc.",Healthcare,Small-Cap,4639396,NMS
TTI,"Tetra Technologies, Inc.",Industrials,Small-Cap,2107381,NYQ
HROW,"Harrow, Inc.",Healthcare,Small-Cap,613003,NGM
BTGO,"BitGo Holdings, Inc.",Financial Services,Small-Cap,4777487,NYQ
FTRE,Fortrea Holdings Inc.,Healthcare,Small-Cap,1353208,NMS
LSPD,Lightspeed Commerce Inc. Subord,Technology,Small-Cap,554563,NYQ
GSG,iShares GSCI Commodity-Indexed ,N/A,Small-Cap,816377,PCX
ENVX,Enovix Corporation,Industrials,Small-Cap,6793837,NMS
TIGR,UP Fintech Holding Limited,Financial Services,Small-Cap,3699060,NMS
HOPE,"Hope Bancorp, Inc.",Financial Services,Small-Cap,991296,NMS
BITF,Bitfarms Ltd.,Financial Services,Small-Cap,53073936,NGM
JMIA,Jumia Technologies AG,Consumer Cyclical,Small-Cap,3150590,NYQ
ELVN,"Enliven Therapeutics, Inc.",Healthcare,Small-Cap,1016445,NMS
CERT,"Certara, Inc.",Healthcare,Small-Cap,2276983,NMS
LZB,La-Z-Boy Incorporated,Consumer Cyclical,Small-Cap,530727,NYQ
BCAT,N/A,Financial Services,Small-Cap,672780,NYQ
FSLY,"Fastly, Inc.",Technology,Small-Cap,4476677,NMS
BAK,Braskem SA,Basic Materials,Small-Cap,1168231,NYQ
ORC,"Orchid Island Capital, Inc.",Real Estate,Small-Cap,6288631,NYQ
TRIP,"TripAdvisor, Inc.",Consumer Cyclical,Small-Cap,2456080,NMS
ACVA,ACV Auctions Inc.,Consumer Cyclical,Small-Cap,3856814,NYQ
IAUX,i-80 Gold Corp.,Basic Materials,Small-Cap,6943304,ASE
UTI,Universal Technical Institute I,Consumer Defensive,Small-Cap,730893,NYQ
AMSC,American Superconductor Corpora,Industrials,Small-Cap,972591,NMS
MBC,"MasterBrand, Inc.",Consumer Cyclical,Small-Cap,1667381,NYQ
WEN,Wendy's Company (The),Consumer Cyclical,Small-Cap,6956552,NMS
METC,"Ramaco Resources, Inc.",Basic Materials,Small-Cap,3327413,NMS
QURE,uniQure N.V.,Healthcare,Small-Cap,3177016,NMS
NVRI,Enviri Corporation,Industrials,Small-Cap,1825536,NYQ
SGML,Sigma Lithium Corporation,Basic Materials,Small-Cap,6498755,NCM
XHR,"Xenia Hotels & Resorts, Inc.",Real Estate,Small-Cap,937521,NYQ
BVC,BitVentures Limited,Technology,Small-Cap,1239470,NCM
ALEX,"Alexander & Baldwin, Inc.",Real Estate,Small-Cap,917132,NYQ
AMPX,"Amprius Technologies, Inc.",Industrials,Small-Cap,7183111,NYQ
KOD,Kodiak Sciences Inc,Healthcare,Small-Cap,856286,NGM
SBH,"Sally Beauty Holdings, Inc. (Na",Consumer Cyclical,Small-Cap,1771306,NYQ
DOLE,Dole plc,Consumer Defensive,Small-Cap,869132,NYQ
VET,Vermilion Energy Inc.,Energy,Small-Cap,1533403,NYQ
ENR,"Energizer Holdings, Inc.",Industrials,Small-Cap,1385378,NYQ
EFC,Ellington Financial Inc.,Real Estate,Small-Cap,1794042,NYQ
CSIQ,Canadian Solar Inc.,Technology,Small-Cap,5294416,NMS
ABTC,American Bitcoin Corp.,Financial Services,Small-Cap,11892588,NCM
HIMX,"Himax Technologies, Inc.",Technology,Small-Cap,1053644,NMS
INVA,"Innoviva, Inc.",Healthcare,Small-Cap,836624,NMS
ARHS,"Arhaus, Inc.",Consumer Cyclical,Small-Cap,1279377,NMS
RLAY,"Relay Therapeutics, Inc.",Healthcare,Small-Cap,2255096,NGM
OUST,"Ouster, Inc.",Technology,Small-Cap,2064940,NMS
NVCR,NovoCure Limited,Healthcare,Small-Cap,1528467,NMS
HYT,Blackrock Corporate High Yield ,Financial Services,Small-Cap,1011072,NYQ
EVEX,"Eve Holding, Inc.",Industrials,Small-Cap,1348990,NYQ
CTOS,"Custom Truck One Source, Inc.",Industrials,Small-Cap,768965,NYQ
BTX,BlackRock Technology and Privat,Financial Services,Small-Cap,970198,NYQ
WKC,World Kinect Corporation,Energy,Small-Cap,907414,NYQ
GCT,GigaCloud Technology Inc,Technology,Small-Cap,638572,NGM
EXPI,"eXp World Holdings, Inc.",Real Estate,Small-Cap,1311290,NGM
JKS,JinkoSolar Holding Company Limi,Technology,Small-Cap,749381,NYQ
RES,"RPC, Inc.",Energy,Small-Cap,1887711,NYQ
FIVN,"Five9, Inc.",Technology,Small-Cap,2093596,NGM
SOC,Sable Offshore Corp.,Energy,Small-Cap,9384614,NYQ
COLL,"Collegium Pharmaceutical, Inc.",Healthcare,Small-Cap,550513,NMS
ATAI,AtaiBeckley Inc.,Healthcare,Small-Cap,4031424,NGM
WTTR,"Select Water Solutions, Inc.",Energy,Small-Cap,767352,NYQ
KRP,Kimbell Royalty Partners,Energy,Small-Cap,675013,NYQ
MSDL,N/A,Financial Services,Small-Cap,790719,NYQ
LADR,Ladder Capital Corp,Real Estate,Small-Cap,674104,NYQ
TWO,Two Harbors Investment Corp,Real Estate,Small-Cap,2869378,NYQ
BCRX,"BioCryst Pharmaceuticals, Inc.",Healthcare,Small-Cap,4385142,NMS
ARI,Apollo Commercial Real Estate F,Real Estate,Small-Cap,1107445,NYQ
GILT,Gilat Satellite Networks Ltd.,Technology,Small-Cap,733380,NMS
TRVI,"Trevi Therapeutics, Inc.",Healthcare,Small-Cap,1826326,NGM
WWW,"Wolverine World Wide, Inc.",Consumer Cyclical,Small-Cap,2005649,NYQ
TRS,TriMas Corporation,Consumer Cyclical,Small-Cap,637537,NMS
VYX,NCR Voyix Corporation,Technology,Small-Cap,2115942,NYQ
ARLO,"Arlo Technologies, Inc.",Industrials,Small-Cap,1264873,NYQ
ANAB,"AnaptysBio, Inc.",Healthcare,Small-Cap,555277,NMS
MAN,ManpowerGroup,Industrials,Small-Cap,1036114,NYQ
MRVI,"Maravai LifeSciences Holdings, ",Healthcare,Small-Cap,1313621,NMS
NAK,"Northern Dynasty Minerals, Ltd.",Basic Materials,Small-Cap,8804050,ASE
UAMY,United States Antimony Corporat,Basic Materials,Small-Cap,12724159,ASE
BORR,Borr Drilling Limited,Energy,Small-Cap,5080831,NYQ
PEB,Pebblebrook Hotel Trust,Real Estate,Small-Cap,2048200,NYQ
LAR,Lithium Argentina AG,Basic Materials,Small-Cap,3525978,NYQ
AHCO,AdaptHealth Corp.,Healthcare,Small-Cap,1071011,NCM
NEXT,NextDecade Corporation,Energy,Small-Cap,3121872,NCM
TUYA,Tuya Inc.,Technology,Small-Cap,1021168,NYQ
TNDM,"Tandem Diabetes Care, Inc.",Healthcare,Small-Cap,1889529,NGM
DHC,Diversified Healthcare Trust,Real Estate,Small-Cap,1244101,NMS
OXLC,Oxford Lane Capital Corp.,Financial Services,Small-Cap,1344014,NGM
KW,Kennedy-Wilson Holdings Inc.,Real Estate,Small-Cap,1034049,NYQ
PSEC,Prospect Capital Corporation,Financial Services,Small-Cap,4094222,NMS
COHU,"Cohu, Inc.",Technology,Small-Cap,626455,NMS
HCSG,"Healthcare Services Group, Inc.",Healthcare,Small-Cap,684390,NMS
CSWC,Capital Southwest Corporation,Financial Services,Small-Cap,608506,NMS
WLTH,Wealthfront Corporation,Technology,Small-Cap,1780243,NMS
FINV,FinVolution Group,Financial Services,Small-Cap,1372252,NYQ
PLTK,Playtika Holding Corp.,Communication Services,Small-Cap,1250721,NMS
MLKN,"MillerKnoll, Inc.",Consumer Cyclical,Small-Cap,852736,NMS
IMTX,Immatics N.V.,Healthcare,Small-Cap,517839,NCM
UMH,"UMH Properties, Inc.",Real Estate,Small-Cap,603640,NYQ
AMPL,"Amplitude, Inc.",Technology,Small-Cap,1348465,NCM
SANA,"Sana Biotechnology, Inc.",Healthcare,Small-Cap,3925806,NMS
WGO,"Winnebago Industries, Inc.",Consumer Cyclical,Small-Cap,600868,NYQ
SLI,Standard Lithium Ltd.,Basic Materials,Small-Cap,3697840,ASE
EYPT,"EyePoint, Inc.",Healthcare,Small-Cap,1164208,NGM
LMRI,"Lumexa Imaging Holdings, Inc.",Healthcare,Small-Cap,811208,NMS
ATEN,"A10 Networks, Inc.",Technology,Small-Cap,687583,NYQ
DSL,DoubleLine Income Solutions Fun,Financial Services,Small-Cap,757237,NYQ
TSHA,"Taysha Gene Therapies, Inc.",Healthcare,Small-Cap,3389327,NMS
EZPW,"EZCORP, Inc.",Financial Services,Small-Cap,921250,NMS
RERE,ATRenew Inc.,Consumer Cyclical,Small-Cap,1514436,NYQ
AGRO,Adecoagro S.A.,Consumer Defensive,Small-Cap,858578,NYQ
CAPR,"Capricor Therapeutics, Inc.",Healthcare,Small-Cap,2860781,NCM
JFR,Nuveen Floating Rate Income Fun,Financial Services,Small-Cap,1003968,NYQ
CRI,"Carter's, Inc.",Consumer Cyclical,Small-Cap,1097252,NYQ
TRIN,Trinity Capital Inc.,Financial Services,Small-Cap,1045990,NMS
DAWN,"Day One Biopharmaceuticals, Inc",Healthcare,Small-Cap,2972596,NMS
GOLD,"Gold.com, Inc.",Financial Services,Small-Cap,617116,NYQ
ENOV,Enovis Corporation,Healthcare,Small-Cap,964191,NYQ
BV,"BrightView Holdings, Inc.",Industrials,Small-Cap,674895,NYQ
XERS,"Xeris Biopharma Holdings, Inc.",Healthcare,Small-Cap,2416398,NMS
ECVT,Ecovyst Inc.,Basic Materials,Small-Cap,1338622,NYQ
VITL,"Vital Farms, Inc.",Consumer Defensive,Small-Cap,1838290,NGM
THS,"Treehouse Foods, Inc.",Consumer Defensive,Small-Cap,993081,NYQ
OPRA,Opera Limited,Communication Services,Small-Cap,673826,NMS
NABL,"N-able, Inc.",Technology,Small-Cap,918365,NYQ
CRF,33138,Financial Services,Small-Cap,1383295,ASE
TBLA,Taboola.com Ltd.,Communication Services,Small-Cap,1943226,NMS
CNMD,CONMED Corporation,Healthcare,Small-Cap,615281,NYQ
GOOS,Canada Goose Holdings Inc. Subo,Consumer Cyclical,Small-Cap,798600,NYQ
CLOV,"Clover Health Investments, Corp",Healthcare,Small-Cap,5953972,NMS
RZLV,Rezolve AI PLC,Technology,Small-Cap,23560531,NGM
FSCO,N/A,Financial Services,Small-Cap,1413501,NYQ
PX,"P10, Inc.",Financial Services,Small-Cap,505014,NYQ
ACHC,"Acadia Healthcare Company, Inc.",Healthcare,Small-Cap,3260354,NMS
DEA,"Easterly Government Properties,",Real Estate,Small-Cap,521985,NYQ
LPG,Dorian LPG Ltd.,Energy,Small-Cap,508178,NYQ
ABCL,AbCellera Biologics Inc.,Healthcare,Small-Cap,4405311,NMS
ARDT,"Ardent Health, Inc.",Healthcare,Small-Cap,569406,NYQ
SVRA,"Savara, Inc.",Healthcare,Small-Cap,2505090,NMS
PZZA,"Papa John's International, Inc.",Consumer Cyclical,Small-Cap,1344403,NMS
RR,Richtech Robotics Inc.,Industrials,Small-Cap,33002411,NCM
IOVA,"Iovance Biotherapeutics, Inc.",Healthcare,Small-Cap,14638019,NGM
ORIC,"Oric Pharmaceuticals, Inc.",Healthcare,Small-Cap,1490737,NMS
TMQ,Trilogy Metals Inc.,Basic Materials,Small-Cap,5212640,ASE
PMT,PennyMac Mortgage Investment Tr,Real Estate,Small-Cap,1100021,NYQ
NPKI,NPK International Inc.,Energy,Small-Cap,706239,NYQ
CCOI,"Cogent Communications Holdings,",Communication Services,Small-Cap,1524701,NMS
HLIT,Harmonic Inc.,Technology,Small-Cap,1057340,NMS
BW,"Babcock & Wilcox Enterprises, I",Industrials,Small-Cap,4352698,NYQ
MLTX,MoonLake Immunotherapeutics,Healthcare,Small-Cap,2464226,NCM
NFGC,New Found Gold Corp,Basic Materials,Small-Cap,1860029,ASE
CMPX,"Compass Therapeutics, Inc.",Healthcare,Small-Cap,2196108,NCM
PAR,PAR Technology Corporation,Technology,Small-Cap,771257,NYQ
EVLV,"Evolv Technologies Holdings, In",Industrials,Small-Cap,2769904,NCM
ULCC,"Frontier Group Holdings, Inc.",Industrials,Small-Cap,3886850,NMS
RLJ,RLJ Lodging Trust,Real Estate,Small-Cap,1938809,NYQ
SUPV,Grupo Supervielle S.A.,Financial Services,Small-Cap,1378522,NYQ
HLX,"Helix Energy Solutions Group, I",Energy,Small-Cap,1596327,NYQ
MOMO,Hello Group Inc.,Communication Services,Small-Cap,1061155,NMS
BFLY,"Butterfly Network, Inc.",Healthcare,Small-Cap,6000673,NYQ
AKTS,"Aktis Oncology, Inc.",Healthcare,Small-Cap,527480,NMS
UPBD,"Upbound Group, Inc.",Technology,Small-Cap,768911,NMS
PUMP,ProPetro Holding Corp.,Energy,Small-Cap,2748508,NYQ
SFL,SFL Corporation Ltd,Industrials,Small-Cap,1308401,NYQ
PHAT,"Phathom Pharmaceuticals, Inc.",Healthcare,Small-Cap,1047273,NMS
OCSL,Oaktree Specialty Lending Corpo,Financial Services,Small-Cap,714885,NMS
VLRS,Controladora Vuela Compania de ,Industrials,Small-Cap,552157,NYQ
GROY,Gold Royalty Corp.,Basic Materials,Small-Cap,3617711,ASE
CDNA,"CareDx, Inc.",Healthcare,Small-Cap,878854,NGM
SDGR,"Schrodinger, Inc.",Healthcare,Small-Cap,1021003,NMS
CIM,Chimera Investment Corporation,Real Estate,Small-Cap,815390,NYQ
JBGS,JBG SMITH Properties,Real Estate,Small-Cap,605501,NYQ
ZBIO,"Zenas BioPharma, Inc.",Healthcare,Small-Cap,670947,NMS
GEMI,"Gemini Space Station, Inc.",Financial Services,Small-Cap,2022855,NMS
ASTH,Astrana Health Inc.,Healthcare,Small-Cap,573334,NCM
GSBD,"Goldman Sachs BDC, Inc.",Financial Services,Small-Cap,1369695,NYQ
VIR,"Vir Biotechnology, Inc.",Healthcare,Small-Cap,1816922,NMS
OLPX,"Olaplex Holdings, Inc.",Consumer Cyclical,Small-Cap,1566072,NMS
ICHR,Ichor Holdings,Technology,Small-Cap,853240,NMS
OCFC,OceanFirst Financial Corp.,Financial Services,Small-Cap,554275,NMS
AOD,Aberdeen Total Dynamic Dividend,Financial Services,Small-Cap,524109,NYQ
MFIC,MidCap Financial Investment Cor,Financial Services,Small-Cap,661478,NMS
TDOC,"Teladoc Health, Inc.",Healthcare,Small-Cap,5671795,NYQ
CRON,Cronos Group Inc. Common Share,Healthcare,Small-Cap,2285596,NGM
SPRY,"ARS Pharmaceuticals, Inc.",Healthcare,Small-Cap,1954149,NGM
PENG,"Penguin Solutions, Inc.",Technology,Small-Cap,1156755,NMS
COUR,"Coursera, Inc.",Consumer Defensive,Small-Cap,3492504,NYQ
PDM,"Piedmont Realty Trust, Inc.",Real Estate,Small-Cap,719444,NYQ
INMD,InMode Ltd.,Healthcare,Small-Cap,721852,NMS
GLDD,Great Lakes Dredge & Dock Corpo,Industrials,Small-Cap,611214,NMS
CRTO,Criteo S.A.,Communication Services,Small-Cap,533611,NMS
TROX,Tronox Holdings plc,Basic Materials,Small-Cap,4254886,NYQ
MFA,"MFA Financial, Inc.",Real Estate,Small-Cap,1315706,NYQ
OPK,"Opko Health, Inc.",Healthcare,Small-Cap,3309959,NMS
PD,"PagerDuty, Inc.",Technology,Small-Cap,2255719,NYQ
URGN,UroGen Pharma Ltd.,Healthcare,Small-Cap,975947,NGM
ASST,"Strive, Inc.",Financial Services,Small-Cap,102043922,NGM
MRTN,"Marten Transport, Ltd.",Industrials,Small-Cap,820318,NMS
CCO,"Clear Channel Outdoor Holdings,",Communication Services,Small-Cap,2350404,NYQ
DEC,Diversified Energy Company,Energy,Small-Cap,578947,NYQ
CTMX,"CytomX Therapeutics, Inc.",Healthcare,Small-Cap,3289916,NMS
VTYX,"Ventyx Biosciences, Inc.",Healthcare,Small-Cap,3160759,NMS
ARVN,"Arvinas, Inc.",Healthcare,Small-Cap,1476814,NMS
SLDP,"Solid Power, Inc.",Consumer Cyclical,Small-Cap,9701563,NMS
ANNX,"Annexon, Inc.",Healthcare,Small-Cap,2869657,NMS
GO,Grocery Outlet Holding Corp.,Consumer Defensive,Small-Cap,2723200,NMS
TLRY,"Tilray Brands, Inc.",Healthcare,Small-Cap,9992231,NMS
FWRG,"First Watch Restaurant Group, I",Consumer Cyclical,Small-Cap,1265736,NMS
ODV,Osisko Development Corp.,Basic Materials,Small-Cap,1687137,NYQ
BKSY,BlackSky Technology Inc.,Industrials,Small-Cap,1632791,NYQ
ASPI,ASP Isotopes Inc.,Basic Materials,Small-Cap,6391567,NCM
BBDC,"Barings BDC, Inc.",Financial Services,Small-Cap,651011,NYQ
JBI,"Janus International Group, Inc.",Industrials,Small-Cap,1699695,NYQ
SSYS,"Stratasys, Ltd.",Technology,Small-Cap,929749,NMS
EH,EHang Holdings Limited,Industrials,Small-Cap,938062,NGM
HUYA,HUYA Inc.,Communication Services,Small-Cap,1746298,NYQ
AVO,"Mission Produce, Inc.",Consumer Defensive,Small-Cap,635172,NMS
SERV,Serve Robotics Inc.,Industrials,Small-Cap,7127159,NCM
PFLT,PennantPark Floating Rate Capit,Financial Services,Small-Cap,975613,NYQ
OMDA,"Omada Health, Inc.",Healthcare,Small-Cap,1029283,NMS
XNCR,"Xencor, Inc.",Healthcare,Small-Cap,777960,NGM
STAA,STAAR Surgical Company,Healthcare,Small-Cap,1342172,NGM
EVGO,EVgo Inc.,Consumer Cyclical,Small-Cap,3596181,NMS
CRCT,"Cricut, Inc.",Technology,Small-Cap,539001,NMS
NRDS,"NerdWallet, Inc.",Communication Services,Small-Cap,808790,NGM
MVST,"Microvast Holdings, Inc.",Consumer Cyclical,Small-Cap,4924247,NCM
AXTI,AXT Inc,Technology,Small-Cap,5335621,NMS
INDI,"indie Semiconductor, Inc.",Technology,Small-Cap,3222459,NCM
YEXT,"Yext, Inc.",Technology,Small-Cap,884880,NYQ
XIFR,"XPLR Infrastructure, LP",Utilities,Small-Cap,1417736,NYQ
GSM,Ferroglobe PLC,Basic Materials,Small-Cap,1387247,NCM
UTZ,Utz Brands Inc,Consumer Defensive,Small-Cap,1549408,NYQ
PSNL,"Personalis, Inc.",Healthcare,Small-Cap,1529160,NGM
PHR,"Phreesia, Inc.",Healthcare,Small-Cap,1249034,NYQ
NMAX,"Newsmax, Inc.",Communication Services,Small-Cap,995396,NYQ
BCAX,Bicara Therapeutics Inc.,Healthcare,Small-Cap,601465,NGM
CFFN,"Capitol Federal Financial, Inc.",Financial Services,Small-Cap,938239,NMS
AHMA,Ambitions Enterprise Management,Consumer Cyclical,Small-Cap,1857403,NCM
NB,NioCorp Developments Ltd.,Basic Materials,Small-Cap,5227552,NGM
CGBD,"Carlyle Secured Lending, Inc.",Financial Services,Small-Cap,509506,NMS
SNCY,"Sun Country Airlines Holdings, ",Industrials,Small-Cap,1212334,NMS
ACDC,ProFrac Holding Corp.,Energy,Small-Cap,1272390,NMS
NMFC,New Mountain Finance Corporatio,Financial Services,Small-Cap,712931,NMS
EPC,Edgewell Personal Care Company,Consumer Defensive,Small-Cap,708416,NYQ
OMER,Omeros Corporation,Healthcare,Small-Cap,2598127,NGM
ALIT,"Alight, Inc.",Technology,Small-Cap,13272713,NYQ
CWH,"Camping World Holdings, Inc.",Consumer Cyclical,Small-Cap,2199613,NYQ
POET,POET Technologies Inc.,Technology,Small-Cap,9118393,NCM
LIND,Lindblad Expeditions Holdings I,Consumer Cyclical,Small-Cap,501077,NCM
VSTS,Vestis Corporation,Industrials,Small-Cap,2543342,NYQ
JANX,"Janux Therapeutics, Inc.",Healthcare,Small-Cap,2063950,NGM
CCCX,Churchill Capital Corp X,Financial Services,Small-Cap,2168809,NGM
GERN,Geron Corporation,Healthcare,Small-Cap,8961544,NMS
TDAY,"USA TODAY Co., Inc.",Communication Services,Small-Cap,1475447,NYQ
HNRG,Hallador Energy Company,Energy,Small-Cap,582321,NCM
NRGV,"Energy Vault Holdings, Inc.",Utilities,Small-Cap,3244645,NYQ
FWRD,Forward Air Corporation,Industrials,Small-Cap,561867,NMS
AEVA,"Aeva Technologies, Inc.",Technology,Small-Cap,2978591,NMS
GGN,"GAMCO Global Gold, Natural Reso",Financial Services,Small-Cap,646518,ASE
NAT,Nordic American Tankers Limited,Energy,Small-Cap,2857244,NYQ
IART,Integra LifeSciences Holdings C,Healthcare,Small-Cap,828173,NMS
OPFI,OppFi Inc.,Financial Services,Small-Cap,559791,NYQ
PHK,Pimco High Income Fund Pimco Hi,Financial Services,Small-Cap,707167,NYQ
PCRX,"Pacira BioSciences, Inc.",Healthcare,Small-Cap,900986,NMS
IMSR,Terrestrial Energy Inc.,Utilities,Small-Cap,2962627,NMS
LAES,SEALSQ Corp,Technology,Small-Cap,12917840,NMS
SPPP,"""Sprott Physical Platinum and P",N/A,Small-Cap,1327878,ASE
NX,Quanex Building Products Corpor,Industrials,Small-Cap,788086,NYQ
FBRT,"Franklin BSP Realty Trust, Inc.",Real Estate,Small-Cap,734665,NYQ
LDI,"loanDepot, Inc.",Financial Services,Small-Cap,4357896,NYQ
AEHR,Aehr Test Systems,Technology,Small-Cap,901947,NCM
AIV,Apartment Investment and Manage,Real Estate,Small-Cap,1973490,NYQ
IRWD,"Ironwood Pharmaceuticals, Inc.",Healthcare,Small-Cap,4533581,NMS
PRCH,"Porch Group, Inc.",Technology,Small-Cap,1789378,NCM
TK,Teekay Corporation Ltd.,Energy,Small-Cap,596237,NYQ
WYFI,"WhiteFiber, Inc.",Technology,Small-Cap,1166921,NCM
RPD,"Rapid7, Inc.",Technology,Small-Cap,1200462,NGM
GPRE,"Green Plains, Inc.",Basic Materials,Small-Cap,1378352,NMS
BIOA,"BioAge Labs, Inc.",Healthcare,Small-Cap,592611,NMS
FUBO,fuboTV Inc.,Communication Services,Small-Cap,12799742,NYQ
ESPR,"Esperion Therapeutics, Inc.",Healthcare,Small-Cap,6083106,NGM
GAU,Galiano Gold Inc.,Basic Materials,Small-Cap,2781273,ASE
GDRX,"GoodRx Holdings, Inc.",Healthcare,Small-Cap,2319813,NMS
QNST,"QuinStreet, Inc.",Communication Services,Small-Cap,579778,NMS
ITRG,Integra Resources Corp.,Basic Materials,Small-Cap,2226409,ASE
WRN,Western Copper and Gold Corpora,Basic Materials,Small-Cap,1461995,ASE
SES,SES AI Corporation,Consumer Cyclical,Small-Cap,7584527,NYQ
FOXF,Fox Factory Holding Corp.,Consumer Cyclical,Small-Cap,905436,NMS
HTLD,"Heartland Express, Inc.",Industrials,Small-Cap,563834,NMS
NXDR,"Nextdoor Holdings, Inc.",Communication Services,Small-Cap,6291585,NYQ
ABUS,Arbutus Biopharma Corporation,Healthcare,Small-Cap,1287575,NMS
WOOF,Petco Health and Wellness Compa,Consumer Cyclical,Small-Cap,2445213,NMS
AMN,AMN Healthcare Services Inc,Healthcare,Small-Cap,1194381,NYQ
CTLP,"Cantaloupe, Inc.",Technology,Small-Cap,794449,NMS
MTA,Metalla Royalty & Streaming Ltd,Basic Materials,Small-Cap,558886,ASE
ABX,"Abacus Global Management, Inc.",Financial Services,Small-Cap,666565,NYQ
SWIM,"Latham Group, Inc.",Industrials,Small-Cap,708486,NMS
REAX,"The Real Brokerage, Inc.",Real Estate,Small-Cap,1520832,NCM
MDXG,"MiMedx Group, Inc",Healthcare,Small-Cap,917485,NCM
BLDP,"Ballard Power Systems, Inc.",Industrials,Small-Cap,4508447,NGM
PACB,Pacific Biosciences of Californ,Healthcare,Small-Cap,8319049,NMS
HTBK,Heritage Commerce Corp,Financial Services,Small-Cap,777491,NMS
BRSP,"BrightSpire Capital, Inc.",Real Estate,Small-Cap,738685,NYQ
NKTR,Nektar Therapeutics,Healthcare,Small-Cap,798042,NCM
ADTN,"ADTRAN Holdings, Inc.",Technology,Small-Cap,1443727,NMS
CNNE,"Cannae Holdings, Inc.",Consumer Cyclical,Small-Cap,646570,NYQ
PRME,"Prime Medicine, Inc.",Healthcare,Small-Cap,3681463,NGM
SG,"Sweetgreen, Inc.",Consumer Cyclical,Small-Cap,5536318,NYQ
AXG,Solowin Holdings,Financial Services,Small-Cap,800816,NCM
RWT,"Redwood Trust, Inc.",Real Estate,Small-Cap,1419739,NYQ
ADAM,"Adamas Trust, Inc.",Real Estate,Small-Cap,676344,NMS
SFIX,"Stitch Fix, Inc.",Consumer Cyclical,Small-Cap,2354437,NMS
JQC,Nuveen Credit Strategies Income,Financial Services,Small-Cap,929634,NYQ
KALV,"KalVista Pharmaceuticals, Inc.",Healthcare,Small-Cap,1343460,NGM
VTIX,Virtuix Holdings Inc.,Technology,Micro-Cap,1622675,NGM
DC,Dakota Gold Corp.,Basic Materials,Small-Cap,1260203,ASE
ECC,Eagle Point Credit Company Inc.,Financial Services,Small-Cap,1714477,NYQ
SLS,"SELLAS Life Sciences Group, Inc",Healthcare,Small-Cap,7981375,NCM
SATL,Satellogic Inc.,Industrials,Small-Cap,6864311,NCM
ENGN,enGene Holdings Inc.,Healthcare,Small-Cap,1313788,NCM
NEWP,New Pacific Metals Corp.,Basic Materials,Small-Cap,1002229,ASE
AMC,"AMC Entertainment Holdings, Inc",Communication Services,Small-Cap,28034219,NYQ
SIBN,"SI-BONE, Inc.",Healthcare,Small-Cap,594363,NGM
KURA,"Kura Oncology, Inc.",Healthcare,Small-Cap,1740075,NMS
RSKD,Riskified Ltd.,Technology,Small-Cap,542977,NYQ
CGEM,"Cullinan Therapeutics, Inc.",Healthcare,Small-Cap,1016308,NMS
MNTN,"MNTN, Inc.",Technology,Small-Cap,716814,NYQ
URG,Ur Energy Inc,Energy,Small-Cap,11216729,ASE
KODK,Eastman Kodak Company,Industrials,Small-Cap,1357857,NYQ
HIVE,HIVE Digital Technologies Ltd,Financial Services,Small-Cap,15300031,NCM
BLND,"Blend Labs, Inc.",Technology,Small-Cap,3324360,NYQ
FULC,"Fulcrum Therapeutics, Inc.",Healthcare,Small-Cap,1391601,NGM
CARS,Cars.com Inc.,Communication Services,Small-Cap,770386,NYQ
TRTX,"TPG RE Finance Trust, Inc.",Real Estate,Small-Cap,708767,NYQ
UDMY,"Udemy, Inc.",Consumer Defensive,Small-Cap,2632993,NMS
IGR,CBRE Clarion Global Real Estate,Financial Services,Small-Cap,1249940,NYQ
AHH,"Armada Hoffler Properties, Inc.",Real Estate,Small-Cap,896647,NYQ
BTBT,"Bit Digital, Inc.",Financial Services,Small-Cap,33378334,NCM
AIOT,"PowerFleet, Inc.",Technology,Small-Cap,1231432,NGM
UROY,Uranium Royalty Corp.,Energy,Small-Cap,2756532,NCM
GDYN,"Grid Dynamics Holdings, Inc.",Technology,Small-Cap,987488,NCM
ANGX,"Angel Studios, Inc.",Communication Services,Small-Cap,834832,NYQ
MAX,"MediaAlpha, Inc.",Communication Services,Small-Cap,504547,NYQ
AIP,"Arteris, Inc.",Technology,Small-Cap,572473,NGM
ACP,Aberdeen Income Credit Strategi,Financial Services,Small-Cap,690844,NYQ
FIP,FTAI Infrastructure Inc.,Industrials,Small-Cap,1316121,NMS
SXC,"SunCoke Energy, Inc.",Basic Materials,Small-Cap,1289322,NYQ
GDOT,Green Dot Corporation,Financial Services,Small-Cap,876000,NYQ
RGNX,REGENXBIO Inc.,Healthcare,Small-Cap,793100,NMS
TALK,"Talkspace, Inc.",Healthcare,Small-Cap,1361567,NCM
RIGL,"Rigel Pharmaceuticals, Inc.",Healthcare,Small-Cap,595960,NMS
CBRL,Cracker Barrel Old Country Stor,Consumer Cyclical,Small-Cap,1913336,NMS
CMPS,COMPASS Pathways Plc - American,Healthcare,Small-Cap,1650596,NMS
ECX,ECARX Holdings Inc.,Consumer Cyclical,Small-Cap,5152639,NGM
PLAY,"Dave & Buster's Entertainment, ",Communication Services,Small-Cap,1331719,NMS
TDUP,ThredUp Inc.,Consumer Cyclical,Small-Cap,1946042,NMS
PROK,ProKidney Corp.,Healthcare,Small-Cap,1279895,NCM
KOS,Kosmos Energy Ltd.,Energy,Small-Cap,16407509,NYQ
CTKB,"Cytek Biosciences, Inc.",Healthcare,Small-Cap,1299831,NMS
BBNX,"Beta Bionics, Inc.",Healthcare,Small-Cap,1028718,NGM
STEX,Streamex Corp.,Financial Services,Small-Cap,1025778,NCM
EBS,Emergent BioSolutions Inc.,Healthcare,Small-Cap,929331,NYQ
MGTX,MeiraGTx Holdings plc,Healthcare,Small-Cap,535460,NMS
GRPN,"Groupon, Inc.",Communication Services,Small-Cap,1151503,NMS
ALT,"Altimmune, Inc.",Healthcare,Small-Cap,4911059,NGM
IVR,INVESCO MORTGAGE CAPITAL INC,Real Estate,Small-Cap,2008736,NYQ
IDR,"Idaho Strategic Resources, Inc.",Basic Materials,Small-Cap,585640,ASE
GRNT,"Granite Ridge Resources, Inc.",Energy,Small-Cap,648827,NYQ
GOGO,Gogo Inc.,Communication Services,Small-Cap,2725867,NMS
EU,enCore Energy Corp.,Energy,Small-Cap,2999711,NCM
DDL,Dingdong (Cayman) Limited,Consumer Defensive,Small-Cap,1371593,NYQ
LXRX,"Lexicon Pharmaceuticals, Inc.",Healthcare,Small-Cap,2397190,NCM
UMAC,"Unusual Machines, Inc.",Technology,Small-Cap,3169065,ASE
ABAT,American Battery Technology Com,Industrials,Small-Cap,7086703,NCM
FVRR,Fiverr International Ltd.,Communication Services,Small-Cap,923313,NYQ
EMBC,Embecta Corp.,Healthcare,Small-Cap,624980,NMS
VTEX,VTEX,Technology,Small-Cap,1264793,NYQ
AVR,Anteris Technologies Global Cor,Healthcare,Small-Cap,729370,NGM
APPS,"Digital Turbine, Inc.",Technology,Small-Cap,3191052,NCM
CRMD,CorMedix Inc.,Healthcare,Small-Cap,3336514,NGM
FWDI,"Forward Industries, Inc.",Consumer Cyclical,Small-Cap,932049,NCM
GOSS,"Gossamer Bio, Inc.",Healthcare,Small-Cap,3985163,NMS
AVNS,"Avanos Medical, Inc.",Healthcare,Small-Cap,558855,NYQ
PCLA,PicoCELA Inc.,Communication Services,Nano-Cap,710175,NCM
LENZ,"LENZ Therapeutics, Inc.",Healthcare,Small-Cap,1228816,NMS
CEVA,"CEVA, Inc.",Technology,Small-Cap,548832,NMS
MNRO,"Monro, Inc.",Consumer Cyclical,Small-Cap,892814,NMS
LPTH,"LightPath Technologies, Inc.",Technology,Small-Cap,2184949,NCM
THM,"International Tower Hill Mines,",Basic Materials,Small-Cap,1243591,ASE
ANGI,Angi Inc.,Communication Services,Small-Cap,1070944,NMS
REPL,"Replimune Group, Inc.",Healthcare,Small-Cap,1719800,NMS
DNA,"Ginkgo Bioworks Holdings, Inc.",Healthcare,Small-Cap,1027883,NYQ
BMBL,Bumble Inc.,Communication Services,Small-Cap,2967422,NMS
DNUT,"Krispy Kreme, Inc.",Consumer Defensive,Small-Cap,3377380,NMS
IVVD,"Invivyd, Inc.",Healthcare,Small-Cap,6672249,NGM
VOR,Vor Biopharma Inc.,Healthcare,Small-Cap,1877829,NMS
BTQ,BTQ Technologies Corp.,Technology,Small-Cap,3081570,NGM
BLMN,"Bloomin' Brands, Inc.",Consumer Cyclical,Small-Cap,2220568,NMS
LAB,Standard BioTools Inc.,Healthcare,Small-Cap,1706536,NMS
STKL,"SunOpta, Inc.",Consumer Defensive,Small-Cap,1289516,NMS
CRSR,"Corsair Gaming, Inc.",Technology,Small-Cap,1106077,NMS
SPT,"Sprout Social, Inc",Technology,Small-Cap,1223442,NCM
TWI,"Titan International, Inc. (DE)",Industrials,Small-Cap,660370,NYQ
RYAM,Rayonier Advanced Materials Inc,Basic Materials,Small-Cap,696832,NYQ
KROS,"Keros Therapeutics, Inc.",Healthcare,Small-Cap,792167,NGM
GOOD,Gladstone Commercial Corporatio,Real Estate,Small-Cap,534231,NMS
KYTX,"Kyverna Therapeutics, Inc.",Healthcare,Small-Cap,1486573,NMS
LTBR,Lightbridge Corporation,Industrials,Small-Cap,1179085,NCM
SB,"Safe Bulkers, Inc",Industrials,Small-Cap,535354,NYQ
PURR,Hyperliquid Strategies Inc,Financial Services,Small-Cap,1954545,NCM
MYGN,"Myriad Genetics, Inc.",Healthcare,Small-Cap,1060172,NMS
LXEO,"Lexeo Therapeutics, Inc.",Healthcare,Small-Cap,1366493,NGM
HPK,"HighPeak Energy, Inc.",Energy,Small-Cap,755162,NGM
WEAV,"Weave Communications, Inc.",Healthcare,Small-Cap,1477747,NYQ
CDZI,"Cadiz, Inc.",Utilities,Small-Cap,919932,NGM
CRNC,Cerence Inc.,Technology,Small-Cap,1246277,NMS
GETY,"Getty Images Holdings, Inc.",Communication Services,Small-Cap,1810391,NYQ
KREF,KKR Real Estate Finance Trust I,Real Estate,Small-Cap,898400,NYQ
EVTL,Vertical Aerospace Ltd.,Industrials,Small-Cap,1897519,NYQ
UP,Wheels Up Experience Inc.,Industrials,Small-Cap,5632854,NYQ
PRTA,Prothena Corporation plc,Healthcare,Small-Cap,626531,NMS
LWLG,"Lightwave Logic, Inc.",Basic Materials,Small-Cap,1861196,NCM
KLC,"KinderCare Learning Companies, ",Consumer Defensive,Small-Cap,997868,NYQ
OIS,"Oil States International, Inc.",Energy,Small-Cap,722706,NYQ
OCGN,"Ocugen, Inc.",Healthcare,Small-Cap,4522091,NCM
DVS,Dolly Varden Silver Corporation,Basic Materials,Small-Cap,1309568,ASE
CODI,D/B/A Compass Diversified Holdi,Industrials,Small-Cap,1599554,NYQ
SCVL,"Shoe Carnival, Inc.",Consumer Cyclical,Small-Cap,591306,NMS
FFWM,First Foundation Inc.,Financial Services,Small-Cap,797390,NYQ
ELVA,Electrovaya Inc.,Industrials,Small-Cap,714660,NCM
SLDB,Solid Biosciences Inc.,Healthcare,Small-Cap,1083355,NMS
IHRT,"iHeartMedia, Inc.",Communication Services,Small-Cap,1533101,NMS
VVR,Invesco Senior Income Trust  (D,Financial Services,Small-Cap,1257372,NYQ
ORGO,Organogenesis Holdings Inc.,Healthcare,Small-Cap,1838773,NCM
SWBI,"Smith & Wesson Brands, Inc.",Industrials,Small-Cap,610250,NMS
CLNE,Clean Energy Fuels Corp.,Energy,Small-Cap,1198822,NMS
PML,Pimco Municipal Income Fund II ,Financial Services,Small-Cap,546544,NYQ
GEVO,"Gevo, Inc.",Basic Materials,Small-Cap,3091672,NCM
ZVRA,"Zevra Therapeutics, Inc.",Healthcare,Small-Cap,1209677,NMS
INN,"Summit Hotel Properties, Inc.",Real Estate,Small-Cap,755000,NYQ
NAGE,"Niagen Bioscience, Inc.",Healthcare,Small-Cap,860377,NCM
SABR,Sabre Corporation,Technology,Small-Cap,5820524,NMS
NMG,Nouveau Monde Graphite Inc.,Basic Materials,Small-Cap,709308,NYQ
EGY,"VAALCO Energy, Inc.",Energy,Small-Cap,1014618,NYQ
BDN,Brandywine Realty Trust,Real Estate,Small-Cap,4268340,NYQ
LX,LexinFintech Holdings Ltd.,Financial Services,Small-Cap,2241862,NMS
FPI,Farmland Partners Inc.,Real Estate,Small-Cap,538591,NYQ
RBBN,Ribbon Communications Inc.,Technology,Small-Cap,625570,NMS
VSTM,"Verastem, Inc.",Healthcare,Small-Cap,2161632,NCM
MITK,"Mitek Systems, Inc.",Technology,Small-Cap,583908,NCM
HLLY,Holley Inc.,Consumer Cyclical,Small-Cap,1164632,NYQ
MAGN,Magnera Corporation,Consumer Defensive,Small-Cap,934890,NYQ
PRTH,"Priority Technology Holdings, I",Technology,Small-Cap,556513,NCM
CAN,Canaan Inc.,Technology,Small-Cap,23980591,NGM
FDMT,"4D Molecular Therapeutics, Inc.",Healthcare,Small-Cap,949021,NMS
KOPN,Kopin Corporation,Technology,Small-Cap,3484445,NCM
ASC,Ardmore Shipping Corporation,Industrials,Small-Cap,608532,NYQ
GTN,"Gray Media, Inc.",Communication Services,Small-Cap,1238773,NYQ
BETR,Better Home & Finance Holding C,Financial Services,Small-Cap,513026,NGM
CGC,Canopy Growth Corporation,Healthcare,Small-Cap,30645595,NMS
ASTL,Algoma Steel Group Inc.,Basic Materials,Small-Cap,1320437,NGM
CERS,Cerus Corporation,Healthcare,Small-Cap,1502573,NGM
VNDA,Vanda Pharmaceuticals Inc.,Healthcare,Small-Cap,1682370,NGM
CANG,Cango Inc.,Financial Services,Small-Cap,950070,NYQ
WOLF,"Wolfspeed, Inc.",Technology,Small-Cap,1376080,NYQ
GLSI,"Greenwich LifeSciences, Inc.",Healthcare,Small-Cap,519459,NCM
OSPN,OneSpan Inc.,Technology,Small-Cap,580034,NCM
BBBY,"Bed Bath & Beyond, Inc.",N/A,Small-Cap,1874736,NYQ
NBP,NovaBridge Biosciences,Healthcare,Small-Cap,656463,NGM
FCEL,"FuelCell Energy, Inc.",Industrials,Small-Cap,2670168,NGM
IMMP,Immutep Limited,Healthcare,Small-Cap,732696,NGM
AVXL,Anavex Life Sciences Corp.,Healthcare,Small-Cap,2714736,NMS
ABSI,Absci Corporation,Healthcare,Small-Cap,4022698,NMS
TII,Titan Mining Corporation,Basic Materials,Small-Cap,662091,ASE
TCPC,BlackRock TCP Capital Corp.,Financial Services,Small-Cap,897368,NMS
ASIX,AdvanSix Inc.,Basic Materials,Small-Cap,517291,NYQ
ADCT,ADC Therapeutics SA,Healthcare,Small-Cap,1150463,NYQ
CYH,"Community Health Systems, Inc.",Healthcare,Small-Cap,1624101,NYQ
EB,"Eventbrite, Inc.",Communication Services,Small-Cap,1837537,NYQ
SPIR,"Spire Global, Inc.",Industrials,Small-Cap,760868,NYQ
TRX,TRX Gold Corporation,Basic Materials,Small-Cap,4273814,ASE
GLDG,GoldMining Inc.,Basic Materials,Small-Cap,3778336,ASE
SRTA,"Strata Critical Medical, Inc.",Healthcare,Small-Cap,931827,NCM
HKD,AMTD Digital Inc.,Technology,Small-Cap,763103,NYQ
GPRK,Geopark Ltd,Energy,Small-Cap,746086,NYQ
CAL,"Caleres, Inc.",Consumer Cyclical,Small-Cap,1044900,NYQ
CLPT,ClearPoint Neuro Inc.,Healthcare,Small-Cap,800029,NCM
DXYZ,Destiny Tech100 Inc.,Financial Services,Small-Cap,1377578,NYQ
NNDM,Nano Dimension Ltd.,Technology,Small-Cap,2902506,NCM
PLG,Platinum Group Metals Ltd.,Basic Materials,Small-Cap,4177395,ASE
PTLO,Portillo's Inc.,Consumer Cyclical,Small-Cap,2591360,NMS
ANGO,"AngioDynamics, Inc.",Healthcare,Small-Cap,592167,NMS
BCAR,D. Boral ARC Acquisition I Corp,Financial Services,Small-Cap,513485,NGM
DVLT,Datavault AI Inc.,Technology,Small-Cap,71766363,NCM
AQST,"Aquestive Therapeutics, Inc.",Healthcare,Small-Cap,3937331,NGM
ACRS,"Aclaris Therapeutics, Inc.",Healthcare,Small-Cap,1903255,NMS
ZURA,Zura Bio Limited,Healthcare,Small-Cap,638683,NCM
JACK,Jack In The Box Inc.,Consumer Cyclical,Small-Cap,823670,NMS
PSFE,Paysafe Limited,Technology,Small-Cap,606300,NYQ
SNDL,SNDL Inc.,Consumer Defensive,Small-Cap,3069700,NCM
NVA,Nova Minerals Limited,Basic Materials,Small-Cap,1169440,NCM
TRON,Tron Inc.,Consumer Cyclical,Small-Cap,1229588,NCM
HELE,Helen of Troy Limited,Consumer Defensive,Small-Cap,895645,NMS
WNC,Wabash National Corporation,Industrials,Small-Cap,583696,NYQ
NUAI,"New Era Energy & Digital, Inc.",Technology,Small-Cap,8468983,NGM
TLS,Telos Corporation,Technology,Small-Cap,964765,NGM
AKBA,"Akebia Therapeutics, Inc.",Healthcare,Small-Cap,3691198,NCM
AREC,American Resources Corporation,Basic Materials,Small-Cap,6207913,NCM
NFE,New Fortress Energy Inc.,Energy,Small-Cap,15703604,NMS
RCKT,"Rocket Pharmaceuticals, Inc.",Healthcare,Small-Cap,2104545,NGM
EVH,"Evolent Health, Inc",Healthcare,Small-Cap,3862613,NYQ
NKLR,Terra Innovatum Global N.V.,Utilities,Small-Cap,927509,NGM
VFF,"Village Farms International, In",Consumer Defensive,Small-Cap,2479386,NCM
TARA,"Protara Therapeutics, Inc.",Healthcare,Small-Cap,1005539,NGM
BYND,"Beyond Meat, Inc.",Consumer Defensive,Small-Cap,77845527,NMS
PEPG,PepGen Inc.,Healthcare,Small-Cap,707013,NMS
VOXR,Vox Royalty Corp.,Basic Materials,Small-Cap,658439,NCM
XPOF,"Xponential Fitness, Inc.",Consumer Cyclical,Small-Cap,585426,NYQ
PNNT,PennantPark Investment Corporat,Financial Services,Small-Cap,686490,NYQ
AUTL,Autolus Therapeutics plc,Healthcare,Small-Cap,2925072,NMS
HYLN,Hyliion Holdings Corp.,Consumer Cyclical,Small-Cap,1176195,ASE
RC,Ready Capital Corporation,Real Estate,Small-Cap,4036460,NYQ
BKKT,"Bakkt, Inc.",Technology,Small-Cap,1559839,NYQ
RXST,"RxSight, Inc.",Healthcare,Small-Cap,926227,NGM
LCTX,"Lineage Cell Therapeutics, Inc.",Healthcare,Small-Cap,1559696,ASE
VGZ,Vista Gold Corp,Basic Materials,Small-Cap,1772131,ASE
FJET,"Starfighters Space, Inc.",Industrials,Small-Cap,5041006,ASE
AIRO,"AIRO Group Holdings, Inc.",Industrials,Small-Cap,744965,NGM
DAVA,Endava plc,Technology,Small-Cap,952062,NYQ
LAND,Gladstone Land Corporation,Real Estate,Small-Cap,579183,NGM
NMRA,"Neumora Therapeutics, Inc.",Healthcare,Small-Cap,1522177,NMS
HELP,Cybin Inc.,Healthcare,Small-Cap,704559,NGM
OEC,Orion S.A.,Basic Materials,Small-Cap,721070,NYQ
DCTH,"Delcath Systems, Inc.",Healthcare,Small-Cap,643660,NCM
BGS,"B&G Foods, Inc.",Consumer Defensive,Small-Cap,1872391,NYQ
KELYA,"Kelly Services, Inc.",Industrials,Small-Cap,521181,NMS
DEFT,"Defi Technologies, Inc.",Financial Services,Small-Cap,7932511,NCM
ACIU,AC Immune SA,Healthcare,Small-Cap,692627,NGM
VERI,"Veritone, Inc.",Technology,Small-Cap,3485496,NGM
PUBM,"PubMatic, Inc.",Technology,Small-Cap,737357,NGM
ACCO,Acco Brands Corporation,Industrials,Small-Cap,747632,NYQ
CNCK,Coincheck Group N.V.,Financial Services,Small-Cap,662539,NGM
DDD,3D Systems Corporation,Technology,Small-Cap,3822004,NYQ
ALLO,"Allogene Therapeutics, Inc.",Healthcare,Small-Cap,3767995,NMS
CLYM,"Climb Bio, Inc.",Healthcare,Small-Cap,1250626,NGM
XFLT,XAI Octagon Floating Rate & Alt,Financial Services,Small-Cap,663988,NYQ
AGL,"agilon health, inc.",Healthcare,Small-Cap,8845295,NYQ
VELO,"Velo3D, Inc.",Technology,Small-Cap,1442075,NCM
DBI,Designer Brands Inc.,Consumer Cyclical,Small-Cap,1156637,NYQ
IMRX,Immuneering Corporation,Healthcare,Small-Cap,1821716,NGM
SVC,Service Properties Trust - Shar,Real Estate,Small-Cap,1452298,NMS
GRRR,Gorilla Technology Group Inc.,Technology,Small-Cap,970801,NCM
CADL,"Candel Therapeutics, Inc.",Healthcare,Small-Cap,791303,NGM
ALDX,"Aldeyra Therapeutics, Inc.",Healthcare,Small-Cap,1051918,NCM
CHAC,Crane Harbor Acquisition Corp.,Financial Services,Small-Cap,543040,NGM
SKYX,SKYX Platforms Corp.,Industrials,Small-Cap,1097716,NCM
SMRT,"SmartRent, Inc.",Technology,Small-Cap,1169003,NYQ
GUTS,"Fractyl Health, Inc.",Healthcare,Micro-Cap,5411324,NGM
RZLT,"Rezolute, Inc.",Healthcare,Small-Cap,6918680,NCM
XFOR,"X4 Pharmaceuticals, Inc.",Healthcare,Small-Cap,599601,NCM
EOLS,"Evolus, Inc. Common Stock",Healthcare,Small-Cap,1410326,NGM
MRAM,"Everspin Technologies, Inc.",Technology,Small-Cap,509190,NGM
ADV,Advantage Solutions Inc.,Communication Services,Small-Cap,803426,NMS
SITC,SITE Centers Corp.,Real Estate,Small-Cap,1430114,NYQ
RPAY,Repay Holdings Corporation,Technology,Small-Cap,1148491,NCM
IMMX,"Immix Biopharma, Inc.",Healthcare,Small-Cap,1036747,NCM
LRMR,"Larimar Therapeutics, Inc.",Healthcare,Small-Cap,1389395,NGM
TSSI,"TSS, Inc.",Technology,Small-Cap,1604531,NCM
QTRX,Quanterix Corporation,Healthcare,Small-Cap,733763,NGM
HRZN,Horizon Technology Finance Corp,Financial Services,Small-Cap,727554,NMS
WTI,"W&T Offshore, Inc.",Energy,Small-Cap,1550726,NYQ
SSP,E.W. Scripps Company (The),Communication Services,Small-Cap,1444583,NMS
SY,So-Young International Inc. - A,Healthcare,Small-Cap,1014978,NCM
CCRN,"Cross Country Healthcare, Inc.",Healthcare,Small-Cap,881549,NMS
TOI,"The Oncology Institute, Inc.",Healthcare,Small-Cap,2254422,NCM
CHRS,"Coherus Oncology, Inc.",Healthcare,Small-Cap,1882713,NGM
RLMD,"Relmada Therapeutics, Inc.",Healthcare,Small-Cap,1246883,NCM
NBY,"NovaBay Pharmaceuticals, Inc.",Healthcare,Micro-Cap,1640509,ASE
EM,Smart Share Global Limited,Consumer Cyclical,Small-Cap,583385,NCM
DGNX,Diginex Limited,Industrials,Micro-Cap,2199621,NCM
ASPN,"Aspen Aerogels, Inc.",Industrials,Small-Cap,2353096,NYQ
PDYN,Palladyne AI Corp.,Technology,Small-Cap,3019555,NGM
CABA,"Cabaletta Bio, Inc.",Healthcare,Micro-Cap,3159265,NMS
BLZE,"Backblaze, Inc.",Technology,Small-Cap,775995,NGM
EVC,Entravision Communications Corp,Communication Services,Small-Cap,515167,NYQ
RILY,"BRC Group Holdings, Inc.",Financial Services,Small-Cap,1861327,NGM
ENLV,Enlivex Therapeutics Ltd.,Healthcare,Micro-Cap,4067683,NCM
INV,"Innventure, Inc.",Financial Services,Small-Cap,1807168,NGM
ORBS,Eightco Holdings Inc.,Consumer Cyclical,Small-Cap,4411390,NCM
OABI,"OmniAb, Inc.",Healthcare,Small-Cap,519119,NGM
HNST,"The Honest Company, Inc.",Consumer Defensive,Small-Cap,3110922,NMS
MVIS,"Microvision, Inc.",Technology,Micro-Cap,4955847,NGM
FLYX,"flyExclusive, Inc.",Industrials,Small-Cap,2233406,ASE
GORO,Gold Resource Corporation,Basic Materials,Micro-Cap,5263988,ASE
ALTS,ALT5 Sigma Corporation,Technology,Small-Cap,4212532,NCM
ABEO,Abeona Therapeutics Inc.,Healthcare,Small-Cap,1682400,NCM
XRX,Xerox Holdings Corporation,Industrials,Small-Cap,3696322,NMS
LTRX,"Lantronix, Inc.",Technology,Small-Cap,684667,NCM
PALI,"Palisade Bio, Inc.",Healthcare,Micro-Cap,5203255,NCM
ACRE,Ares Commercial Real Estate Cor,Real Estate,Small-Cap,549214,NYQ
SLQT,"SelectQuote, Inc.",Financial Services,Micro-Cap,1111914,NYQ
GSIT,"GSI Technology, Inc.",Technology,Small-Cap,1676200,NMS
QSI,Quantum-Si Incorporated,Healthcare,Micro-Cap,5288793,NGM
BRR,"ProCap Financial, Inc.",Financial Services,Micro-Cap,1059701,NGM
NAKA,Nakamoto Inc.,Financial Services,Micro-Cap,11867009,NGM
DSX,Diana Shipping inc.,Industrials,Small-Cap,535180,NYQ
BNAI,Brand Engagement Network Inc.,Technology,Micro-Cap,9197567,NCM
CMRC,"Commerce.com, Inc. - Series 1",Technology,Small-Cap,836773,NGM
FLWS,"1-800-FLOWERS.COM, Inc.",Consumer Cyclical,Small-Cap,976836,NMS
OSS,"One Stop Systems, Inc.",Technology,Micro-Cap,1635259,NCM
HRTX,"Heron Therapeutics, Inc.",Healthcare,Micro-Cap,1920591,NCM
USBC,"USBC, Inc.",Technology,Micro-Cap,1482931,ASE
CNDT,Conduent Incorporated,Technology,Micro-Cap,1335934,NMS
STTK,"Shattuck Labs, Inc.",Healthcare,Micro-Cap,509760,NMS
DOMO,"Domo, Inc.",Technology,Micro-Cap,936475,NGM
NAMM,Namib Minerals,Basic Materials,Micro-Cap,8590196,NGM
ACB,Aurora Cannabis Inc.,Healthcare,Micro-Cap,1644196,NCM
NVX,NOVONIX Limited - American Depo,Industrials,Micro-Cap,1505539,NGM
NIU,Niu Technologies,Consumer Cyclical,Small-Cap,583375,NGM
ACHV,"Achieve Life Sciences, Inc.",Healthcare,Micro-Cap,700621,NCM
XWIN,"XMAX, Inc.",Consumer Cyclical,Micro-Cap,742447,NCM
BZAI,"Blaize Holdings, Inc.",Technology,Micro-Cap,2458695,NGM
SCII,SC II Acquisition Corp.,N/A,Micro-Cap,646322,NGM
BNC,CEA Industries Inc.,Industrials,Micro-Cap,565149,NCM
TYGO,"Tigo Energy, Inc.",Technology,Micro-Cap,744731,NCM
KLTR,"Kaltura, Inc.",Technology,Small-Cap,847506,NMS
SIDU,"Sidus Space, Inc.",Industrials,Micro-Cap,37070495,NCM
JELD,"JELD-WEN Holding, Inc.",Industrials,Micro-Cap,1657101,NYQ
STXS,"Stereotaxis, Inc.",Healthcare,Micro-Cap,576890,ASE
EGHT,8x8 Inc,Technology,Micro-Cap,730449,NMS
AMBR,Amber International Holding Lim,Technology,Micro-Cap,1679819,NGM
SNBR,Sleep Number Corporation,Consumer Cyclical,Small-Cap,817901,NMS
TNXP,Tonix Pharmaceuticals Holding C,Healthcare,Micro-Cap,601722,NCM
FNKO,"Funko, Inc.",Consumer Cyclical,Micro-Cap,963800,NMS
IPSC,"Century Therapeutics, Inc.",Healthcare,Micro-Cap,1946227,NCM
VUZI,Vuzix Corporation,Technology,Micro-Cap,2094675,NCM
AIRJ,AirJoule Technologies Corporati,Industrials,Micro-Cap,512714,NCM
SPCE,"Virgin Galactic Holdings, Inc.",Industrials,Micro-Cap,4449144,NYQ
MENS,Jyong Biotech Ltd.,Healthcare,Micro-Cap,906565,NGM
REI,"Ring Energy, Inc.",Energy,Micro-Cap,1786196,ASE
LPRO,Open Lending Corporation,Financial Services,Micro-Cap,627809,NGM
FOSL,"Fossil Group, Inc.",Consumer Cyclical,Micro-Cap,772818,NMS
OGI,Organigram Global Inc.,Healthcare,Micro-Cap,1059113,NMS
CURI,CuriosityStream Inc.,Communication Services,Micro-Cap,792416,NCM
INVZ,Innoviz Technologies Ltd.,Consumer Cyclical,Micro-Cap,5049013,NCM
VYGR,"Voyager Therapeutics, Inc.",Healthcare,Micro-Cap,523280,NMS
DPRO,Draganfly Inc.,Technology,Micro-Cap,2008998,NCM
HITI,High Tide Inc.,Healthcare,Micro-Cap,548291,NCM
ZIP,"ZipRecruiter, Inc.",Communication Services,Micro-Cap,1012619,NYQ
SPWR,SunPower Inc.,Technology,Micro-Cap,1405893,NGM
ALEC,"Alector, Inc.",Healthcare,Micro-Cap,1420073,NMS
ARCT,Arcturus Therapeutics Holdings ,Healthcare,Micro-Cap,726950,NGM
ZENA,"ZenaTech, Inc.",Technology,Micro-Cap,1229072,NCM
NNOX,NANO-X IMAGING LTD,Healthcare,Micro-Cap,1667722,NGM
CRNT,Ceragon Networks Ltd.,Technology,Micro-Cap,640683,NMS
GPRO,"GoPro, Inc.",Technology,Micro-Cap,3037572,NMS
EDIT,"Editas Medicine, Inc.",Healthcare,Micro-Cap,1798470,NMS
CCCC,"C4 Therapeutics, Inc.",Healthcare,Micro-Cap,1640921,NMS
GALT,Galectin Therapeutics Inc.,Healthcare,Micro-Cap,529204,NCM
FFAI,Faraday Future Intelligent Elec,Consumer Cyclical,Micro-Cap,6341729,NCM
ALTO,"Alto Ingredients, Inc.",Basic Materials,Micro-Cap,1937514,NCM
CNTX,Context Therapeutics Inc.,Healthcare,Micro-Cap,1225747,NCM
GTE,Gran Tierra Energy Inc.,Energy,Micro-Cap,583895,ASE
OSUR,"OraSure Technologies, Inc.",Healthcare,Micro-Cap,685967,NMS
UIS,Unisys Corporation New,Technology,Micro-Cap,718159,NYQ
NPWR,NET Power Inc.,Industrials,Micro-Cap,1094919,NYQ
CATX,"Perspective Therapeutics, Inc.",Healthcare,Small-Cap,2933316,ASE
HUMA,"Humacyte, Inc.",Healthcare,Micro-Cap,4902498,NMS
OPTX,"Syntec Optics Holdings, Inc.",Technology,Micro-Cap,2549157,NCM
THRY,"Thryv Holdings, Inc.",Technology,Micro-Cap,1011439,NCM
SGMT,Sagimet Biosciences Inc. - Seri,Healthcare,Micro-Cap,605934,NGM
ELME,Elme Communities,Real Estate,Micro-Cap,4204934,NYQ
AIRS,"AirSculpt Technologies, Inc.",Healthcare,Micro-Cap,1427421,NGM
IRD,"Opus Genetics, Inc.",Healthcare,Micro-Cap,573326,NCM
AMPY,Amplify Energy Corp.,Energy,Micro-Cap,757216,NYQ
SKIN,The Beauty Health Company,Consumer Defensive,Micro-Cap,685326,NCM
GOAI,Eva Live Inc.,Technology,Micro-Cap,2009100,NCM
DGXX,Digi Power X Inc.,Utilities,Micro-Cap,4504642,NCM
ZNTL,"Zentalis Pharmaceuticals, Inc.",Healthcare,Micro-Cap,1324263,NGM
VLN,Valens Semiconductor Ltd.,Technology,Micro-Cap,2026424,NYQ
NRDY,Nerdy Inc.,Technology,Micro-Cap,1191401,NYQ
TCGL,TechCreate Group Ltd.,Technology,Mid-Cap,1059124,ASE
DHF,Dreyfus High Yield Strategies F,Financial Services,Micro-Cap,544937,NYQ
QNCX,"Quince Therapeutics, Inc.",Healthcare,Nano-Cap,1866121,NMS
LODE,Comstock Inc.,Basic Materials,Micro-Cap,1391419,ASE
KULR,"KULR Technology Group, Inc.",Technology,Micro-Cap,2139619,ASE
DFDV,DeFi Development Corp.,Financial Services,Micro-Cap,1760049,NCM
PLBY,"Playboy, Inc.",Consumer Cyclical,Micro-Cap,761768,NGM
TNMG,TNL Mediagene,Communication Services,Micro-Cap,1081762,NCM
RXT,"Rackspace Technology, Inc.",Technology,Micro-Cap,1250398,NMS
NKTX,"Nkarta, Inc.",Healthcare,Micro-Cap,746034,NMS
BAER,Bridger Aerospace Group Holding,Industrials,Micro-Cap,642234,NGM
UNG,United States Natural Gas Fund ,N/A,Micro-Cap,20398949,PCX
PRQR,ProQR Therapeutics N.V.,Healthcare,Micro-Cap,506570,NCM
ELDN,"Eledon Pharmaceuticals, Inc.",Healthcare,Micro-Cap,1901077,NCM
NEOV,NeoVolta Inc.,Industrials,Micro-Cap,646113,NCM
GAMB,Gambling.com Group Limited,Consumer Cyclical,Micro-Cap,749022,NGM
ATLX,Atlas Lithium Corporation,Basic Materials,Micro-Cap,638781,NCM
REKR,"Rekor Systems, Inc.",Technology,Micro-Cap,3002162,NCM
MIST,Milestone Pharmaceuticals Inc.,Healthcare,Micro-Cap,5355218,NMS
PLX,"Protalix BioTherapeutics, Inc. ",Healthcare,Micro-Cap,701531,ASE
RANI,"Rani Therapeutics Holdings, Inc",Healthcare,Micro-Cap,3465406,NGM
LFMD,"LifeMD, Inc.",Healthcare,Micro-Cap,1328788,NGM
EMPD,Empery Digital Inc.,Consumer Cyclical,Micro-Cap,843122,NMS
FURY,Fury Gold Mines Limited,Basic Materials,Micro-Cap,855590,ASE
HLXC,Helix Acquisition Corp. III,N/A,Micro-Cap,1027866,NGM
SMX,SMX (Security Matters) Public L,Industrials,Micro-Cap,3881768,NCM
ACH,"Accendra Health, Inc.",Healthcare,Micro-Cap,1902826,NYQ
TMCI,"Treace Medical Concepts, Inc.",Healthcare,Micro-Cap,920093,NMS
ARBE,Arbe Robotics Ltd.,Technology,Micro-Cap,4436424,NCM
LUCD,Lucid Diagnostics Inc.,Healthcare,Micro-Cap,1274742,NCM
ABOS,"Acumen Pharmaceuticals, Inc.",Healthcare,Micro-Cap,537759,NMS
QIPT,Quipt Home Medical Corp.,Healthcare,Micro-Cap,640962,NCM
HCAT,"Health Catalyst, Inc",Healthcare,Micro-Cap,673901,NMS
TONX,TON Strategy Company,Technology,Micro-Cap,604304,NCM
BARK,"BARK, Inc.",Consumer Cyclical,Micro-Cap,1526454,NYQ
CHPT,"ChargePoint Holdings, Inc.",Consumer Cyclical,Micro-Cap,572440,NYQ
OXSQ,Oxford Square Capital Corp.,Financial Services,Micro-Cap,942906,NMS
STIM,"Neuronetics, Inc.",Healthcare,Micro-Cap,1715681,NGM
FATE,"Fate Therapeutics, Inc.",Healthcare,Micro-Cap,1576352,NGM
TNYA,"Tenaya Therapeutics, Inc.",Healthcare,Micro-Cap,4627644,NMS
GCL,GCL Global Holdings Ltd,Communication Services,Micro-Cap,943213,NMS
GRO,Brazil Potash Corp.,Basic Materials,Micro-Cap,512968,ASE
BDTX,"Black Diamond Therapeutics, Inc",Healthcare,Micro-Cap,1229508,NMS
SMJF,SMJ International Holdings Inc.,N/A,Micro-Cap,689366,ASE
MERC,Mercer International Inc.,Basic Materials,Micro-Cap,646539,NMS
ZNB,Zeta Network Group,Communication Services,Micro-Cap,1130106,NCM
COOK,"Traeger, Inc.",Consumer Cyclical,Micro-Cap,562045,NYQ
CRBU,"Caribou Biosciences, Inc.",Healthcare,Micro-Cap,2311126,NMS
WWR,"Westwater Resources, Inc.",Basic Materials,Micro-Cap,2853918,ASE
THAR,"Tharimmune, Inc.",Healthcare,Micro-Cap,1642160,NCM
SLMT,Brera Holdings PLC,Communication Services,Micro-Cap,1482265,NCM
SRFM,Surf Air Mobility Inc.,Industrials,Micro-Cap,3990342,NYQ
AMCI,AMC Robotics Corporation,Technology,Micro-Cap,4367822,NCM
SUIG,Sui Group Holdings Limited,Financial Services,Micro-Cap,1458393,NCM
ZVIA,Zevia PBC,Consumer Defensive,Micro-Cap,1062019,NYQ
MAPS,"WM Technology, Inc.",Technology,Micro-Cap,1189131,NMS
PZG,Paramount Gold Nevada Corp.,Basic Materials,Micro-Cap,1241491,ASE
NXXT,"NextNRG, Inc.",Utilities,Micro-Cap,2145986,NCM
OPTT,"Ocean Power Technologies, Inc.",Industrials,Micro-Cap,12584409,ASE
PMI,"Picard Medical, Inc.",Healthcare,Micro-Cap,1007160,ASE
LVRO,Lavoro Limited,Basic Materials,Micro-Cap,2169496,NGM
CRDF,"Cardiff Oncology, Inc.",Healthcare,Micro-Cap,1220445,NCM
ANL,Adlai Nortye Ltd.,Healthcare,Small-Cap,742711,NGM
PRLD,Prelude Therapeutics Incorporat,Healthcare,Micro-Cap,1546634,NMS
SLNH,"Soluna Holdings, Inc.",Financial Services,Micro-Cap,5543724,NCM
MBOT,Microbot Medical Inc.,Healthcare,Micro-Cap,1960791,NCM
LIFE,Ethos Technologies Inc.,Financial Services,Small-Cap,961300,NMS
JMG,JM Group Limited,Consumer Cyclical,Micro-Cap,659782,ASE
OMEX,"Odyssey Marine Exploration, Inc",Basic Materials,Micro-Cap,1190244,NCM
BTCS,BTCS Inc.,Financial Services,Micro-Cap,1199890,NCM
OVID,Ovid Therapeutics Inc.,Healthcare,Micro-Cap,1623854,NCM
CDXS,"Codexis, Inc.",Healthcare,Micro-Cap,1169262,NMS
SGMO,"Sangamo Therapeutics, Inc.",Healthcare,Micro-Cap,6593524,NCM
HYPR,"Hyperfine, Inc.",Healthcare,Micro-Cap,626226,NGM
TGEN,Tecogen Inc.,Industrials,Micro-Cap,662211,ASE
ABVE,Above Food Ingredients Inc.,Consumer Defensive,Micro-Cap,1955642,NGM
IMPP,Imperial Petroleum Inc.,Energy,Micro-Cap,813777,NCM
HSDT,Solana Company,Financial Services,Micro-Cap,587532,NCM
UPXI,"Upexi, Inc.",Communication Services,Micro-Cap,4374091,NCM
ONCY,Oncolytics Biotech Inc.,Healthcare,Micro-Cap,905613,NCM
AGIG,Abundia Global Impact Group Inc,Utilities,Micro-Cap,586698,ASE
CURR,Currenc Group Inc.,Technology,Micro-Cap,837206,NGM
ARTV,"Artiva Biotherapeutics, Inc.",Healthcare,Micro-Cap,1046616,NGM
BLNK,Blink Charging Co.,Industrials,Micro-Cap,4688350,NCM
CGTX,"Cognition Therapeutics, Inc.",Healthcare,Micro-Cap,986857,NCM
AISP,"Airship AI Holdings, Inc",Technology,Micro-Cap,959208,NGM
MGNX,"MacroGenics, Inc.",Healthcare,Micro-Cap,1352422,NMS
HAIN,"The Hain Celestial Group, Inc.",Consumer Defensive,Micro-Cap,1829955,NMS
BGL,Blue Gold Limited,Basic Materials,Micro-Cap,1210236,NGM
AGEN,Agenus Inc.,Healthcare,Micro-Cap,682055,NCM
QMCO,Quantum Corporation,Technology,Micro-Cap,596931,NGM
RPTX,Repare Therapeutics Inc.,Healthcare,Micro-Cap,1158864,NMS
MXCT,"MaxCyte, Inc.",Healthcare,Micro-Cap,1030040,NMS
MCRP,Micropolis AI Robotics,Technology,Micro-Cap,518106,ASE
PROP,Prairie Operating Co.,Energy,Micro-Cap,1376750,NCM
LGO,Largo Inc.,Basic Materials,Micro-Cap,632044,NMS
FGNX,FG Nexus Inc.,Financial Services,Micro-Cap,836426,NGM
MAIA,"MAIA Biotechnology, Inc.",Healthcare,Micro-Cap,846755,ASE
IXHL,Incannex Healthcare Inc.,Healthcare,Micro-Cap,14859675,NCM
MRNO,Murano Global Investments PLC,Real Estate,Micro-Cap,2682427,NCM
FBIO,"Fortress Biotech, Inc.",Healthcare,Micro-Cap,710001,NCM
AMTX,"Aemetis, Inc",Basic Materials,Micro-Cap,951836,NGM
INO,"Inovio Pharmaceuticals, Inc.",Healthcare,Micro-Cap,1555708,NCM
ATOM,Atomera Incorporated,Technology,Micro-Cap,518921,NCM
OM,"Outset Medical, Inc.",Healthcare,Micro-Cap,1013445,NMS
SAVA,"Cassava Sciences, Inc.",Healthcare,Micro-Cap,982063,NCM
PYXS,"Pyxis Oncology, Inc.",Healthcare,Micro-Cap,1309018,NMS
AURE,Aurelion Inc.,Financial Services,Micro-Cap,560108,NCM
KRRO,"Korro Bio, Inc.",Healthcare,Micro-Cap,552326,NCM
BRCC,BRC Inc.,Consumer Defensive,Micro-Cap,806204,NYQ
HOVR,New Horizon Aircraft Ltd.,Industrials,Micro-Cap,1074506,NCM
BLNE,"Beeline Holdings, Inc.",Financial Services,Micro-Cap,1022555,NCM
ELBM,Electra Battery Materials Corpo,Basic Materials,Micro-Cap,1648640,NCM
PLCE,"Children's Place, Inc. (The)",Consumer Cyclical,Micro-Cap,573759,NMS
AIIO,Robo.ai Inc.,Consumer Cyclical,Micro-Cap,8734519,NCM
ETHZ,ETHZilla Corporation,Healthcare,Micro-Cap,857400,NCM
PEW,GrabAGun Digital Holdings Inc.,Industrials,Micro-Cap,772509,NYQ
CTM,"Castellum, Inc.",Technology,Micro-Cap,2377949,ASE
ARAY,Accuray Incorporated,Healthcare,Micro-Cap,1031463,NMS
FSP,Franklin Street Properties Corp,Real Estate,Micro-Cap,575667,ASE
BMEA,"Biomea Fusion, Inc.",Healthcare,Micro-Cap,1322213,NMS
MSGY,Masonglory Limited,Industrials,Nano-Cap,1457726,NCM
BDSX,"Biodesix, Inc.",Healthcare,Micro-Cap,1432891,NGM
CHGG,"Chegg, Inc.",Consumer Defensive,Micro-Cap,1813532,NYQ
CGTL,Creative Global Technology Hold,Consumer Cyclical,Micro-Cap,2225447,NCM
GPUS,"Hyperscale Data, Inc.",Industrials,Micro-Cap,48249059,ASE
LIDR,"AEye, Inc.",Technology,Micro-Cap,1432222,NCM
DCGO,DocGo Inc.,Healthcare,Micro-Cap,807186,NCM
GRWG,GrowGeneration Corp.,Consumer Cyclical,Micro-Cap,643711,NCM
ZDAI,"DirectBooking Technology Co., L",Industrials,Micro-Cap,901403,NCM
SLGB,Smart Logistics Global Limited,Industrials,Micro-Cap,3048244,NCM
KZIA,Kazia Therapeutics Limited,Healthcare,Micro-Cap,793124,NCM
BTM,Bitcoin Depot Inc.,Financial Services,Micro-Cap,1162742,NCM
GANX,"Gain Therapeutics, Inc.",Healthcare,Micro-Cap,1499688,NGM
EQ,"Equillium, Inc.",Healthcare,Micro-Cap,664880,NCM
BURU,"Nuburu, Inc.",Industrials,Micro-Cap,30814790,ASE
PLRX,"Pliant Therapeutics, Inc.",Healthcare,Micro-Cap,1226534,NMS
ARAI,Arrive AI Inc.,Technology,Micro-Cap,877727,NGM
LFS,"LEIFRAS Co., Ltd.",Communication Services,Micro-Cap,1612822,NCM
AMPG,"Amplitech Group, Inc.",Technology,Micro-Cap,697214,NCM
ANVS,"Annovis Bio, Inc.",Healthcare,Micro-Cap,1664042,NYQ
ROLR,"High Roller Technologies, Inc.",Consumer Cyclical,Micro-Cap,2344972,ASE
ZOOZ,ZOOZ Strategy Ltd.,Consumer Cyclical,Micro-Cap,971608,NCM
MREO,Mereo BioPharma Group plc,Healthcare,Micro-Cap,14666990,NCM
IMUX,"Immunic, Inc.",Healthcare,Micro-Cap,1441536,NCM
CALC,"CalciMedica, Inc.",Healthcare,Nano-Cap,959257,NCM
TGE,The Generation Essentials Group,Financial Services,Micro-Cap,3180957,NYQ
LUNG,Pulmonx Corporation,Healthcare,Micro-Cap,805055,NMS
MTC,"MMTec, Inc.",Technology,Micro-Cap,8800024,NCM
INDO,Indonesia Energy Corporation Li,Energy,Micro-Cap,830470,ASE
PETS,"PetMed Express, Inc.",Healthcare,Micro-Cap,2673750,NMS
ATYR,"aTyr Pharma, Inc.",Healthcare,Micro-Cap,2580147,NCM
TVGN,Tevogen Bio Holdings Inc.,Healthcare,Micro-Cap,935442,NGM
SUUN,PowerBank Corporation,Utilities,Micro-Cap,1478229,NGM
NRXP,"NRX Pharmaceuticals, Inc.",Healthcare,Micro-Cap,921218,NCM
XTIA,"XTI Aerospace, Inc.",Industrials,Micro-Cap,1896850,NCM
VRA,"Vera Bradley, Inc.",Consumer Cyclical,Micro-Cap,1053462,NMS
IFRX,InflaRx N.V.,Healthcare,Micro-Cap,2957385,NMS
TEAD,Teads Holding Co.,Communication Services,Micro-Cap,1252918,NMS
NUKK,Nukkleus Inc.,Technology,Micro-Cap,1480240,NGM
TCRX,"TScan Therapeutics, Inc.",Healthcare,Micro-Cap,775509,NGM
ACRV,"Acrivon Therapeutics, Inc.",Healthcare,Micro-Cap,1786693,NGM
SAFX,"XCF Global, Inc.",Utilities,Nano-Cap,14306567,NCM
BEAT,"Heartbeam, Inc.",Healthcare,Nano-Cap,13211836,NCM
LITM,Snow Lake Resources Ltd.,Basic Materials,Micro-Cap,568162,NCM
CDLX,"Cardlytics, Inc. Common Stock",Communication Services,Micro-Cap,918934,NGM
YYAI,AiRWA Inc.,Technology,Nano-Cap,3022386,NCM
SPWH,"Sportsman's Warehouse Holdings,",Consumer Cyclical,Micro-Cap,522298,NMS
GCTS,"GCT Semiconductor Holding, Inc.",Technology,Micro-Cap,3248054,NYQ
BATL,Battalion Oil Corporation,Energy,Micro-Cap,4702232,ASE
OPAD,Offerpad Solutions Inc.,Real Estate,Nano-Cap,3677995,NYQ
AIRE,reAlpha Tech Corp.,Real Estate,Nano-Cap,6084698,NCM
ORIS,Oriental Rise Holdings Limited,Consumer Defensive,Nano-Cap,609025,NCM
UAVS,"AgEagle Aerial Systems, Inc.",Technology,Nano-Cap,7275309,ASE
EUDA,Euda Health Holdings Limited,Real Estate,Nano-Cap,506490,NCM
LVLU,"Lulu's Fashion Lounge Holdings,",Consumer Cyclical,Micro-Cap,504619,NCM
AXIL,"AXIL Brands, Inc.",Technology,Nano-Cap,509124,ASE
IBIO,"iBio, Inc.",Healthcare,Nano-Cap,5889414,NCM
POAS,Phaos Technology Holdings (Caym,Healthcare,Micro-Cap,790413,ASE
LONA,"LeonaBio, Inc.",Healthcare,Nano-Cap,1077549,NCM
CYPH,Cypherpunk Technologies Inc.,Financial Services,Nano-Cap,25750836,NCM
KWM,"K Wave Media, Ltd.",Communication Services,Micro-Cap,1144219,NGM
GNS,Genius Group Limited,Consumer Defensive,Nano-Cap,2772865,ASE
PDSB,PDS Biotechnology Corporation,Healthcare,Nano-Cap,809583,NCM
QTTB,Q32 Bio Inc.,Healthcare,Nano-Cap,3070091,NCM
LITS,"Lite Strategy, Inc.",Healthcare,Nano-Cap,589714,NCM
SMXT,Solarmax Technology Inc.,Technology,Micro-Cap,1041524,NCM
PSQH,"PSQ Holdings, Inc.",Technology,Nano-Cap,1572657,NYQ
DXST,Decent Holding Inc.,Industrials,Micro-Cap,1563683,NCM
ONMD,OneMedNet Corp,Healthcare,Nano-Cap,1130534,NCM
CMBM,Cambium Networks Corporation,Technology,Nano-Cap,3286157,NGM
JSPR,"Jasper Therapeutics, Inc.",Healthcare,Nano-Cap,1778762,NCM
RMTI,"Rockwell Medical, Inc.",Healthcare,Nano-Cap,718162,NCM
DFLI,Dragonfly Energy Holdings Corp,Industrials,Nano-Cap,1179370,NCM
LHSW,Lianhe Sowell International Gro,Technology,Nano-Cap,615909,NCM
THH,TryHard Holdings Limited,Industrials,Nano-Cap,3110319,NCM
PSTV,"PLUS THERAPEUTICS, Inc.",Healthcare,Nano-Cap,9495104,NCM
GAME,"GameSquare Holdings, Inc.",Communication Services,Nano-Cap,1424785,NCM
ZDGE,"Zedge, Inc.",Communication Services,Nano-Cap,967201,ASE
XLO,"Xilio Therapeutics, Inc.",Healthcare,Nano-Cap,577314,NCM
GLTO,"Galecto, Inc.",Healthcare,Nano-Cap,1158970,NCM
RNTX,"Rein Therapeutics, Inc.",Healthcare,Nano-Cap,985700,NCM
BCG,"Binah Capital Group, Inc.",Financial Services,Nano-Cap,728032,NGM
UFG,Uni-Fuels Holdings Limited,Industrials,Nano-Cap,871670,NCM
WGRX,"Wellgistics Health, Inc.",Healthcare,Nano-Cap,729568,NCM
HOLO,MicroCloud Hologram Inc.,Technology,Nano-Cap,630832,NCM
AMOD,"Alpha Modus Holdings, Inc.",Technology,Nano-Cap,2192514,NCM
OMH,Ohmyhome Limited,Real Estate,Nano-Cap,521347,NCM
RADX,Radiopharm Theranostics Limited,Healthcare,Nano-Cap,727500,NCM
BTAI,"BioXcel Therapeutics, Inc.",Healthcare,Nano-Cap,599996,NCM
ATCH,"AtlasClear Holdings, Inc.",Financial Services,Nano-Cap,4700386,ASE
MODD,"Modular Medical, Inc.",Healthcare,Nano-Cap,838483,NCM
MYO,Myomo Inc.,Healthcare,Nano-Cap,714324,ASE
GNTA,Genenta Science S.p.A.,Healthcare,Nano-Cap,1072470,NCM
BEEM,Beam Global,Technology,Nano-Cap,1436550,NCM
USEG,U.S. Energy Corp.,Energy,Nano-Cap,922034,NCM
FEMY,Femasys Inc.,Healthcare,Nano-Cap,4096908,NCM
RVPH,Reviva Pharmaceuticals Holdings,Healthcare,Nano-Cap,5453891,NCM
PRTS,"CarParts.com, Inc.",Consumer Cyclical,Nano-Cap,1017322,NCM
CUE,"Cue Biopharma, Inc.",Healthcare,Nano-Cap,1211498,NCM
SCYX,"SCYNEXIS, Inc.",Healthcare,Nano-Cap,505396,NCM
GSIW,Garden Stage Limited,Financial Services,Nano-Cap,728804,NCM
GWH,"ESS Tech, Inc.",Industrials,Micro-Cap,570119,NYQ
VNRX,VolitionRX Limited,Healthcare,Nano-Cap,2369206,ASE
HOWL,"Werewolf Therapeutics, Inc.",Healthcare,Nano-Cap,677301,NMS
OTLK,"Outlook Therapeutics, Inc.",Healthcare,Nano-Cap,6917911,NCM
ORGN,"Origin Materials, Inc.",Basic Materials,Nano-Cap,1721983,NCM
HCHL,Happy City Holdings Limited,Consumer Cyclical,Nano-Cap,639949,NCM
FOXX,Foxx Development Holdings Inc.,Technology,Nano-Cap,1003503,NCM
EPSM,Epsium Enterprise Limited,Consumer Defensive,Nano-Cap,1283634,NCM
AUST,Austin Gold Corp.,Basic Materials,Nano-Cap,1414450,ASE
POM,POMDOCTOR LIMITED,Healthcare,Nano-Cap,2719429,NGM
EKSO,"Ekso Bionics Holdings, Inc.",Healthcare,Nano-Cap,2167626,NCM
ASTI,"Ascent Solar Technologies, Inc",Technology,Nano-Cap,2479898,NCM
SER,"Serina Therapeutics, Inc.",Healthcare,Nano-Cap,1285483,ASE
SELX,Semilux International Ltd.,Technology,Nano-Cap,1154637,NCM
XCUR,"Exicure, Inc.",Healthcare,Nano-Cap,702396,NCM
SNTI,"Senti Biosciences, Inc.",Healthcare,Nano-Cap,1626731,NCM
IGC,"IGC Pharma, Inc.",Healthcare,Nano-Cap,670937,ASE
YSXT,"YSX Tech. Co., Ltd",Industrials,Nano-Cap,806506,NCM
NINE,"Nine Energy Service, Inc.",Energy,Nano-Cap,2487481,NYQ
ANGH,Anghami Inc.,Communication Services,Nano-Cap,817688,NCM
PRZO,ParaZero Technologies Ltd.,Industrials,Nano-Cap,1251601,NCM
HBIO,"Harvard Bioscience, Inc.",Healthcare,Nano-Cap,1031703,NCM
LHAI,Linkhome Holdings Inc.,Real Estate,Nano-Cap,721891,NCM
PAPL,Pineapple Financial Inc.,Financial Services,Nano-Cap,1592501,ASE
IVF,"INVO Fertility, Inc.",Healthcare,Nano-Cap,7169307,NCM
MSAI,"MultiSensor AI Holdings, Inc.",Technology,Nano-Cap,4631173,NCM
BNKK,"Bonk, Inc.",Financial Services,Nano-Cap,1653596,NCM
FBLG,"FibroBiologics, Inc.",Healthcare,Nano-Cap,1982391,NCM
VTGN,"VistaGen Therapeutics, Inc.",Healthcare,Nano-Cap,2727445,NCM
IOBT,"IO Biotech, Inc.",Healthcare,Nano-Cap,9526170,NMS
ZJYL,JIN MEDICAL INTERNATIONAL LTD.,Healthcare,Nano-Cap,1138852,NCM
MLSS,"Milestone Scientific, Inc.",Healthcare,Nano-Cap,1328367,ASE
DOGZ,Dogness (International) Corpora,Consumer Cyclical,Nano-Cap,672200,NCM
CHOW,ChowChow Cloud International Ho,Technology,Nano-Cap,2652490,ASE
INTS,"Intensity Therapeutics, Inc.",Healthcare,Nano-Cap,3450529,NCM
AUID,authID Inc.,Technology,Nano-Cap,6849695,NCM
CISO,"CISO Global, Inc.",Technology,Nano-Cap,630808,NCM
NIXX,"Nixxy, Inc.",Industrials,Nano-Cap,551945,NCM
KLTO,"Klotho Neurosciences, Inc.",Healthcare,Nano-Cap,720642,NCM
RVSN,Rail Vision Ltd.,Industrials,Nano-Cap,1779680,NCM
MOBX,"Mobix Labs, Inc.",Technology,Nano-Cap,7646531,NCM
MSGM,Motorsport Games Inc.,Communication Services,Nano-Cap,2245442,NCM
GREE,Greenidge Generation Holdings I,Financial Services,Nano-Cap,1075442,NMS
ACCL,Acco Group Holdings Limited,Industrials,Nano-Cap,533003,NCM
GTEC,Greenland Technologies Holding ,Consumer Cyclical,Nano-Cap,559031,NCM
QCLS,"Q/C Technologies, Inc.",Technology,Nano-Cap,4240368,NCM
BCAB,"BioAtla, Inc.",Healthcare,Nano-Cap,2041709,NCM
SCNX,"Scienture Holdings, Inc.",Healthcare,Nano-Cap,6069001,NCM
TWNP,Twin Hospitality Group Inc.,Consumer Cyclical,Nano-Cap,4790685,NGM
GTBP,"GT Biopharma, Inc.",Healthcare,Nano-Cap,1560075,NCM
LNAI,Lunai Bioworks Inc.,Healthcare,Nano-Cap,4007973,NCM
BTTC,Black Titan Corp,N/A,Nano-Cap,2213568,NCM
KTTA,Pasithea Therapeutics Corp.,Healthcare,Nano-Cap,7263737,NCM
EONR,EON Resources Inc.,Energy,Nano-Cap,1435609,ASE
LEXX,Lexaria Bioscience Corp.,Healthcare,Nano-Cap,629637,NCM
VYNE,VYNE Therapeutics Inc.,Healthcare,Nano-Cap,5510801,NCM
MOVE,Movano Inc.,Healthcare,Nano-Cap,1813519,NCM
CAPT,Captivision Inc.,Basic Materials,Nano-Cap,3209614,NGM
COSM,Cosmos Health Inc.,Healthcare,Nano-Cap,764308,NCM
HIND,"Vyome Holdings, Inc.",Healthcare,Nano-Cap,797452,NCM
ITRM,Iterum Therapeutics plc,Healthcare,Nano-Cap,932726,NCM
NOTV,"Inotiv, Inc.",Healthcare,Nano-Cap,818718,NCM
TSE,Trinseo PLC,Basic Materials,Nano-Cap,988516,NYQ
OSRH,"OSR Holdings, Inc.",Healthcare,Nano-Cap,5295488,NCM
TRIB,Trinity Biotech plc,Healthcare,Nano-Cap,3227586,NMS
CTXR,"Citius Pharmaceuticals, Inc.",Healthcare,Nano-Cap,809608,NCM
CETX,Cemtrex Inc.,Technology,Nano-Cap,6562288,NCM
SOPA,Society Pass Incorporated,Communication Services,Nano-Cap,5325872,NCM
FTRK,FAST TRACK GROUP,Communication Services,Nano-Cap,500513,NCM
CSAI,"Cloudastructure, Inc.",Technology,Nano-Cap,741288,NCM
KALA,"KALA BIO, Inc.",Healthcare,Nano-Cap,8108424,NCM
ELOG,Eastern International Ltd.,Industrials,Nano-Cap,690036,NCM
TMDE,TMD Energy Limited,Energy,Nano-Cap,2150747,ASE
VSEE,"VSee Health, Inc.",Healthcare,Nano-Cap,2421011,NCM
CYN,Cyngn Inc.,Technology,Nano-Cap,1695995,NCM
SEGG,"Lottery.com, Inc.",Consumer Cyclical,Nano-Cap,10680880,NGM
PN,Skycorp Solar Group Limited,Technology,Nano-Cap,751801,NCM
BNZI,"Banzai International, Inc.",Technology,Nano-Cap,779450,NCM
GITS,Global Interactive Technologies,Communication Services,Nano-Cap,2534500,NCM
PLRZ,Polyrizon Ltd.,Healthcare,Nano-Cap,3207585,NCM
ZSPC,"zSpace, Inc.",Technology,Nano-Cap,1017126,NCM
VRME,"VerifyMe, Inc.",Industrials,Nano-Cap,3773693,NCM
IMG,CIMG Inc.,Consumer Defensive,Nano-Cap,1194807,NCM
ENGS,Energys Group Limited,Industrials,Nano-Cap,590763,NCM
MBAI,Check-Cap Ltd.,Healthcare,Nano-Cap,2688198,NCM
CENN,Cenntro Inc.,Consumer Cyclical,Nano-Cap,3442352,NCM
APLT,"Applied Therapeutics, Inc.",Healthcare,Nano-Cap,15801690,NCM
YYGH,YY Group Holding Limited,Consumer Cyclical,Nano-Cap,1433736,NCM
MNTS,Momentus Inc.,Industrials,Nano-Cap,2430842,NCM
SXTC,"China SXT Pharmaceuticals, Inc.",Healthcare,Nano-Cap,13023872,NCM
AGAE,Allied Gaming & Entertainment I,Communication Services,Nano-Cap,758370,NCM
ITOC,iTonic Holdings Ltd,Healthcare,Nano-Cap,1366885,NCM
SPHL,SPRINGVIEW HOLDINGS LTD,Consumer Cyclical,Nano-Cap,2159804,NCM
PTLE,PTL LTD,Consumer Cyclical,Nano-Cap,14756293,NCM
LFWD,Lifeward Ltd.,Healthcare,Nano-Cap,521155,NCM
KXIN,Kaixin Holdings,Consumer Cyclical,Nano-Cap,1215479,NCM
AIMD,"Ainos, Inc.",Technology,Nano-Cap,632231,NCM
DAIC,"CID HoldCo, Inc.",Technology,Nano-Cap,2770908,NGM
MWG,Multi Ways Holdings Limited,Industrials,Nano-Cap,5558609,ASE
XAIR,"Beyond Air, Inc.",Healthcare,Nano-Cap,7811596,NCM
EVTV,"Envirotech Vehicles, Inc.",Consumer Cyclical,Nano-Cap,27900129,NCM
PHIO,Phio Pharmaceuticals Corp.,Healthcare,Nano-Cap,3137565,NCM
FBGL,FBS Global Limited,Industrials,Nano-Cap,1773644,NCM
MYNZ,Mainz Biomed N.V.,Healthcare,Nano-Cap,568988,NCM
GELS,Gelteq Limited,Healthcare,Nano-Cap,2008352,NCM
SVRE,SaverOne 2014 Ltd.,Technology,Nano-Cap,944844,NCM
IOTR,iOThree Limited,Communication Services,Nano-Cap,1477119,NCM
INBS,Intelligent Bio Solutions Inc.,Healthcare,Nano-Cap,2393676,NCM
PHGE,BiomX Inc.,Healthcare,Nano-Cap,1037461,ASE
XHLD,"TEN Holdings, Inc.",Communication Services,Nano-Cap,3152516,NCM
SRXH,"SRX Health Solutions, Inc.",Consumer Defensive,Nano-Cap,19612363,ASE
BBGI,"Beasley Broadcast Group, Inc.",Communication Services,Nano-Cap,896042,NCM
TPET,Trio Petroleum Corp.,Energy,Nano-Cap,558932,ASE
CXAI,CXApp Inc.,Technology,Nano-Cap,3874183,NCM
SKYQ,Sky Quarry Inc.,Energy,Nano-Cap,6028906,NCM
TGHL,The GrowHub Limited,Technology,Nano-Cap,547778,NCM
AMZE,"Amaze Holdings, Inc.",Technology,Nano-Cap,18200119,ASE
TURB,"Turbo Energy, S.A.",Technology,Nano-Cap,649403,NCM
AKTX,Akari Therapeutics Plc,Healthcare,Nano-Cap,1179445,NCM
INHD,Inno Holdings Inc.,Basic Materials,Nano-Cap,1035548,NCM
XTKG,"X3 Holdings Co., Ltd.",Technology,Nano-Cap,17905107,NCM
PMCB,"PharmaCyte  Biotech, Inc.",Healthcare,Nano-Cap,3569419,NCM
CCHH,CCH Holdings Ltd,Consumer Cyclical,Nano-Cap,2441985,NCM
GXAI,Gaxos.ai Inc.,Communication Services,Nano-Cap,2151193,NCM
CJMB,Callan JMB Inc.,Industrials,Nano-Cap,3396654,NCM
JTAI,Jet.AI Inc.,Technology,Nano-Cap,11785542,NCM
WLDS,Wearable Devices Ltd.,Technology,Nano-Cap,540239,NCM
PRSO,Peraso Inc.,Technology,Nano-Cap,593627,NCM
PFSA,"Profusa, Inc.",Healthcare,Nano-Cap,26339126,NGM
NTCL,NETCLASS TECHNOLOGY INC,Technology,Nano-Cap,1981981,NCM
OLOX,Olenox Industries Inc.,Industrials,Nano-Cap,6864585,NCM
CYCU,"Cycurion, Inc.",Technology,Nano-Cap,1435513,NGM
NCRA,"Nocera, Inc.",Consumer Defensive,Nano-Cap,695531,NCM
TDIC,Dreamland Limited,Communication Services,Nano-Cap,3018109,NCM
SOWG,Sow Good Inc.,Consumer Defensive,Nano-Cap,1180149,NCM
AZI,Autozi Internet Technology (Glo,Consumer Cyclical,Nano-Cap,5642488,NGM
TIRX,TIAN RUIXIANG Holdings Ltd,Financial Services,Nano-Cap,8650883,NCM
TGL,Treasure Global Inc.,Technology,Nano-Cap,972027,NCM
MIMI,Mint Incorporation Limited,Industrials,Nano-Cap,3410485,NCM
IMRN,Immuron Limited,Healthcare,Nano-Cap,572970,NCM
JCSE,JE Cleantech Holdings Limited,Industrials,Nano-Cap,941606,NCM
XPON,Expion360 Inc.,Industrials,Nano-Cap,1805531,NCM
DRMA,"Dermata Therapeutics, Inc.",Healthcare,Nano-Cap,1473249,NCM
YCBD,"cbdMD, Inc.",Healthcare,Nano-Cap,11516624,ASE
BFRG,"Bullfrog AI Holdings, Inc.",Healthcare,Nano-Cap,583668,NCM
XTLB,XTL Biopharmaceuticals Ltd.,Healthcare,Nano-Cap,712760,NCM
ATON,AlphaTON Capital Corp.,Financial Services,Nano-Cap,6460929,NCM
PAVM,PAVmed Inc.,Healthcare,Nano-Cap,969087,NCM
KITT,"Nauticus Robotics, Inc.",Industrials,Nano-Cap,8904385,NCM
LOBO,LOBO TECHNOLOGIES LTD.,Consumer Cyclical,Nano-Cap,2305911,NCM
INLF,INLIF LIMITED,Industrials,Nano-Cap,663667,NCM
BQ,Boqii Holding Limited,Consumer Cyclical,Nano-Cap,1423126,ASE
MGRX,"Mangoceuticals, Inc.",Healthcare,Nano-Cap,1806208,NCM
TOVX,"Theriva Biologics, Inc.",Healthcare,Nano-Cap,5312885,ASE
PCSA,"Processa Pharmaceuticals, Inc.",Healthcare,Nano-Cap,807889,NCM
EDHL,Everbright Digital Holding Limi,Communication Services,Nano-Cap,562029,NCM
CETY,"Clean Energy Technologies, Inc.",Industrials,Nano-Cap,6206367,NCM
LUCY,"Innovative Eyewear, Inc.",Healthcare,Nano-Cap,3573722,NCM
MSS,Maison Solutions Inc.,Consumer Defensive,Nano-Cap,613124,NCM
CHR,"Cheer Holding, Inc.",Communication Services,Nano-Cap,1025462,NCM
TWG,Top Wealth Group Holding Limite,Consumer Defensive,Nano-Cap,1526090,NCM
RDHL,Redhill Biopharma Ltd.,Healthcare,Nano-Cap,973908,NCM
DKI,DarkIris Inc.,Communication Services,Nano-Cap,1020706,NCM
NCT,Intercont (Cayman) Limited,Industrials,Nano-Cap,585181,NCM
PMAX,Powell Max Limited,Industrials,Nano-Cap,909478,NCM
HXHX,Haoxin Holdings Limited,Industrials,Nano-Cap,5858718,NCM
ADVB,Advanced Biomed Inc.,Healthcare,Nano-Cap,579516,NCM
LNKS,Linkers Industries Limited,Industrials,Nano-Cap,1002419,NCM
DTCK,Davis Commodities Limited,Consumer Defensive,Nano-Cap,4244219,NCM
ASBP,"Aspire Biopharma Holdings, Inc.",Healthcare,Nano-Cap,1356785,NCM
FMFC,Kandal M Venture Limited,Consumer Cyclical,Nano-Cap,2264837,NCM
SXTP,"60 Degrees Pharmaceuticals, Inc",Healthcare,Nano-Cap,3395098,NCM
KIDZ,"Classover Holdings, Inc.",Consumer Defensive,Nano-Cap,1117036,NCM
STFS,Star Fashion Culture Holdings L,Communication Services,Nano-Cap,1985662,NCM
NCPL,Netcapital Inc.,Financial Services,Nano-Cap,6188622,NCM
LMFA,"LM Funding America, Inc.",Financial Services,Nano-Cap,701268,NCM
APRE,"Aprea Therapeutics, Inc.",Healthcare,Nano-Cap,1958216,NCM
LCFY,Locafy Limited,Communication Services,Nano-Cap,733077,NCM
RPGL,Republic Power Group Limited,Technology,Nano-Cap,13912645,NCM
PAVS,Paranovus Entertainment Technol,Consumer Defensive,Nano-Cap,2639968,NCM
CYCN,"Cyclerion Therapeutics, Inc.",Healthcare,Nano-Cap,1838618,NCM
SOAR,"Volato Group, Inc.",Industrials,Nano-Cap,1318825,ASE
ICON,Icon Energy Corp.,Industrials,Nano-Cap,938254,NCM
BKYI,"BIO-key International, Inc.",Industrials,Nano-Cap,11982870,NCM
VSME,VS Media Holdings Limited,Communication Services,Nano-Cap,7240921,NCM
DCOY,Decoy Therapeutics Inc.,Healthcare,Nano-Cap,3881168,NCM
MIGI,Mawson Infrastructure Group Inc,Financial Services,Nano-Cap,1560514,NCM
MASK,3 E Network Technology Group Lt,Technology,Nano-Cap,9481457,NCM
GIBO,GIBO Holdings Limited,Communication Services,Nano-Cap,675939,NCM
JEM,707 Cayman Holdings Limited,Consumer Cyclical,Nano-Cap,1321350,NCM
VSTD,Vestand Inc.,Consumer Cyclical,Nano-Cap,501077,NCM
YDKG,Yueda Digital Holding,Communication Services,Nano-Cap,658890,NCM
ULY,Urgent.ly Inc.,Technology,Nano-Cap,523314,NCM
BIYA,Baiya International Group Inc.,Technology,Nano-Cap,687714,NCM
CNEY,CN Energy Group Inc.,Basic Materials,Nano-Cap,2324663,NCM
FAT,FAT Brands Inc.,Consumer Cyclical,Nano-Cap,3823057,NCM
HIHO,Highway Holdings Limited,Industrials,Nano-Cap,2802532,NCM
AEHL,Antelope Enterprise Holdings Li,Industrials,Nano-Cap,4373624,NCM
ATPC,Agape ATP Corporation,Consumer Defensive,Nano-Cap,38139368,NCM
ORKT,Orangekloud Technology Inc.,Technology,Nano-Cap,1036818,NCM
VIVS,"VivoSim Labs, Inc.",Healthcare,Nano-Cap,1575790,NCM
POLA,"Polar Power, Inc.",Industrials,Nano-Cap,1330254,NCM
PASW,"Ping An Biomedical Co., Ltd.",Consumer Cyclical,Nano-Cap,3406834,NCM
GLMD,Galmed Pharmaceuticals Ltd.,Healthcare,Nano-Cap,2130042,NCM
NCL,Northann Corp.,Consumer Cyclical,Nano-Cap,15003104,ASE
LXEH,"Lixiang Education Holding Co., ",Consumer Defensive,Nano-Cap,806042,NGM
ENVB,"Enveric Biosciences, Inc.",Healthcare,Nano-Cap,738390,NCM
IVDA,"Iveda Solutions, Inc.",Industrials,Nano-Cap,3163536,NCM
NCI,Neo-Concept International Group,Consumer Cyclical,Nano-Cap,639922,NCM
INDP,"Indaptus Therapeutics, Inc.",Healthcare,Nano-Cap,707559,NCM
FRSX,Foresight Autonomous Holdings L,Consumer Cyclical,Nano-Cap,709380,NCM
DRCT,"Direct Digital Holdings, Inc.",Communication Services,Nano-Cap,2823650,NCM
CANF,Can-Fite Biopharma Ltd,Healthcare,Nano-Cap,518904,ASE
ONFO,Onfolio Holdings Inc.,Communication Services,Nano-Cap,569331,NCM
ASNS,"Actelis Networks, Inc.",Technology,Nano-Cap,1541984,NCM
NITO,"N2OFF, Inc.",Basic Materials,Nano-Cap,824454,NCM
SHPH,Shuttle Pharmaceuticals Holding,Healthcare,Nano-Cap,2762588,NCM
BYAH,Park Ha Biological Technology C,Consumer Defensive,Nano-Cap,1878932,NCM
GNPX,"Genprex, Inc.",Healthcare,Nano-Cap,724913,NCM
ACON,"Aclarion, Inc.",Healthcare,Nano-Cap,852278,NCM
SPRC,SciSparc Ltd.,Healthcare,Nano-Cap,2086409,NCM
WHLR,Wheeler Real Estate Investment ,Real Estate,Nano-Cap,655304,NCM
ARTL,"Artelo Biosciences, Inc.",Healthcare,Nano-Cap,646652,NCM
MEHA,"Functional Brands, Inc.",Consumer Defensive,Nano-Cap,2011661,NCM
FTEL,Fitell Corporation,Consumer Cyclical,Nano-Cap,782339,NCM
CCTG,CCSC Technology International H,Industrials,Nano-Cap,1078527,NCM
VCIG,VCI Global Limited,Industrials,Nano-Cap,3495031,NCM
NUWE,"Nuwellis, Inc.",Healthcare,Nano-Cap,2113359,NCM
ISPC,iSpecimen Inc.,Healthcare,Nano-Cap,1163218,NCM
RUBI,Rubico Inc.,Industrials,Nano-Cap,1525984,NCM
ZONE,CleanCore Solutions Inc.,Industrials,Nano-Cap,4472406,ASE
VEEE,Twin Vee PowerCats Co.,Consumer Cyclical,Nano-Cap,1203788,NCM
IMTE,Integrated Media Technology Lim,Technology,Nano-Cap,2362993,NCM
UGRO,"urban-gro, Inc.",Industrials,Nano-Cap,5619470,NCM
WBUY,WEBUY GLOBAL LTD.,Consumer Cyclical,Nano-Cap,1064429,NCM
TIVC,"Tivic Health Systems, Inc.",Healthcare,Nano-Cap,909793,NCM
NVVE,Nuvve Holding Corp.,Consumer Cyclical,Nano-Cap,3482702,NCM
PW,Power REIT (MD),Real Estate,Nano-Cap,702240,ASE
WORX,SCWorx Corp.,Healthcare,Nano-Cap,17751626,NCM
AKAN,Akanda Corp.,Healthcare,Nano-Cap,1363185,NCM
MNDR,Mobile-health Network Solutions,Healthcare,Nano-Cap,3529965,NCM
CMCT,Creative Media,Real Estate,Nano-Cap,3904955,NCM
REVB,"Revelation Biosciences, Inc.",Healthcare,Nano-Cap,574311,NCM
JFBR,Jeffs' Brands Ltd,Consumer Cyclical,Nano-Cap,5781504,NCM
AZTR,Azitra Inc,Healthcare,Nano-Cap,917603,ASE
OCG,Oriental Culture Holding LTD,Consumer Cyclical,Nano-Cap,1143058,NCM
FGL,Founder Group Limited,Industrials,Nano-Cap,6301326,NCM
JAGX,"Jaguar Health, Inc.",Healthcare,Nano-Cap,3712555,NCM
HCTI,"Healthcare Triangle, Inc.",Healthcare,Nano-Cap,8056404,NCM
AMIX,"Autonomix Medical, Inc.",Healthcare,Nano-Cap,8532675,NCM
PRFX,PRF Technologies Ltd.,Healthcare,Nano-Cap,1791919,NCM
GP,GreenPower Motor Company Inc.,Industrials,Nano-Cap,1441298,NCM
SGN,"Signing Day Sports, Inc.",Technology,Nano-Cap,19050042,ASE
VERO,Venus Concept Inc.,Healthcare,Nano-Cap,7318736,NCM
RIME,"Algorhythm Holdings, Inc.",Technology,Nano-Cap,842980,NCM
SOBR,"SOBR Safe, Inc.",Technology,Nano-Cap,2559645,NCM
SBEV,"Splash Beverage Group, Inc. (NV",Consumer Defensive,Nano-Cap,1536009,ASE
WOK,WORK Medical Technology Group L,Healthcare,Nano-Cap,696181,NCM
FRGT,"Freight Technologies, Inc.",Technology,Nano-Cap,1215802,NCM
VRAX,Virax Biolabs Group Limited,Healthcare,Nano-Cap,5276142,NCM
TRNR,Interactive Strength Inc.,Consumer Cyclical,Nano-Cap,1005667,NCM
CISS,C3is Inc.,Industrials,Nano-Cap,622930,NCM
BDRX,Biodexa Pharmaceuticals plc,Healthcare,Nano-Cap,1108063,NCM
ELPW,Elong Power Holding Limited,Industrials,Micro-Cap,562042,NGM
KUST,"Kustom Entertainment, Inc.",Communication Services,Nano-Cap,2506897,NCM
ADTX,"Aditxt, Inc.",Healthcare,Nano-Cap,2753586,NCM
EDBL,Edible Garden AG Incorporated,Consumer Defensive,Nano-Cap,1048686,NCM
NIVF,NewGenIvf Group Limited,Healthcare,Nano-Cap,500894,NCM
BSLK,"Bolt Projects Holdings, Inc.",Basic Materials,Nano-Cap,542242,NGM
BOXL,Boxlight Corporation,Technology,Nano-Cap,2325481,NCM
RENX,RenX Enterprises Corp.,Real Estate,Nano-Cap,7739945,NCM
RAYA,Erayak Power Solution Group Inc,Industrials,Nano-Cap,858745,NCM
DCX,Digital Currency X Technology I,Consumer Cyclical,Nano-Cap,606798,NCM
FEED,"ENvue Medical, Inc.",Healthcare,Nano-Cap,8794180,NCM
WTO,UTime Limited,Technology,Nano-Cap,1167467,NCM
QH,Quhuo Limited - American Deposi,Technology,Nano-Cap,1440211,NGM
PRPH,"ProPhase Labs, Inc.",Healthcare,Nano-Cap,1183680,NGM
EPWK,EPWK Holdings Ltd.,Technology,Nano-Cap,1634723,NGM
LRHC,La Rosa Holdings Corp.,Real Estate,Nano-Cap,746754,NCM
ECDA,ECD Automotive Design Inc.,Consumer Cyclical,Nano-Cap,3609941,NGM
TSM,Taiwan Semiconductor Manufactur,Technology,Mega-Cap,12589786,NYQ
UUP,Invesco DB USD Index Bullish Fu,N/A,Nano-Cap,1227195,PCX
BPRE,N/A,,Nano-Cap,2041100,NYQ
OUNZ,VanEck Merk Gold ETF,N/A,Nano-Cap,1774480,PCX
SIVR,abrdn Physical Silver Shares ET,N/A,Nano-Cap,4347655,PCX
SGOL,abrdn Physical Gold Shares ETF,N/A,Nano-Cap,7068408,PCX
GLDM,SPDR Gold MiniShares Trust,N/A,Nano-Cap,9568709,PCX
OSG,"Octave Specialty Group, Inc.",Financial Services,Small-Cap,751080,NYQ
PALL,abrdn Physical Palladium Shares,N/A,Nano-Cap,603673,PCX
BNO,"United States Brent Oil Fund, L",N/A,Nano-Cap,552801,PCX
PPLT,abrdn Physical Platinum Shares ,N/A,Nano-Cap,1051349,PCX
IBIT,iShares Bitcoin Trust ETF,N/A,Nano-Cap,62231329,NGM
GSOL,Grayscale Solana Staking ETF,N/A,Nano-Cap,653745,PCX
ETHW,Bitwise Ethereum ETF,N/A,Nano-Cap,1555800,PCX
ETH,Grayscale Ethereum Staking Mini,N/A,Nano-Cap,8452336,PCX
BSOL,Bitwise Solana Staking ETF,N/A,Nano-Cap,1638908,PCX
PPHC,"Public Policy Holding Company, ",Industrials,Small-Cap,663900,NGM
YSS,York Space Systems Inc.,Industrials,Mid-Cap,4278400,NYQ
BTC,Grayscale Bitcoin Mini Trust (B,N/A,Nano-Cap,2937101,PCX
XRP,Bitwise XRP ETF,N/A,Nano-Cap,534179,PCX
FSSL,FS Specialty Lending Fund,N/A,Nano-Cap,1023162,NYQ
PICS,PicS N.V.,Technology,Mid-Cap,3822800,NMS
BAR,GraniteShares Gold Trust Shares,N/A,Nano-Cap,1313354,PCX
PLTM,GraniteShares Platinum Shares E,N/A,Nano-Cap,1601403,PCX
MINE,Mayfair Gold Corp.,Basic Materials,Small-Cap,1149350,ASE
EZRA,"Reliance Global Group, Inc.",Financial Services,Nano-Cap,1543526,NCM
BITB,Bitwise Bitcoin ETF,N/A,Nano-Cap,3050601,PCX
ETHE,Grayscale Ethereum Staking ETF ,N/A,Nano-Cap,7396906,PCX
OPTU,"Optimum Communications, Inc.",Communication Services,Nano-Cap,2910596,NYQ
IAUM,iShares Gold Trust Micro Shares,N/A,Nano-Cap,5071054,PCX
ETHA,iShares Ethereum Trust ETF,N/A,Nano-Cap,45696621,NGM
GOOG,Alphabet Inc.,Communication Services,Mega-Cap,22797896,NMS
PBR-A,Petroleo Brasileiro S.A. Petrob,Energy,Large-Cap,8837211,NYQ
FITB,Fifth Third Bancorp,Financial Services,Large-Cap,9340572,NMS
FOX,Fox Corporation,Communication Services,Large-Cap,1436665,NMS
FWONK,Liberty Media Corporation - Ser,Communication Services,Large-Cap,1607003,NMS
TEF,Telefonica SA,Communication Services,Large-Cap,1660029,NYQ
Z,"Zillow Group, Inc.",Communication Services,Large-Cap,2680221,NMS
NWS,News Corporation,Communication Services,Large-Cap,936981,NMS
FNGD,MicroSectors FANG  Index -3X In,N/A,Mid-Cap,30165900,PCX
BF-B,Brown Forman Inc,Consumer Defensive,Large-Cap,4891488,NYQ
LBRDK,Liberty Broadband Corporation,Communication Services,Mid-Cap,1260677,NMS
UHAL-B,U-Haul Holding Company Series N,Industrials,Mid-Cap,582499,NYQ
FYBR,"Frontier Communications Parent,",Communication Services,Mid-Cap,3328680,NMS
CMPO,"CompoSecure, Inc.",Industrials,Mid-Cap,1507566,NYQ
LBTYK,Liberty Global Ltd.,Communication Services,Mid-Cap,854414,NMS
UA,"Under Armour, Inc.",Consumer Cyclical,Mid-Cap,5891175,NYQ
LILAK,Liberty Latin America Ltd.,Communication Services,Small-Cap,875042,NMS
NAVI,Navient Corporation,Financial Services,Small-Cap,941408,NMS
PLYM,"Plymouth Industrial REIT, Inc.",Real Estate,Small-Cap,1459982,NYQ
AXL,American Axle & Manufacturing H,Consumer Cyclical,Small-Cap,3185222,NYQ
GES,"Guess?, Inc.",Consumer Cyclical,Small-Cap,618594,NYQ
ATXS,"Astria Therapeutics, Inc.",Healthcare,Small-Cap,1088966,NGM
DENN,Denny's Corporation,Consumer Cyclical,Small-Cap,2604940,NCM
SMLR,"Semler Scientific, Inc.",Healthcare,Small-Cap,541105,NCM
TRUE,"TrueCar, Inc.",Communication Services,Micro-Cap,876128,NMS
FATBB,FAT Brands Inc.,Consumer Cyclical,Nano-Cap,1163286,NCM
STRC,Strategy Inc - Variable Rate Se,Technology,Nano-Cap,1059455,NMS
SGBX,Safe & Green Holdings Corp.,Industrials,Nano-Cap,6864530,NCM
RELI,"Reliance Global Group, Inc.",Financial Services,Nano-Cap,1535240,NCM
IVP,"Inspire Veterinary Partners, In",Consumer Cyclical,Nano-Cap,56388442,NCM
SOMN,Southern Company (The) 2025 Ser,Utilities,Nano-Cap,1071161,NYQ
BA-PA,Boeing Company (The) Depositary,N/A,Nano-Cap,1230178,NYQ
BERZ,MicroSectors FANG & Innovation ,N/A,Nano-Cap,1354301,PCX
FNGU,MicroSectors FANG+ 3X Leveraged,N/A,Nano-Cap,4593711,PCX
GDXD,MicroSectors Gold Miners -3X In,N/A,Nano-Cap,6326078,PCX
DULL,MicroSectors Gold -3X Inverse L,N/A,Nano-Cap,607621,PCX
GDXU,MicroSectors Gold Miners 3X Lev,N/A,Nano-Cap,697021,PCX
CPER,United States Copper Index Fund,N/A,Nano-Cap,1115450,PCX
AGQ,ProShares Ultra Silver,N/A,Nano-Cap,6367418,PCX
BOIL,ProShares Ultra Bloomberg Natur,N/A,Nano-Cap,12073200,PCX
GLL,ProShares UltraShort Gold,N/A,Nano-Cap,4411595,PCX
KOLD,ProShares UltraShort Bloomberg ,N/A,Nano-Cap,9586580,PCX
ZSL,ProShares UltraShort Silver,N/A,Nano-Cap,117243418,PCX
UGL,ProShares Ultra Gold,N/A,Nano-Cap,4886242,PCX
SCO,ProShares UltraShort Bloomberg ,N/A,Nano-Cap,1603701,PCX
UCO,ProShares Ultra Bloomberg Crude,N/A,Nano-Cap,2687916,PCX
ALB-PA,Albemarle Corporation Depositar,Basic Materials,Nano-Cap,556096,NYQ
OPENL,N/A,,Nano-Cap,565161,NMS
OPENZ,N/A,,Nano-Cap,736753,NMS
OPENW,N/A,,Nano-Cap,580942,NMS
OIMAU,OneIM Acquisition Corp.,Financial Services,Nano-Cap,727733,NGM
IEAGU,Infinite Eagle Acquisition Corp,Financial Services,Nano-Cap,1253430,NGM
FGIIU,FG Imperii Acquisition Corp.,Financial Services,Nano-Cap,680810,NGM
MLAAU,Mountain Lake Acquisition Corp.,N/A,Nano-Cap,4281225,NGM
ARTCU,Art Technology Acquisition Corp,N/A,Nano-Cap,815888,NGM
SORNU,Soren Acquisition Corp.,Financial Services,Nano-Cap,729500,NGM
ZKPU,Lafayette Digital Acquisition C,N/A,Nano-Cap,735320,NGM
ALOVU,Aldabra 4 Liquidity Opportunity,N/A,Nano-Cap,1670587,NGM
GIXXU,GigCapital9 Corp.,N/A,Nano-Cap,1868372,NGM
GLIBK,"GCI Liberty, Inc. - Series C GC",Communication Services,Small-Cap,596718,NMS
LEGO-UN,Legato Merger Corp. IV,N/A,Nano-Cap,1372272,ASE
MESHU,Meshflow Acquisition Corp.,Financial Services,Nano-Cap,574425,NGM
XCBEU,X3 Acquisition Corp. Ltd.,N/A,Nano-Cap,1139225,NGM
KRAQU,KRAKacquisition Corp,N/A,Nano-Cap,3592200,NGM
ARCIU,Archimedes Tech SPAC Partners I,Financial Services,Nano-Cap,1350933,NGM
NWAX-UN,New America Acquisition I Corp.,N/A,Nano-Cap,1330219,NYQ
PTORU,Praetorian Acquisition Corp.,Financial Services,Nano-Cap,1922183,NGM
SAAQU,Space Asset Acquisition Corp.,N/A,Nano-Cap,3250600,NGM
