ticker,name,sector,cap_tier,avg_volume,exchange
AAPL,Apple Inc.,Technology,Mega-Cap,56842919,NMS
NVDA,NVIDIA Corporation,Technology,Mega-Cap,152403823,NMS
GOOGL,Alphabet Inc.,Communication Services,Mega-Cap,32508673,NMS
MSFT,Microsoft Corporation,Technology,Mega-Cap,40187128,NMS
AMZN,"Amazon.com, Inc.",Consumer Cyclical,Mega-Cap,49476960,NMS
AVGO,Broadcom Inc.,Technology,Mega-Cap,25862488,NMS
META,"Meta Platforms, Inc.",Communication Services,Mega-Cap,18174226,NMS
TSLA,"Tesla, Inc.",Consumer Cyclical,Mega-Cap,47436901,NMS
BRK-B,Berkshire Hathaway Inc. New,Financial Services,Mega-Cap,4951014,NYQ
LLY,Eli Lilly and Company,Healthcare,Nano-Cap,3031346,NYQ
JPM,JP Morgan Chase & Co.,Financial Services,Mega-Cap,9333138,NYQ
SKHY,SK hynix Inc.,Technology,Mega-Cap,54803743,NMS
MU,"Micron Technology, Inc.",Technology,Mega-Cap,53445673,NMS
WMT,Walmart Inc.,Consumer Defensive,Mega-Cap,22749679,NMS
AMD,"Advanced Micro Devices, Inc.",Technology,Mega-Cap,33053466,NMS
V,Visa Inc.,Financial Services,Mega-Cap,8250536,NYQ
JNJ,Johnson & Johnson,Healthcare,Mega-Cap,8247576,NYQ
XOM,ExxonMobil Holdings Corporation,Energy,Nano-Cap,16677455,NYQ
ASML,ASML Holding N.V. - New York Re,Technology,Mega-Cap,1986033,NMS
MA,Mastercard Incorporated,Financial Services,Mega-Cap,3722876,NYQ
ABBV,AbbVie Inc.,Healthcare,Mega-Cap,6776644,NYQ
CSCO,"Cisco Systems, Inc.",Technology,Mega-Cap,25263000,NMS
BAC,Bank of America Corporation,Financial Services,Mega-Cap,36168309,NYQ
INTC,Intel Corporation,Technology,Mega-Cap,129728738,NMS
COST,Costco Wholesale Corporation,Consumer Defensive,Mega-Cap,2394520,NMS
UNH,UnitedHealth Group Incorporated,Healthcare,Mega-Cap,6428803,NYQ
CAT,"Caterpillar, Inc.",Industrials,Nano-Cap,3165106,NYQ
KO,Coca-Cola Company (The),Consumer Defensive,Mega-Cap,17590555,NYQ
AMAT,"Applied Materials, Inc.",Technology,Mega-Cap,9701741,NMS
GE,GE Aerospace,Industrials,Mega-Cap,4795712,NYQ
CVX,Chevron Corporation,Energy,Mega-Cap,9135460,NYQ
HSBC,"HSBC Holdings, plc.",Financial Services,Mega-Cap,1547076,NYQ
PG,Procter & Gamble Company (The),Consumer Defensive,Mega-Cap,8853447,NYQ
ORCL,Oracle Corporation,Technology,Mega-Cap,30854071,NYQ
HD,"Home Depot, Inc. (The)",Consumer Cyclical,Nano-Cap,4914058,NYQ
LRCX,Lam Research Corporation,Technology,Mega-Cap,11692231,NMS
MS,Morgan Stanley,Financial Services,Mega-Cap,5942465,NYQ
MRK,"Merck & Company, Inc.",Healthcare,Mega-Cap,10067128,NYQ
PM,Philip Morris International Inc,Consumer Defensive,Mega-Cap,5091598,NYQ
GS,"Goldman Sachs Group, Inc. (The)",Financial Services,Nano-Cap,2169568,NYQ
NFLX,"Netflix, Inc.",Communication Services,Mega-Cap,43648352,NMS
NVS,Novartis AG,Healthcare,Mega-Cap,1817263,NYQ
PLTR,Palantir Technologies Inc.,Technology,Mega-Cap,41205874,NMS
RY,Royal Bank Of Canada,Financial Services,Mega-Cap,1478217,NYQ
RTX,RTX Corporation,Industrials,Mega-Cap,5439590,NYQ
BABA,Alibaba Group Holding Limited,Consumer Cyclical,Mega-Cap,12612082,NYQ
AZN,AstraZeneca PLC,Healthcare,Mega-Cap,2248817,NYQ
WFC,Wells Fargo & Company,Financial Services,Mega-Cap,16482692,NYQ
PANW,"Palo Alto Networks, Inc.",Technology,Mega-Cap,8000895,NMS
ARM,Arm Holdings plc,Technology,Mega-Cap,10242930,NMS
TXN,Texas Instruments Incorporated,Technology,Mega-Cap,8776000,NMS
MUFG,"Mitsubishi UFJ Financial Group,",Financial Services,Mega-Cap,3280438,NYQ
KLAC,KLA Corporation,Technology,Mega-Cap,12859953,NMS
DELL,Dell Technologies Inc.,Technology,Mega-Cap,8767117,NYQ
GEV,GE Vernova Inc.,Industrials,Mega-Cap,2855414,NYQ
SHEL,Shell PLC,Energy,Mega-Cap,6999805,NYQ
LIN,Linde plc,Basic Materials,Mega-Cap,2292804,NMS
AXP,American Express Company,Financial Services,Mega-Cap,3153193,NYQ
NVO,Novo Nordisk A/S,Healthcare,Mega-Cap,12739084,NYQ
C,"Citigroup, Inc.",Financial Services,Mega-Cap,12602807,NYQ
TM,Toyota Motor Corporation,Consumer Cyclical,Mega-Cap,511871,NYQ
IBM,International Business Machines,Technology,Mega-Cap,11183226,NYQ
ANET,"Arista Networks, Inc.",Technology,Mega-Cap,9661312,NYQ
SAP,SAP  SE,Technology,Mega-Cap,3257600,NYQ
BHP,BHP Group Limited,Basic Materials,Mega-Cap,2660511,NYQ
TMO,Thermo Fisher Scientific Inc,Healthcare,Mega-Cap,2385706,NYQ
AMGN,Amgen Inc.,Healthcare,Mega-Cap,2719401,NMS
VZ,Verizon Communications Inc.,Communication Services,Large-Cap,27195696,NYQ
SAN,"Banco Santander, S.A. Sponsored",Financial Services,Mega-Cap,8808769,NYQ
TD,Toronto Dominion Bank (The),Financial Services,Large-Cap,2388984,NYQ
TMUS,"T-Mobile US, Inc.",Communication Services,Large-Cap,5337784,NMS
PEP,"Pepsico, Inc.",Consumer Defensive,Large-Cap,8630831,NMS
MCD,McDonald's Corporation,Consumer Cyclical,Nano-Cap,4553179,NYQ
CRWD,"CrowdStrike Holdings, Inc.",Technology,Large-Cap,11997219,NMS
ABT,Abbott Laboratories,Healthcare,Large-Cap,13123706,NYQ
NEE,"NextEra Energy, Inc.",Utilities,Large-Cap,11632673,NYQ
TTE,TotalEnergies SE,Energy,Large-Cap,1538212,NYQ
SCHW,Charles Schwab Corporation (The,Financial Services,Large-Cap,10642198,NYQ
ADI,"Analog Devices, Inc.",Technology,Nano-Cap,4775650,NMS
BLK,"BlackRock, Inc.",Financial Services,Large-Cap,763853,NYQ
TJX,"TJX Companies, Inc. (The)",Consumer Cyclical,Large-Cap,5953392,NYQ
UNP,Union Pacific Corporation,Industrials,Large-Cap,2976574,NYQ
APH,Amphenol Corporation,Technology,Nano-Cap,9624138,NYQ
BA,Boeing Company (The),Industrials,Large-Cap,6374852,NYQ
WELL,Welltower Inc.,Real Estate,Large-Cap,3465938,NYQ
DIS,Walt Disney Company (The),Communication Services,Large-Cap,10468187,NYQ
DE,Deere & Company,Industrials,Large-Cap,1283158,NYQ
QCOM,QUALCOMM Incorporated,Technology,Large-Cap,21655230,NMS
UBS,UBS Group AG Registered,Financial Services,Large-Cap,2081085,NYQ
T,AT&T Inc.,Communication Services,Large-Cap,61952511,NYQ
SHOP,Shopify Inc.,Technology,Large-Cap,10506839,NMS
STX,Seagate Technology Holdings PLC,Technology,Large-Cap,4746819,NMS
GILD,"Gilead Sciences, Inc.",Healthcare,Large-Cap,7552966,NMS
BX,Blackstone Inc.,Financial Services,Large-Cap,5113279,NYQ
SMFG,Sumitomo Mitsui Financial Group,Financial Services,Large-Cap,1982744,NYQ
BUD,Anheuser-Busch Inbev SA Sponsor,Consumer Defensive,Large-Cap,2026826,NYQ
SNDK,Sandisk Corporation,Technology,Large-Cap,14019747,NMS
WDC,Western Digital Corporation,Technology,Nano-Cap,8459558,NMS
MRVL,"Marvell Technology, Inc.",Technology,Large-Cap,41181265,NMS
IBKR,"Interactive Brokers Group, Inc.",Financial Services,Large-Cap,4871312,NMS
BKNG,Booking Holdings Inc. Common St,Consumer Cyclical,Large-Cap,7462036,NMS
ETN,"Eaton Corporation, PLC",Industrials,Nano-Cap,2629566,NYQ
CRM,"Salesforce, Inc.",Technology,Nano-Cap,14910477,NYQ
RIO,Rio Tinto Plc,Basic Materials,Large-Cap,2745041,NYQ
BBVA,Banco Bilbao Vizcaya Argentaria,Financial Services,Large-Cap,1495530,NYQ
UL,Unilever PLC,Consumer Defensive,Large-Cap,4344728,NYQ
PFE,"Pfizer, Inc.",Healthcare,Large-Cap,41315036,NYQ
UBER,"Uber Technologies, Inc.",Technology,Large-Cap,19963376,NYQ
PLD,"Prologis, Inc.",Real Estate,Large-Cap,3893257,NYQ
CB,Chubb Limited,Financial Services,Large-Cap,1781919,NYQ
APP,Applovin Corporation,Communication Services,Large-Cap,5641861,NMS
SCCO,Southern Copper Corporation,Basic Materials,Large-Cap,1313782,NYQ
DHR,Danaher Corporation,Healthcare,Large-Cap,5213114,NYQ
CVS,CVS Health Corporation,Healthcare,Large-Cap,8274226,NYQ
COP,ConocoPhillips,Energy,Large-Cap,7197147,NYQ
BTI,British American Tobacco  Indus,Consumer Defensive,Large-Cap,4277238,NYQ
LMT,Lockheed Martin Corporation,Industrials,Large-Cap,1299779,NYQ
SONY,Sony Group Corporation,Technology,Large-Cap,6554655,NYQ
SYK,Stryker Corporation,Healthcare,Large-Cap,2795919,NYQ
ISRG,"Intuitive Surgical, Inc.",Healthcare,Large-Cap,2978660,NMS
BMY,Bristol-Myers Squibb Company,Healthcare,Large-Cap,11916009,NYQ
PGR,Progressive Corporation (The),Financial Services,Large-Cap,3294765,NYQ
COF,Capital One Financial Corporati,Financial Services,Large-Cap,4760031,NYQ
BMO,Bank Of Montreal,Financial Services,Large-Cap,815447,NYQ
SPGI,S&P Global Inc.,Financial Services,Large-Cap,2337842,NYQ
MO,"Altria Group, Inc.",Consumer Defensive,Large-Cap,8384941,NYQ
PH,Parker-Hannifin Corporation,Industrials,Large-Cap,712252,NYQ
VRTX,Vertex Pharmaceuticals Incorpor,Healthcare,Large-Cap,1541947,NMS
MFG,"Mizuho Financial Group, Inc. Sp",Financial Services,Large-Cap,3884288,NYQ
PDD,PDD Holdings Inc.,Consumer Cyclical,Large-Cap,8857758,NMS
LOW,"Lowe's Companies, Inc.",Consumer Cyclical,Nano-Cap,3093579,NYQ
HDB,HDFC Bank Limited,Financial Services,Large-Cap,9181776,NYQ
ENB,Enbridge Inc,Energy,Nano-Cap,4069147,NYQ
SBUX,Starbucks Corporation,Consumer Cyclical,Large-Cap,7746255,NMS
PBR,Petroleo Brasileiro S.A. Petrob,Energy,Large-Cap,15706890,NYQ
NOW,"ServiceNow, Inc.",Technology,Large-Cap,27997290,NYQ
HWM,Howmet Aerospace Inc.,Industrials,Large-Cap,2770465,NYQ
FTNT,"Fortinet, Inc.",Technology,Large-Cap,6366847,NMS
MDT,Medtronic plc.,Healthcare,Large-Cap,9898358,NYQ
SO,Southern Company (The),Utilities,Large-Cap,5850933,NYQ
CM,Canadian Imperial Bank of Comme,Financial Services,Large-Cap,1313514,NYQ
IBN,ICICI Bank Limited,Financial Services,Nano-Cap,7471931,NYQ
SNY,Sanofi,Healthcare,Large-Cap,3369925,NMS
BNS,Bank Nova Scotia Halifax Pfd 3,Financial Services,Large-Cap,2521390,NYQ
GSK,GSK plc,Healthcare,Large-Cap,4011588,NYQ
BP,BP p.l.c.,Energy,Large-Cap,8999407,NYQ
ADP,"Automatic Data Processing, Inc.",Technology,Large-Cap,2759577,NMS
BNY,The Bank of New York Mellon Cor,Financial Services,Large-Cap,3851933,NYQ
GD,General Dynamics Corporation,Industrials,Large-Cap,1252026,NYQ
GLW,Corning Incorporated,Technology,Large-Cap,15542857,NYQ
SPOT,Spotify Technology S.A.,Communication Services,Large-Cap,2006179,NYQ
MCK,McKesson Corporation,Healthcare,Large-Cap,1174465,NYQ
TT,Trane Technologies plc,Industrials,Large-Cap,1380539,NYQ
EQIX,"Equinix, Inc.",Real Estate,Large-Cap,586941,NMS
VRT,"Vertiv Holdings, LLC",Industrials,Large-Cap,6356826,NYQ
DUK,Duke Energy Corporation (Holdin,Utilities,Large-Cap,3590931,NYQ
MAR,Marriott International,Consumer Cyclical,Nano-Cap,1481774,NMS
ACN,Accenture plc,Technology,Large-Cap,8633433,NYQ
PNC,"PNC Financial Services Group, I",Financial Services,Large-Cap,2025698,NYQ
ADBE,Adobe Inc.,Technology,Large-Cap,6436509,NMS
USB,U.S. Bancorp,Financial Services,Large-Cap,8903266,NYQ
WM,"Waste Management, Inc.",Industrials,Large-Cap,2143884,NYQ
NEM,Newmont Corporation,Basic Materials,Large-Cap,7903895,NYQ
KKR,KKR & Co. Inc.,Financial Services,Large-Cap,4517131,NYQ
CDNS,"Cadence Design Systems, Inc.",Technology,Large-Cap,2428423,NMS
MNST,Monster Beverage Corporation,Consumer Defensive,Large-Cap,5839733,NMS
ING,"ING Group, N.V.",Financial Services,Large-Cap,3213557,NYQ
CSX,CSX Corporation,Industrials,Large-Cap,12975849,NMS
BN,Brookfield Corporation,Financial Services,Large-Cap,4358009,NYQ
NET,"Cloudflare, Inc.",Technology,Large-Cap,3968425,NYQ
MELI,"MercadoLibre, Inc.",Consumer Cyclical,Large-Cap,533041,NMS
SNOW,Snowflake Inc.,Technology,Large-Cap,7852228,NYQ
MMM,3M Company,Industrials,Large-Cap,3896119,NYQ
CME,CME Group Inc.,Financial Services,Large-Cap,3356225,NMS
CEG,Constellation Energy Corporatio,Utilities,Large-Cap,3644825,NMS
CNQ,Canadian Natural Resources Limi,Energy,Large-Cap,8353269,NYQ
ITUB,Itau Unibanco Banco Holding SA,Financial Services,Large-Cap,22646698,NYQ
HCA,"HCA Healthcare, Inc.",Healthcare,Large-Cap,1670004,NYQ
MRSH,Marsh,Financial Services,Large-Cap,2796342,NYQ
EQNR,Equinor ASA,Energy,Large-Cap,3945146,NYQ
BCS,Barclays PLC,Financial Services,Large-Cap,5456277,NYQ
MPC,Marathon Petroleum Corporation,Energy,Large-Cap,2326622,NYQ
SPG,"Simon Property Group, Inc.",Real Estate,Large-Cap,1900225,NYQ
ABNB,"Airbnb, Inc.",Consumer Cyclical,Large-Cap,3823393,NMS
UPS,"United Parcel Service, Inc.",Industrials,Large-Cap,5634561,NYQ
DDOG,"Datadog, Inc.",Technology,Large-Cap,5640134,NMS
VLO,Valero Energy Corporation,Energy,Large-Cap,3012109,NYQ
FCX,"Freeport-McMoRan, Inc.",Basic Materials,Nano-Cap,14524444,NYQ
CMI,Cummins Inc.,Industrials,Large-Cap,1032479,NYQ
PWR,"Quanta Services, Inc.",Industrials,Large-Cap,1292163,NYQ
SHW,Sherwin-Williams Company (The),Basic Materials,Large-Cap,2390439,NYQ
LYG,Lloyds Banking Group Plc,Financial Services,Large-Cap,21325069,NYQ
RCL,Royal Caribbean Cruises Ltd.,Consumer Cyclical,Large-Cap,2751450,NYQ
INTU,Intuit Inc.,Technology,Large-Cap,5280653,NMS
ICE,Intercontinental Exchange Inc.,Financial Services,Large-Cap,4467219,NYQ
CTAS,Cintas Corporation,Industrials,Large-Cap,2314911,NMS
WMB,"Williams Companies, Inc. (The)",Energy,Large-Cap,7029974,NYQ
CMCSA,Comcast Corporation,Communication Services,Large-Cap,36182334,NMS
JCI,Johnson Controls International ,Industrials,Large-Cap,4194887,NYQ
ITW,Illinois Tool Works Inc.,Industrials,Large-Cap,1468126,NYQ
EMR,Emerson Electric Company,Industrials,Large-Cap,2867961,NYQ
DASH,"DoorDash, Inc.",Consumer Cyclical,Large-Cap,4808904,NMS
MCO,Moody's Corporation,Financial Services,Large-Cap,1010909,NYQ
ELV,"Elevance Health, Inc.",Healthcare,Large-Cap,1652001,NYQ
EPD,Enterprise Products Partners L.,Energy,Large-Cap,3395755,NYQ
PSX,Phillips 66,Energy,Large-Cap,2543782,NYQ
HOOD,"Robinhood Markets, Inc.",Financial Services,Large-Cap,27098019,NMS
TRV,"The Travelers Companies, Inc.",Financial Services,Large-Cap,1859793,NYQ
NTES,"NetEase, Inc.",Communication Services,Large-Cap,1019253,NMS
NGG,"National Grid Transco, PLC Nati",Utilities,Large-Cap,1258874,NYQ
CP,Canadian Pacific Kansas City Li,Industrials,Large-Cap,2791506,NYQ
AON,Aon plc,Financial Services,Large-Cap,1600423,NYQ
GM,General Motors Company,Consumer Cyclical,Large-Cap,7929061,NYQ
ROST,"Ross Stores, Inc.",Consumer Cyclical,Large-Cap,3108749,NMS
AMT,American Tower Corporation (REI,Real Estate,Large-Cap,3279914,NYQ
MDLZ,"Mondelez International, Inc.",Consumer Defensive,Large-Cap,8950661,NMS
CI,The Cigna Group,Healthcare,Large-Cap,1665792,NYQ
ECL,Ecolab Inc.,Basic Materials,Large-Cap,1610411,NYQ
HON,Honeywell International Inc.,Industrials,Large-Cap,4584644,NMS
NOC,Northrop Grumman Corporation,Industrials,Large-Cap,970593,NYQ
CNI,Canadian National Railway Compa,Industrials,Large-Cap,1541285,NYQ
AMX,"America Movil, S.A.B. de C.V.",Communication Services,Large-Cap,1428161,NYQ
NSC,Norfolk Southern Corporation,Industrials,Large-Cap,1170004,NYQ
BAM,Brookfield Asset Management Inc,Financial Services,Large-Cap,2832373,NYQ
ORLY,"O'Reilly Automotive, Inc.",Consumer Cyclical,Large-Cap,7982706,NMS
SU,Suncor Energy  Inc.,Energy,Nano-Cap,4243974,NYQ
CL,Colgate-Palmolive Company,Consumer Defensive,Large-Cap,5158401,NYQ
EOG,"EOG Resources, Inc.",Energy,Large-Cap,3558744,NYQ
SLB,SLB Limited,Energy,Large-Cap,14132033,NYQ
MFC,Manulife Financial Corporation,Financial Services,Large-Cap,2054063,NYQ
ASX,"ASE Technology Holding Co., Ltd",Technology,Large-Cap,10836166,NYQ
FDX,FedEx Corporation,Industrials,Large-Cap,2044695,NYQ
HLT,Hilton Worldwide Holdings Inc.,Consumer Cyclical,Large-Cap,2007171,NYQ
SNPS,"Synopsys, Inc.",Technology,Large-Cap,2001330,NMS
MSI,"Motorola Solutions, Inc.",Technology,Large-Cap,1119728,NYQ
DLR,"Digital Realty Trust, Inc.",Real Estate,Large-Cap,2920830,NYQ
AEP,American Electric Power Company,Utilities,Large-Cap,5050593,NMS
REGN,"Regeneron Pharmaceuticals, Inc.",Healthcare,Large-Cap,1005460,NMS
MDLN,Medline Inc.,Healthcare,Large-Cap,9608757,NMS
PCAR,PACCAR Inc.,Industrials,Large-Cap,3214652,NMS
APO,"Apollo Global Management, Inc. ",Financial Services,Large-Cap,4067847,NYQ
AEM,Agnico Eagle Mines Limited,Basic Materials,Large-Cap,2628507,NYQ
CVNA,Carvana Co.,Consumer Cyclical,Large-Cap,11088073,NYQ
NU,Nu Holdings Ltd.,Financial Services,Large-Cap,73828346,NYQ
KMI,"Kinder Morgan, Inc.",Energy,Large-Cap,10119900,NYQ
TRP,TC Energy Corporation,Energy,Large-Cap,2421873,NYQ
NWG,NatWest Group plc,Financial Services,Large-Cap,4532844,NYQ
ALL,Allstate Corporation (The),Financial Services,Large-Cap,1765247,NYQ
ET,Energy Transfer LP,Energy,Large-Cap,10345274,NYQ
BSX,Boston Scientific Corporation,Healthcare,Large-Cap,20898876,NYQ
CRH,CRH PLC,Basic Materials,Large-Cap,4693704,NYQ
RACE,Ferrari N.V.,Consumer Cyclical,Large-Cap,608044,NYQ
URI,"United Rentals, Inc.",Industrials,Large-Cap,511969,NYQ
HONA,Honeywell Aerospace Inc.,Industrials,Large-Cap,2772951,NMS
DB,Deutsche Bank AG,Financial Services,Large-Cap,2597241,NYQ
AJG,Arthur J. Gallagher & Co.,Financial Services,Large-Cap,1798223,NYQ
RSG,"Republic Services, Inc.",Industrials,Large-Cap,1674401,NYQ
RELX,RELX PLC PLC,Industrials,Large-Cap,2743480,NYQ
NXPI,NXP Semiconductors N.V.,Technology,Large-Cap,4260284,NMS
APD,"Air Products and Chemicals, Inc",Basic Materials,Large-Cap,1297573,NYQ
AFL,AFLAC Incorporated,Financial Services,Nano-Cap,2397041,NYQ
TGT,Target Corporation,Consumer Defensive,Nano-Cap,4850026,NYQ
SE,Sea Limited,Consumer Cyclical,Large-Cap,4423768,NYQ
TFC,Truist Financial Corporation,Financial Services,Large-Cap,8861898,NYQ
WBD,"Warner Bros. Discovery, Inc. - ",Communication Services,Large-Cap,21668977,NMS
NKE,"Nike, Inc.",Consumer Cyclical,Large-Cap,23052911,NYQ
MPWR,"Monolithic Power Systems, Inc.",Technology,Large-Cap,931750,NMS
MET,"MetLife, Inc.",Financial Services,Large-Cap,3747414,NYQ
VALE,VALE S.A.,Basic Materials,Large-Cap,22887534,NYQ
D,"Dominion Energy, Inc.",Utilities,Large-Cap,6852171,NYQ
IMO,Imperial Oil Limited,Energy,Nano-Cap,571903,ASE
PSA,Public Storage,Real Estate,Large-Cap,1045114,NYQ
COR,"Cencora, Inc.",Healthcare,Large-Cap,1765319,NYQ
B,Barrick Mining Corporation,Basic Materials,Large-Cap,11276315,NYQ
TEL,TE Connectivity plc,Technology,Large-Cap,2722258,NYQ
O,Realty Income Corporation,Real Estate,Nano-Cap,5891619,NYQ
MPLX,MPLX LP,Energy,Large-Cap,1742533,NYQ
CTVA,"Corteva, Inc.",Basic Materials,Large-Cap,4068552,NYQ
NUE,Nucor Corporation,Basic Materials,Nano-Cap,1542823,NYQ
SRE,DBA Sempra,Utilities,Large-Cap,3599496,NYQ
F,Ford Motor Company,Consumer Cyclical,Large-Cap,64295090,NYQ
HPE,Hewlett Packard Enterprise Comp,Technology,Large-Cap,25960931,NYQ
DAL,"Delta Air Lines, Inc.",Industrials,Large-Cap,7525015,NYQ
BKR,Baker Hughes Company,Energy,Large-Cap,8778719,NMS
LHX,"L3Harris Technologies, Inc.",Industrials,Large-Cap,1409830,NYQ
TRGP,"Targa Resources, Inc.",Energy,Large-Cap,1220707,NYQ
TAK,Takeda Pharmaceutical Company L,Healthcare,Large-Cap,3388558,NYQ
OKE,"ONEOK, Inc.",Energy,Large-Cap,3778458,NYQ
AME,"AMETEK, Inc.",Industrials,Large-Cap,1190012,NYQ
FAST,Fastenal Company,Industrials,Large-Cap,7733317,NMS
CAH,"Cardinal Health, Inc.",Healthcare,Large-Cap,2384290,NYQ
OXY,Occidental Petroleum Corporatio,Energy,Large-Cap,10393390,NYQ
FANG,"Diamondback Energy, Inc.",Energy,Large-Cap,2371984,NMS
NDAQ,"Nasdaq, Inc.",Financial Services,Large-Cap,4023946,NMS
ETR,Entergy Corporation,Utilities,Large-Cap,3551334,NYQ
LNG,"Cheniere Energy, Inc.",Energy,Large-Cap,2170404,NYQ
EA,Electronic Arts Inc.,Communication Services,Large-Cap,2222298,NMS
CARR,Carrier Global Corporation,Industrials,Large-Cap,6600484,NYQ
ROK,"Rockwell Automation, Inc.",Industrials,Large-Cap,809201,NYQ
FITB,Fifth Third Bancorp,Financial Services,Large-Cap,6809061,NYQ
EBAY,eBay Inc.,Consumer Cyclical,Large-Cap,4638595,NMS
KEYS,Keysight Technologies Inc.,Technology,Large-Cap,1573817,NYQ
CVE,Cenovus Energy Inc,Energy,Large-Cap,8256846,NYQ
PYPL,"PayPal Holdings, Inc.",Financial Services,Large-Cap,17427153,NMS
WAB,Westinghouse Air Brake Technolo,Industrials,Large-Cap,950636,NYQ
XEL,Xcel Energy Inc.,Utilities,Large-Cap,5675811,NMS
MT,Arcelor Mittal NY Registry Shar,Basic Materials,Large-Cap,1956806,NYQ
HEI,Heico Corporation,Industrials,Large-Cap,631133,NYQ
ADSK,"Autodesk, Inc.",Technology,Large-Cap,2671642,NMS
LITE,Lumentum Holdings Inc.,Technology,Large-Cap,5531958,NMS
STT,State Street Corporation,Financial Services,Large-Cap,2277646,NYQ
WPM,Wheaton Precious Metals Corp,Basic Materials,Large-Cap,1982763,NYQ
VST,Vistra Corp.,Utilities,Large-Cap,4768649,NYQ
INFY,Infosys Limited,Technology,Large-Cap,21873446,NYQ
NOK,Nokia Corporation Sponsored,Technology,Large-Cap,110717733,NYQ
DVN,Devon Energy Corporation,Energy,Nano-Cap,14077861,NYQ
DEO,Diageo plc,Consumer Defensive,Large-Cap,1152138,NYQ
CCEP,Coca-Cola Europacific Partners ,Consumer Defensive,Large-Cap,1935304,NMS
XYZ,"Block, Inc.",Technology,Large-Cap,5753480,NYQ
TER,"Teradyne, Inc.",Technology,Nano-Cap,4379358,NMS
GRMN,Garmin Ltd.,Technology,Large-Cap,904433,NYQ
EXC,Exelon Corporation,Utilities,Large-Cap,8879285,NMS
AMP,"Ameriprise Financial, Inc.",Financial Services,Large-Cap,666111,NYQ
CIEN,Ciena Corporation,Technology,Large-Cap,2720715,NYQ
VTR,"Ventas, Inc.",Real Estate,Large-Cap,4115334,NYQ
ABEV,Ambev S.A.,Consumer Defensive,Large-Cap,27586477,NYQ
EW,Edwards Lifesciences Corporatio,Healthcare,Large-Cap,5052714,NYQ
ODFL,"Old Dominion Freight Line, Inc.",Industrials,Large-Cap,1875811,NMS
COHR,Coherent Corp.,Technology,Large-Cap,5797000,NYQ
SLF,Sun Life Financial Inc.,Financial Services,Large-Cap,669460,NYQ
HUM,Humana Inc.,Healthcare,Large-Cap,1556169,NYQ
VIK,Viking Holdings Ltd,Consumer Cyclical,Large-Cap,2903138,NYQ
TTWO,"Take-Two Interactive Software, ",Communication Services,Large-Cap,2504420,NMS
BE,Bloom Energy Corporation,Industrials,Large-Cap,13773076,NYQ
TRI,Thomson Reuters Corp,Industrials,Large-Cap,2140152,NMS
JBS,JBS N.V.,Consumer Defensive,Large-Cap,7233750,NYQ
BDX,"Becton, Dickinson and Company",Healthcare,Nano-Cap,2656001,NYQ
HLN,Haleon plc,Healthcare,Large-Cap,10196436,NYQ
IDXX,"IDEXX Laboratories, Inc.",Healthcare,Large-Cap,644700,NMS
FERG,Ferguson Enterprises Inc.,Industrials,Large-Cap,1376458,NYQ
ALAB,"Astera Labs, Inc.",Technology,Large-Cap,5807530,NMS
STM,STMicroelectronics N.V.,Technology,Large-Cap,12654395,NYQ
FER,Ferrovial N.V.,Industrials,Large-Cap,1637020,NMS
AXON,"Axon Enterprise, Inc.",Industrials,Large-Cap,1117015,NMS
FMX,Fomento Economico Mexicano S.A.,Consumer Defensive,Large-Cap,540617,NYQ
COIN,"Coinbase Global, Inc.",Financial Services,Large-Cap,8647831,NMS
UMC,United Microelectronics Corpora,Technology,Large-Cap,17916269,NYQ
CBRE,CBRE Group Inc,Real Estate,Large-Cap,2219828,NYQ
CMG,"Chipotle Mexican Grill, Inc.",Consumer Cyclical,Large-Cap,19155088,NYQ
PRU,"Prudential Financial, Inc.",Financial Services,Nano-Cap,1910750,NYQ
JD,"JD.com, Inc.",Consumer Cyclical,Large-Cap,9234523,NMS
AIG,"American International Group, I",Financial Services,Nano-Cap,4057428,NYQ
WCN,"Waste Connections, Inc.",Industrials,Large-Cap,1662757,NYQ
PAYX,"Paychex, Inc.",Technology,Large-Cap,3418022,NMS
WDS,Woodside Energy Group Limited,Energy,Nano-Cap,884711,NYQ
KDP,Keurig Dr Pepper Inc.,Consumer Defensive,Large-Cap,13323055,NMS
NBIS,Nebius Group N.V.,Communication Services,Large-Cap,19502692,NMS
LYV,"Live Nation Entertainment, Inc.",Communication Services,Large-Cap,2541195,NYQ
MSCI,MSCI Inc.,Financial Services,Large-Cap,713269,NYQ
ARES,Ares Management Corporation,Financial Services,Large-Cap,2530641,NYQ
CBRS,Cerebras Systems Inc.,Technology,Large-Cap,7552464,NMS
DHI,"D.R. Horton, Inc.",Consumer Cyclical,Large-Cap,2433577,NYQ
ED,"Consolidated Edison, Inc.",Utilities,Nano-Cap,2456674,NYQ
YUM,"Yum! Brands, Inc.",Consumer Cyclical,Large-Cap,2367233,NYQ
MCHP,Microchip Technology Incorporat,Technology,Large-Cap,11999517,NMS
SYY,Sysco Corporation,Consumer Defensive,Large-Cap,3365792,NYQ
FNV,Franco-Nevada Corporation,Basic Materials,Nano-Cap,835088,NYQ
FLEX,Flex Ltd.,Technology,Large-Cap,7318692,NMS
AU,AngloGold Ashanti PLC,Basic Materials,Large-Cap,2994806,NYQ
UAL,"United Airlines Holdings, Inc.",Industrials,Large-Cap,5423465,NMS
ADM,Archer-Daniels-Midland Company,Consumer Defensive,Large-Cap,3777485,NYQ
A,"Agilent Technologies, Inc.",Healthcare,Large-Cap,2404993,NYQ
IQV,"IQVIA Holdings, Inc.",Healthcare,Large-Cap,1668822,NYQ
WDAY,"Workday, Inc.",Technology,Large-Cap,5155571,NMS
PCG,Pacific Gas & Electric Co.,Utilities,Large-Cap,19029398,NYQ
PEG,Public Service Enterprise Group,Utilities,Large-Cap,3033858,NYQ
RKLB,Rocket Lab Corporation,Industrials,Large-Cap,26360122,NMS
CLS,"Celestica, Inc.",Technology,Large-Cap,2261274,NYQ
HIG,"The Hartford Insurance Group, I",Financial Services,Large-Cap,1761234,NYQ
HMC,"Honda Motor Company, Ltd.",Consumer Cyclical,Nano-Cap,1784625,NYQ
RKT,"Rocket Companies, Inc.",Financial Services,Large-Cap,29454358,NYQ
ROP,"Roper Technologies, Inc.",Technology,Large-Cap,1112630,NMS
RVMD,"Revolution Medicines, Inc.",Healthcare,Large-Cap,2700000,NMS
CCL,Carnival Corporation Ltd.,Consumer Cyclical,Large-Cap,25550060,NYQ
BBD,Banco Bradesco Sa,Financial Services,Large-Cap,30906160,NYQ
ALNY,"Alnylam Pharmaceuticals, Inc.",Healthcare,Large-Cap,1463487,NMS
KVUE,Kenvue Inc.,Consumer Defensive,Large-Cap,20600226,NYQ
KMB,Kimberly-Clark Corporation,Consumer Defensive,Large-Cap,4372323,NMS
VOD,Vodafone Group Plc,Communication Services,Large-Cap,4166838,NMS
WAT,Waters Corporation,Healthcare,Large-Cap,997068,NYQ
CCJ,Cameco Corporation,Energy,Large-Cap,3475573,NYQ
IRM,Iron Mountain Incorporated (Del,Real Estate,Large-Cap,1730050,NYQ
WEC,"WEC Energy Group, Inc.",Utilities,Large-Cap,2125838,NYQ
VMC,Vulcan Materials Company (Holdi,Basic Materials,Large-Cap,1168547,NYQ
ACGL,Arch Capital Group Ltd.,Financial Services,Large-Cap,2271611,NMS
STLD,"Steel Dynamics, Inc.",Basic Materials,Large-Cap,1201180,NMS
HSY,The Hershey Company,Consumer Defensive,Large-Cap,2057353,NYQ
KR,Kroger Company (The),Consumer Defensive,Nano-Cap,7640579,NYQ
TEVA,Teva Pharmaceutical Industries ,Healthcare,Large-Cap,5981334,NYQ
MTB,M&T Bank Corporation,Financial Services,Large-Cap,1107798,NYQ
CRWV,"CoreWeave, Inc.",Technology,Large-Cap,28981660,NMS
NTRA,"Natera, Inc.",Healthcare,Large-Cap,1499350,NMS
PUK,Prudential Public Limited Compa,Financial Services,Large-Cap,1109306,NYQ
CRDO,Credo Technology Group Holding ,Technology,Large-Cap,8149174,NMS
TKO,"TKO Group Holdings, Inc.",Communication Services,Large-Cap,1406133,NYQ
RBLX,Roblox Corporation,Communication Services,Large-Cap,12334476,NYQ
BIDU,"Baidu, Inc.",Communication Services,Large-Cap,2527114,NMS
EXPE,"Expedia Group, Inc.",Consumer Cyclical,Large-Cap,1633111,NMS
MSTR,Strategy Inc,Technology,Large-Cap,20239809,NMS
MLM,"Martin Marietta Materials, Inc.",Basic Materials,Large-Cap,598790,NYQ
HBAN,Huntington Bancshares Incorpora,Financial Services,Large-Cap,23184153,NMS
RPRX,Royalty Pharma plc,Healthcare,Large-Cap,3632812,NMS
RDDT,"Reddit, Inc.",Communication Services,Large-Cap,5393426,NYQ
QSR,Restaurant Brands International,Consumer Cyclical,Large-Cap,3275206,NYQ
RJF,"Raymond James Financial, Inc.",Financial Services,Large-Cap,1403479,NYQ
NTAP,"NetApp, Inc.",Technology,Large-Cap,3206282,NMS
IR,Ingersoll Rand Inc.,Industrials,Nano-Cap,4167242,NYQ
ALC,Alcon Inc.,Healthcare,Large-Cap,2304977,NYQ
CCI,Crown Castle Inc.,Real Estate,Large-Cap,4255826,NYQ
EXR,Extra Space Storage Inc,Real Estate,Large-Cap,1175653,NYQ
NTR,Nutrien Ltd.,Basic Materials,Large-Cap,2777615,NYQ
VEEV,Veeva Systems Inc.,Healthcare,Large-Cap,3037441,NYQ
ON,ON Semiconductor Corporation,Technology,Large-Cap,12521828,NMS
ZTS,Zoetis Inc.,Healthcare,Nano-Cap,7503949,NYQ
ERIC,Ericsson,Technology,Large-Cap,12075860,NMS
EC,Ecopetrol S.A.,Energy,Large-Cap,2945514,NYQ
EQT,EQT Corporation,Energy,Large-Cap,7336531,NYQ
KHC,The Kraft Heinz Company,Consumer Defensive,Large-Cap,14218485,NMS
LVS,Las Vegas Sands Corp.,Consumer Cyclical,Large-Cap,4794723,NYQ
CASY,"Caseys General Stores, Inc.",Consumer Cyclical,Large-Cap,520995,NMS
CNC,Centene Corporation,Healthcare,Large-Cap,5320984,NYQ
JBL,Jabil Inc.,Technology,Large-Cap,1346465,NYQ
AEE,Ameren Corporation,Utilities,Nano-Cap,1780450,NYQ
SUNB,"Sunbelt Rentals Holdings, Inc.",Industrials,Large-Cap,3541912,NYQ
EIX,Edison International,Utilities,Large-Cap,2552215,NYQ
RYAAY,Ryanair Holdings plc,Industrials,Large-Cap,1538604,NMS
EL,"Estee Lauder Companies, Inc. (T",Consumer Defensive,Nano-Cap,3332190,NYQ
DTE,DTE Energy Company,Utilities,Large-Cap,1502155,NYQ
CFG,"Citizens Financial Group, Inc.",Financial Services,Large-Cap,4567942,NYQ
RMD,ResMed Inc.,Healthcare,Large-Cap,1529650,NYQ
ATO,Atmos Energy Corporation,Utilities,Large-Cap,1413782,NYQ
VG,"Venture Global, Inc.",Energy,Large-Cap,16211504,NYQ
TPR,"Tapestry, Inc.",Consumer Cyclical,Large-Cap,2658598,NYQ
BIIB,Biogen Inc.,Healthcare,Large-Cap,1240961,NMS
VICI,VICI Properties Inc.,Real Estate,Large-Cap,9236647,NYQ
FTS,Fortis Inc.,Utilities,Large-Cap,743498,NYQ
WTW,Willis Towers Watson Public Lim,Financial Services,Large-Cap,732520,NMS
XYL,Xylem Inc.,Industrials,Large-Cap,2008098,NYQ
TWLO,Twilio Inc.,Technology,Large-Cap,2461549,NYQ
GFI,Gold Fields Limited,Basic Materials,Large-Cap,3574541,NYQ
PBA,Pembina Pipeline Corp.,Energy,Large-Cap,1185953,NYQ
CNP,"CenterPoint Energy, Inc (Holdin",Utilities,Large-Cap,6134465,NYQ
DXCM,"DexCom, Inc.",Healthcare,Large-Cap,5791055,NMS
FISV,"Fiserv, Inc.",N/A,Large-Cap,7680658,NMS
ILMN,"Illumina, Inc.",Healthcare,Large-Cap,1928515,NMS
FTI,TechnipFMC plc,Energy,Large-Cap,4793714,NYQ
FE,FirstEnergy Corp.,Utilities,Large-Cap,4895803,NYQ
GEHC,GE HealthCare Technologies Inc.,Healthcare,Large-Cap,5548485,NMS
TECK,Teck Resources Ltd,Basic Materials,Large-Cap,3300914,NYQ
TCOM,Trip.com Group Limited,Consumer Cyclical,Large-Cap,3309741,NMS
CPRT,"Copart, Inc.",Industrials,Large-Cap,11753084,NMS
ES,Eversource Energy (D/B/A),Utilities,Large-Cap,2624747,NYQ
WRB,W.R. Berkley Corporation,Financial Services,Large-Cap,2101746,NYQ
CINF,Cincinnati Financial Corporatio,Financial Services,Large-Cap,825561,NMS
OTIS,Otis Worldwide Corporation,Industrials,Large-Cap,3886915,NYQ
TS,Tenaris S.A.,Energy,Nano-Cap,1367665,NYQ
VRSK,"Verisk Analytics, Inc.",Industrials,Large-Cap,2339088,NMS
NMR,Nomura Holdings Inc,Financial Services,Large-Cap,1314530,NYQ
KGC,Kinross Gold Corporation,Basic Materials,Large-Cap,8140069,NYQ
AMRZ,Amrize Ltd,Basic Materials,Large-Cap,2998742,NYQ
DG,Dollar General Corporation,Consumer Defensive,Large-Cap,3352831,NYQ
CPNG,"Coupang, Inc.",Consumer Cyclical,Large-Cap,23590576,NYQ
WSM,"Williams-Sonoma, Inc.",Consumer Cyclical,Large-Cap,1158809,NYQ
CRS,Carpenter Technology Corporatio,Industrials,Nano-Cap,743606,NYQ
AVB,"AvalonBay Communities, Inc.",Real Estate,Large-Cap,1050188,NYQ
PPL,PPL Corporation,Utilities,Nano-Cap,9134144,NYQ
DOV,Dover Corporation,Industrials,Large-Cap,1054642,NYQ
AWK,"American Water Works Company, I",Utilities,Large-Cap,2204080,NYQ
PPG,"PPG Industries, Inc.",Basic Materials,Large-Cap,1976398,NYQ
LPLA,LPL Financial Holdings Inc.,Financial Services,Large-Cap,996260,NMS
GFS,GlobalFoundries Inc.,Technology,Large-Cap,4698965,NMS
NRG,"NRG Energy, Inc.",Utilities,Nano-Cap,2674647,NYQ
ZM,"Zoom Communications, Inc.",Technology,Large-Cap,4315431,NMS
SW,Smurfit WestRock plc,Consumer Cyclical,Large-Cap,5582252,NYQ
Q,"Qnity Electronics, Inc.",Technology,Large-Cap,2026263,NYQ
RF,Regions Financial Corporation,Financial Services,Nano-Cap,10791846,NYQ
EQR,Equity Residential,Real Estate,Nano-Cap,3067452,NYQ
INCY,Incyte Corporation,Healthcare,Large-Cap,1824188,NMS
HAL,Halliburton Company,Energy,Large-Cap,11807395,NYQ
JBHT,"J.B. Hunt Transport Services, I",Industrials,Large-Cap,1032668,NMS
TROW,"T. Rowe Price Group, Inc.",Financial Services,Large-Cap,2139939,NMS
DGX,Quest Diagnostics Incorporated,Healthcare,Large-Cap,928719,NYQ
HPQ,HP Inc.,Technology,Nano-Cap,18767593,NYQ
TEAM,Atlassian Corporation,Technology,Large-Cap,5762998,NMS
LH,Labcorp Holdings Inc.,Healthcare,Large-Cap,696655,NYQ
VRSN,"VeriSign, Inc.",Technology,Large-Cap,840511,NMS
PHM,"PulteGroup, Inc.",Consumer Cyclical,Large-Cap,1840584,NYQ
HUBB,Hubbell Inc,Industrials,Large-Cap,659968,NYQ
CPAY,"Corpay, Inc.",Technology,Large-Cap,622365,NYQ
ATI,ATI Inc.,Industrials,Large-Cap,1717036,NYQ
SYM,Symbotic Inc.,Industrials,Large-Cap,2129357,NGM
MDB,"MongoDB, Inc.",Technology,Large-Cap,1980776,NGM
SYF,Synchrony Financial,Financial Services,Large-Cap,3864130,NYQ
PHG,Koninklijke Philips N.V. NY Reg,Healthcare,Large-Cap,1255176,NYQ
BRO,"Brown & Brown, Inc.",Financial Services,Large-Cap,3213700,NYQ
ZS,"Zscaler, Inc.",Technology,Large-Cap,4457361,NMS
ECHO,EchoStar Corporation,Communication Services,Large-Cap,8370192,NMS
OMC,Omnicom Group Inc.,Communication Services,Large-Cap,4108714,NYQ
MTZ,"MasTec, Inc.",Industrials,Large-Cap,1270895,NYQ
L,Loews Corporation,Financial Services,Large-Cap,898831,NYQ
PFG,Principal Financial Group Inc,Financial Services,Large-Cap,1393780,NMS
DLTR,"Dollar Tree, Inc.",Consumer Defensive,Large-Cap,3655942,NMS
FOXA,Fox Corporation,Communication Services,Large-Cap,5831420,NMS
WWD,"Woodward, Inc.",Industrials,Large-Cap,771039,NMS
ROIV,Roivant Sciences Ltd.,Healthcare,Large-Cap,5785380,NMS
XPO,"XPO, Inc.",Industrials,Large-Cap,1468607,NYQ
AER,AerCap Holdings N.V.,Industrials,Large-Cap,1245838,NYQ
KEY,KeyCorp,Financial Services,Large-Cap,11484733,NYQ
AFRM,"Affirm Holdings, Inc.",Financial Services,Large-Cap,4602330,NMS
VLTO,Veralto Corp,Industrials,Large-Cap,2266201,NYQ
P,"Everpure, Inc.",Technology,Large-Cap,3303492,NYQ
CTSH,Cognizant Technology Solutions ,Technology,Large-Cap,10798633,NMS
DRI,"Darden Restaurants, Inc.",Consumer Cyclical,Large-Cap,1318665,NYQ
CHD,"Church & Dwight Company, Inc.",Consumer Defensive,Nano-Cap,2004876,NYQ
WST,"West Pharmaceutical Services, I",Healthcare,Large-Cap,814579,NYQ
OKTA,"Okta, Inc.",Technology,Large-Cap,3679507,NMS
RIVN,"Rivian Automotive, Inc.",Consumer Cyclical,Large-Cap,35397025,NMS
GPN,Global Payments Inc.,Industrials,Large-Cap,3749968,NYQ
FFIV,"F5, Inc.",Technology,Large-Cap,674306,NMS
AXIA,AXIA Energia,Utilities,Large-Cap,2053528,NYQ
BURL,"Burlington Stores, Inc.",Consumer Cyclical,Large-Cap,798563,NYQ
FIS,Fidelity National Information S,Technology,Large-Cap,6673685,NYQ
BNTX,BioNTech SE,Healthcare,Large-Cap,926806,NMS
IP,International Paper Company,Consumer Cyclical,Large-Cap,6216266,NYQ
CMS,CMS Energy Corporation,Utilities,Large-Cap,3356650,NYQ
TSEM,Tower Semiconductor Ltd.,Technology,Large-Cap,2012090,NMS
TW,Tradeweb Markets Inc.,Financial Services,Nano-Cap,1767704,NMS
STZ,"Constellation Brands, Inc.",Consumer Defensive,Large-Cap,2227711,NYQ
NVT,nVent Electric plc,Industrials,Large-Cap,2207941,NYQ
BG,Bunge Limited,Consumer Defensive,Large-Cap,1646117,NYQ
INSM,Insmed Incorporated,Healthcare,Large-Cap,3879888,NMS
FDXF,"FedEx Freight Holding Company, ",Industrials,Large-Cap,1876663,NYQ
RL,Ralph Lauren Corporation,Consumer Cyclical,Large-Cap,690126,NYQ
LUV,Southwest Airlines Company,Industrials,Large-Cap,6366565,NYQ
PKG,Packaging Corporation of Americ,Consumer Cyclical,Large-Cap,694715,NYQ
USFD,US Foods Holding Corp.,Consumer Defensive,Large-Cap,2817826,NYQ
EXPD,Expeditors International of Was,Industrials,Large-Cap,1254217,NYQ
SN,"SharkNinja, Inc.",Consumer Cyclical,Large-Cap,2054531,NYQ
STE,STERIS plc (Ireland),Healthcare,Large-Cap,822190,NYQ
NTRS,Northern Trust Corporation,Financial Services,Large-Cap,1072028,NMS
THC,Tenet Healthcare Corporation,Healthcare,Large-Cap,1476431,NYQ
NI,NiSource Inc,Utilities,Large-Cap,4480688,NYQ
EFX,"Equifax, Inc.",Industrials,Large-Cap,1795030,NYQ
MRNA,"Moderna, Inc.",Healthcare,Large-Cap,7703873,NMS
IOT,Samsara Inc.,Technology,Nano-Cap,6088077,NYQ
RBA,"RB Global, Inc.",Industrials,Large-Cap,1084346,NYQ
ASTS,"AST SpaceMobile, Inc.",Technology,Large-Cap,22017236,NMS
TSN,"Tyson Foods, Inc.",Consumer Defensive,Large-Cap,3346793,NYQ
AMCR,Amcor plc,Consumer Cyclical,Large-Cap,3849676,NYQ
ULTA,"Ulta Beauty, Inc.",Consumer Cyclical,Large-Cap,751215,NMS
FSLR,"First Solar, Inc.",Technology,Large-Cap,2434936,NMS
FTAI,FTAI Aviation Ltd.,Industrials,Large-Cap,1320003,NMS
ROKU,"Roku, Inc.",Communication Services,Large-Cap,4322936,NMS
SOFI,"SoFi Technologies, Inc.",Financial Services,Large-Cap,79225950,NMS
EXE,Expand Energy Corporation,Energy,Large-Cap,3630538,NMS
VIV,Telefonica Brasil S.A.,Communication Services,Nano-Cap,1186246,NYQ
LEN,Lennar Corporation,Consumer Cyclical,Large-Cap,2703152,NYQ
DOW,Dow Inc.,Basic Materials,Large-Cap,11649177,NYQ
AS,"Amer Sports, Inc.",Consumer Cyclical,Nano-Cap,4241709,NYQ
BSP,Bending Spoons S.p.A.,Technology,Large-Cap,3247740,NMS
VTRS,Viatris Inc.,Healthcare,Large-Cap,10881436,NMS
BSBR,Banco Santander Brasil SA,Financial Services,Large-Cap,1716606,NYQ
BCE,"BCE, Inc.",Communication Services,Large-Cap,3844274,NYQ
IFF,International Flavors & Fragran,Basic Materials,Large-Cap,2048085,NYQ
GIS,"General Mills, Inc.",Consumer Defensive,Nano-Cap,10484174,NYQ
HSAI,Hesai Group,Consumer Cyclical,Large-Cap,1820250,NMS
CHRW,"C.H. Robinson Worldwide, Inc.",Industrials,Large-Cap,1924590,NMS
EVRG,"Evergy, Inc.",Utilities,Large-Cap,2113190,NMS
WES,"Western Midstream Partners, LP",Energy,Large-Cap,1125406,NYQ
SNX,TD SYNNEX Corporation,Technology,Nano-Cap,839492,NYQ
SBS,Companhia de saneamento Basico ,Utilities,Large-Cap,6181706,NYQ
YPF,YPF Sociedad Anonima,Energy,Mega-Cap,1751173,NYQ
FTV,Fortive Corporation,Technology,Large-Cap,3072715,NYQ
LNT,Alliant Energy Corporation,Utilities,Large-Cap,2556501,NMS
WIT,Wipro Limited,Technology,Large-Cap,12261690,NYQ
GH,"Guardant Health, Inc.",Healthcare,Large-Cap,2660753,NMS
MKSI,MKS Inc.,Technology,Large-Cap,1383946,NMS
SQM,Sociedad Quimica y Minera S.A.,Basic Materials,Large-Cap,1112725,NYQ
MTSI,MACOM Technology Solutions Hold,Technology,Large-Cap,1704692,NMS
DD,"DuPont de Nemours, Inc.",Basic Materials,Large-Cap,1453130,NYQ
LYB,LyondellBasell Industries NV,Basic Materials,Large-Cap,5278496,NYQ
MGA,"Magna International, Inc.",Consumer Cyclical,Large-Cap,1320888,NYQ
CF,"CF Industries Holdings, Inc.",Basic Materials,Large-Cap,2759811,NYQ
FLUT,Flutter Entertainment plc,Consumer Cyclical,Large-Cap,2770231,NYQ
SBAC,SBA Communications Corporation,Real Estate,Large-Cap,956942,NMS
ROL,"Rollins, Inc.",Consumer Cyclical,Large-Cap,4886914,NYQ
BBY,"Best Buy Co., Inc.",Consumer Cyclical,Nano-Cap,4090190,NYQ
TOST,"Toast, Inc.",Technology,Large-Cap,12772831,NYQ
DKS,Dick's Sporting Goods Inc,Consumer Cyclical,Large-Cap,1196444,NYQ
CHTR,"Charter Communications, Inc.",Communication Services,Large-Cap,3458690,NMS
SSNC,"SS&C Technologies Holdings, Inc",Technology,Large-Cap,2218930,NMS
RCI,"Rogers Communication, Inc.",Communication Services,Large-Cap,1249688,NYQ
ZBH,"Zimmer Biomet Holdings, Inc.",Healthcare,Large-Cap,2282917,NYQ
ULS,UL Solutions Inc.,Industrials,Large-Cap,938015,NYQ
CDW,CDW Corporation,Technology,Nano-Cap,2179619,NMS
BR,"Broadridge Financial Solutions,",Technology,Nano-Cap,1437125,NYQ
NBIX,"Neurocrine Biosciences, Inc.",Healthcare,Large-Cap,1277195,NMS
SMCI,"Super Micro Computer, Inc.",Technology,Large-Cap,54653301,NMS
ZTO,ZTO Express (Cayman) Inc.,Industrials,Large-Cap,1700017,NYQ
PAAS,Pan American Silver Corp.,Basic Materials,Large-Cap,4729590,NYQ
PFGC,Performance Food Group Company,Consumer Defensive,Large-Cap,1702280,NYQ
ENTG,"Entegris, Inc.",Technology,Large-Cap,3290579,NMS
EWBC,"East West Bancorp, Inc.",Financial Services,Large-Cap,920046,NMS
INVH,Invitation Homes Inc.,Real Estate,Large-Cap,5354782,NYQ
GMAB,Genmab A/S,Healthcare,Large-Cap,1972385,NMS
INIO,INNIO N.V.,Industrials,Large-Cap,5032676,NMS
KIM,Kimco Realty Corporation (HC),Real Estate,Large-Cap,4826111,NYQ
GPC,Genuine Parts Company,Consumer Cyclical,Large-Cap,1803598,NYQ
BALL,Ball Corporation,Consumer Cyclical,Large-Cap,2767806,NYQ
H,Hyatt Hotels Corporation,Consumer Cyclical,Large-Cap,882188,NYQ
ITT,ITT Inc.,Industrials,Large-Cap,885563,NYQ
WY,Weyerhaeuser Company,Real Estate,Large-Cap,5525979,NYQ
ARXS,"Arxis, Inc.",Industrials,Large-Cap,1027969,NMS
BEKE,KE Holdings Inc,Real Estate,Large-Cap,4578260,NYQ
HST,"Host Hotels & Resorts, Inc.",Real Estate,Large-Cap,9252084,NMS
NLY,Annaly Capital Management Inc.,Real Estate,Large-Cap,7504023,NYQ
CX,"Cemex, S.A.B. de C.V. Sponsored",Basic Materials,Nano-Cap,5268300,NYQ
BEN,"Franklin Resources, Inc.",Financial Services,Large-Cap,4591363,NYQ
PAA,"Plains All American Pipeline, L",Energy,Nano-Cap,2531422,NMS
PR,Permian Resources Corporation,Energy,Large-Cap,10841739,NYQ
CRCL,"Circle Internet Group, Inc.",Financial Services,Large-Cap,15081939,NYQ
APG,APi Group Corporation,Industrials,Large-Cap,2931225,NYQ
WPC,W. P. Carey Inc. REIT,Real Estate,Large-Cap,1511609,NYQ
TPG,TPG Inc.,Financial Services,Large-Cap,2257069,NMS
TU,Telus Corporation,Communication Services,Large-Cap,6538357,NYQ
RGLD,"Royal Gold, Inc.",Basic Materials,Large-Cap,731396,NMS
STLA,Stellantis N.V.,Consumer Cyclical,Large-Cap,19509153,NYQ
TSCO,Tractor Supply Company,Consumer Cyclical,Large-Cap,12735000,NMS
CG,The Carlyle Group Inc.,Financial Services,Nano-Cap,3384044,NMS
IEX,IDEX Corporation,Industrials,Large-Cap,720700,NYQ
GEN,Gen Digital Inc.,Technology,Large-Cap,6856950,NMS
MAS,Masco Corporation,Industrials,Large-Cap,2621782,NYQ
J,Jacobs Solutions Inc.,Industrials,Large-Cap,1282473,NYQ
LAMR,Lamar Advertising Company,Real Estate,Large-Cap,671896,NMS
BBIO,"BridgeBio Pharma, Inc.",Healthcare,Large-Cap,3404695,NMS
ASND,Ascendis Pharma A/S,Healthcare,Large-Cap,682842,NMS
STRL,"Sterling Infrastructure, Inc.",Industrials,Large-Cap,823682,NMS
AKAM,"Akamai Technologies, Inc.",Technology,Large-Cap,4962031,NMS
DINO,HF Sinclair Corporation,Energy,Large-Cap,2588879,NYQ
LSCC,Lattice Semiconductor Corporati,Technology,Large-Cap,2150596,NMS
TRU,TransUnion,Financial Services,Large-Cap,2445014,NYQ
OVV,Ovintiv Inc. (DE),Energy,Large-Cap,3550323,NYQ
JAZZ,Jazz Pharmaceuticals plc,Healthcare,Large-Cap,866042,NMS
OHI,"Omega Healthcare Investors, Inc",Real Estate,Large-Cap,2231039,NYQ
NTNX,"Nutanix, Inc.",Technology,Large-Cap,3887431,NMS
TIGO,Millicom International Cellular,Communication Services,Large-Cap,1773547,NMS
WCC,"WESCO International, Inc.",Industrials,Large-Cap,657853,NYQ
CLH,"Clean Harbors, Inc.",Industrials,Large-Cap,547031,NYQ
FN,Fabrinet,Technology,Large-Cap,992766,NYQ
LOGI,Logitech International S.A. - R,Technology,Large-Cap,1252152,NMS
MAIR,Madison Air Solutions Corporati,Industrials,Large-Cap,2093273,NYQ
SUI,"Sun Communities, Inc.",Real Estate,Large-Cap,1348011,NYQ
TXT,Textron Inc.,Industrials,Large-Cap,1562701,NYQ
PNFP,"Pinnacle Financial Partners, In",Financial Services,Large-Cap,1265268,NYQ
DOC,"Healthpeak Properties, Inc.",Real Estate,Nano-Cap,8255601,NYQ
JHX,James Hardie Industries plc.,Basic Materials,Large-Cap,7495704,NYQ
YUMC,"Yum China Holdings, Inc.",Consumer Cyclical,Large-Cap,1707090,NYQ
BEP,Brookfield Renewable Partners L,Utilities,Large-Cap,923626,NYQ
TME,Tencent Music Entertainment Gro,Communication Services,Large-Cap,9689561,NYQ
LTM,LATAM Airlines Group S.A.,Industrials,Large-Cap,810576,NYQ
DVA,DaVita Inc.,Healthcare,Large-Cap,860712,NYQ
BWXT,"BWX Technologies, Inc.",Industrials,Large-Cap,992633,NYQ
TLN,Talen Energy Corporation,Utilities,Large-Cap,821384,NMS
CDE,"Coeur Mining, Inc.",Basic Materials,Large-Cap,31730222,NYQ
VNOM,"Viper Energy, Inc.",Energy,Large-Cap,1740312,NMS
REG,Regency Centers Corporation,Real Estate,Nano-Cap,1476119,NMS
NWSA,News Corporation,Communication Services,Large-Cap,5039611,NMS
OWL,Blue Owl Capital Inc.,Financial Services,Large-Cap,23133765,NYQ
SGI,Somnigroup International Inc.,Consumer Cyclical,Large-Cap,2922298,NYQ
ARMK,Aramark,Industrials,Large-Cap,2842204,NYQ
GIB,CGI Inc.,Technology,Large-Cap,508874,NYQ
KEP,Korea Electric Power Corporatio,Utilities,Large-Cap,1159293,NYQ
WMG,Warner Music Group Corp.,Communication Services,Large-Cap,2464457,NMS
RBRK,"Rubrik, Inc.",Technology,Large-Cap,3569357,NYQ
CNA,CNA Financial Corporation,Financial Services,Large-Cap,563996,NYQ
SOLV,Solventum Corporation,Healthcare,Large-Cap,1681871,NYQ
LDOS,"Leidos Holdings, Inc.",Technology,Large-Cap,1620496,NYQ
PTC,PTC Inc.,Technology,Large-Cap,1863438,NMS
QXO,"QXO, Inc.",Industrials,Large-Cap,21741179,NYQ
SWK,"Stanley Black & Decker, Inc.",Industrials,Large-Cap,1727728,NYQ
MLI,"Mueller Industries, Inc.",Industrials,Large-Cap,1440558,NYQ
UDR,"UDR, Inc.",Real Estate,Large-Cap,4329076,NYQ
SITM,SiTime Corporation,Technology,Large-Cap,584787,NGM
NXT,Nextpower Inc.,Technology,Large-Cap,3131503,NMS
RTO,Rentokil Initial plc,Industrials,Large-Cap,1002039,NYQ
FNF,"Fidelity National Financial, In",Financial Services,Large-Cap,1613430,NYQ
PHYS,"""Sprott Physical Gold Trust""",N/A,Large-Cap,3309068,ASE
CRBG,Corebridge Financial Inc.,Financial Services,Large-Cap,5651033,NYQ
TOL,"Toll Brothers, Inc.",Consumer Cyclical,Nano-Cap,1092920,NYQ
SUN,Sunoco LP,Energy,Large-Cap,500436,NYQ
RPM,RPM International Inc.,Basic Materials,Large-Cap,879033,NYQ
TLK,"PT Telekomunikasi Indonesia, Tb",Communication Services,Nano-Cap,986719,NYQ
FUTU,Futu Holdings Limited,Financial Services,Large-Cap,3568377,NGM
BTSG,"BrightSpring Health Services, I",Healthcare,Large-Cap,3873419,NMS
HRL,Hormel Foods Corporation,Consumer Defensive,Large-Cap,5064796,NYQ
GFL,GFL Environmental Inc. Subordin,Industrials,Large-Cap,2909530,NYQ
DECK,Deckers Outdoor Corporation,Consumer Cyclical,Large-Cap,2284965,NYQ
DTM,"DT Midstream, Inc.",Energy,Large-Cap,722541,NYQ
CHKP,Check Point Software Technologi,Technology,Large-Cap,1528734,NMS
EXEL,"Exelixis, Inc.",Healthcare,Large-Cap,2678563,NMS
CNH,CNH Industrial N.V.,Industrials,Large-Cap,11977428,NYQ
UNM,Unum Group,Financial Services,Large-Cap,1413704,NYQ
COO,"The Cooper Companies, Inc.",Healthcare,Nano-Cap,2846187,NMS
AMH,American Homes 4 Rent,Real Estate,Large-Cap,2744646,NYQ
MKC,"McCormick & Company, Incorporat",Consumer Defensive,Large-Cap,4242014,NYQ
LI,Li Auto Inc.,Consumer Cyclical,Large-Cap,4451996,NMS
ICLR,ICON plc,Healthcare,Large-Cap,1021701,NMS
GRAB,Grab Holdings Limited,Technology,Large-Cap,50618546,NMS
GL,Globe Life Inc.,Financial Services,Large-Cap,646419,NYQ
U,Unity Software Inc.,Technology,Large-Cap,8963534,NYQ
TYL,"Tyler Technologies, Inc.",Technology,Large-Cap,861231,NYQ
ALLE,Allegion plc,Industrials,Large-Cap,1217196,NYQ
ARCC,Ares Capital Corporation,Financial Services,Large-Cap,5029393,NMS
PINS,"Pinterest, Inc.",Communication Services,Large-Cap,17753403,NYQ
SNN,"Smith & Nephew SNATS, Inc.",Healthcare,Large-Cap,1498357,NYQ
LULU,lululemon athletica inc.,Consumer Cyclical,Large-Cap,3536661,NMS
HAS,"Hasbro, Inc.",Consumer Cyclical,Large-Cap,2199465,NMS
GDDY,GoDaddy Inc.,Technology,Large-Cap,2517209,NYQ
AEG,Aegon Ltd. New York Registry Sh,Financial Services,Large-Cap,4862444,NYQ
TRMB,Trimble Inc.,Technology,Large-Cap,2967661,NMS
TXRH,"Texas Roadhouse, Inc.",Consumer Cyclical,Large-Cap,1137441,NMS
ALLY,Ally Financial Inc.,Financial Services,Large-Cap,3223266,NYQ
ALB,Albemarle Corporation,Basic Materials,Large-Cap,2304028,NYQ
RRX,Regal Rexnord Corporation,Industrials,Large-Cap,1104263,NYQ
EQH,"Equitable Holdings, Inc.",Financial Services,Large-Cap,3968460,NYQ
GLPI,"Gaming and Leisure Properties, ",Real Estate,Large-Cap,2276657,NMS
ELS,"Equity Lifestyle Properties, In",Real Estate,Large-Cap,1577276,NYQ
FMS,Fresenius Medical Care AG,Healthcare,Large-Cap,764661,NYQ
GGG,Graco Inc.,Industrials,Large-Cap,1457795,NYQ
SJM,The J.M. Smucker Company,Consumer Defensive,Large-Cap,1719561,NYQ
HTHT,H World Group Limited,Consumer Cyclical,Large-Cap,2023823,NMS
GWRE,"Guidewire Software, Inc.",Technology,Large-Cap,1656904,NYQ
QNT,Quantinuum Inc.,Technology,Large-Cap,3595115,NGM
ZBRA,Zebra Technologies Corporation,Technology,Large-Cap,960300,NMS
CCK,"Crown Holdings, Inc.",Consumer Cyclical,Large-Cap,1170225,NYQ
DOCN,"DigitalOcean Holdings, Inc.",Technology,Large-Cap,3768139,NYQ
IVZ,Invesco Ltd,Financial Services,Large-Cap,5093928,NYQ
COKE,"Coca-Cola Consolidated, Inc.",Consumer Defensive,Large-Cap,593006,NMS
AVY,Avery Dennison Corporation,Consumer Cyclical,Nano-Cap,758439,NYQ
CR,Crane Company,Industrials,Nano-Cap,522847,NYQ
BWA,BorgWarner Inc.,Consumer Cyclical,Nano-Cap,3114266,NYQ
DT,"Dynatrace, Inc.",Technology,Large-Cap,5571574,NYQ
DRS,"Leonardo DRS, Inc.",Industrials,Large-Cap,1018773,NMS
FIG,"Figma, Inc.",Technology,Large-Cap,21422460,NYQ
PNW,Pinnacle West Capital Corporati,Utilities,Large-Cap,1274392,NYQ
NVMI,Nova Ltd.,Technology,Large-Cap,509123,NMS
ELAN,Elanco Animal Health Incorporat,Healthcare,Large-Cap,5890301,NYQ
AGNC,AGNC Investment Corp.,Real Estate,Large-Cap,16451022,NMS
ONON,On Holding AG,Consumer Cyclical,Large-Cap,5506955,NYQ
SF,Stifel Financial Corporation,Financial Services,Large-Cap,1391104,NYQ
CSGP,"CoStar Group, Inc.",Real Estate,Large-Cap,7939993,NMS
VIRT,"Virtu Financial, Inc.",Financial Services,Large-Cap,1294914,NYQ
IONQ,"IonQ, Inc.",Technology,Large-Cap,27213157,NYQ
BAX,Baxter International Inc.,Healthcare,Large-Cap,6907085,NYQ
BXP,"BXP, Inc.",Real Estate,Large-Cap,1506049,NYQ
WBS,Webster Financial Corporation,Financial Services,Large-Cap,3545958,NYQ
BJ,"BJ's Wholesale Club Holdings, I",Consumer Defensive,Large-Cap,2139965,NYQ
APTV,Aptiv PLC,Consumer Cyclical,Large-Cap,3408077,NYQ
ALGN,"Align Technology, Inc.",Healthcare,Large-Cap,1017212,NMS
RVTY,"Revvity, Inc.",Healthcare,Large-Cap,1523339,NYQ
SEIC,SEI Investments Company,Financial Services,Large-Cap,708855,NMS
W,Wayfair Inc.,Consumer Cyclical,Nano-Cap,3724317,NYQ
FHN,First Horizon Corporation,Financial Services,Large-Cap,4740725,NYQ
EMBJ,Embraer S.A.,Industrials,Large-Cap,1410241,NYQ
HUBS,"HubSpot, Inc.",Technology,Large-Cap,1933844,NYQ
APA,APA Corporation,Energy,Nano-Cap,5876831,NMS
XPEV,XPeng Inc.,Consumer Cyclical,Large-Cap,7082526,NYQ
NYT,New York Times Company (The),Communication Services,Large-Cap,1807398,NYQ
DKNG,DraftKings Inc.,Consumer Cyclical,Large-Cap,12371671,NMS
RYAN,"Ryan Specialty Holdings, Inc.",Financial Services,Large-Cap,2647441,NYQ
CLX,Clorox Company (The),Consumer Defensive,Nano-Cap,2817071,NYQ
AGI,Alamos Gold Inc.,Basic Materials,Large-Cap,4289717,NYQ
IREN,IREN LIMITED,Financial Services,Large-Cap,49437446,NMS
AXSM,"Axsome Therapeutics, Inc.",Healthcare,Large-Cap,896549,NGM
AHR,"American Healthcare REIT, Inc.",Real Estate,Large-Cap,3228800,NYQ
DY,"Dycom Industries, Inc.",Industrials,Nano-Cap,572757,NYQ
BMRN,BioMarin Pharmaceutical Inc.,Healthcare,Large-Cap,2084639,NMS
MGM,MGM Resorts International,Consumer Cyclical,Nano-Cap,4241741,NYQ
ONTO,Onto Innovation Inc.,Technology,Large-Cap,1311049,NYQ
SKM,"SK Telecom Co., Ltd.",Communication Services,Large-Cap,2773430,NYQ
ARWR,"Arrowhead Pharmaceuticals, Inc.",Healthcare,Large-Cap,2211623,NMS
PSLV,"""Sprott Physical Silver Trust""",N/A,Large-Cap,8894901,ASE
NIO,NIO Inc.,Consumer Cyclical,Nano-Cap,32309406,NYQ
WSE,Wise Group plc,Technology,Large-Cap,1431796,NMS
DPZ,Domino's Pizza Inc,Consumer Cyclical,Large-Cap,932850,NMS
AA,Alcoa Corporation,Basic Materials,Large-Cap,5500620,NYQ
SCI,Service Corporation Internation,Consumer Cyclical,Large-Cap,1507028,NYQ
PODD,Insulet Corporation,Healthcare,Large-Cap,1548528,NMS
JEF,Jefferies Financial Group Inc.,Financial Services,Large-Cap,2182739,NYQ
OC,Owens Corning Inc,Industrials,Large-Cap,1203015,NYQ
HII,"Huntington Ingalls Industries, ",Industrials,Large-Cap,556371,NYQ
WTRG,"Essential Utilities, Inc.",Utilities,Large-Cap,1953730,NYQ
EHC,Encompass Health Corporation,Healthcare,Large-Cap,966138,NYQ
AUR,"Aurora Innovation, Inc.",Consumer Cyclical,Large-Cap,29690341,NMS
CPT,Camden Property Trust,Real Estate,Nano-Cap,1156647,NYQ
CRL,Charles River Laboratories Inte,Healthcare,Nano-Cap,895896,NYQ
FIVE,"Five Below, Inc.",Consumer Cyclical,Large-Cap,1266771,NMS
KNX,Knight-Swift Transportation Hol,Industrials,Large-Cap,4592111,NYQ
BROS,Dutch Bros Inc.,Consumer Cyclical,Large-Cap,3605526,NYQ
GNRC,Generac Holdlings Inc.,Industrials,Large-Cap,970300,NYQ
MICC,The Magnum Ice Cream Company N.,Consumer Defensive,Large-Cap,1354096,NYQ
HUT,Hut 8 Corp.,Financial Services,Large-Cap,4690796,NMS
JKHY,"Jack Henry & Associates, Inc.",Technology,Large-Cap,1553749,NMS
TECH,Bio-Techne Corp,Healthcare,Large-Cap,5033166,NMS
AMKR,"Amkor Technology, Inc.",Technology,Large-Cap,5956587,NMS
MOD,Modine Manufacturing Company,Consumer Cyclical,Large-Cap,1569139,NYQ
TTMI,"TTM Technologies, Inc.",Technology,Large-Cap,2754274,NMS
WMS,"Advanced Drainage Systems, Inc.",Industrials,Large-Cap,858947,NYQ
DCI,"Donaldson Company, Inc.",Industrials,Nano-Cap,757025,NYQ
FRT,Federal Realty Investment Trust,Real Estate,Large-Cap,937676,NYQ
BPOP,"Popular, Inc.",Financial Services,Large-Cap,518239,NMS
UMBF,UMB Financial Corporation,Financial Services,Large-Cap,694858,NMS
BSY,"Bentley Systems, Incorporated",Technology,Large-Cap,3085977,NMS
AEIS,"Advanced Energy Industries, Inc",Industrials,Large-Cap,961863,NMS
WTFC,Wintrust Financial Corporation,Financial Services,Large-Cap,541788,NMS
ABVX,Abivax SA,Healthcare,Large-Cap,2069433,NGM
GMED,"Globus Medical, Inc.",Healthcare,Large-Cap,1855733,NYQ
CYTK,"Cytokinetics, Incorporated",Healthcare,Large-Cap,2580030,NMS
ORI,Old Republic International Corp,Financial Services,Large-Cap,1456601,NYQ
LINE,"Lineage, Inc.",Real Estate,Large-Cap,1047357,NMS
ARW,"Arrow Electronics, Inc.",Technology,Large-Cap,676500,NYQ
DOCU,"DocuSign, Inc.",Technology,Large-Cap,3832509,NMS
SFD,"Smithfield Foods, Inc.",Consumer Defensive,Large-Cap,1232325,NMS
PNR,Pentair plc.,Industrials,Large-Cap,2696328,NYQ
SIRI,SiriusXM Holdings Inc.,Communication Services,Mid-Cap,4930766,NMS
AES,The AES Corporation,Utilities,Large-Cap,9270900,NYQ
ENSG,"The Ensign Group, Inc.",Healthcare,Large-Cap,830758,NMS
CART,Maplebear Inc.,Consumer Cyclical,Large-Cap,4343549,NMS
IT,"Gartner, Inc.",Technology,Large-Cap,1610885,NYQ
AR,Antero Resources Corporation,Energy,Large-Cap,4723980,NYQ
BMNR,"BitMine Immersion Technologies,",Financial Services,Large-Cap,37678960,NYQ
PSO,"Pearson, Plc",Communication Services,Large-Cap,873274,NYQ
MOH,Molina Healthcare Inc,Healthcare,Large-Cap,1203998,NYQ
CFR,"Cullen/Frost Bankers, Inc.",Financial Services,Large-Cap,610442,NYQ
SUZ,Suzano S.A.,Basic Materials,Large-Cap,3030990,NYQ
AM,Antero Midstream Corporation,Energy,Large-Cap,2331058,NYQ
SPXC,"SPX Technologies, Inc.",Industrials,Large-Cap,754874,NYQ
WYNN,"Wynn Resorts, Limited",Consumer Cyclical,Large-Cap,1504380,NMS
SSB,SouthState Bank Corporation,Financial Services,Large-Cap,801130,NYQ
PAYP,PayPay Corporation - American D,Technology,Large-Cap,1085287,NMS
SMTC,Semtech Corporation,Technology,Large-Cap,3531606,NMS
OGE,OGE Energy Corp,Utilities,Mid-Cap,1420498,NYQ
ONB,Old National Bancorp,Financial Services,Large-Cap,4015615,NMS
HLI,"Houlihan Lokey, Inc.",Financial Services,Mid-Cap,858768,NYQ
GSAT,"Globalstar, Inc.",Communication Services,Large-Cap,1320876,NMS
CTRE,"CareTrust REIT, Inc.",Real Estate,Mid-Cap,2701473,NYQ
APGE,"Apogee Therapeutics, Inc.",Healthcare,Large-Cap,2581473,NGM
ZION,Zions Bancorporation N.A.,Financial Services,Large-Cap,1642490,NMS
FDS,FactSet Research Systems Inc.,Financial Services,Mid-Cap,972284,NYQ
AAL,"American Airlines Group, Inc.",Industrials,Large-Cap,108929017,NMS
LTH,"Life Time Group Holdings, Inc.",Consumer Cyclical,Large-Cap,3193923,NYQ
CGNX,Cognex Corporation,Technology,Large-Cap,2403507,NMS
MANH,"Manhattan Associates, Inc.",Technology,Large-Cap,703995,NMS
ALSN,"Allison Transmission Holdings, ",Consumer Cyclical,Mid-Cap,1149890,NYQ
SARO,"StandardAero, Inc.",Industrials,Mid-Cap,3932414,NYQ
HALO,"Halozyme Therapeutics, Inc.",Healthcare,Mid-Cap,1851211,NMS
LGN,Legence Corp.,Industrials,Large-Cap,1592157,NMS
UHS,"Universal Health Services, Inc.",Healthcare,Large-Cap,1083330,NYQ
CORT,Corcept Therapeutics Incorporat,Healthcare,Large-Cap,1218541,NCM
GME,GameStop Corporation,Consumer Cyclical,Mid-Cap,6293896,NYQ
SMMT,Summit Therapeutics Inc.,Healthcare,Large-Cap,5259031,NGM
BRX,Brixmor Property Group Inc.,Real Estate,Mid-Cap,2484193,NYQ
HMY,Harmony Gold Mining Company Lim,Basic Materials,Mid-Cap,4025657,NYQ
HL,Hecla Mining Company,Basic Materials,Mid-Cap,28413790,NYQ
VSAT,"ViaSat, Inc.",Technology,Large-Cap,2605185,NMS
YMM,Full Truck Alliance Co. Ltd.,Technology,Mid-Cap,8874355,NYQ
ADC,Agree Realty Corporation,Real Estate,Mid-Cap,1156933,NYQ
HSIC,"Henry Schein, Inc.",Healthcare,Mid-Cap,1519825,NMS
FPS,"Forgent Power Solutions, Inc.",Industrials,Large-Cap,8219353,NYQ
RDY,Dr. Reddy's Laboratories Ltd,Healthcare,Mid-Cap,2699900,NYQ
CUBE,CubeSmart,Real Estate,Nano-Cap,2158934,NYQ
LEVI,Levi Strauss & Co,Consumer Cyclical,Mid-Cap,2777841,NYQ
SWKS,"Skyworks Solutions, Inc.",Technology,Mid-Cap,5706279,NMS
TX,Ternium S.A. Ternium S.A.,Basic Materials,Mid-Cap,522446,NYQ
TKR,Timken Company (The),Industrials,Mid-Cap,1022833,NYQ
GGB,Gerdau S.A.,Basic Materials,Mid-Cap,17367826,NYQ
ACM,AECOM,Industrials,Mid-Cap,2049496,NYQ
NCLH,Norwegian Cruise Line Holdings ,Consumer Cyclical,Mid-Cap,20444960,NYQ
HBM,Hudbay Minerals Inc.,Basic Materials,Large-Cap,5649928,NYQ
GIL,"Gildan Activewear, Inc.",Consumer Cyclical,Large-Cap,1591312,NYQ
BRKR,Bruker Corporation,Healthcare,Mid-Cap,2454760,NMS
OSCR,"Oscar Health, Inc.",Healthcare,Mid-Cap,6964465,NYQ
NNN,"NNN REIT, Inc.",Real Estate,Mid-Cap,1765065,NYQ
RMBS,"Rambus, Inc.",Technology,Mid-Cap,3001765,NMS
CHWY,"Chewy, Inc.",Consumer Cyclical,Mid-Cap,9566895,NYQ
FLS,Flowserve Corporation,Industrials,Nano-Cap,2228893,NYQ
FROG,JFrog Ltd.,Technology,Mid-Cap,2948511,NMS
ARE,Alexandria Real Estate Equities,Real Estate,Mid-Cap,1900049,NYQ
OSK,Oshkosh Corporation (Holding Co,Industrials,Mid-Cap,835926,NYQ
WLK,Westlake Corporation,Basic Materials,Mid-Cap,1129842,NYQ
DAR,Darling Ingredients Inc.,Consumer Defensive,Nano-Cap,2337061,NYQ
MTCH,"Match Group, Inc.",Communication Services,Nano-Cap,3400942,NMS
SOLS,Solstice Advanced Materials Inc,Basic Materials,Mid-Cap,3074125,NMS
FR,"First Industrial Realty Trust, ",Real Estate,Mid-Cap,1135728,NYQ
SANM,Sanmina Corporation,Technology,Mid-Cap,1111936,NMS
WAL,Western Alliance Bancorporation,Financial Services,Mid-Cap,1084330,NYQ
TTC,Toro Company (The),Industrials,Nano-Cap,820539,NYQ
VOYA,"Voya Financial, Inc.",Financial Services,Mid-Cap,1170104,NYQ
ALV,"Autoliv, Inc.",Consumer Cyclical,Mid-Cap,745349,NYQ
SAIL,"SailPoint, Inc.",Technology,Mid-Cap,4507060,NMS
IONS,"Ionis Pharmaceuticals, Inc.",Healthcare,Mid-Cap,2746880,NMS
PSKY,Paramount Skydance Corporation,Communication Services,Mid-Cap,9732904,NMS
KTOS,Kratos Defense & Security Solut,Industrials,Mid-Cap,4758480,NMS
SNEX,StoneX Group Inc.,Financial Services,Mid-Cap,1262492,NMS
RRC,Range Resources Corporation,Energy,Mid-Cap,3039453,NYQ
AGCO,AGCO Corporation,Industrials,Mid-Cap,775933,NYQ
KT,KT Corporation,Communication Services,Mid-Cap,1595338,NYQ
CRNX,"Crinetics Pharmaceuticals, Inc.",Healthcare,Mid-Cap,3685363,NMS
TTD,"The Trade Desk, Inc.",Communication Services,Mid-Cap,19113447,NGM
REXR,"Rexford Industrial Realty, Inc.",Real Estate,Mid-Cap,2539215,NYQ
GKOS,Glaukos Corporation,Healthcare,Mid-Cap,1028331,NYQ
COMP,"Compass, Inc.",Real Estate,Mid-Cap,14017882,NYQ
COLB,"Columbia Banking System, Inc.",Financial Services,Mid-Cap,2978465,NMS
ESI,Element Solutions Inc.,Basic Materials,Mid-Cap,4619785,NYQ
BAH,Booz Allen Hamilton Holding Cor,Industrials,Mid-Cap,2275396,NYQ
KYMR,"Kymera Therapeutics, Inc.",Healthcare,Mid-Cap,791915,NGM
PB,"Prosperity Bancshares, Inc.",Financial Services,Mid-Cap,1129274,NYQ
AXS,Axis Capital Holdings Limited,Financial Services,Mid-Cap,706960,NYQ
AOS,A.O. Smith Corporation,Industrials,Mid-Cap,1800398,NYQ
ATR,"AptarGroup, Inc.",Healthcare,Mid-Cap,520049,NYQ
XP,XP Inc.,Financial Services,Mid-Cap,5725487,NMS
PTGX,"Protagonist Therapeutics, Inc.",Healthcare,Mid-Cap,695236,NGM
QGEN,Qiagen N.V.,Healthcare,Mid-Cap,2529836,NYQ
VIAV,Viavi Solutions Inc.,Technology,Mid-Cap,7027876,NMS
TTEK,"Tetra Tech, Inc.",Industrials,Mid-Cap,3594485,NMS
VICR,Vicor Corporation,Technology,Mid-Cap,904842,NMS
FRO,Frontline Plc,Energy,Mid-Cap,2826661,NYQ
CBSH,"Commerce Bancshares, Inc.",Financial Services,Mid-Cap,1254317,NMS
JXN,Jackson Financial Inc.,Financial Services,Mid-Cap,639900,NYQ
RHP,"Ryman Hospitality Properties, I",Real Estate,Mid-Cap,622771,NYQ
SYRE,"Spyre Therapeutics, Inc.",Healthcare,Mid-Cap,1324576,NMS
HQY,"HealthEquity, Inc.",Healthcare,Mid-Cap,931387,NMS
EDU,New Oriental Education & Techno,Consumer Defensive,Mid-Cap,672734,NYQ
PRMB,Primo Brands Corporation,Consumer Defensive,Mid-Cap,3417080,NYQ
CNM,"Core & Main, Inc.",Industrials,Mid-Cap,2373517,NYQ
CAE,CAE Inc,Industrials,Mid-Cap,786517,NMS
CHYM,"Chime Financial, Inc.",Technology,Mid-Cap,5568563,NMS
EAT,"Brinker International, Inc.",Consumer Cyclical,Mid-Cap,1040096,NYQ
TGTX,"TG Therapeutics, Inc.",Healthcare,Mid-Cap,2439414,NCM
ALKS,Alkermes plc,Healthcare,Mid-Cap,2270069,NMS
RGEN,Repligen Corporation,Healthcare,Mid-Cap,1227436,NMS
AVTR,"Avantor, Inc.",Healthcare,Mid-Cap,10623831,NYQ
EGO,Eldorado Gold Corporation,Basic Materials,Mid-Cap,2834985,NYQ
HESM,Hess Midstream LP,Energy,Mid-Cap,1568006,NYQ
KMX,CarMax Inc,Consumer Cyclical,Mid-Cap,3281055,NYQ
IAG,Iamgold Corporation,Basic Materials,Mid-Cap,5552547,NYQ
CIFR,Cipher Digital Inc.,Technology,Mid-Cap,26360222,NMS
KNTK,Kinetik Holdings Inc.,Energy,Mid-Cap,1029938,NYQ
VNO,Vornado Realty Trust,Real Estate,Nano-Cap,1791293,NYQ
MAC,Macerich Company (The),Real Estate,Mid-Cap,3463777,NYQ
IDA,"IDACORP, Inc.",Utilities,Mid-Cap,573284,NYQ
HXL,Hexcel Corporation,Industrials,Mid-Cap,1031439,NYQ
ZWS,Zurn Elkay Water Solutions Corp,Industrials,Mid-Cap,996720,NYQ
GGAL,Grupo Financiero Galicia S.A.,Financial Services,Mid-Cap,1177960,NCM
WULF,TeraWulf Inc.,Financial Services,Mid-Cap,31696988,NCM
ALGM,"Allegro MicroSystems, Inc.",Technology,Mid-Cap,3019125,NMS
LNC,Lincoln National Corporation,Financial Services,Mid-Cap,1947547,NYQ
ETSY,"Etsy, Inc.",Consumer Cyclical,Mid-Cap,2852903,NYQ
FAF,First American Corporation (New,Financial Services,Mid-Cap,943341,NYQ
QRVO,"Qorvo, Inc.",Technology,Mid-Cap,1296419,NMS
GLXY,Galaxy Digital Inc.,Financial Services,Mid-Cap,6534939,NMS
VLY,Valley National Bancorp,Financial Services,Mid-Cap,6475877,NMS
UGI,UGI Corporation,Utilities,Nano-Cap,1779801,NYQ
STAG,"Stag Industrial, Inc.",Real Estate,Mid-Cap,1502077,NYQ
IMVT,"Immunovant, Inc.",Healthcare,Mid-Cap,1717223,NMS
RIOT,"Riot Platforms, Inc.",Financial Services,Mid-Cap,17471800,NCM
SNAP,Snap Inc.,Communication Services,Mid-Cap,41536036,NYQ
PCVX,"Vaxcyte, Inc.",Healthcare,Mid-Cap,1573944,NMS
BLDR,"Builders FirstSource, Inc.",Industrials,Mid-Cap,2642325,NYQ
EMN,Eastman Chemical Company,Basic Materials,Nano-Cap,1243069,NYQ
TRNO,Terreno Realty Corporation,Real Estate,Mid-Cap,892846,NYQ
SOBO,South Bow Corporation,Energy,Mid-Cap,854593,NYQ
AVAV,"AeroVironment, Inc.",Industrials,Mid-Cap,1631360,NMS
BIRK,Birkenstock Holding plc,Consumer Cyclical,Mid-Cap,2328052,NYQ
CBC,"Central Bancompany, Inc.",Financial Services,Mid-Cap,700977,NMS
NFG,National Fuel Gas Company,Energy,Mid-Cap,781880,NYQ
CMC,Commercial Metals Company,Industrials,Nano-Cap,1219330,NYQ
AG,First Majestic Silver Corp.,Basic Materials,Mid-Cap,12185487,NYQ
TEX,Terex Corporation,Industrials,Mid-Cap,1398003,NYQ
AAON,"AAON, Inc.",Industrials,Mid-Cap,1189166,NMS
BVN,Buenaventura Mining Company Inc,Basic Materials,Mid-Cap,1127385,NYQ
ZG,"Zillow Group, Inc.",Communication Services,Mid-Cap,1323942,NMS
HR,Healthcare Realty Trust Incorpo,Real Estate,Mid-Cap,4393084,NYQ
KEX,Kirby Corporation,Industrials,Mid-Cap,616134,NYQ
LQDA,Liquidia Corporation,Healthcare,Mid-Cap,1971552,NCM
AXTA,Axalta Coating Systems Ltd.,Basic Materials,Mid-Cap,2329184,NYQ
TTAN,"ServiceTitan, Inc.",Technology,Mid-Cap,1625368,NMS
TEM,"Tempus AI, Inc.",Healthcare,Mid-Cap,6487952,NMS
SGHC,Super Group (SGHC) Limited,Consumer Cyclical,Mid-Cap,3443623,NYQ
PAYC,"Paycom Software, Inc.",Technology,Mid-Cap,968249,NYQ
RAL,Ralliant Corporation,Technology,Mid-Cap,1826190,NYQ
APLD,Applied Digital Corporation,Technology,Mid-Cap,21559596,NMS
BILI,Bilibili Inc.,Communication Services,Mid-Cap,2982182,NMS
CAVA,"CAVA Group, Inc.",Consumer Cyclical,Mid-Cap,3299311,NYQ
JBTM,JBT Marel Corporation,Industrials,Mid-Cap,533409,NYQ
SIMO,Silicon Motion Technology Corpo,Technology,Mid-Cap,1044376,NMS
CWEN,"Clearway Energy, Inc.",Utilities,Mid-Cap,1316925,NYQ
DBX,"Dropbox, Inc.",Technology,Mid-Cap,4040860,NMS
CELH,"Celsius Holdings, Inc.",Consumer Defensive,Mid-Cap,9394971,NCM
LEA,Lear Corporation,Consumer Cyclical,Nano-Cap,654609,NYQ
PACS,"PACS Group, Inc.",Healthcare,Mid-Cap,922530,NYQ
LW,"Lamb Weston Holdings, Inc.",Consumer Defensive,Mid-Cap,1686300,NYQ
CAG,"ConAgra Brands, Inc.",Consumer Defensive,Mid-Cap,17885649,NYQ
PDI,PIMCO Dynamic Income Fund,Financial Services,Mid-Cap,2725684,NYQ
PCTY,Paylocity Holding Corporation,Technology,Mid-Cap,776855,NMS
POWL,"Powell Industries, Inc.",Industrials,Mid-Cap,772557,NMS
CEF,"""Sprott Physical Gold and Silve",N/A,Mid-Cap,668323,ASE
SFM,"Sprouts Farmers Market, Inc.",Consumer Defensive,Mid-Cap,2254288,NMS
PCOR,"Procore Technologies, Inc.",Technology,Mid-Cap,3114773,NYQ
MOS,Mosaic Company (The),Basic Materials,Mid-Cap,8874750,NYQ
RYTM,"Rhythm Pharmaceuticals, Inc.",Healthcare,Mid-Cap,807609,NGM
GAP,"Gap, Inc. (The)",Consumer Cyclical,Nano-Cap,8151688,NYQ
PBF,PBF Energy Inc.,Energy,Mid-Cap,2921919,NYQ
CHRD,Chord Energy Corporation,Energy,Mid-Cap,800596,NMS
MP,MP Materials Corp.,Basic Materials,Mid-Cap,6066280,NYQ
IBRX,"ImmunityBio, Inc.",Healthcare,Mid-Cap,12659361,NMS
PL,Planet Labs PBC,Industrials,Mid-Cap,12321836,NYQ
RSI,"Rush Street Interactive, Inc.",Consumer Cyclical,Mid-Cap,2745123,NYQ
YOU,"Clear Secure, Inc.",Technology,Mid-Cap,1454844,NYQ
EQX,Equinox Gold Corp.,Basic Materials,Mid-Cap,12579823,ASE
PPC,Pilgrim's Pride Corporation,Consumer Defensive,Mid-Cap,1572403,NMS
OMF,"OneMain Holdings, Inc.",Financial Services,Mid-Cap,1138463,NYQ
SM,SM Energy Company,Energy,Mid-Cap,3908907,NYQ
VIST,Vista Energy S.A.B. de C.V.,Energy,Mid-Cap,1003547,NYQ
NOV,NOV Inc.,Energy,Mid-Cap,4113868,NYQ
VIPS,Vipshop Holdings Limited,Consumer Cyclical,Mid-Cap,2489765,NYQ
ACA,"Arcosa, Inc.",Industrials,Mid-Cap,663968,NYQ
JOBY,"Joby Aviation, Inc.",Industrials,Mid-Cap,40637146,NYQ
FSS,Federal Signal Corporation,Industrials,Mid-Cap,532522,NYQ
VSXY,Victorias Secret & Co.,Consumer Cyclical,Mid-Cap,2285888,NYQ
MHK,"Mohawk Industries, Inc.",Consumer Cyclical,Nano-Cap,829887,NYQ
BZ,KANZHUN LIMITED - American Depo,Communication Services,Mid-Cap,3706190,NMS
AVT,"Avnet, Inc.",Technology,Mid-Cap,1280419,NMS
SSL,Sasol Ltd.,Basic Materials,Nano-Cap,1497166,NYQ
KLAR,Klarna Group plc,Financial Services,Mid-Cap,5348828,NYQ
AAOI,"Applied Optoelectronics, Inc.",Technology,Mid-Cap,11793290,NGM
MSM,"MSC Industrial Direct Company, ",Industrials,Nano-Cap,768180,NYQ
VFC,V.F. Corporation,Consumer Cyclical,Mid-Cap,8007757,NYQ
EPRT,Essential Properties Realty Tru,Real Estate,Mid-Cap,1853801,NYQ
INGM,Ingram Micro Holding Corporatio,Technology,Mid-Cap,1496611,NYQ
MBGL,Mobility Global Inc.,Technology,Mid-Cap,11478036,NYQ
POOL,Pool Corporation,Industrials,Mid-Cap,1036092,NMS
CRUS,"Cirrus Logic, Inc.",Technology,Mid-Cap,625749,NMS
OKLO,Oklo Inc.,Utilities,Mid-Cap,11726465,NYQ
CPB,The Campbell's Company,Consumer Defensive,Nano-Cap,8620174,NMS
FLR,Fluor Corporation,Industrials,Nano-Cap,2732160,NYQ
CLF,Cleveland-Cliffs Inc.,Basic Materials,Mid-Cap,21081830,NYQ
FORM,"FormFactor, Inc.",Technology,Mid-Cap,1873036,NMS
MIRM,"Mirum Pharmaceuticals, Inc.",Healthcare,Mid-Cap,987831,NGM
COGT,"Cogent Biosciences, Inc.",Healthcare,Mid-Cap,2430103,NMS
BYD,Boyd Gaming Corporation,Consumer Cyclical,Mid-Cap,1026211,NYQ
ICL,ICL Group Ltd.,Basic Materials,Mid-Cap,1375200,NYQ
FNB,F.N.B. Corporation,Financial Services,Mid-Cap,5320957,NYQ
LKQ,LKQ Corporation,Consumer Cyclical,Mid-Cap,3163249,NMS
JAN,"Janus Living, Inc.",Real Estate,Mid-Cap,1318192,NYQ
UGP,Ultrapar Participacoes S.A. (Ne,Energy,Mid-Cap,3668077,NYQ
SWX,"Southwest Gas Holdings, Inc.",Utilities,Mid-Cap,537241,NYQ
NAVN,"Navan, Inc.",Technology,Mid-Cap,4474693,NMS
CROX,"Crocs, Inc.",Consumer Cyclical,Mid-Cap,1171379,NMS
LOAR,Loar Holdings Inc.,Industrials,Mid-Cap,782336,NYQ
HIMS,"Hims & Hers Health, Inc.",Healthcare,Mid-Cap,18947569,NYQ
GTES,Gates Industrial Corporation Lt,Industrials,Mid-Cap,2057780,NYQ
RRR,"Red Rock Resorts, Inc.",Consumer Cyclical,Mid-Cap,766641,NMS
ST,Sensata Technologies Holding pl,Technology,Mid-Cap,2130400,NYQ
CORZ,"Core Scientific, Inc.",Technology,Mid-Cap,13743569,NMS
RYN,Rayonier Inc. REIT,Real Estate,Nano-Cap,2554209,NYQ
UBSI,"United Bankshares, Inc.",Financial Services,Mid-Cap,976530,NMS
LNTH,"Lantheus Holdings, Inc.",Healthcare,Mid-Cap,1027833,NGM
M,Macy's Inc,Consumer Cyclical,Mid-Cap,6110920,NYQ
DPC,DPC Holdings PLC,Industrials,Mid-Cap,2245176,NYQ
ENS,EnerSys,Industrials,Mid-Cap,517917,NYQ
PSN,Parsons Corporation,Technology,Mid-Cap,1411511,NYQ
DUOL,"Duolingo, Inc.",Technology,Mid-Cap,1506641,NMS
QBTS,D-Wave Quantum Inc.,Technology,Mid-Cap,30592623,NMS
ESTC,Elastic N.V.,Technology,Mid-Cap,2011314,NYQ
GLBE,Global-E Online Ltd.,Consumer Cyclical,Mid-Cap,1744825,NMS
CAMT,Camtek Ltd.,Technology,Mid-Cap,521707,NGM
DSGX,The Descartes Systems Group Inc,Technology,Mid-Cap,534228,NMS
MTG,MGIC Investment Corporation,Financial Services,Mid-Cap,1920920,NYQ
INGR,Ingredion Incorporated,Consumer Defensive,Mid-Cap,903887,NYQ
URBN,"Urban Outfitters, Inc.",Consumer Cyclical,Mid-Cap,1235934,NMS
TXNM,"TXNM Energy, Inc.",Utilities,Mid-Cap,1588373,NYQ
KRMN,Karman Holdings Inc.,Industrials,Mid-Cap,3455074,NYQ
SNDR,"Schneider National, Inc.",Industrials,Mid-Cap,1062649,NYQ
GBCI,"Glacier Bancorp, Inc.",Financial Services,Mid-Cap,1126519,NYQ
STWD,"STARWOOD PROPERTY TRUST, INC. S",Real Estate,Mid-Cap,3453149,NYQ
S,"SentinelOne, Inc.",Technology,Mid-Cap,7969857,NYQ
LSTR,"Landstar System, Inc.",Industrials,Mid-Cap,512074,NMS
PATH,"UiPath, Inc.",Technology,Mid-Cap,58710565,NYQ
CGON,"CG Oncology, Inc.",Healthcare,Mid-Cap,1047519,NMS
NE,Noble Corporation plc A,Energy,Mid-Cap,1591284,NYQ
ERAS,"Erasca, Inc.",Healthcare,Mid-Cap,5229492,NMS
HOMB,"Home BancShares, Inc.",Financial Services,Mid-Cap,1799336,NYQ
LUMN,"Lumen Technologies, Inc.",Communication Services,Mid-Cap,13839912,NYQ
XENE,Xenon Pharmaceuticals Inc.,Healthcare,Mid-Cap,1385574,NGM
ESNT,Essent Group Ltd.,Financial Services,Mid-Cap,789477,NYQ
FRVO,Fervo Energy Company,Utilities,Mid-Cap,4003890,NMS
CHDN,"Churchill Downs, Incorporated",Consumer Cyclical,Mid-Cap,999560,NMS
WEX,WEX Inc.,Technology,Mid-Cap,678052,NYQ
AROC,"Archrock, Inc.",Energy,Mid-Cap,1924938,NYQ
FND,"Floor & Decor Holdings, Inc.",Consumer Cyclical,Mid-Cap,2896366,NYQ
PTCT,"PTC Therapeutics, Inc.",Healthcare,Mid-Cap,1831000,NMS
CIG,Comp En De Mn Cemig,Utilities,Mid-Cap,6479826,NYQ
HWC,Hancock Whitney Corporation,Financial Services,Mid-Cap,951226,NMS
BLLN,"BillionToOne, Inc.",Healthcare,Mid-Cap,748500,NMS
ACIW,"ACI Worldwide, Inc.",Technology,Mid-Cap,937677,NMS
NJR,NewJersey Resources Corporation,Utilities,Mid-Cap,656174,NYQ
FBIN,"Fortune Brands Innovations, Inc",Industrials,Mid-Cap,2721201,NYQ
PAGP,"Plains GP Holdings, L.P.",Energy,Mid-Cap,1524638,NMS
GXO,"GXO Logistics, Inc.",Industrials,Mid-Cap,1447282,NYQ
MIDD,The Middleby Corporation,Industrials,Mid-Cap,784273,NMS
CZR,"Caesars Entertainment, Inc.",Consumer Cyclical,Mid-Cap,6465768,NMS
KRG,Kite Realty Group Trust,Real Estate,Mid-Cap,2346685,NYQ
GDS,GDS Holdings Limited,Technology,Mid-Cap,2377642,NGM
AUB,Atlantic Union Bankshares Corpo,Financial Services,Mid-Cap,1142188,NYQ
NXE,Nexgen Energy Ltd.,Energy,Mid-Cap,5813692,NYQ
FIGR,"Figure Technology Solutions, In",Financial Services,Mid-Cap,3782341,NMS
KNSA,Kiniksa Pharmaceuticals Interna,Healthcare,Mid-Cap,775790,NMS
ORA,"Ormat Technologies, Inc.",Utilities,Mid-Cap,949912,NYQ
SBSW,D/B/A Sibanye-Stillwater Limite,Basic Materials,Mid-Cap,5118603,NYQ
WFRD,Weatherford International plc,Energy,Mid-Cap,1307215,NMS
ENIC,Enel Chile S.A.,Utilities,Mid-Cap,589319,NYQ
RUSHA,"Rush Enterprises, Inc.",Consumer Cyclical,Mid-Cap,517984,NMS
OTEX,Open Text Corporation,Technology,Mid-Cap,2397179,NMS
RLI,RLI Corp.,Financial Services,Mid-Cap,1000577,NYQ
ECG,"Everus Construction Group, Inc.",Industrials,Mid-Cap,645285,NYQ
POR,Portland General Electric Co,Utilities,Mid-Cap,1246303,NYQ
ROAD,"Construction Partners, Inc.",Industrials,Mid-Cap,870906,NMS
PECO,"Phillips Edison & Company, Inc.",Real Estate,Mid-Cap,1025638,NMS
SON,Sonoco Products Company,Consumer Cyclical,Mid-Cap,1269749,NYQ
AMRX,"Amneal Pharmaceuticals, Inc.",Healthcare,Mid-Cap,1935223,NMS
MRCY,Mercury Systems Inc,Industrials,Mid-Cap,700503,NMS
TFX,Teleflex Incorporated,Healthcare,Nano-Cap,567563,NYQ
BEPC,Brookfield Renewable Corporatio,Utilities,Mid-Cap,1615966,NYQ
NICE,NICE Ltd,Technology,Mid-Cap,730965,NMS
TFPM,Triple Flag Precious Metals Cor,Basic Materials,Mid-Cap,646412,NYQ
TXG,"10x Genomics, Inc.",Healthcare,Mid-Cap,3147339,NMS
G,Genpact Limited,Technology,Mid-Cap,2778498,NYQ
ABCB,Ameris Bancorp,Financial Services,Mid-Cap,505909,NYQ
TEO,Telecom Argentina SA,Communication Services,Nano-Cap,501122,NYQ
DOX,Amdocs Limited,Technology,Nano-Cap,1397014,NMS
HNGE,"Hinge Health, Inc.",Healthcare,Mid-Cap,1982488,NYQ
LYFT,"Lyft, Inc.",Technology,Mid-Cap,13928041,NMS
ASB,Associated Banc-Corp,Financial Services,Mid-Cap,2030039,NYQ
SRRK,Scholar Rock Holding Corporatio,Healthcare,Mid-Cap,1387187,NMS
TAL,TAL Education Group,Consumer Defensive,Nano-Cap,3867531,NYQ
FLG,"Flagstar Bank, N.A.",Financial Services,Mid-Cap,4728706,NYQ
CAR,"Avis Budget Group, Inc.",Industrials,Mid-Cap,825830,NMS
MTDR,Matador Resources Company,Energy,Mid-Cap,1835828,NYQ
CWST,"Casella Waste Systems, Inc.",Industrials,Mid-Cap,721742,NMS
BKH,Black Hills Corporation,Utilities,Mid-Cap,929330,NYQ
KGS,"Kodiak Gas Services, Inc.",Energy,Mid-Cap,2043400,NYQ
MGY,Magnolia Oil & Gas Corporation,Energy,Mid-Cap,4026539,NYQ
HRB,"H&R Block, Inc.",Consumer Cyclical,Mid-Cap,2368896,NYQ
PRM,"Perimeter Solutions, SA",Basic Materials,Mid-Cap,1696192,NYQ
BGC,"BGC Group, Inc.",Financial Services,Mid-Cap,3283914,NMS
GTLB,GitLab Inc.,Technology,Mid-Cap,5655052,NMS
ACI,"Albertsons Companies, Inc.",Consumer Defensive,Mid-Cap,8231706,NYQ
OUT,OUTFRONT Media Inc.,Real Estate,Mid-Cap,1805806,NYQ
AMTM,"Amentum Holdings, Inc.",Industrials,Mid-Cap,2059480,NYQ
KVYO,"Klaviyo, Inc. Series A",Technology,Mid-Cap,6504009,NYQ
SBRA,"Sabra Health Care REIT, Inc.",Real Estate,Mid-Cap,3006184,NMS
SIGI,"Selective Insurance Group, Inc.",Financial Services,Mid-Cap,582057,NMS
WH,"Wyndham Hotels & Resorts, Inc.",Consumer Cyclical,Mid-Cap,1353069,NYQ
STEP,StepStone Group Inc.,Financial Services,Mid-Cap,1318193,NMS
OZK,Bank OZK,Financial Services,Mid-Cap,1165458,NMS
DNTH,"Dianthus Therapeutics, Inc.",Healthcare,Mid-Cap,1006839,NCM
RIG,Transocean Ltd (Switzerland),Energy,Mid-Cap,37063334,NYQ
ESAB,ESAB Corporation,Industrials,Mid-Cap,693874,NYQ
GTX,Garrett Motion Inc.,Consumer Cyclical,Mid-Cap,2918777,NMS
DFTX,"Definium Therapeutics, Inc.",Healthcare,Mid-Cap,2773644,NMS
MTN,"Vail Resorts, Inc.",Consumer Cyclical,Mid-Cap,783436,NYQ
OR,OR Royalties Inc.,Basic Materials,Mid-Cap,973242,NYQ
REZI,"Resideo Technologies, Inc.",Industrials,Mid-Cap,1552603,NYQ
OBDC,Blue Owl Capital Corporation,Financial Services,Mid-Cap,3654953,NYQ
RITM,Rithm Capital Corp.,Real Estate,Mid-Cap,5501620,NYQ
REYN,Reynolds Consumer Products Inc.,Consumer Cyclical,Mid-Cap,1234260,NMS
ZETA,Zeta Global Holdings Corp.,Technology,Mid-Cap,9013087,NYQ
ALK,"Alaska Air Group, Inc.",Industrials,Mid-Cap,3340050,NYQ
BXSL,Blackstone Secured Lending Fund,Financial Services,Mid-Cap,1855384,NYQ
VRNS,"Varonis Systems, Inc.",Technology,Mid-Cap,2268158,NMS
TWST,Twist Bioscience Corporation,Healthcare,Mid-Cap,1737007,NMS
ORKA,"Oruka Therapeutics, Inc.",Healthcare,Mid-Cap,1456411,NGM
LPX,Louisiana-Pacific Corporation,Industrials,Mid-Cap,1178514,NYQ
MXL,"MaxLinear, Inc",Technology,Mid-Cap,4571439,NMS
FOUR,"Shift4 Payments, Inc.",Technology,Mid-Cap,1568623,NYQ
EBC,"Eastern Bankshares, Inc.",Financial Services,Mid-Cap,3191687,NMS
BC,Brunswick Corporation,Consumer Cyclical,Mid-Cap,671246,NYQ
MWH,"SOLV Energy, Inc.",Utilities,Mid-Cap,2077511,NMS
GVA,Granite Construction Incorporat,Industrials,Mid-Cap,921695,NYQ
ADT,ADT Inc.,Industrials,Mid-Cap,10845080,NYQ
GRFS,"Grifols, S.A.",Healthcare,Mid-Cap,701239,NMS
ALH,Alliance Laundry Holdings Inc.,Consumer Cyclical,Mid-Cap,655536,NYQ
SSRM,SSR Mining Inc.,Basic Materials,Mid-Cap,3158780,NMS
SXT,Sensient Technologies Corporati,Basic Materials,Mid-Cap,511820,NYQ
MUR,Murphy Oil Corporation,Energy,Nano-Cap,1785180,NYQ
VSNT,"Versant Media Group, Inc.",Communication Services,Mid-Cap,1932326,NMS
CUZ,Cousins Properties Incorporated,Real Estate,Mid-Cap,1737460,NYQ
LAUR,"Laureate Education, Inc.",Consumer Defensive,Mid-Cap,1252953,NMS
IEP,Icahn Enterprises L.P. - Deposi,Energy,Mid-Cap,869177,NMS
RDN,Radian Group Inc.,Financial Services,Mid-Cap,1347338,NYQ
CHH,"Choice Hotels International, In",Consumer Cyclical,Mid-Cap,634809,NYQ
PIPR,Piper Sandler Companies,Financial Services,Mid-Cap,634607,NYQ
FTDR,"frontdoor, inc.",Consumer Cyclical,Mid-Cap,587119,NMS
EPAM,"EPAM Systems, Inc.",Technology,Mid-Cap,1986325,NYQ
TVTX,"Travere Therapeutics, Inc.",Healthcare,Mid-Cap,2060655,NGM
BIPC,Brookfield Infrastructure Corpo,Utilities,Mid-Cap,1084155,NYQ
VAL,Valaris Limited,Energy,Mid-Cap,932909,NYQ
CVLT,"Commvault Systems, Inc.",Technology,Mid-Cap,782703,NMS
TFSL,TFS Financial Corporation,Financial Services,Mid-Cap,920671,NMS
UFPI,"UFP Industries, Inc.",Basic Materials,Mid-Cap,521790,NMS
SAIC,Science Applications Internatio,Technology,Mid-Cap,553655,NMS
BTG,B2Gold Corp,Basic Materials,Mid-Cap,23116047,ASE
VVV,Valvoline Inc.,Consumer Cyclical,Mid-Cap,2200092,NYQ
SEZL,Sezzle Inc.,Financial Services,Mid-Cap,666569,NCM
GNTX,Gentex Corporation,Consumer Cyclical,Mid-Cap,2479995,NMS
OGS,"ONE Gas, Inc.",Utilities,Nano-Cap,659438,NYQ
MC,Moelis & Company,Financial Services,Mid-Cap,949226,NYQ
MAIN,Main Street Capital Corporation,Financial Services,Mid-Cap,692190,NYQ
SKT,Tanger Inc.,Real Estate,Mid-Cap,1023369,NYQ
MMYT,MakeMyTrip Limited,Consumer Cyclical,Mid-Cap,1041025,NMS
SLGN,Silgan Holdings Inc.,Consumer Cyclical,Mid-Cap,1127477,NYQ
MMED,"MiniMed Group, Inc.",Healthcare,Mid-Cap,1022339,NMS
DAVE,Dave Inc.,Technology,Mid-Cap,573644,NGM
FCN,"FTI Consulting, Inc.",Industrials,Mid-Cap,515663,NYQ
FFIN,"First Financial Bankshares, Inc",Financial Services,Mid-Cap,910934,NMS
ACMR,"ACM Research, Inc.",Technology,Mid-Cap,1672141,NGM
CNO,"CNO Financial Group, Inc.",Financial Services,Mid-Cap,813320,NYQ
VSH,"Vishay Intertechnology, Inc.",Technology,Mid-Cap,7379615,NYQ
SHC,Sotera Health Company,Healthcare,Mid-Cap,3379276,NMS
NOVT,Novanta Inc.,Technology,Mid-Cap,532357,NMS
DLB,Dolby Laboratories,Industrials,Mid-Cap,949382,NYQ
HLNE,Hamilton Lane Incorporated,Financial Services,Mid-Cap,916574,NMS
GLNG,Golar LNG Limited,Energy,Mid-Cap,1426141,NMS
HASI,HA Sustainable Infrastructure C,Financial Services,Mid-Cap,1023893,NYQ
SPHR,Sphere Entertainment Co.,Communication Services,Mid-Cap,738312,NYQ
SR,Spire Inc.,Utilities,Nano-Cap,552311,NYQ
RDNT,"RadNet, Inc.",Healthcare,Mid-Cap,867695,NGM
EPR,EPR Properties,Real Estate,Mid-Cap,664687,NYQ
ELF,"e.l.f. Beauty, Inc.",Consumer Defensive,Mid-Cap,3552038,NYQ
GBTG,"Global Business Travel Group, I",Consumer Cyclical,Mid-Cap,4188428,NYQ
EQPT,EquipmentShare.com Inc,Industrials,Mid-Cap,2892503,NMS
PEGA,Pegasystems Inc.,Technology,Mid-Cap,2643638,NMS
MTH,Meritage Homes Corporation,Consumer Cyclical,Mid-Cap,919706,NYQ
RELY,"Remitly Global, Inc.",Technology,Mid-Cap,4536395,NMS
NTSK,"Netskope, Inc.",Technology,Mid-Cap,5715771,NMS
KTB,"Kontoor Brands, Inc.",Consumer Cyclical,Mid-Cap,834168,NYQ
HRI,Herc Holdings Inc.,Industrials,Mid-Cap,568107,NYQ
ATAT,Atour Lifestyle Holdings Limite,Consumer Cyclical,Mid-Cap,1001817,NMS
MDA,MDA Space Ltd.,Industrials,Mid-Cap,1491226,NYQ
MANE,"Veradermics, Incorporated",Healthcare,Mid-Cap,645158,NYQ
BOOT,"Boot Barn Holdings, Inc.",Consumer Cyclical,Mid-Cap,760965,NYQ
BCO,Brinks Company (The),Industrials,Nano-Cap,516712,NYQ
CE,Celanese Corporation,Basic Materials,Mid-Cap,1870849,NYQ
RGTI,"Rigetti Computing, Inc.",Technology,Mid-Cap,38496323,NCM
IRDM,Iridium Communications Inc,Communication Services,Mid-Cap,2504931,NMS
QLYS,"Qualys, Inc.",Technology,Mid-Cap,792376,NMS
CNX,CNX Resources Corporation,Energy,Mid-Cap,1855544,NYQ
INDV,"Indivior Pharmaceuticals, Inc.",Healthcare,Mid-Cap,1897266,NMS
OII,"Oceaneering International, Inc.",Energy,Mid-Cap,1105504,NYQ
TKC,Turkcell Iletisim Hizmetleri AS,Communication Services,Mid-Cap,2078298,NYQ
ENPH,"Enphase Energy, Inc.",Technology,Mid-Cap,7301773,NGM
TNL,Travel   Leisure Co.,Consumer Cyclical,Mid-Cap,846576,NYQ
SLM,SLM Corporation,Financial Services,Mid-Cap,2737068,NMS
MRP,"Millrose Properties, Inc.",Real Estate,Mid-Cap,1661949,NYQ
CBT,Cabot Corporation,Basic Materials,Mid-Cap,522503,NYQ
KBR,"KBR, Inc.",Industrials,Mid-Cap,1989365,NYQ
FULT,Fulton Financial Corporation,Financial Services,Mid-Cap,1910915,NMS
ITRI,"Itron, Inc.",Technology,Mid-Cap,809717,NMS
RNG,"Ringcentral, Inc.",Technology,Mid-Cap,2026334,NYQ
TBBB,BBB Foods Inc.,Consumer Defensive,Mid-Cap,694850,NYQ
AQN,Algonquin Power & Utilities Cor,Utilities,Mid-Cap,4476452,NYQ
KLIC,"Kulicke and Soffa Industries, I",Technology,Mid-Cap,1097942,NMS
BB,BlackBerry Limited,Technology,Mid-Cap,33501980,NYQ
LMND,"Lemonade, Inc.",Financial Services,Mid-Cap,1602611,NYQ
WSC,WillScot Holdings Corporation,Industrials,Mid-Cap,2345039,NCM
MMSI,"Merit Medical Systems, Inc.",Healthcare,Mid-Cap,880877,NMS
CRSP,CRISPR Therapeutics AG,Healthcare,Mid-Cap,1711280,NGM
OCTV,Octave Intelligence plc,Technology,Mid-Cap,1382900,NMS
BILL,"BILL Holdings, Inc.",Technology,Mid-Cap,2729469,NYQ
ANF,Abercrombie & Fitch Company,Consumer Cyclical,Mid-Cap,1293647,NYQ
OTF,Blue Owl Technology Finance Cor,Financial Services,Mid-Cap,2264082,NYQ
EXLS,"ExlService Holdings, Inc.",Technology,Mid-Cap,2723050,NMS
UEC,Uranium Energy Corp.,Energy,Mid-Cap,9935523,ASE
VNT,Vontier Corporation,Technology,Mid-Cap,1912190,NYQ
INSW,"International Seaways, Inc.",Energy,Mid-Cap,580192,NYQ
SEI,"Solaris Energy Infrastructure, ",Energy,Mid-Cap,2810074,NYQ
MRX,Marex Group Limited,Financial Services,Mid-Cap,917052,NMS
FHI,"Federated Hermes, Inc.",Financial Services,Mid-Cap,696926,NYQ
SKY,"Champion Homes, Inc.",Consumer Cyclical,Mid-Cap,772411,NYQ
WAY,Waystar Holding Corp.,Healthcare,Mid-Cap,2708919,NMS
XMTR,"Xometry, Inc.",Industrials,Mid-Cap,944579,NMS
TREX,"Trex Company, Inc.",Industrials,Mid-Cap,2094282,NYQ
AUGO,Aura Minerals Inc.,Basic Materials,Mid-Cap,990250,NMS
LIF,"Life360, Inc.",Technology,Mid-Cap,729998,NMS
PTRN,Pattern Group Inc. - Series A,Technology,Mid-Cap,2025598,NMS
SITE,"SiteOne Landscape Supply, Inc.",Industrials,Mid-Cap,903241,NYQ
KRC,Kilroy Realty Corporation,Real Estate,Mid-Cap,1538793,NYQ
LIVN,LivaNova PLC,Healthcare,Mid-Cap,752449,NMS
MAT,"Mattel, Inc.",Consumer Cyclical,Mid-Cap,4610903,NMS
KNF,Knife Riv Holding Co.,Basic Materials,Mid-Cap,546474,NYQ
BNL,"Broadstone Net Lease, Inc.",Real Estate,Mid-Cap,1854060,NYQ
PFSI,"PennyMac Financial Services, In",Financial Services,Mid-Cap,585815,NYQ
CMBT,CMB.TECH NV,Energy,Mid-Cap,1360392,NYQ
ACAD,ACADIA Pharmaceuticals Inc.,Healthcare,Mid-Cap,1606911,NMS
XE,"X-Energy, Inc.",Industrials,Mid-Cap,5113944,NMS
FBP,First BanCorp. New,Financial Services,Mid-Cap,1515942,NYQ
VCYT,"Veracyte, Inc.",Healthcare,Mid-Cap,1324987,NGM
PLNT,"Planet Fitness, Inc.",Consumer Cyclical,Mid-Cap,2508995,NYQ
CDP,COPT Defense Properties,Real Estate,Mid-Cap,1018696,NYQ
ATMU,Atmus Filtration Technologies I,Consumer Cyclical,Mid-Cap,913168,NYQ
CRC,California Resources Corporatio,Energy,Mid-Cap,835368,NYQ
SRAD,Sportradar Group AG,Technology,Mid-Cap,2566611,NMS
CAI,"Caris Life Sciences, Inc.",Healthcare,Mid-Cap,3269866,NMS
MIAX,"Miami International Holdings, I",Financial Services,Mid-Cap,1907888,NYQ
CAKE,The Cheesecake Factory Incorpor,Consumer Cyclical,Mid-Cap,1408361,NMS
DLO,DLocal Limited,Technology,Mid-Cap,2712076,NMS
CALM,"Cal-Maine Foods, Inc.",Consumer Defensive,Mid-Cap,868703,NMS
BOX,"Box, Inc.",Technology,Mid-Cap,2531387,NYQ
NVST,Envista Holdings Corporation,Healthcare,Mid-Cap,3167360,NYQ
EWTX,"Edgewise Therapeutics, Inc.",Healthcare,Mid-Cap,1413569,NMS
CENX,Century Aluminum Company,Basic Materials,Mid-Cap,2052579,NMS
MDU,"MDU Resources Group, Inc.",Utilities,Mid-Cap,1657428,NYQ
ONDS,Ondas Inc,Technology,Mid-Cap,85030873,NCM
MKTX,"MarketAxess Holdings, Inc.",Financial Services,Mid-Cap,884188,NMS
TCBI,"Texas Capital Bancshares, Inc.",Financial Services,Mid-Cap,511901,NMS
SYNA,Synaptics Incorporated,Technology,Mid-Cap,1083834,NMS
TPC,Tutor Perini Corporation,Industrials,Mid-Cap,740711,NYQ
MARA,"MARA Holdings, Inc.",Financial Services,Mid-Cap,44953676,NCM
PRIM,Primoris Services Corporation,Industrials,Mid-Cap,2338228,NYQ
BFH,"Bread Financial Holdings, Inc.",Financial Services,Mid-Cap,692253,NYQ
BETA,"Beta Technologies, Inc.",Industrials,Mid-Cap,1630241,NYQ
TNGX,"Tango Therapeutics, Inc.",Healthcare,Mid-Cap,4007244,NGM
POST,"Post Holdings, Inc.",Consumer Defensive,Mid-Cap,873073,NYQ
NP,Neptune Insurance Holdings Inc.,Financial Services,Mid-Cap,942134,NYQ
OPLN,"OPENLANE, Inc.",Consumer Cyclical,Mid-Cap,1051696,NYQ
BFAM,Bright Horizons Family Solution,Consumer Cyclical,Mid-Cap,1280220,NYQ
KFY,Korn Ferry,Industrials,Nano-Cap,534268,NYQ
UCB,"United Community Banks, Inc.",Financial Services,Mid-Cap,935507,NYQ
PAY,"Paymentus Holdings, Inc.",Technology,Mid-Cap,1074352,NYQ
DYN,"Dyne Therapeutics, Inc.",Healthcare,Mid-Cap,2099485,NMS
LFST,"LifeStance Health Group, Inc.",Healthcare,Mid-Cap,4157679,NMS
CATY,Cathay General Bancorp,Financial Services,Mid-Cap,503769,NMS
LAZ,"Lazard, Inc.",Financial Services,Mid-Cap,2146790,NYQ
OLLI,Ollie's Bargain Outlet Holdings,Consumer Defensive,Mid-Cap,2115244,NGM
COLD,"Americold Realty Trust, Inc.",Real Estate,Mid-Cap,4652277,NYQ
CON,Concentra Group Holdings Parent,Healthcare,Mid-Cap,962536,NYQ
HCC,"Warrior Met Coal, Inc.",Basic Materials,Mid-Cap,840793,NYQ
THO,"Thor Industries, Inc.",Consumer Cyclical,Mid-Cap,755065,NYQ
MEOH,Methanex Corporation,Basic Materials,Mid-Cap,921298,NMS
DNP,"DNP Select Income Fund, Inc.",Financial Services,Mid-Cap,660604,NYQ
CHEF,"The Chefs' Warehouse, Inc.",Consumer Defensive,Mid-Cap,551798,NMS
GPGI,"GPGI, Inc.",Industrials,Mid-Cap,2275219,NYQ
BBWI,"Bath & Body Works, Inc.",Consumer Cyclical,Mid-Cap,5779212,NYQ
PII,Polaris Inc.,Consumer Cyclical,Mid-Cap,847450,NYQ
GEO,Geo Group Inc (The) REIT,Industrials,Nano-Cap,1970950,NYQ
HGV,Hilton Grand Vacations Inc.,Consumer Cyclical,Mid-Cap,1158355,NYQ
SMG,Scotts Miracle-Gro Company (The,Basic Materials,Mid-Cap,972142,NYQ
SLG,SL Green Realty Corp,Real Estate,Mid-Cap,1134793,NYQ
MIR,"Mirion Technologies, Inc.",Industrials,Mid-Cap,4126865,NYQ
CNK,Cinemark Holdings Inc Cinemark ,Communication Services,Mid-Cap,2417231,NYQ
NMRK,"Newmark Group, Inc.",Real Estate,Mid-Cap,1413328,NMS
RHI,Robert Half Inc.,Industrials,Nano-Cap,2330958,NYQ
LRN,"Stride, Inc.",Consumer Defensive,Nano-Cap,817714,NYQ
RNST,Renasant Corporation,Financial Services,Mid-Cap,721619,NYQ
IRT,"Independence Realty Trust, Inc.",Real Estate,Mid-Cap,2774022,NYQ
MWA,MUELLER WATER PRODUCTS,Industrials,Nano-Cap,1235076,NYQ
BDC,Belden Inc,Technology,Mid-Cap,596579,NYQ
TAC,TransAlta Corporation,Utilities,Mid-Cap,1659938,NYQ
FG,"F&G Annuities & Life, Inc.",Financial Services,Mid-Cap,822249,NYQ
PARR,"Par Pacific Holdings, Inc. Comm",Energy,Mid-Cap,1039247,NYQ
CELC,Celcuity Inc.,Healthcare,Mid-Cap,1656671,NCM
FRMI,Fermi Inc.,Real Estate,Mid-Cap,18700473,NMS
CNR,"Core Natural Resources, Inc.",Energy,Mid-Cap,672698,NYQ
WSBC,"WesBanco, Inc.",Financial Services,Mid-Cap,1262255,NMS
CVBF,CVB Financial Corporation,Financial Services,Mid-Cap,1616207,NMS
ZGN,Ermenegildo Zegna N.V.,Consumer Cyclical,Mid-Cap,1228588,NYQ
APLE,"Apple Hospitality REIT, Inc.",Real Estate,Mid-Cap,3013292,NYQ
PVH,PVH Corp.,Consumer Cyclical,Nano-Cap,1088614,NYQ
CSTM,Constellium SE,Basic Materials,Mid-Cap,2030177,NYQ
RLAY,"Relay Therapeutics, Inc.",Healthcare,Mid-Cap,3977433,NGM
STNG,Scorpio Tankers Inc.,Energy,Mid-Cap,913980,NYQ
CECO,CECO Environmental Corp.,Industrials,Mid-Cap,940555,NMS
DK,"Delek US Holdings, Inc.",Energy,Nano-Cap,1202060,NYQ
YETI,"YETI Holdings, Inc.",Consumer Cyclical,Mid-Cap,1386380,NYQ
SUNC,SunocoCorp LLC,Energy,Mid-Cap,514714,NYQ
EXTR,"Extreme Networks, Inc.",Technology,Mid-Cap,2177147,NMS
COCO,"The Vita Coco Company, Inc.",Consumer Defensive,Mid-Cap,1187200,NMS
BULL,Webull Corporation,Technology,Mid-Cap,11707893,NCM
VKTX,"Viking Therapeutics, Inc.",Healthcare,Mid-Cap,2343769,NCM
BMI,"Badger Meter, Inc.",Technology,Mid-Cap,521626,NYQ
ALHC,"Alignment Healthcare, Inc.",Healthcare,Mid-Cap,6201912,NMS
PBLS,"Parabilis Medicines, Inc.",Healthcare,Mid-Cap,830536,NMS
TDS,"Telephone and Data Systems, Inc",Communication Services,Mid-Cap,1105071,NYQ
IRTC,"iRhythm Holdings, Inc.",Healthcare,Mid-Cap,575112,NMS
OLED,Universal Display Corporation,Technology,Mid-Cap,864173,NMS
NHI,"National Health Investors, Inc.",Real Estate,Nano-Cap,626457,NYQ
DOCS,"Doximity, Inc.",Healthcare,Mid-Cap,4062774,NYQ
GNW,Genworth Financial Inc,Financial Services,Mid-Cap,2882580,NYQ
LION,Lionsgate Studios Corp,N/A,Mid-Cap,3378069,NYQ
BBAR,Banco BBVA Argentina S.A.,Financial Services,Mid-Cap,662906,NYQ
HIW,"Highwoods Properties, Inc.",Real Estate,Nano-Cap,1808985,NYQ
ELVN,"Enliven Therapeutics, Inc.",Healthcare,Mid-Cap,1298231,NMS
NSIT,"Insight Enterprises, Inc.",Technology,Mid-Cap,516247,NMS
SIG,Signet Jewelers Limited,Consumer Cyclical,Mid-Cap,863988,NYQ
HAFN,Hafnia Limited,Industrials,Mid-Cap,1661082,NYQ
HAE,Haemonetics Corporation,Healthcare,Mid-Cap,887842,NYQ
DNLI,Denali Therapeutics Inc.,Healthcare,Mid-Cap,1880738,NMS
OPEN,Opendoor Technologies Inc,Real Estate,Mid-Cap,55393974,NMS
LFTO,"Liftoff Mobile, Inc.",Communication Services,Mid-Cap,1126297,NMS
QTWO,"Q2 Holdings, Inc.",Technology,Mid-Cap,864814,NYQ
CLBT,Cellebrite DI Ltd.,Technology,Mid-Cap,2074373,NMS
MNSO,MINISO Group Holding Limited,Consumer Cyclical,Mid-Cap,646900,NYQ
RXO,"RXO, Inc.",Industrials,Mid-Cap,2396088,NYQ
WING,Wingstop Inc.,Consumer Cyclical,Mid-Cap,1273011,NMS
TDW,Tidewater Inc.,Energy,Mid-Cap,748895,NYQ
WHD,"Cactus, Inc. Class A Common Sto",Energy,Mid-Cap,792261,NYQ
DIOD,Diodes Incorporated,Technology,Mid-Cap,655066,NMS
MNDY,monday.com Ltd.,Technology,Mid-Cap,1769052,NMS
LEGN,Legend Biotech Corporation,Healthcare,Mid-Cap,2818249,NMS
BKD,Brookdale Senior Living Inc.,Healthcare,Nano-Cap,4635512,NYQ
FIBK,"First Interstate BancSystem, In",Financial Services,Mid-Cap,1177903,NMS
BHF,"Brighthouse Financial, Inc.",Financial Services,Mid-Cap,531453,NMS
ACHR,Archer Aviation Inc.,Industrials,Mid-Cap,43856231,NYQ
CRK,"Comstock Resources, Inc.",Energy,Mid-Cap,2780858,NYQ
ACLS,"Axcelis Technologies, Inc.",Technology,Mid-Cap,610625,NMS
CLMT,"Calumet, Inc",Basic Materials,Mid-Cap,993909,NMS
CURB,Curbline Properties Corp.,Real Estate,Mid-Cap,1172120,NYQ
ADPT,Adaptive Biotechnologies Corpor,Healthcare,Mid-Cap,2859109,NMS
FA,First Advantage Corporation,Industrials,Mid-Cap,1712234,NMS
OPCH,"Option Care Health, Inc.",Healthcare,Mid-Cap,3271671,NMS
CCC,CCC Intelligent Solutions Holdi,Technology,Mid-Cap,10730893,NMS
OGN,Organon & Co.,Healthcare,Mid-Cap,3309682,NYQ
FFBC,First Financial Bancorp.,Financial Services,Mid-Cap,1035161,NMS
LASR,"nLIGHT, Inc.",Technology,Mid-Cap,1251715,NMS
KBH,KB Home,Consumer Cyclical,Nano-Cap,1251526,NYQ
ARQT,"Arcutis Biotherapeutics, Inc.",Healthcare,Mid-Cap,1796942,NMS
LXP,LXP Industrial Trust,Real Estate,Mid-Cap,578938,NYQ
TENB,"Tenable Holdings, Inc.",Technology,Mid-Cap,3692163,NMS
IPGP,IPG Photonics Corporation,Technology,Mid-Cap,516588,NMS
PTEN,"Patterson-UTI Energy, Inc.",Energy,Mid-Cap,9099234,NMS
LBTYA,Liberty Global Ltd.,Communication Services,Mid-Cap,2072960,NMS
AVA,Avista Corporation,Utilities,Mid-Cap,718776,NYQ
AAP,Advance Auto Parts Inc.,Consumer Cyclical,Mid-Cap,1960177,NYQ
UCTT,"Ultra Clean Holdings, Inc.",Technology,Mid-Cap,1360882,NMS
MCHB,Mechanics Bancorp,Financial Services,Mid-Cap,568349,NMS
NATL,NCR Atleos Corporation,Technology,Mid-Cap,733373,NYQ
NIQ,NIQ Global Intelligence plc,N/A,Mid-Cap,1538342,NYQ
ALM,Almonty Industries Inc.,Basic Materials,Mid-Cap,5670076,NCM
IDYA,"IDEAYA Biosciences, Inc.",Healthcare,Mid-Cap,1106471,NMS
CRGY,Crescent Energy Company,Energy,Mid-Cap,6576250,NYQ
BLSH,Bullish,Technology,Mid-Cap,1625469,NYQ
ALMS,Alumis Inc.,Healthcare,Mid-Cap,1295687,NMS
AVNT,Avient Corporation,Basic Materials,Mid-Cap,862266,NYQ
CVI,CVR Energy Inc.,Energy,Mid-Cap,956828,NYQ
CLSK,"CleanSpark, Inc.",Financial Services,Mid-Cap,23033079,NCM
ORLA,Orla Mining Ltd.,Basic Materials,Mid-Cap,3496232,ASE
GPK,Graphic Packaging Holding Compa,Consumer Cyclical,Nano-Cap,6509861,NYQ
BKU,"BankUnited, Inc.",Financial Services,Mid-Cap,902993,NYQ
FHB,"First Hawaiian, Inc.",Financial Services,Mid-Cap,2068704,NMS
ITGR,Integer Holdings Corporation,Healthcare,Mid-Cap,531492,NYQ
RCUS,"Arcus Biosciences, Inc.",Healthcare,Mid-Cap,1224933,NYQ
USAR,"USA Rare Earth, Inc.",Basic Materials,Mid-Cap,14699315,NGM
SFNC,Simmons First National Corporat,Financial Services,Mid-Cap,1391849,NMS
GBDC,"Golub Capital BDC, Inc.",Financial Services,Mid-Cap,1189785,NMS
NEA,Nuveen AMT-Free Quality Municip,Financial Services,Mid-Cap,789444,NYQ
RH,RH,Consumer Cyclical,Mid-Cap,893455,NYQ
CSQR,"Csquare, Inc.",Technology,Mid-Cap,3046875,NYQ
ATRO,Astronics Corporation,Industrials,Mid-Cap,745102,NMS
GPCR,Structure Therapeutics Inc.,Healthcare,Mid-Cap,746898,NGM
NMIH,NMI Holdings Inc,Financial Services,Mid-Cap,582553,NGM
WK,Workiva Inc.,Technology,Mid-Cap,1066800,NYQ
LEU,Centrus Energy Corp.,Energy,Mid-Cap,875806,NYQ
COLM,Columbia Sportswear Company,Consumer Cyclical,Mid-Cap,569660,NMS
CARG,"CarGurus, Inc.",Consumer Cyclical,Mid-Cap,1426733,NMS
MMS,"Maximus, Inc.",Industrials,Nano-Cap,745084,NYQ
HP,"Helmerich & Payne, Inc.",Energy,Nano-Cap,1183817,NYQ
POWI,"Power Integrations, Inc.",Technology,Mid-Cap,1113931,NMS
CALY,Callaway Golf Company,Consumer Cyclical,Mid-Cap,2596695,NYQ
NAMS,NewAmsterdam Pharma Company N.V,Healthcare,Mid-Cap,1297120,NGM
SBCF,Seacoast Banking Corporation of,Financial Services,Mid-Cap,977439,NMS
SKE,Skeena Resources Limited,Basic Materials,Mid-Cap,796153,NYQ
FSLY,"Fastly, Inc.",Technology,Mid-Cap,7381112,NMS
SHOO,"Steven Madden, Ltd.",Consumer Cyclical,Mid-Cap,1113322,NMS
PONY,Pony AI Inc.,Technology,Mid-Cap,4448834,NMS
HAYW,"Hayward Holdings, Inc.",Industrials,Mid-Cap,2884280,NYQ
BANC,"Banc of California, Inc.",Financial Services,Mid-Cap,3125707,NYQ
AKR,Acadia Realty Trust,Real Estate,Mid-Cap,1446638,NYQ
STUB,"StubHub Holdings, Inc.",Communication Services,Mid-Cap,6795790,NYQ
CWK,Cushman & Wakefield Ltd.,Real Estate,Mid-Cap,2093285,NYQ
CGAU,Centerra Gold Inc.,Basic Materials,Mid-Cap,1582988,NYQ
ARX,Accelerant Holdings,Financial Services,Mid-Cap,1996053,NYQ
EXPO,"Exponent, Inc.",Industrials,Mid-Cap,605095,NMS
HNI,HNI Corporation,Consumer Cyclical,Mid-Cap,751946,NYQ
QS,QuantumScape Corporation,Consumer Cyclical,Mid-Cap,25855201,NMS
PFS,"Provident Financial Services, I",Financial Services,Nano-Cap,1037328,NYQ
WRBY,Warby Parker Inc.,Healthcare,Mid-Cap,3256514,NYQ
EEFT,"Euronet Worldwide, Inc.",Technology,Mid-Cap,707941,NMS
VGNT,Versigent PLC,Consumer Cyclical,Mid-Cap,1460320,NYQ
ASH,Ashland Inc.,Basic Materials,Mid-Cap,1029406,NYQ
CWT,California Water Service Group,Utilities,Mid-Cap,531447,NYQ
PPLI,People Incorporated,Communication Services,Mid-Cap,1095806,NMS
PRVA,"Privia Health Group, Inc.",Healthcare,Mid-Cap,1136333,NMS
ASO,"Academy Sports and Outdoors, In",Consumer Cyclical,Mid-Cap,1514541,NMS
FLY,Firefly Aerospace Inc.,Industrials,Nano-Cap,6748830,NGM
KYIV,Kyivstar Group Ltd.,Communication Services,Mid-Cap,662453,NMS
UE,Urban Edge Properties,Real Estate,Mid-Cap,890260,NYQ
CXT,"Crane NXT, Co.",Industrials,Mid-Cap,969633,NYQ
SBLK,Star Bulk Carriers Corp.,Industrials,Mid-Cap,1317173,NMS
FRSH,Freshworks Inc.,Technology,Mid-Cap,17343044,NMS
FUL,H. B. Fuller Company,Basic Materials,Mid-Cap,756450,NYQ
KN,Knowles Corporation,Technology,Mid-Cap,1117250,NYQ
SPNT,SiriusPoint Ltd.,Financial Services,Mid-Cap,807574,NYQ
CSAN,Cosan S.A.,Energy,Mid-Cap,1859433,NYQ
LCID,"Lucid Group, Inc.",Consumer Cyclical,Mid-Cap,19173476,NMS
UAA,"Under Armour, Inc.",Consumer Cyclical,Mid-Cap,8634784,NYQ
UWMC,UWM Holdings Corporation,Financial Services,Mid-Cap,21456717,NYQ
TRMD,TORM plc,Energy,Mid-Cap,841801,NMS
CXW,"CoreCivic, Inc.",Industrials,Mid-Cap,1259168,NYQ
DX,"Dynex Capital, Inc.",Real Estate,Mid-Cap,5056296,NYQ
PK,Park Hotels & Resorts Inc.,Real Estate,Mid-Cap,5082368,NYQ
UNFI,"United Natural Foods, Inc.",Consumer Defensive,Mid-Cap,641650,NYQ
FSK,FS KKR Capital Corp.,Financial Services,Mid-Cap,3020223,NYQ
AMBP,Ardagh Metal Packaging S.A.,Consumer Cyclical,Mid-Cap,2201187,NYQ
AEO,"American Eagle Outfitters, Inc.",Consumer Cyclical,Mid-Cap,5112025,NYQ
TRN,"Trinity Industries, Inc.",Industrials,Mid-Cap,779452,NYQ
FRPT,"Freshpet, Inc.",Consumer Defensive,Mid-Cap,1555138,NGM
HTGC,"Hercules Capital, Inc.",Financial Services,Mid-Cap,1592693,NYQ
KC,Kingsoft Cloud Holdings Limited,Technology,Mid-Cap,1486406,NMS
ETOR,eToro Group Ltd.,Financial Services,Mid-Cap,922563,NMS
DHT,"DHT Holdings, Inc.",Energy,Nano-Cap,3191680,NYQ
XNDU,Xanadu Quantum Technologies Lim,Technology,Mid-Cap,4634760,NGM
ARIS,Aris Mining Corporation,Basic Materials,Mid-Cap,1418752,NYQ
AMBA,"Ambarella, Inc.",Technology,Mid-Cap,1794693,NMS
KD,"Kyndryl Holdings, Inc.",Technology,Mid-Cap,4435096,NYQ
DAN,Dana Incorporated,Consumer Cyclical,Nano-Cap,1507833,NYQ
ACHC,"Acadia Healthcare Company, Inc.",Healthcare,Mid-Cap,3063195,NMS
LPL,"LG Display Co, Ltd AMERICAN DEP",Technology,Mid-Cap,2639855,NYQ
WT,"WisdomTree, Inc.",Financial Services,Mid-Cap,2966353,NYQ
HUBG,"Hub Group, Inc.",Industrials,Mid-Cap,792600,NMS
DBRG,"DigitalBridge Group, Inc.",Financial Services,Mid-Cap,2857004,NYQ
GRND,Grindr Inc.,Technology,Mid-Cap,1781390,NYQ
PATK,"Patrick Industries, Inc.",Consumer Cyclical,Mid-Cap,632487,NMS
ZIM,ZIM Integrated Shipping Service,Industrials,Mid-Cap,1221838,NYQ
APAM,Artisan Partners Asset Manageme,Financial Services,Mid-Cap,836112,NYQ
JPC,Nuveen Preferred & Income Oppor,Financial Services,Mid-Cap,902171,NYQ
LBRT,Liberty Energy Inc.,Energy,Mid-Cap,4211744,NYQ
NTCT,"NetScout Systems, Inc.",Technology,Mid-Cap,638879,NMS
ABM,ABM Industries Incorporated,Industrials,Mid-Cap,563152,NYQ
FCPT,"Four Corners Property Trust, In",Real Estate,Mid-Cap,823674,NYQ
MPT,"Medical Properties Trust, Inc.",Real Estate,Mid-Cap,5839931,NYQ
BTE,Baytex Energy Corp,Energy,Mid-Cap,19094307,NYQ
BRZE,"Braze, Inc.",Technology,Mid-Cap,2843325,NMS
VC,Visteon Corporation,Consumer Cyclical,Mid-Cap,577895,NMS
PENN,"PENN Entertainment, Inc.",Consumer Cyclical,Mid-Cap,3422617,NMS
IVT,InvenTrust Properties Corp.,Real Estate,Mid-Cap,940955,NYQ
BXMT,"Blackstone Mortgage Trust, Inc.",Real Estate,Mid-Cap,1615849,NYQ
PTON,"Peloton Interactive, Inc.",Consumer Cyclical,Mid-Cap,11971674,NMS
IRON,"Disc Medicine, Inc.",Healthcare,Mid-Cap,566282,NGM
MBX,"MBX Biosciences, Inc.",Healthcare,Mid-Cap,851174,NMS
TDC,Teradata Corporation,Technology,Mid-Cap,3020971,NYQ
OSW,OneSpaWorld Holdings Limited,Consumer Cyclical,Mid-Cap,810409,NCM
SMR,NuScale Power Corporation,Industrials,Mid-Cap,32914019,NYQ
BTU,Peabody Energy Corporation,Energy,Mid-Cap,3294380,NYQ
MGNI,"Magnite, Inc.",Communication Services,Mid-Cap,2904538,NMS
VVX,"V2X, Inc.",Industrials,Mid-Cap,682092,NYQ
UUUU,Energy Fuels Inc,Energy,Mid-Cap,9526898,ASE
VECO,Veeco Instruments Inc.,Technology,Mid-Cap,1530647,NMS
CLDX,"Celldex Therapeutics, Inc.",Healthcare,Mid-Cap,985111,NCM
AVPT,"AvePoint, Inc.",Technology,Mid-Cap,2424965,NMS
IHS,IHS Holding Limited,Real Estate,Mid-Cap,1353376,NYQ
AYA,Aya Gold & Silver Inc.,Basic Materials,Mid-Cap,516377,NMS
ADEA,Adeia Inc.,Technology,Mid-Cap,2070178,NMS
AXTI,AXT Inc,Technology,Mid-Cap,9869246,NMS
BWIN,"The Baldwin Insurance Group, In",Financial Services,Mid-Cap,1631815,NMS
PLUG,"Plug Power, Inc.",Industrials,Mid-Cap,65414293,NCM
WLY,"John Wiley & Sons, Inc.",Communication Services,Mid-Cap,505852,NYQ
GRAL,"GRAIL, Inc.",Healthcare,Mid-Cap,670036,NMS
ESTA,Establishment Labs Holdings Inc,Healthcare,Mid-Cap,609155,NCM
ALGT,Allegiant Travel Company,Industrials,Mid-Cap,614846,NMS
NAD,Nuveen Quality Municipal Income,Financial Services,Mid-Cap,621361,NYQ
BHE,"Benchmark Electronics, Inc.",Technology,Mid-Cap,501825,NYQ
ALRM,"Alarm.com Holdings, Inc.",Technology,Mid-Cap,528406,NMS
SUPN,"Supernus Pharmaceuticals, Inc.",Healthcare,Mid-Cap,762742,NGM
WAFD,"WaFd, Inc.",Financial Services,Mid-Cap,580993,NMS
SOUN,"SoundHound AI, Inc.",Technology,Mid-Cap,30864258,NGM
DJT,Trump Media & Technology Group ,Communication Services,Mid-Cap,4732268,NGM
AAUC,Allied Gold Corporation,Basic Materials,Mid-Cap,695204,NYQ
EROC,"ERock, Inc.",Industrials,Mid-Cap,2463802,NYQ
KMT,Kennametal Inc.,Industrials,Mid-Cap,1269174,NYQ
SHAK,"Shake Shack, Inc.",Consumer Cyclical,Mid-Cap,2453422,NYQ
SA,"Seabridge Gold, Inc.",Basic Materials,Mid-Cap,802849,NYQ
STNE,StoneCo Ltd.,Technology,Mid-Cap,4942650,NMS
XRAY,DENTSPLY SIRONA Inc.,Healthcare,Mid-Cap,5868358,NMS
NVG,Nuveen AMT-Free Municipal Credi,Financial Services,Mid-Cap,503353,NYQ
HOG,"Harley-Davidson, Inc.",Consumer Cyclical,Nano-Cap,2873909,NYQ
ERO,Ero Copper Corp.,Basic Materials,Mid-Cap,1228134,NYQ
DRH,Diamondrock Hospitality Company,Real Estate,Mid-Cap,2247800,NMS
PAGS,PagSeguro Digital Ltd.,Technology,Mid-Cap,3340488,NYQ
ATAI,AtaiBeckley Inc.,Healthcare,Mid-Cap,11305106,NGM
BEAM,Beam Therapeutics Inc.,Healthcare,Mid-Cap,2249176,NMS
UPST,"Upstart Holdings, Inc.",Financial Services,Mid-Cap,4464377,NMS
ATHM,Autohome Inc.,Communication Services,Mid-Cap,763641,NYQ
EFXT,Enerflex Ltd,Energy,Mid-Cap,531352,NYQ
CTRI,"Centuri Holdings, Inc.",Utilities,Mid-Cap,1590082,NYQ
VISN,"Vistance Networks, Inc.",Technology,Mid-Cap,6375285,NMS
IMNM,"Immunome, Inc.",Healthcare,Mid-Cap,1334101,NCM
MAN,ManpowerGroup,Industrials,Mid-Cap,1252336,NYQ
TMDX,"TransMedics Group, Inc.",Healthcare,Mid-Cap,1314704,NGM
TRVI,"Trevi Therapeutics, Inc.",Healthcare,Mid-Cap,2058185,NGM
BKV,BKV Corporation,Energy,Mid-Cap,844760,NYQ
SDRL,Seadrill Limited,Energy,Mid-Cap,805873,NYQ
WU,Western Union Company (The),Financial Services,Small-Cap,9045353,NYQ
NESR,National Energy Services Reunit,Energy,Mid-Cap,2122225,NCM
CC,Chemours Company (The),Basic Materials,Mid-Cap,2687204,NYQ
TARS,"Tarsus Pharmaceuticals, Inc.",Healthcare,Mid-Cap,969768,NMS
SKWD,Skyward Specialty Insurance Gro,Financial Services,Mid-Cap,525363,NMS
IMAX,Imax Corporation,Communication Services,Mid-Cap,1311238,NYQ
BUSE,First Busey Corporation,Financial Services,Mid-Cap,813896,NMS
FSM,Fortuna Mining Corp.,Basic Materials,Mid-Cap,5300025,NYQ
UNIT,Uniti Group Inc.,Real Estate,Mid-Cap,2431093,NMS
WTTR,"Select Water Solutions, Inc.",Energy,Mid-Cap,1807796,NYQ
BTDR,Bitdeer Technologies Group,Technology,Mid-Cap,10101544,NCM
NG,Novagold Resources Inc.,Basic Materials,Mid-Cap,4183593,ASE
DNOW,DNOW Inc.,Industrials,Mid-Cap,3025879,NYQ
MRVI,"Maravai LifeSciences Holdings, ",Healthcare,Mid-Cap,3027003,NMS
RARE,Ultragenyx Pharmaceutical Inc.,Healthcare,Mid-Cap,2183880,NMS
SPSC,"SPS Commerce, Inc.",Technology,Mid-Cap,667246,NMS
BBT,Beacon Financial Corporation,Financial Services,Mid-Cap,822858,NYQ
DNN,Denison Mines Corp,Energy,Mid-Cap,24256101,ASE
CBZ,"CBIZ, Inc.",Industrials,Mid-Cap,1082498,NYQ
TGB,Trekor Metals Limited,Basic Materials,Nano-Cap,5264112,ASE
WHR,Whirlpool Corporation,Consumer Cyclical,Mid-Cap,2874490,NYQ
PTY,Pimco Corporate & Income Opport,Financial Services,Mid-Cap,1041246,NYQ
DRVN,Driven Brands Holdings Inc.,Consumer Cyclical,Mid-Cap,1202731,NMS
INTR,Inter & Co. Inc.,Financial Services,Mid-Cap,6148033,NMS
QURE,uniQure N.V.,Healthcare,Mid-Cap,2173236,NMS
NRIX,"Nurix Therapeutics, Inc.",Healthcare,Mid-Cap,1997349,NGM
KOD,Kodiak Sciences Inc,Healthcare,Mid-Cap,722334,NGM
BCRX,"BioCryst Pharmaceuticals, Inc.",Healthcare,Mid-Cap,4904252,NMS
PBH,Prestige Consumer Healthcare In,Healthcare,Nano-Cap,693331,NYQ
NVTS,Navitas Semiconductor Corporati,Technology,Mid-Cap,27763017,NGM
OLN,Olin Corporation,Basic Materials,Nano-Cap,2940509,NYQ
PENG,"Penguin Solutions, Inc.",Technology,Mid-Cap,4017217,NMS
SLDE,"Slide Insurance Holdings, Inc.",Financial Services,Mid-Cap,1292695,NMS
WIX,Wix.com Ltd.,Technology,Mid-Cap,1825293,NMS
COTY,Coty Inc.,Consumer Defensive,Mid-Cap,11868206,NYQ
PAYO,Payoneer Global Inc.,Technology,Mid-Cap,7071247,NGM
PBI,Pitney Bowes Inc.,Industrials,Mid-Cap,2811149,NYQ
NZF,Nuveen Municipal Credit Income ,Financial Services,Mid-Cap,532728,NYQ
RLX,RLX Technology Inc.,Consumer Defensive,Mid-Cap,2534042,NYQ
DEI,"Douglas Emmett, Inc.",Real Estate,Mid-Cap,2435457,NYQ
PGNY,"Progyny, Inc.",Healthcare,Mid-Cap,1457219,NMS
AMC,"AMC Entertainment Holdings, Inc",Communication Services,Nano-Cap,44444823,NYQ
VERA,"Vera Therapeutics, Inc.",Healthcare,Mid-Cap,1697719,NGM
GSHD,"Goosehead Insurance, Inc.",Financial Services,Mid-Cap,571025,NMS
SEDG,"SolarEdge Technologies, Inc.",Technology,Mid-Cap,3359460,NMS
VCEL,Vericel Corporation,Healthcare,Mid-Cap,633946,NGM
NKTR,Nektar Therapeutics,Healthcare,Mid-Cap,998820,NCM
ICHR,Ichor Holdings,Technology,Mid-Cap,1191739,NMS
LCLN,"Lincoln International, Inc.",Financial Services,Mid-Cap,603138,NYQ
MLYS,"Mineralys Therapeutics, Inc.",Healthcare,Mid-Cap,1454317,NMS
INTA,"Intapp, Inc.",Technology,Mid-Cap,986101,NMS
YSS,York Space Systems Inc.,Industrials,Small-Cap,1837160,NYQ
CALX,"Calix, Inc",Technology,Mid-Cap,1180134,NYQ
NWBI,"Northwest Bancshares, Inc.",Financial Services,Mid-Cap,1152973,NMS
BKE,"Buckle, Inc. (The)",Consumer Cyclical,Mid-Cap,505992,NYQ
WERN,"Werner Enterprises, Inc.",Industrials,Mid-Cap,1206100,NMS
CTOS,"Custom Truck One Source, Inc.",Industrials,Mid-Cap,1083166,NYQ
FLNC,"Fluence Energy, Inc.",Utilities,Mid-Cap,11890512,NMS
RUN,Sunrun Inc.,Technology,Mid-Cap,9931647,NMS
TALO,"Talos Energy, Inc.",Energy,Mid-Cap,1969863,NYQ
ATEN,"A10 Networks, Inc.",Technology,Mid-Cap,1190673,NYQ
RAMP,"LiveRamp Holdings, Inc.",Technology,Mid-Cap,1635896,NYQ
CLOV,"Clover Health Investments, Corp",Healthcare,Mid-Cap,7344852,NMS
NUVB,Nuvation Bio Inc.,Healthcare,Mid-Cap,6453765,NYQ
EXK,Endeavour Silver Corporation,Basic Materials,Mid-Cap,7159387,NYQ
HE,"Hawaiian Electric Industries, I",Utilities,Nano-Cap,1824655,NYQ
AEHR,Aehr Test Systems,Technology,Mid-Cap,2547165,NCM
DHC,Diversified Healthcare Trust,Real Estate,Mid-Cap,1733409,NMS
KEEL,Keel Infrastructure Corp.,Technology,Mid-Cap,45538873,NGM
IQMX,IQM Quantum Computers Oyj,Technology,Mid-Cap,538568,NMS
CHA,Chagee Holdings Limited,Consumer Cyclical,Mid-Cap,665609,NMS
OUST,"Ouster, Inc.",Technology,Mid-Cap,5067858,NMS
NWL,Newell Brands Inc.,Consumer Defensive,Mid-Cap,11205077,NMS
HTFL,"Heartflow, Inc.",Healthcare,Mid-Cap,1477855,NMS
RNW,ReNew Energy Global plc,Utilities,Mid-Cap,1346793,NMS
GOF,Guggenheim Strategic Opportunit,Financial Services,Mid-Cap,1414028,NYQ
JBLU,JetBlue Airways Corporation,Industrials,Mid-Cap,30839795,NMS
SHO,"Sunstone Hotel Investors, Inc. ",Real Estate,Mid-Cap,2537071,NYQ
NMZ,Nuveen Municipal High Income Op,Financial Services,Mid-Cap,683530,NYQ
PEB,Pebblebrook Hotel Trust,Real Estate,Mid-Cap,2489306,NYQ
CLM,Cornerstone Strategic Value Fd,Financial Services,Mid-Cap,1647888,ASE
MD,"Pediatrix Medical Group, Inc.",Healthcare,Mid-Cap,828038,NYQ
BOBS,"Bob's Discount Furniture, Inc.",Consumer Cyclical,Mid-Cap,1109549,NYQ
KLRA,"Kailera Therapeutics, Inc.",Healthcare,Mid-Cap,694649,NMS
MLCO,Melco Resorts & Entertainment L,Consumer Cyclical,Mid-Cap,2604287,NMS
AXGN,"AxoGen, Inc.",Healthcare,Mid-Cap,1211076,NCM
NOG,"Northern Oil and Gas, Inc.",Energy,Mid-Cap,3093520,NYQ
HAPN,"Happen, Inc.",Financial Services,Mid-Cap,1981544,NMS
PPTA,Perpetua Resources Corp.,Basic Materials,Mid-Cap,1597309,NCM
FCF,First,Financial Services,Mid-Cap,754438,NYQ
PRKS,United Parks & Resorts Inc.,Consumer Cyclical,Mid-Cap,909758,NYQ
LTC,"LTC Properties, Inc.",Real Estate,Mid-Cap,534960,NYQ
PIII,P3 Health Partners Inc.,Healthcare,Small-Cap,1271314,NCM
KSS,Kohl's Corporation,Consumer Cyclical,Nano-Cap,4868606,NYQ
UTI,Universal Technical Institute I,Consumer Defensive,Mid-Cap,1187309,NYQ
VERX,"Vertex, Inc.",Technology,Mid-Cap,1818988,NGM
AVAH,Aveanna Healthcare Holdings Inc,Healthcare,Mid-Cap,2039401,NMS
VRDN,"Viridian Therapeutics, Inc.",Healthcare,Mid-Cap,2516603,NCM
NTST,NetSTREIT Corp.,Real Estate,Mid-Cap,1860055,NYQ
XHR,"Xenia Hotels & Resorts, Inc.",Real Estate,Mid-Cap,817763,NYQ
AMLX,"Amylyx Pharmaceuticals, Inc.",Healthcare,Mid-Cap,1553571,NMS
MBLY,Mobileye Global Inc.,Consumer Cyclical,Mid-Cap,6978300,NMS
MH,"McGraw Hill, Inc.",Consumer Defensive,Mid-Cap,712371,NYQ
AGIO,"Agios Pharmaceuticals, Inc.",Healthcare,Small-Cap,1099261,NMS
ZLAB,Zai Lab Limited,Healthcare,Mid-Cap,858093,NGM
GT,The Goodyear Tire & Rubber Comp,Consumer Cyclical,Small-Cap,9914587,NMS
IOVA,"Iovance Biotherapeutics, Inc.",Healthcare,Small-Cap,15331593,NGM
MFP,"Midera Food Processing, Inc.",Industrials,Mid-Cap,1232932,NMS
BHVN,Biohaven Ltd.,Healthcare,Mid-Cap,2877587,NYQ
HIMX,"Himax Technologies, Inc.",Technology,Mid-Cap,4019206,NMS
FIVN,"Five9, Inc.",Technology,Mid-Cap,3497326,NGM
BXDC,Blackstone Digital Infrastructu,Real Estate,Mid-Cap,1304064,NYQ
SVM,Silvercorp Metals Inc.,Basic Materials,Mid-Cap,3490571,ASE
PRDO,Perdoceo Education Corporation,Consumer Defensive,Small-Cap,711182,NMS
HRMY,"Harmony Biosciences Holdings, I",Healthcare,Mid-Cap,823669,NGM
WKC,World Kinect Corporation,Energy,Mid-Cap,1086347,NYQ
ZBIO,"Zenas BioPharma, Inc.",Healthcare,Nano-Cap,794780,NMS
FLOC,Flowco Holdings Inc.,Energy,Mid-Cap,720066,NYQ
INFQ,"Infleqtion, Inc.",Technology,Mid-Cap,16311420,NYQ
SGRY,"Surgery Partners, Inc.",Healthcare,Mid-Cap,1536130,NMS
SNDA,"Sonida Senior Living, Inc.",Healthcare,Small-Cap,685125,NYQ
NCNO,"nCino, Inc.",Technology,Mid-Cap,3466703,NMS
FLYW,Flywire Corporation - Voting,Technology,Small-Cap,2415444,NMS
NEOG,Neogen Corporation,Healthcare,Mid-Cap,2237553,NMS
VSTS,Vestis Corporation,Industrials,Small-Cap,1570023,NYQ
APPN,Appian Corporation,Technology,Small-Cap,937466,NGM
ARR,"ARMOUR Residential REIT, Inc.",Real Estate,Mid-Cap,3667071,NYQ
HUN,Huntsman Corporation,Basic Materials,Small-Cap,5843653,NYQ
ADMA,ADMA Biologics Inc,Healthcare,Small-Cap,4204425,NGM
RDW,Redwire Corporation,Industrials,Mid-Cap,37128671,NYQ
TILE,"Interface, Inc.",Consumer Cyclical,Small-Cap,544228,NMS
TMC,TMC the metals company Inc.,Basic Materials,Small-Cap,5466868,NMS
URGN,UroGen Pharma Ltd.,Healthcare,Small-Cap,787185,NGM
LUNR,"Intuitive Machines, Inc.",Industrials,Small-Cap,13222503,NGM
NSP,"Insperity, Inc.",Industrials,Small-Cap,766193,NYQ
COHU,"Cohu, Inc.",Technology,Mid-Cap,1459841,NMS
SLS,"SELLAS Life Sciences Group, Inc",Healthcare,Small-Cap,9577241,NCM
SMA,"SmartStop Self Storage REIT, In",Real Estate,Small-Cap,714788,NYQ
ATRC,"AtriCure, Inc.",Healthcare,Small-Cap,959726,NGM
HAWK,"HawkEye 360, Inc.",Industrials,Mid-Cap,1356591,NYQ
GENI,Genius Sports Limited,Communication Services,Small-Cap,6436577,NYQ
EVTC,"Evertec, Inc.",Technology,Small-Cap,641433,NYQ
WB,Weibo Corporation,Communication Services,Mid-Cap,1203800,NMS
SONO,"Sonos, Inc.",Technology,Small-Cap,2080760,NMS
STGW,Stagwell Inc.,Communication Services,Mid-Cap,1455946,NMS
ALKT,"Alkami Technology, Inc.",Technology,Small-Cap,1793931,NMS
BRSL,Brightstar Lottery PLC Trading ,Consumer Cyclical,Small-Cap,1605323,NYQ
ZD,"Ziff Davis, Inc.",Communication Services,Small-Cap,622246,NMS
FTRE,Fortrea Holdings Inc.,Healthcare,Small-Cap,1484300,NMS
LIND,Lindblad Expeditions Holdings I,Consumer Cyclical,Small-Cap,888679,NCM
OMCL,"Omnicell, Inc.",Healthcare,Small-Cap,691863,NMS
KARD,"Kardigan, Inc.",Healthcare,Small-Cap,614790,NGM
ASAN,"Asana, Inc.",Technology,Small-Cap,6411573,NYQ
AUPH,Aurinia Pharmaceuticals Inc,Healthcare,Small-Cap,1487342,NGM
LPG,Dorian LPG Ltd.,Energy,Mid-Cap,700292,NYQ
MQ,"Marqeta, Inc.",Technology,Small-Cap,1166014,NMS
NVCR,NovoCure Limited,Healthcare,Small-Cap,1787138,NMS
PGEN,"Precigen, Inc.",Healthcare,Mid-Cap,4626261,NMS
RVLV,"Revolve Group, Inc.",Consumer Cyclical,Small-Cap,1092538,NYQ
WRD,WERIDE INC.,Technology,Small-Cap,2620085,NGM
EPAC,Enerpac Tool Group Corp.,Industrials,Small-Cap,523646,NYQ
VNET,"VNET Group, Inc.",Technology,Mid-Cap,7263106,NMS
RLJ,RLJ Lodging Trust,Real Estate,Small-Cap,2305487,NYQ
ASTH,Astrana Health Inc.,Healthcare,Small-Cap,603574,NCM
INOD,Innodata Inc.,Technology,Mid-Cap,1946884,NGM
CPRI,Capri Holdings Limited,Consumer Cyclical,Small-Cap,3288463,NYQ
BL,"BlackLine, Inc.",Technology,Small-Cap,1273514,NMS
WGS,GeneDx Holdings Corp.,Healthcare,Small-Cap,1339492,NMS
NUV,"Nuveen Municipal Value Fund, In",Financial Services,Small-Cap,524658,NYQ
GNL,"Global Net Lease, Inc.",Real Estate,Small-Cap,2514395,NYQ
PDFS,"PDF Solutions, Inc.",Technology,Small-Cap,808709,NMS
FUN,Six Flags Entertainment Corpora,Consumer Cyclical,Small-Cap,2241520,NYQ
BFLY,"Butterfly Network, Inc.",Healthcare,Small-Cap,7905279,NYQ
PDO,N/A,Financial Services,Small-Cap,626160,NYQ
NN,NextNav Inc.,Technology,Small-Cap,2418749,NCM
EZPW,"EZCORP, Inc.",Financial Services,Small-Cap,935319,NMS
CDNA,"CareDx, Inc.",Healthcare,Mid-Cap,934466,NGM
OCUL,"Ocular Therapeutix, Inc.",Healthcare,Small-Cap,2685785,NGM
KMPR,Kemper Corporation,Financial Services,Small-Cap,1172961,NYQ
TYRA,"Tyra Biosciences, Inc.",Healthcare,Small-Cap,811768,NMS
PRG,"PROG Holdings, Inc.",Industrials,Small-Cap,529858,NYQ
GLUE,"Monte Rosa Therapeutics, Inc.",Healthcare,Small-Cap,1298953,NMS
DMRA,"Damora Therapeutics, Inc.",Healthcare,Small-Cap,585584,NCM
HOPE,"Hope Bancorp, Inc.",Financial Services,Small-Cap,1009714,NMS
HYMC,Hycroft Mining Holding Corporat,Basic Materials,Small-Cap,2127525,NCM
USA,Liberty All-Star Equity Fund,Financial Services,Small-Cap,1428212,NYQ
STOK,"Stoke Therapeutics, Inc.",Healthcare,Small-Cap,723555,NMS
XPRO,Expro Ltd,Energy,Small-Cap,1158311,NYQ
DXC,DXC Technology Company,Technology,Small-Cap,5676785,NYQ
PAX,Patria Investments Limited,Financial Services,Small-Cap,956787,NMS
LIFE,Ethos Technologies Inc.,Financial Services,Small-Cap,568412,NMS
BCAX,Bicara Therapeutics Inc.,Healthcare,Small-Cap,687293,NGM
GAB,"Gabelli Equity Trust, Inc. (The",Financial Services,Small-Cap,1091396,NYQ
ARCO,Arcos Dorados Holdings Inc.,Consumer Cyclical,Small-Cap,1325739,NYQ
VIA,"Via Transportation, Inc.",Technology,Small-Cap,984342,NYQ
SNDX,"Syndax Pharmaceuticals, Inc.",Healthcare,Small-Cap,1888893,NMS
ESRT,"Empire State Realty Trust, Inc.",Real Estate,Small-Cap,2105006,NYQ
DV,"DoubleVerify Holdings, Inc.",Communication Services,Small-Cap,3064685,NYQ
NEO,"NeoGenomics, Inc.",Healthcare,Small-Cap,2701531,NCM
OCFC,OceanFirst Financial Corp.,Financial Services,Small-Cap,973290,NMS
EFC,Ellington Financial Inc.,Real Estate,Small-Cap,1273480,NYQ
RQI,N/A,Financial Services,Small-Cap,724242,NYQ
QUBT,Quantum Computing Inc.,Technology,Small-Cap,19172633,NCM
EYE,"National Vision Holdings, Inc.",Consumer Cyclical,Nano-Cap,2347373,NMS
FIGS,"FIGS, Inc.",Consumer Cyclical,Small-Cap,3366934,NYQ
NOMD,Nomad Foods Limited,Consumer Defensive,Nano-Cap,1548882,NYQ
TRIP,"TripAdvisor, Inc.",Consumer Cyclical,Small-Cap,3702439,NMS
BDJ,Blackrock Enhanced Equity Divid,Financial Services,Small-Cap,518811,NYQ
IMCR,Immunocore Holdings plc,Healthcare,Small-Cap,507455,NMS
COUR,"Coursera, Inc.",Consumer Defensive,Small-Cap,7292495,NYQ
PLAB,"Photronics, Inc.",Technology,Small-Cap,1504452,NMS
BHC,Bausch Health Companies Inc.,Healthcare,Mid-Cap,2819073,NYQ
WWW,"Wolverine World Wide, Inc.",Consumer Cyclical,Nano-Cap,1049901,NYQ
ENOV,Enovis Corporation,Healthcare,Small-Cap,1160115,NYQ
TSLX,"Sixth Street Specialty Lending,",Financial Services,Small-Cap,705009,NYQ
ADNT,Adient plc,Consumer Cyclical,Small-Cap,1030247,NYQ
BLKB,"Blackbaud, Inc.",Technology,Small-Cap,828414,NMS
TDOC,"Teladoc Health, Inc.",Healthcare,Small-Cap,5035584,NYQ
PRGS,Progress Software Corporation,Technology,Small-Cap,744128,NMS
LILA,Liberty Latin America Ltd.,Communication Services,Small-Cap,817544,NMS
RUM,RUM Group Inc.,Communication Services,Small-Cap,3304023,NGM
QFIN,"Qfin Holdings, Inc.",Financial Services,Small-Cap,1476733,NMS
ZYME,Zymeworks Inc.,Healthcare,Small-Cap,622144,NMS
LZB,La-Z-Boy Incorporated,Consumer Cyclical,Small-Cap,534276,NYQ
ARDT,"Ardent Health, Inc.",Healthcare,Small-Cap,560869,NYQ
SHAZ,"SharonAI Holdings, Inc.",Technology,Small-Cap,1452979,NCM
GENB,"Generate Biomedicines, Inc.",Healthcare,Small-Cap,805823,NMS
BAND,Bandwidth Inc.,Technology,Small-Cap,1444598,NMS
FLO,"Flowers Foods, Inc.",Consumer Defensive,Small-Cap,8057061,NYQ
NEXA,Nexa Resources S.A.,Basic Materials,Small-Cap,907420,NYQ
SRPT,"Sarepta Therapeutics, Inc.",Healthcare,Small-Cap,3389607,NMS
ABCL,AbCellera Biologics Inc.,Healthcare,Small-Cap,7590714,NMS
BCAT,N/A,Financial Services,Small-Cap,729444,NYQ
SFL,SFL Corporation Ltd,Industrials,Nano-Cap,1526522,NYQ
INVA,"Innoviva, Inc.",Healthcare,Small-Cap,832047,NMS
NEXT,NextDecade Corporation,Energy,Small-Cap,3001161,NCM
MLTX,MoonLake Immunotherapeutics,Healthcare,Small-Cap,1118858,NCM
HCSG,"Healthcare Services Group, Inc.",Healthcare,Small-Cap,700606,NMS
TRLV,Trulieve Cannabis Corp. Subordi,Healthcare,Small-Cap,1070814,NYQ
MLKN,"MillerKnoll, Inc.",Consumer Cyclical,Small-Cap,831907,NMS
VET,Vermilion Energy Inc.,Energy,Small-Cap,1551785,NYQ
RXRX,"Recursion Pharmaceuticals, Inc.",Healthcare,Small-Cap,20630896,NMS
HLMN,Hillman Solutions Corp.,Industrials,Small-Cap,1454585,NGM
BRBR,"BellRing Brands, Inc.",Consumer Defensive,Small-Cap,5723152,NYQ
TRIN,Trinity Capital Inc.,Financial Services,Small-Cap,1051496,NYQ
TIC,"TIC Solutions, Inc.",Industrials,Small-Cap,2139903,NYQ
BLFS,"BioLife Solutions, Inc.",Healthcare,Small-Cap,1094582,NCM
TSHA,"Taysha Gene Therapies, Inc.",Healthcare,Small-Cap,3041461,NMS
FCEL,"FuelCell Energy, Inc.",Industrials,Small-Cap,12462526,NGM
SVV,"Savers Value Village, Inc.",Consumer Cyclical,Small-Cap,1004049,NYQ
FBRX,"Forte Biosciences, Inc.",Healthcare,Small-Cap,962015,NCM
KRP,Kimbell Royalty Partners,Energy,Small-Cap,754047,NYQ
IART,Integra LifeSciences Holdings C,Healthcare,Small-Cap,1089953,NMS
ARLO,"Arlo Technologies, Inc.",Industrials,Small-Cap,1334122,NYQ
GIII,"G-III Apparel Group, LTD.",Consumer Cyclical,Small-Cap,562592,NMS
ANAB,"AnaptysBio, Inc.",Healthcare,Small-Cap,669131,NMS
CNXC,Concentrix Corporation,Technology,Small-Cap,1849846,NMS
PWP,Perella Weinberg Partners,Financial Services,Small-Cap,1390934,NMS
MAZE,"Maze Therapeutics, Inc.",Healthcare,Small-Cap,590336,NGM
CLVT,Clarivate Plc,Technology,Small-Cap,6762928,NYQ
SKYT,"SkyWater Technology, Inc.",Technology,Small-Cap,949666,NCM
WBI,WaterBridge Infrastructure LLC,Energy,Small-Cap,1179536,NYQ
GLOB,Globant S.A.,Technology,Small-Cap,2046119,NYQ
SLBT,SL Science Holding Limited,Healthcare,Small-Cap,732811,NGM
AHCO,AdaptHealth Corp.,Healthcare,Small-Cap,1408882,NCM
XXI,"Twenty One Capital, Inc.",Financial Services,Small-Cap,1434122,NYQ
VOYG,"Voyager Technologies, Inc.",Industrials,Small-Cap,2363046,NYQ
PLTK,Playtika Holding Corp.,Communication Services,Small-Cap,1502769,NMS
ECAT,N/A,Financial Services,Small-Cap,505373,NYQ
NTLA,"Intellia Therapeutics, Inc.",Healthcare,Small-Cap,5671085,NGM
INSP,"Inspire Medical Systems, Inc.",Healthcare,Small-Cap,1152033,NYQ
YELP,Yelp Inc.,Communication Services,Small-Cap,1257685,NYQ
ENR,"Energizer Holdings, Inc.",Industrials,Small-Cap,1105153,NYQ
AMBQ,"Ambiq Micro, Inc.",Technology,Small-Cap,751957,NYQ
CXM,"Sprinklr, Inc.",Technology,Nano-Cap,3614107,NYQ
ITG,"ITG, Inc.",Industrials,Small-Cap,774727,NMS
TH,Target Hospitality Corp.,Industrials,Small-Cap,1360766,NCM
VIR,"Vir Biotechnology, Inc.",Healthcare,Small-Cap,1847596,NMS
GCT,GigaCloud Technology Inc,Technology,Small-Cap,737080,NGM
CSWC,Capital Southwest Corporation,Financial Services,Small-Cap,666258,NMS
LEG,"Leggett & Platt, Incorporated",Consumer Cyclical,Small-Cap,2645049,NYQ
DFH,"Dream Finders Homes, Inc.",Consumer Cyclical,Small-Cap,739066,NYQ
SBH,"Sally Beauty Holdings, Inc. (Na",Consumer Cyclical,Small-Cap,1543711,NYQ
TV,Grupo Televisa S.A.B.,Communication Services,Small-Cap,1001166,NYQ
TRAX,"First Tracks Biotherapeutics, I",Healthcare,Small-Cap,722015,NMS
XNCR,"Xencor, Inc.",Healthcare,Small-Cap,930206,NGM
CMPS,COMPASS Pathways Plc - American,Healthcare,Small-Cap,4030784,NMS
CRI,"Carter's, Inc.",Consumer Cyclical,Small-Cap,1010025,NYQ
WEN,Wendy's Company (The),Consumer Cyclical,Nano-Cap,17720849,NMS
SID,Companhia Siderurgica Nacional ,Basic Materials,Nano-Cap,4033146,NYQ
SHLS,"Shoals Technologies Group, Inc.",Technology,Small-Cap,5777347,NGM
AGRO,Adecoagro S.A.,Consumer Defensive,Small-Cap,878265,NYQ
ATEC,"Alphatec Holdings, Inc.",Healthcare,Small-Cap,3370388,NMS
REAL,"The RealReal, Inc.",Consumer Cyclical,Small-Cap,3465676,NMS
IE,Ivanhoe Electric Inc.,Basic Materials,Small-Cap,2166311,ASE
ACVA,ACV Auctions Inc.,Consumer Cyclical,Small-Cap,3497533,NYQ
OI,"O-I Glass, Inc.",Consumer Cyclical,Small-Cap,3260617,NYQ
ULCC,"Frontier Group Holdings, Inc.",Industrials,Small-Cap,4990725,NMS
WLTH,Wealthfront Corporation,Technology,Small-Cap,1538980,NMS
XERS,"Xeris Biopharma Holdings, Inc.",Healthcare,Small-Cap,1889314,NMS
KOS,Kosmos Energy Ltd.,Energy,Nano-Cap,15080990,NYQ
PRGO,Perrigo Company plc,Healthcare,Small-Cap,3323165,NYQ
HROW,"Harrow, Inc.",Healthcare,Small-Cap,816847,NGM
LZ,"LegalZoom.com, Inc.",Industrials,Small-Cap,2814774,NMS
LSPD,Lightspeed Commerce Inc. Subord,Technology,Small-Cap,1172909,NYQ
AMSC,American Superconductor Corpora,Industrials,Small-Cap,1099350,NMS
AESI,Atlas Energy Solutions Inc.,Energy,Small-Cap,3416726,NYQ
OPFI,OppFi Inc.,Financial Services,Small-Cap,735887,NYQ
FMC,FMC Corporation,Basic Materials,Small-Cap,3974584,NYQ
AI,"C3.ai, Inc.",Technology,Small-Cap,6297003,NYQ
DMC,Del Monte Corporation,Consumer Defensive,Small-Cap,510431,NYQ
TBLA,Taboola.com Ltd.,Communication Services,Small-Cap,3271442,NMS
AVBP,"ArriVent BioPharma, Inc.",Healthcare,Small-Cap,555863,NGM
PRCH,"Porch Group, Inc.",Financial Services,Small-Cap,1960353,NCM
PGY,Pagaya Technologies Ltd.,Technology,Small-Cap,3892201,NCM
ECVT,Ecovyst Inc.,Basic Materials,Small-Cap,1770814,NYQ
DOLE,Dole plc,Consumer Defensive,Small-Cap,1135273,NYQ
HYT,Blackrock Corporate High Yield ,Financial Services,Small-Cap,747004,NYQ
LU,Lufax Holding Ltd,Financial Services,Small-Cap,1090788,NYQ
NAT,Nordic American Tankers Limited,Energy,Nano-Cap,3890147,NYQ
HLX,"Helix Energy Solutions Group, I",Energy,Nano-Cap,1569303,NYQ
UMH,"UMH Properties, Inc.",Real Estate,Small-Cap,666836,NYQ
BBAI,"BigBear.ai, Inc.",Technology,Small-Cap,36727193,NYQ
CNMD,CONMED Corporation,Healthcare,Small-Cap,619588,NYQ
SBET,"SharpLink, Inc.",Financial Services,Small-Cap,8914349,NCM
AMN,AMN Healthcare Services Inc,Healthcare,Small-Cap,1060350,NYQ
BV,"BrightView Holdings, Inc.",Industrials,Small-Cap,778317,NYQ
AIP,"Arteris, Inc.",Technology,Small-Cap,1018831,NGM
LINC,Lincoln Educational Services Co,Consumer Defensive,Small-Cap,575526,NMS
AZTA,"Azenta, Inc.",Healthcare,Small-Cap,1028157,NMS
DCH,Dauch Corporation,Consumer Cyclical,Small-Cap,4097571,NYQ
AORT,"Artivion, Inc.",Healthcare,Small-Cap,803715,NYQ
ORC,"Orchid Island Capital, Inc.",Real Estate,Small-Cap,5018687,NYQ
BW,"Babcock & Wilcox Enterprises, I",Industrials,Small-Cap,3899136,NYQ
PUMP,ProPetro Holding Corp.,Energy,Small-Cap,5526850,NYQ
EPC,Edgewell Personal Care Company,Consumer Defensive,Small-Cap,937928,NYQ
MSDL,N/A,Financial Services,Small-Cap,565073,NYQ
HLF,Herbalife Ltd.,Consumer Defensive,Small-Cap,1597268,NYQ
USAS,Americas Gold and Silver Corpor,Basic Materials,Small-Cap,4528320,ASE
TWO,Two Harbors Investment Corp,Real Estate,Small-Cap,2181755,NYQ
OPK,"Opko Health, Inc.",Healthcare,Small-Cap,3434055,NMS
AMPX,"Amprius Technologies, Inc.",Industrials,Small-Cap,8043573,NYQ
MRTN,"Marten Transport, Ltd.",Industrials,Small-Cap,850252,NMS
UPBD,"Upbound Group, Inc.",Technology,Small-Cap,978768,NMS
TDAY,"USA TODAY Co., Inc.",Communication Services,Small-Cap,1593107,NYQ
ARDX,"Ardelyx, Inc.",Healthcare,Small-Cap,3839885,NGM
PSNL,"Personalis, Inc.",Healthcare,Small-Cap,3866019,NGM
LADR,Ladder Capital Corp,Real Estate,Small-Cap,980560,NYQ
UTZ,Utz Brands Inc,Consumer Defensive,Small-Cap,3529866,NYQ
CMP,Compass Minerals Intl Inc,Basic Materials,Nano-Cap,583307,NYQ
CERT,"Certara, Inc.",Healthcare,Small-Cap,4215542,NMS
TNDM,"Tandem Diabetes Care, Inc.",Healthcare,Small-Cap,2395022,NGM
JFR,N/A,Financial Services,Nano-Cap,588130,NYQ
CCO,"Clear Channel Outdoor Holdings,",Communication Services,Small-Cap,7337911,NYQ
ORIC,"Oric Pharmaceuticals, Inc.",Healthcare,Small-Cap,1667855,NMS
DSL,DoubleLine Income Solutions Fun,Financial Services,Small-Cap,512649,NYQ
NVAX,"Novavax, Inc.",Healthcare,Small-Cap,4784123,NMS
PDM,"Piedmont Realty Trust, Inc.",Real Estate,Small-Cap,1077665,NYQ
EOSE,"Eos Energy Enterprises, Inc.",Industrials,Small-Cap,27168615,NCM
ABSI,Absci Corporation,Healthcare,Small-Cap,5566304,NMS
PCT,"PureCycle Technologies, Inc.",Industrials,Small-Cap,5526433,NCM
IQ,"iQIYI, Inc.",Communication Services,Small-Cap,6476995,NMS
OMDA,"Omada Health, Inc.",Healthcare,Small-Cap,1238761,NMS
UPWK,Upwork Inc.,Communication Services,Small-Cap,4084206,NMS
BORR,Borr Drilling Limited,Energy,Small-Cap,6748966,NYQ
MNKD,MannKind Corporation,Healthcare,Small-Cap,5828785,NGM
VPG,"Vishay Precision Group, Inc.",Technology,Nano-Cap,601412,NYQ
HLIT,Harmonic Inc.,Technology,Small-Cap,3039888,NMS
NHP,"National Healthcare Properties,",Real Estate,Small-Cap,711628,NGM
CDNL,Cardinal Infrastructure Group I,Industrials,Small-Cap,667274,NMS
PURR,Hyperliquid Strategies Inc,Financial Services,Small-Cap,14074609,NCM
AMPL,"Amplitude, Inc.",Technology,Small-Cap,2594557,NCM
JBIO,"Jade Biosciences, Inc.",Healthcare,Small-Cap,1033512,NCM
VYX,NCR Voyix Corporation,Technology,Small-Cap,2384052,NYQ
STDN,"Standard Nuclear, Inc.",Basic Materials,Small-Cap,1695375,NYQ
CBRL,Cracker Barrel Old Country Stor,Consumer Cyclical,Small-Cap,1249401,NMS
RES,"RPC, Inc.",Energy,Small-Cap,1686134,NYQ
TE,T1 Energy Inc.,Industrials,Small-Cap,38950082,NYQ
FINV,FinVolution Group,Financial Services,Small-Cap,785844,NYQ
MBC,"MasterBrand, Inc.",Consumer Cyclical,Small-Cap,3310677,NYQ
GPRE,"Green Plains, Inc.",Basic Materials,Small-Cap,1492009,NMS
POET,POET Technologies Inc.,Technology,Small-Cap,33199909,NCM
AVO,"Mission Produce, Inc.",Consumer Defensive,Small-Cap,1342404,NMS
CRF,33138,Financial Services,Small-Cap,1140449,ASE
CLBK,"Columbia Financial, Inc.",Financial Services,Small-Cap,3523286,NMS
SDGR,"Schrodinger, Inc.",Healthcare,Small-Cap,1298373,NMS
CRSR,"Corsair Gaming, Inc.",Technology,Small-Cap,2603368,NMS
QDEL,QuidelOrtho Corporation,Healthcare,Small-Cap,1764984,NMS
WVE,Wave Life Sciences Ltd.,Healthcare,Small-Cap,3363976,NGM
STAA,STAAR Surgical Company,Healthcare,Small-Cap,897346,NGM
ARHS,"Arhaus, Inc.",Consumer Cyclical,Small-Cap,1328342,NMS
PSEC,Prospect Capital Corporation,Financial Services,Small-Cap,5588000,NMS
WOLF,"Wolfspeed, Inc.",Technology,Small-Cap,7367053,NYQ
JBGS,JBG SMITH Properties,Real Estate,Small-Cap,565265,NYQ
VZLA,Vizsla Silver Corp.,Basic Materials,Small-Cap,5846188,ASE
RCAT,"Red Cat Holdings, Inc.",Industrials,Small-Cap,12638453,NCM
IAUX,i-80 Gold Corp.,Basic Materials,Small-Cap,10218646,ASE
CRVS,"Corvus Pharmaceuticals, Inc.",Healthcare,Small-Cap,1437682,NGM
XIFR,"XPLR Infrastructure, LP",Utilities,Small-Cap,1133638,NYQ
NPKI,NPK International Inc.,Industrials,Small-Cap,1012085,NYQ
SVC,Service Properties Trust,Real Estate,Small-Cap,1838022,NMS
MGTX,MeiraGTx Holdings plc,Healthcare,Small-Cap,878111,NMS
CFFN,"Capitol Federal Financial, Inc.",Financial Services,Small-Cap,801639,NMS
SVRA,"Savara, Inc.",Healthcare,Small-Cap,1717057,NMS
CGEM,"Cullinan Therapeutics, Inc.",Healthcare,Small-Cap,1049606,NMS
IVA,Inventiva S.A. - American Depos,Healthcare,Small-Cap,952903,NGM
TTI,"Tetra Technologies, Inc.",Industrials,Nano-Cap,1694241,NYQ
HBNC,"Horizon Bancorp, Inc.",Financial Services,Small-Cap,595936,NMS
ABR,Arbor Realty Trust,Real Estate,Nano-Cap,4660161,NYQ
CRON,Cronos Group Inc. Common Share,Healthcare,Small-Cap,1153701,NGM
CIM,Chimera Investment Corporation,Real Estate,Small-Cap,673496,NYQ
PCRX,"Pacira BioSciences, Inc.",Healthcare,Small-Cap,522452,NMS
SGML,Sigma Lithium Corporation,Basic Materials,Small-Cap,2597080,NCM
OCSL,Oaktree Specialty Lending Corpo,Financial Services,Small-Cap,619319,NMS
HTLD,"Heartland Express, Inc.",Industrials,Small-Cap,639441,NMS
LMRI,"Lumexa Imaging Holdings, Inc.",Healthcare,Small-Cap,774033,NMS
VOR,Vor Biopharma Inc.,Healthcare,Small-Cap,1184268,NMS
ALVO,Alvotech,Healthcare,Small-Cap,802685,NGM
GRPN,"Groupon, Inc.",Communication Services,Small-Cap,1811319,NMS
AMRC,"Ameresco, Inc.",Industrials,Small-Cap,603382,NYQ
GDRX,"GoodRx Holdings, Inc.",Healthcare,Small-Cap,1439190,NMS
DRTS,Alpha Tau Medical Ltd.,Healthcare,Small-Cap,931368,NCM
APPS,"Digital Turbine, Inc.",Technology,Small-Cap,5772674,NCM
NMAX,"Newsmax, Inc.",Communication Services,Small-Cap,1242365,NYQ
PZZA,"Papa John's International, Inc.",Consumer Cyclical,Small-Cap,1096717,NMS
SECZ,Securitize Corp.,Technology,Small-Cap,1556733,NYQ
TUYA,Tuya Inc.,Technology,Small-Cap,1014706,NYQ
LXRX,"Lexicon Pharmaceuticals, Inc.",Healthcare,Small-Cap,3418352,NCM
PRCT,PROCEPT BioRobotics Corporation,Healthcare,Small-Cap,1566195,NGM
AVTX,"Avalo Therapeutics, Inc.",Healthcare,Small-Cap,1993771,NCM
MUX,McEwen Inc.,Basic Materials,Nano-Cap,1156242,NYQ
BRUN,Boost Run Inc.,Technology,Small-Cap,1820052,NGM
SBGI,"Sinclair, Inc.",Communication Services,Small-Cap,503222,NMS
EVLV,"Evolv Technologies Holdings, In",Industrials,Small-Cap,2650326,NCM
EYPT,"EyePoint, Inc.",Healthcare,Small-Cap,1276922,NGM
ABX,"Abacus Global Management, Inc.",Financial Services,Small-Cap,613004,NYQ
OLMA,"Olema Pharmaceuticals, Inc.",Healthcare,Small-Cap,1435685,NMS
GSBD,"Goldman Sachs BDC, Inc.",Financial Services,Small-Cap,1084047,NYQ
FSCO,N/A,Financial Services,Small-Cap,1023214,NYQ
ASST,"Strive, Inc.",Financial Services,Small-Cap,4173452,NGM
EVC,Entravision Communications Corp,Communication Services,Small-Cap,3079933,NYQ
TROX,Tronox Holdings plc,Basic Materials,Small-Cap,2857068,NYQ
LAC,Lithium Americas Corp.,Basic Materials,Small-Cap,10786522,NYQ
TK,Teekay Corporation Ltd.,Energy,Small-Cap,608387,NYQ
CRCT,"Cricut, Inc.",Technology,Small-Cap,532244,NMS
SMPL,The Simply Good Foods Company,Consumer Defensive,Small-Cap,2435598,NCM
BIOA,"BioAge Labs, Inc.",Healthcare,Small-Cap,703455,NMS
EVER,"EverQuote, Inc.",Communication Services,Small-Cap,894223,NGM
GTM,ZoomInfo Technologies Inc.,Technology,Small-Cap,11834768,NMS
ALIT,"Alight, Inc.",Technology,Small-Cap,1248210,NYQ
ASM,Avino Silver & Gold Mines Ltd.,Basic Materials,Small-Cap,3931282,ASE
AEVA,"Aeva Technologies, Inc.",Technology,Small-Cap,2295787,NMS
RXT,"Rackspace Technology, Inc.",Technology,Small-Cap,25672069,NMS
BUR,Burford Capital Limited,Financial Services,Nano-Cap,2548601,NYQ
RERE,ATRenew Inc.,Consumer Cyclical,Small-Cap,1091155,NYQ
BAK,Braskem SA,Basic Materials,Small-Cap,2391587,NYQ
SANA,"Sana Biotechnology, Inc.",Healthcare,Small-Cap,3643376,NMS
EFOR,"Everforth, Inc.",Technology,Small-Cap,1158269,NYQ
MFA,"MFA Financial, Inc.",Real Estate,Small-Cap,1567626,NYQ
GERN,Geron Corporation,Healthcare,Small-Cap,12703807,NMS
PHAT,"Phathom Pharmaceuticals, Inc.",Healthcare,Small-Cap,1237914,NMS
QNST,"QuinStreet, Inc.",Communication Services,Small-Cap,809380,NMS
GO,Grocery Outlet Holding Corp.,Consumer Defensive,Nano-Cap,2834926,NMS
UMAC,"Unusual Machines, Inc.",Technology,Small-Cap,5806147,ASE
RZLV,Rezolve AI PLC,Technology,Small-Cap,14609322,NGM
LAR,Lithium Argentina AG,Basic Materials,Small-Cap,2211231,NYQ
WGO,"Winnebago Industries, Inc.",Consumer Cyclical,Small-Cap,738604,NYQ
BZH,"Beazer Homes USA, Inc.",Consumer Cyclical,Small-Cap,604928,NYQ
CSIQ,Canadian Solar Inc.,Technology,Small-Cap,2852215,NMS
BTX,BlackRock Technology and Privat,Financial Services,Small-Cap,742500,NYQ
ARKO,ARKO Corp.,Consumer Cyclical,Small-Cap,837788,NCM
JANX,"Janux Therapeutics, Inc.",Healthcare,Small-Cap,1063600,NGM
VLRS,Controladora Vuela Compania de ,Industrials,Small-Cap,610952,NYQ
GOOS,Canada Goose Holdings Inc. Subo,Consumer Cyclical,Small-Cap,650715,NYQ
CEVA,"CEVA, Inc.",Technology,Small-Cap,893930,NMS
BKSY,BlackSky Technology Inc.,Industrials,Small-Cap,2010277,NYQ
SUPV,Grupo Supervielle S.A.,Financial Services,Small-Cap,718546,NYQ
INMD,InMode Ltd.,Healthcare,Small-Cap,831738,NMS
NXDR,"Nextdoor Holdings, Inc.",Communication Services,Small-Cap,2935582,NYQ
BBDC,"Barings BDC, Inc.",Financial Services,Small-Cap,714761,NYQ
WYFI,"WhiteFiber, Inc.",Technology,Small-Cap,2478431,NCM
ARI,Apollo Commercial Real Estate F,Real Estate,Small-Cap,3667460,NYQ
AMPH,"Amphastar Pharmaceuticals, Inc.",Healthcare,Small-Cap,608609,NMS
BVS,Bioventus Inc.,Healthcare,Small-Cap,682971,NMS
TBPH,"Theravance Biopharma, Inc.",Healthcare,Small-Cap,587409,NGM
AOSL,Alpha and Omega Semiconductor L,Technology,Small-Cap,915384,NMS
LWLG,"Lightwave Logic, Inc.",Basic Materials,Small-Cap,6121971,NCM
TALK,"Talkspace, Inc.",Healthcare,Small-Cap,1901146,NCM
DEC,Diversified Energy Company,Energy,Small-Cap,974569,NYQ
ABUS,Arbutus Biopharma Corporation,Healthcare,Small-Cap,1932479,NMS
MOMO,Hello Group Inc.,Communication Services,Small-Cap,671126,NMS
PHK,N/A,Financial Services,Nano-Cap,848755,NYQ
PMT,PennyMac Mortgage Investment Tr,Real Estate,Small-Cap,1425144,NYQ
TIGR,UP Fintech Holding Limited,Financial Services,Small-Cap,4400133,NMS
OXLC,Oxford Lane Capital Corp.,Financial Services,Small-Cap,1028193,NGM
ENVX,Enovix Corporation,Industrials,Small-Cap,6833246,NMS
NABL,"N-able, Inc.",Technology,Small-Cap,2041946,NYQ
NNE,Nano Nuclear Energy Inc.,Industrials,Small-Cap,2757541,NCM
CRML,Critical Metals Corp.,Basic Materials,Small-Cap,7679698,NGM
EVEX,"Eve Holding, Inc.",Industrials,Small-Cap,1123355,NYQ
NEWP,New Pacific Metals Corp.,Basic Materials,Small-Cap,967809,ASE
MAMA,"Mama's Creations, Inc.",Consumer Defensive,Small-Cap,603868,NCM
AVEX,AEVEX Corp.,Industrials,Small-Cap,2311958,NYQ
KURA,"Kura Oncology, Inc.",Healthcare,Small-Cap,1748269,NMS
LXU,"LSB Industries, Inc.",Basic Materials,Small-Cap,894319,NYQ
HPK,"HighPeak Energy, Inc.",Energy,Small-Cap,692812,NGM
NAVI,Navient Corporation,Financial Services,Small-Cap,1082136,NMS
CCXI,Churchill Capital Corp XI,Financial Services,Small-Cap,2017546,NGM
NAK,"Northern Dynasty Minerals, Ltd.",Basic Materials,Nano-Cap,6692966,ASE
ANNX,"Annexon, Inc.",Healthcare,Small-Cap,3487834,NMS
DQ,DAQO New Energy Corp.,Technology,Small-Cap,907292,NYQ
GILT,Gilat Satellite Networks Ltd.,Technology,Small-Cap,864993,NMS
MFIC,MidCap Financial Investment Cor,Financial Services,Small-Cap,573873,NMS
FOXF,Fox Factory Holding Corp.,Consumer Cyclical,Small-Cap,576723,NMS
PD,"PagerDuty, Inc.",Technology,Small-Cap,2010698,NYQ
WEST,Westrock Coffee Company,Consumer Defensive,Small-Cap,798358,NGM
WOOF,Petco Health and Wellness Compa,Consumer Cyclical,Small-Cap,1965409,NMS
BLDP,"Ballard Power Systems, Inc.",Industrials,Small-Cap,9376961,NGM
KODK,Eastman Kodak Company,Industrials,Small-Cap,1036907,NYQ
AVR,Anteris Technologies Global Cor,Healthcare,Small-Cap,1245412,NGM
SOC,Sable Offshore Corp.,Energy,Small-Cap,8984017,NYQ
FWRG,"First Watch Restaurant Group, I",Consumer Cyclical,Small-Cap,1235184,NMS
KDK,"Kodiak AI, Inc.",Technology,Small-Cap,1206269,NGM
SIBN,"SI-BONE, Inc.",Healthcare,Small-Cap,657885,NGM
OMER,Omeros Corporation,Healthcare,Small-Cap,1837453,NGM
ODD,ODDITY Tech Ltd.,Consumer Defensive,Small-Cap,1492757,NGM
ARRY,"Array Technologies, Inc.",Technology,Small-Cap,6092976,NGM
ADAM,"Adamas Trust, Inc.",Real Estate,Small-Cap,840706,NMS
SXC,"SunCoke Energy, Inc.",Basic Materials,Small-Cap,1626704,NYQ
HPP,"Hudson Pacific Properties, Inc.",Real Estate,Small-Cap,1046746,NYQ
CODI,D/B/A Compass Diversified Holdi,Industrials,Small-Cap,863603,NYQ
JKS,JinkoSolar Holding Company Limi,Technology,Small-Cap,761498,NYQ
SLDB,Solid Biosciences Inc.,Healthcare,Small-Cap,1712949,NMS
IVR,INVESCO MORTGAGE CAPITAL INC,Real Estate,Small-Cap,2642742,NYQ
CYRX,"CryoPort, Inc.",Industrials,Small-Cap,830585,NCM
UAMY,United States Antimony Corporat,Basic Materials,Small-Cap,8925496,NYQ
ANGX,"Angel Studios, Inc.",Communication Services,Small-Cap,1289606,NYQ
MITK,"Mitek Systems, Inc.",Technology,Small-Cap,1079896,NCM
SB,"Safe Bulkers, Inc",Industrials,Small-Cap,821193,NYQ
GGN,N/A,Financial Services,Nano-Cap,576652,ASE
SG,"Sweetgreen, Inc.",Consumer Cyclical,Small-Cap,5809161,NYQ
INN,"Summit Hotel Properties, Inc.",Real Estate,Small-Cap,1471403,NYQ
HIVE,HIVE Digital Technologies Ltd,Financial Services,Small-Cap,27222479,NCM
TRON,Tron Inc.,Consumer Cyclical,Small-Cap,771214,NCM
MAX,"MediaAlpha, Inc.",Communication Services,Small-Cap,802561,NYQ
VTEX,VTEX,Technology,Small-Cap,1428796,NYQ
TDUP,ThredUp Inc.,Consumer Cyclical,Small-Cap,2076677,NMS
DSGN,"Design Therapeutics, Inc.",Healthcare,Small-Cap,939573,NMS
SABR,Sabre Corporation,Technology,Small-Cap,5573592,NMS
ACRS,"Aclaris Therapeutics, Inc.",Healthcare,Small-Cap,1641776,NMS
BLMN,"Bloomin' Brands, Inc.",Consumer Cyclical,Small-Cap,2365576,NMS
ONT,"Onterris, Inc.",Industrials,Small-Cap,675063,NYQ
JBI,"Janus International Group, Inc.",Industrials,Small-Cap,1727915,NYQ
JMIA,Jumia Technologies AG,Consumer Cyclical,Small-Cap,2128557,NYQ
AURA,"Aura Biosciences, Inc.",Healthcare,Small-Cap,663069,NGM
ADTN,"ADTRAN Holdings, Inc.",Technology,Small-Cap,2513428,NMS
IGR,CBRE Clarion Global Real Estate,Financial Services,Small-Cap,537590,NYQ
RSKD,Riskified Ltd.,Technology,Small-Cap,990373,NYQ
PAR,PAR Technology Corporation,Technology,Small-Cap,1276322,NYQ
CGBD,"Carlyle Secured Lending, Inc.",Financial Services,Small-Cap,574968,NMS
CADL,"Candel Therapeutics, Inc.",Healthcare,Small-Cap,1935474,NGM
CLYM,"Climb Bio, Inc.",Healthcare,Small-Cap,1236666,NGM
MNTN,"MNTN, Inc.",Technology,Small-Cap,1177452,NYQ
BLZE,"Backblaze, Inc.",Technology,Small-Cap,3528114,NGM
BBNX,"Beta Bionics, Inc.",Healthcare,Small-Cap,981112,NGM
CARS,Cars.com Inc.,Communication Services,Small-Cap,793380,NYQ
PFLT,PennantPark Floating Rate Capit,Financial Services,Small-Cap,1203868,NYQ
JQC,N/A,Financial Services,Nano-Cap,571946,NYQ
MEC,"Mayville Engineering Company, I",Industrials,Small-Cap,582274,NYQ
GFUZ,General Fusion Group Ltd.,Industrials,Small-Cap,507715,NGM
GMRS,GMR Solutions Inc.,Healthcare,Small-Cap,1040410,NYQ
AHRT,"AH Realty Trust, Inc.",Real Estate,Small-Cap,879906,NYQ
PRAA,"PRA Group, Inc.",Financial Services,Small-Cap,650344,NMS
CTMX,"CytomX Therapeutics, Inc.",Healthcare,Small-Cap,4121241,NMS
HNRG,Hallador Energy Company,Utilities,Small-Cap,876726,NCM
OGG,Osisko Gold Group Inc.,Basic Materials,Small-Cap,3225479,NYQ
SSYS,"Stratasys, Ltd.",Technology,Small-Cap,914982,NMS
ACDC,ProFrac Holding Corp.,Energy,Small-Cap,1458547,NMS
BRSP,"BrightSpire Capital, Inc.",Real Estate,Small-Cap,1482192,NYQ
ABTC,American Bitcoin Corp.,Financial Services,Small-Cap,1218026,NCM
RVI,Robinhood Ventures Fund I,Financial Services,Small-Cap,701415,NYQ
HELE,Helen of Troy Limited,Consumer Defensive,Small-Cap,586896,NMS
DXYZ,Destiny Tech100 Inc.,Financial Services,Small-Cap,4154539,NYQ
INDI,"indie Semiconductor, Inc.",Technology,Small-Cap,5711507,NCM
PHR,"Phreesia, Inc.",Healthcare,Small-Cap,1242828,NYQ
SWIM,"Latham Group, Inc.",Industrials,Small-Cap,785285,NMS
ASC,Ardmore Shipping Corporation,Industrials,Small-Cap,676285,NYQ
NMFC,New Mountain Finance Corporatio,Financial Services,Small-Cap,617282,NMS
RPD,"Rapid7, Inc.",Technology,Small-Cap,2412584,NGM
LDI,"loanDepot, Inc.",Financial Services,Small-Cap,2039060,NYQ
AGNT,"AGNT, Inc.",Real Estate,Small-Cap,1441442,NGM
TRTX,"TPG RE Finance Trust, Inc.",Real Estate,Small-Cap,662958,NYQ
BOT,"RoboStrategy, Inc.",Financial Services,Small-Cap,760066,NGM
MDXG,"MiMedx Group, Inc",Healthcare,Small-Cap,1461061,NCM
OCS,Oculis Holding AG,Healthcare,Small-Cap,684539,NGM
SWBI,"Smith & Wesson Brands, Inc.",Industrials,Small-Cap,683468,NMS
CGNT,Cognyte Software Ltd.,Technology,Small-Cap,715411,NMS
OFRM,"Once Upon a Farm, PBC",Consumer Defensive,Small-Cap,504776,NYQ
STTK,"Shattuck Labs, Inc.",Healthcare,Small-Cap,1252395,NMS
IMSR,Terrestrial Energy Inc.,Utilities,Small-Cap,2821241,NMS
KOPN,Kopin Corporation,Technology,Small-Cap,7900492,NCM
VRRM,Verra Mobility Corporation,Technology,Small-Cap,7384104,NCM
CCOI,"Cogent Communications Holdings,",Communication Services,Small-Cap,1382442,NMS
PSIX,"Power Solutions International, ",Industrials,Small-Cap,699507,NCM
GOOD,Gladstone Commercial Corporatio,Real Estate,Small-Cap,509922,NMS
ACHV,"Achieve Life Sciences, Inc.",Healthcare,Small-Cap,1800577,NCM
METC,"Ramaco Resources, Inc.",Basic Materials,Small-Cap,1587982,NMS
IRWD,"Ironwood Pharmaceuticals, Inc.",Healthcare,Small-Cap,2444669,NMS
VTS,"Vitesse Energy, Inc.",Energy,Small-Cap,524715,NYQ
SMWB,Similarweb Ltd.,Technology,Small-Cap,948842,NYQ
NRDS,"NerdWallet, Inc.",Communication Services,Small-Cap,890769,NGM
OBE,Obsidian Energy Ltd.,Energy,Small-Cap,846065,ASE
LPTH,"LightPath Technologies, Inc.",Technology,Small-Cap,3618577,NCM
DC,Dakota Gold Corp.,Basic Materials,Small-Cap,1457053,ASE
HYLN,Hyliion Holdings Corp.,Consumer Cyclical,Small-Cap,4879701,ASE
NVRI,Enviri Corporation,Industrials,Small-Cap,1050722,NYQ
KLC,"KinderCare Learning Companies, ",Consumer Defensive,Small-Cap,852795,NYQ
GSM,Ferroglobe PLC,Basic Materials,Small-Cap,1595631,NCM
PUBM,"PubMatic, Inc.",Technology,Small-Cap,618555,NGM
ILPT,Industrial Logistics Properties,Real Estate,Small-Cap,540042,NMS
RGNX,REGENXBIO Inc.,Healthcare,Small-Cap,2224555,NMS
ETD,Ethan Allen Interiors Inc.,Consumer Cyclical,Small-Cap,583146,NYQ
FBRT,"Franklin BSP Realty Trust, Inc.",Real Estate,Small-Cap,1141887,NYQ
GRNT,"Granite Ridge Resources, Inc.",Energy,Small-Cap,945539,NYQ
GROY,Gold Royalty Corp.,Basic Materials,Small-Cap,1883987,ASE
HQ,Horizon Quantum Holdings Ltd.,Technology,Small-Cap,688809,NCM
IMMX,"Immix Biopharma, Inc.",Healthcare,Small-Cap,1746050,NCM
VITL,"Vital Farms, Inc.",Consumer Defensive,Small-Cap,2849023,NGM
GPRK,Geopark Ltd,Energy,Small-Cap,535650,NYQ
RWT,"Redwood Trust, Inc.",Real Estate,Small-Cap,2435455,NYQ
SCZM,Santacruz Silver Mining Ltd.,Basic Materials,Small-Cap,506695,NCM
RYAM,Rayonier Advanced Materials Inc,Basic Materials,Small-Cap,976136,NYQ
CERS,Cerus Corporation,Healthcare,Small-Cap,2995204,NGM
NB,NioCorp Developments Ltd.,Basic Materials,Small-Cap,3481377,NGM
CTKB,"Cytek Biosciences, Inc.",Healthcare,Small-Cap,1375201,NMS
CRMD,CorMedix Inc.,Healthcare,Small-Cap,1299842,NGM
HTZ,"Hertz Global Holdings, Inc",Industrials,Nano-Cap,16392685,NMS
TASK,"TaskUs, Inc.",Technology,Small-Cap,726363,NMS
YEXT,"Yext, Inc.",Technology,Small-Cap,1319874,NYQ
ALT,"Altimmune, Inc.",Healthcare,Small-Cap,3940365,NGM
BTGO,"BitGo Holdings, Inc.",Financial Services,Small-Cap,1451865,NYQ
SPRY,"ARS Pharmaceuticals, Inc.",Healthcare,Small-Cap,2031719,NGM
SPPP,"""Sprott Physical Platinum and P",N/A,Small-Cap,537046,ASE
ZVRA,"Zevra Therapeutics, Inc.",Healthcare,Small-Cap,1819934,NMS
DNUT,"Krispy Kreme, Inc.",Consumer Defensive,Small-Cap,2656304,NMS
SFIX,"Stitch Fix, Inc.",Consumer Cyclical,Small-Cap,1957369,NMS
HUYA,HUYA Inc.,Communication Services,Small-Cap,919319,NYQ
ALLO,"Allogene Therapeutics, Inc.",Healthcare,Small-Cap,8190565,NMS
PRME,"Prime Medicine, Inc.",Healthcare,Small-Cap,3302131,NGM
WEAV,"Weave Communications, Inc.",Healthcare,Small-Cap,1171579,NYQ
PACK,Ranpak Holdings Corp,Consumer Cyclical,Small-Cap,619642,NYQ
EGY,"VAALCO Energy, Inc.",Energy,Small-Cap,1325336,NYQ
VSTM,"Verastem, Inc.",Healthcare,Small-Cap,2624592,NCM
GEMI,"Gemini Space Station, Inc.",Financial Services,Small-Cap,1908677,NMS
WNC,Wabash National Corporation,Industrials,Small-Cap,1152180,NYQ
GOGO,Gogo Inc.,Communication Services,Small-Cap,1876363,NMS
RLMD,"Relmada Therapeutics, Inc.",Healthcare,Small-Cap,1681801,NCM
MNRO,"Monro, Inc.",Consumer Cyclical,Small-Cap,1148226,NMS
IHRT,"iHeartMedia, Inc.",Communication Services,Small-Cap,1108642,NMS
NFGC,New Found Gold Corp,Basic Materials,Small-Cap,1536219,ASE
XMAX,"XMAX, Inc.",Consumer Cyclical,Small-Cap,1352815,NCM
CTGO,Contango Silver & Gold Inc.,Basic Materials,Small-Cap,527830,ASE
SPT,"Sprout Social, Inc",Technology,Small-Cap,1359763,NCM
TWI,"Titan International, Inc. (DE)",Industrials,Small-Cap,539001,NYQ
BDN,Brandywine Realty Trust,Real Estate,Small-Cap,1890531,NYQ
ARVN,"Arvinas, Inc.",Healthcare,Small-Cap,820587,NMS
MPLT,"MapLight Therapeutics, Inc.",Healthcare,Small-Cap,724474,NMS
AIOT,"PowerFleet, Inc.",Technology,Small-Cap,1496044,NGM
ZURA,Zura Bio Limited,Healthcare,Small-Cap,1055715,NCM
LAES,SEALSQ Corp,Technology,Small-Cap,17121182,NMS
GDYN,"Grid Dynamics Holdings, Inc.",Technology,Small-Cap,2485120,NCM
MEI,"Methode Electronics, Inc.",Technology,Small-Cap,971260,NYQ
SATL,Satellogic Inc.,Industrials,Small-Cap,8271509,NCM
FDMT,"4D Molecular Therapeutics, Inc.",Healthcare,Small-Cap,857253,NMS
PAYS,"Paysign, Inc.",Technology,Small-Cap,676346,NCM
TMQ,Trilogy Metals Inc.,Basic Materials,Small-Cap,2161634,ASE
AIIO,Robo.ai Inc.,Consumer Cyclical,Small-Cap,13368369,NCM
ALOY,REalloys Inc.,Basic Materials,Small-Cap,2635709,NCM
THM,"International Tower Hill Mines,",Basic Materials,Nano-Cap,976369,ASE
ARTV,"Artiva Biotherapeutics, Inc.",Healthcare,Small-Cap,598212,NGM
EVGO,EVgo Inc.,Consumer Cyclical,Small-Cap,3975798,NMS
DNA,"Ginkgo Bioworks Holdings, Inc.",Healthcare,Small-Cap,1202007,NYQ
MYGN,"Myriad Genetics, Inc.",Healthcare,Small-Cap,1852958,NMS
ECC,N/A,Financial Services,Nano-Cap,1012246,NYQ
CLB,Core Laboratories Inc.,Energy,Small-Cap,849292,NYQ
BBBY,"Bed Bath & Beyond, Inc.",N/A,Small-Cap,2538598,NYQ
TLRY,"Tilray Brands, Inc.",Healthcare,Small-Cap,3980060,NMS
SLI,Standard Lithium Ltd.,Basic Materials,Small-Cap,1795615,ASE
PANL,Pangaea Logistics Solutions Ltd,Industrials,Small-Cap,561320,NCM
NRGV,"Energy Vault Holdings, Inc.",Utilities,Small-Cap,5503506,NYQ
TOI,"The Oncology Institute, Inc.",Healthcare,Small-Cap,1920780,NCM
BTQ,BTQ Technologies Corp.,Technology,Small-Cap,3585049,NGM
ORN,"Orion Group Holdings, Inc.",Industrials,Small-Cap,522736,NYQ
OIS,"Oil States International, Inc.",Energy,Small-Cap,817188,NYQ
ASPI,ASP Isotopes Inc.,Basic Materials,Small-Cap,4995576,NCM
URG,Ur Energy Inc,Energy,Nano-Cap,11121444,ASE
WTI,"W&T Offshore, Inc.",Energy,Small-Cap,5110892,NYQ
KREF,KKR Real Estate Finance Trust I,Real Estate,Small-Cap,1151169,NYQ
CMCO,Columbus McKinnon Corporation,Industrials,Small-Cap,632471,NMS
FWRD,Forward Air Corporation,Industrials,Small-Cap,1400042,NMS
RZLT,"Rezolute, Inc.",Healthcare,Small-Cap,1799390,NCM
SLDP,"Solid Power, Inc.",Consumer Cyclical,Small-Cap,5526412,NMS
HELP,Cybin Inc.,Healthcare,Small-Cap,1204817,NGM
FIP,FTAI Infrastructure Inc.,Industrials,Small-Cap,1026777,NMS
AQST,"Aquestive Therapeutics, Inc.",Healthcare,Small-Cap,1954617,NGM
BMBL,Bumble Inc.,Communication Services,Small-Cap,3306587,NMS
PROK,ProKidney Corp.,Healthcare,Small-Cap,1146977,NCM
WRN,Western Copper and Gold Corpora,Basic Materials,Small-Cap,1911060,ASE
QTTB,Q32 Bio Inc.,Healthcare,Small-Cap,1475726,NCM
ASTL,Algoma Steel Group Inc.,Basic Materials,Small-Cap,1122093,NGM
GAU,Galiano Gold Inc.,Basic Materials,Small-Cap,3179438,ASE
CNCK,Coincheck Group N.V.,Financial Services,Small-Cap,958947,NGM
VVR,Invesco Senior Income Trust  (D,Financial Services,Small-Cap,809974,NYQ
QNC,Quantum eMotion Corp.,Technology,Small-Cap,1682766,ASE
ADUR,Aduro Clean Technologies Inc.,Industrials,Small-Cap,555922,NCM
BTBT,"Bit Digital, Inc.",Financial Services,Small-Cap,27382669,NCM
KYTX,"Kyverna Therapeutics, Inc.",Healthcare,Small-Cap,1046968,NMS
AMCX,AMC Global Media Inc.,Communication Services,Small-Cap,597965,NMS
CAL,"Caleres, Inc.",Consumer Cyclical,Small-Cap,622726,NYQ
NUAI,"New Era Energy & Digital, Inc.",Technology,Small-Cap,8213641,NGM
SGMT,Sagimet Biosciences Inc. - Seri,Healthcare,Small-Cap,1054357,NGM
PRTA,Prothena Corporation plc,Healthcare,Small-Cap,580993,NMS
CABA,"Cabaletta Bio, Inc.",Healthcare,Small-Cap,4963134,NMS
QMCO,Quantum Corporation,Technology,Small-Cap,1135715,NGM
SRTA,"Strata Critical Medical, Inc.",Healthcare,Small-Cap,1151653,NCM
LVWR,"LiveWire Group, Inc.",Consumer Cyclical,Small-Cap,4023420,NYQ
NMG,Nouveau Monde Graphite Inc.,Basic Materials,Small-Cap,869655,NYQ
REPL,"Replimune Group, Inc.",Healthcare,Small-Cap,6286925,NMS
ERII,"Energy Recovery, Inc.",Industrials,Small-Cap,1084557,NMS
SHOE,"Shoe Station Group, Inc.",Consumer Cyclical,Small-Cap,607563,NMS
BLND,"Blend Labs, Inc.",Technology,Small-Cap,3227638,NYQ
SPIR,"Spire Global, Inc.",Industrials,Small-Cap,1355173,NYQ
PACB,Pacific Biosciences of Californ,Healthcare,Small-Cap,6213731,NMS
GTN,"Gray Media, Inc.",Communication Services,Nano-Cap,1358582,NYQ
ECX,ECARX Holdings Inc.,Consumer Cyclical,Small-Cap,1694977,NGM
CLPT,ClearPoint Neuro Inc.,Healthcare,Small-Cap,720420,NCM
OVID,Ovid Therapeutics Inc.,Healthcare,Small-Cap,2384957,NCM
ELMT,The Elmet Group Co.,Industrials,Small-Cap,609974,NCM
HNST,"The Honest Company, Inc.",Consumer Defensive,Small-Cap,1482034,NMS
CLNE,Clean Energy Fuels Corp.,Energy,Small-Cap,1549009,NMS
FVRR,Fiverr International Ltd.,Communication Services,Small-Cap,843039,NYQ
ITRG,Integra Resources Corp.,Basic Materials,Small-Cap,3012107,ASE
EVMN,"Evommune, Inc.",Healthcare,Small-Cap,776541,NYQ
SWMR,"Swarmer, Inc",Technology,Small-Cap,528882,NCM
TENX,"Tenax Therapeutics, Inc.",Healthcare,Small-Cap,1102161,NCM
EVH,"Evolent Health, Inc",Healthcare,Small-Cap,2916053,NYQ
DDD,3D Systems Corporation,Technology,Small-Cap,4419565,NYQ
OCGN,"Ocugen, Inc.",Healthcare,Small-Cap,7542117,NCM
OPI,Office Properties Income Trust,Real Estate,Small-Cap,624246,NCM
OEC,Orion S.A.,Basic Materials,Small-Cap,600895,NYQ
EOLS,"Evolus, Inc. Common Stock",Healthcare,Small-Cap,826323,NGM
CGC,Canopy Growth Corporation,Healthcare,Small-Cap,5423465,NMS
SERV,Serve Robotics Inc.,Industrials,Small-Cap,4611126,NCM
ACCO,Acco Brands Corporation,Industrials,Nano-Cap,917871,NYQ
EDIT,"Editas Medicine, Inc.",Healthcare,Small-Cap,2463734,NMS
CYH,"Community Health Systems, Inc.",Healthcare,Small-Cap,1771911,NYQ
EH,EHang Holdings Limited,Industrials,Small-Cap,1093412,NGM
IMXI,"International Money Express, In",Technology,Small-Cap,555206,NCM
LRMR,"Larimar Therapeutics, Inc.",Healthcare,Small-Cap,2189138,NGM
ELVA,Electrovaya Inc.,Industrials,Small-Cap,995906,NCM
AIV,Apartment Investment and Manage,Real Estate,Small-Cap,1347158,NYQ
CCCC,"C4 Therapeutics, Inc.",Healthcare,Small-Cap,3253028,NMS
CWH,"Camping World Holdings, Inc.",Consumer Cyclical,Small-Cap,2506733,NYQ
AUTL,Autolus Therapeutics plc,Healthcare,Small-Cap,1330303,NMS
REAX,"The Real Brokerage, Inc.",Real Estate,Small-Cap,4097923,NCM
EBS,Emergent BioSolutions Inc.,Healthcare,Nano-Cap,830876,NYQ
LPRO,Open Lending Corporation,Financial Services,Small-Cap,2774153,NGM
IPSC,"Century Therapeutics, Inc.",Healthcare,Small-Cap,1250298,NCM
LAND,Gladstone Land Corporation,Real Estate,Small-Cap,632433,NGM
CRNC,Cerence Inc.,Technology,Small-Cap,1025415,NMS
ZIP,"ZipRecruiter, Inc.",Communication Services,Small-Cap,737031,NYQ
XFOR,"X4 Pharmaceuticals, Inc.",Healthcare,Small-Cap,662290,NCM
GEVO,"Gevo, Inc.",Basic Materials,Small-Cap,3488525,NCM
ASPN,"Aspen Aerogels, Inc.",Industrials,Small-Cap,1509282,NYQ
CMPX,"Compass Therapeutics, Inc.",Healthcare,Small-Cap,4193850,NCM
IKT,"Inhibikase Therapeutics, Inc.",Healthcare,Small-Cap,852042,NCM
RBBN,Ribbon Communications Inc.,Technology,Small-Cap,910849,NMS
PLAY,"Dave & Buster's Entertainment, ",Communication Services,Small-Cap,1719860,NMS
XRX,Xerox Holdings Corporation,Industrials,Small-Cap,5964942,NMS
RPAY,Repay Holdings Corporation,Technology,Small-Cap,636739,NCM
ENHA,Enhanced Group Inc.,Consumer Defensive,Small-Cap,1160574,NYQ
UPB,"Upstream Bio, Inc.",Healthcare,Small-Cap,573888,NMS
FNKO,"Funko, Inc.",Consumer Cyclical,Small-Cap,778241,NMS
RCKT,"Rocket Pharmaceuticals, Inc.",Healthcare,Small-Cap,2392765,NGM
CAPR,"Capricor Therapeutics, Inc.",Healthcare,Micro-Cap,2569107,NMS
PALI,"Palisade Bio, Inc.",Healthcare,Small-Cap,3336530,NCM
LXEO,"Lexeo Therapeutics, Inc.",Healthcare,Small-Cap,886363,NGM
TLS,Telos Corporation,Technology,Small-Cap,754944,NGM
ALTO,"Alto Ingredients, Inc.",Basic Materials,Small-Cap,2535031,NCM
ABEO,Abeona Therapeutics Inc.,Healthcare,Small-Cap,1249807,NCM
MRLN,"Merlin, Inc.",Industrials,Small-Cap,2565044,NGM
HLLY,Holley Inc.,Consumer Cyclical,Small-Cap,895509,NYQ
PTLO,Portillo's Inc.,Consumer Cyclical,Small-Cap,1653652,NMS
AKBA,"Akebia Therapeutics, Inc.",Healthcare,Small-Cap,4974642,NCM
ORGO,Organogenesis Holdings Inc.,Healthcare,Small-Cap,1022180,NCM
DGXX,Digi Power X Inc.,Utilities,Small-Cap,11223104,NCM
ZNTL,"Zentalis Pharmaceuticals, Inc.",Healthcare,Small-Cap,1163877,NGM
XPOF,"Xponential Fitness, Inc.",Consumer Cyclical,Small-Cap,666009,NYQ
BKKT,"Bakkt, Inc.",Technology,Small-Cap,1677771,NYQ
CATX,"Perspective Therapeutics, Inc.",Healthcare,Small-Cap,1733482,ASE
DBI,Designer Brands Inc.,Consumer Cyclical,Small-Cap,645553,NYQ
GRRR,Gorilla Technology Group Inc.,Technology,Small-Cap,1519212,NCM
RR,Richtech Robotics Inc.,Industrials,Small-Cap,10849684,NCM
MRAM,"Everspin Technologies, Inc.",Technology,Small-Cap,3435122,NGM
AIRS,"AirSculpt Technologies, Inc.",Healthcare,Small-Cap,825965,NGM
SPCE,"Virgin Galactic Holdings, Inc.",Industrials,Small-Cap,31073307,NYQ
SNDL,SNDL Inc.,Consumer Defensive,Small-Cap,2015520,NCM
AIRJ,AirJoule Technologies Corporati,Industrials,Small-Cap,1524850,NCM
NNDM,Nano Dimension Ltd.,Technology,Small-Cap,4152038,NCM
NMRA,"Neumora Therapeutics, Inc.",Healthcare,Small-Cap,2119277,NMS
JACK,Jack In The Box Inc.,Consumer Cyclical,Small-Cap,966160,NMS
VNDA,Vanda Pharmaceuticals Inc.,Healthcare,Small-Cap,971820,NGM
LAB,Standard BioTools Inc.,Healthcare,Small-Cap,3506925,NMS
ARQQ,Arqit Quantum Inc.,Technology,Small-Cap,859511,NCM
CION,CION Investment Corporation,Financial Services,Small-Cap,557755,NYQ
CMTG,"Claros Mortgage Trust, Inc.",Real Estate,Micro-Cap,641357,NYQ
OPTU,"Optimum Communications, Inc.",Communication Services,Small-Cap,11232455,NYQ
BGS,"B&G Foods, Inc.",Consumer Defensive,Small-Cap,2132212,NYQ
HRZN,Horizon Technology Finance Corp,Financial Services,Small-Cap,759273,NMS
ABAT,American Battery Technology Com,Industrials,Small-Cap,6055307,NCM
FWDI,"Forward Industries, Inc.",Consumer Cyclical,Small-Cap,1265077,NCM
LZM,Lifezone Metals Limited,Basic Materials,Small-Cap,606142,NYQ
OSS,"One Stop Systems, Inc.",Technology,Small-Cap,1665738,NCM
REI,"Ring Energy, Inc.",Energy,Small-Cap,5760719,ASE
VELO,"Velo3D, Inc.",Technology,Small-Cap,3485839,NCM
IRD,"Opus Genetics, Inc.",Healthcare,Small-Cap,991112,NCM
DVLT,Datavault AI Inc.,Technology,Small-Cap,36892307,NCM
SSP,E.W. Scripps Company (The),Communication Services,Small-Cap,726407,NMS
OSUR,"OraSure Technologies, Inc.",Healthcare,Small-Cap,642550,NMS
IMRX,Immuneering Corporation,Healthcare,Small-Cap,1497865,NGM
BYND,"Beyond Meat, Inc.",Consumer Defensive,Small-Cap,36711917,NMS
TCPC,BlackRock TCP Capital Corp.,Financial Services,Small-Cap,763971,NMS
FATE,"Fate Therapeutics, Inc.",Healthcare,Small-Cap,4126480,NGM
AIBZ,Bitzero Holdings Inc.,Technology,Small-Cap,641070,NCM
EGHT,8x8 Inc,Technology,Small-Cap,1968946,NMS
DSX,Diana Shipping inc.,Industrials,Small-Cap,816058,NYQ
OPRT,Oportun Financial Corporation,Financial Services,Small-Cap,513617,NMS
RILY,"BRC Group Holdings, Inc.",Financial Services,Small-Cap,918600,NGM
CMRC,"Commerce.com, Inc. - Series 1",Technology,Small-Cap,729923,NGM
ALXO,ALX Oncology Holdings Inc.,Healthcare,Small-Cap,1269406,NMS
TMCI,"Treace Medical Concepts, Inc.",Healthcare,Small-Cap,725703,NMS
AGEN,Agenus Inc.,Healthcare,Small-Cap,4020647,NCM
FUBO,fuboTV Inc.,Communication Services,Small-Cap,1454974,NYQ
LCTX,"Lineage Cell Therapeutics, Inc.",Healthcare,Small-Cap,1501088,ASE
SABS,"SAB Biotherapeutics, Inc.",Healthcare,Small-Cap,888265,NCM
RC,Ready Capital Corporation,Real Estate,Small-Cap,1597868,NYQ
NNBR,"NN, Inc.",Industrials,Small-Cap,3025431,NMS
TSSI,"TSS, Inc.",Technology,Small-Cap,1245990,NCM
CDZI,"Cadiz, Inc.",Utilities,Small-Cap,1026885,NGM
HDSN,"Hudson Technologies, Inc.",Basic Materials,Small-Cap,538682,NCM
ELDN,"Eledon Pharmaceuticals, Inc.",Healthcare,Small-Cap,1337368,NCM
SHMD,SCHMID Group N.V.,Industrials,Small-Cap,956377,NGM
OSG,"Octave Specialty Group, Inc.",Financial Services,Micro-Cap,612796,NYQ
NAGE,"Niagen Bioscience, Inc.",Healthcare,Small-Cap,846180,NCM
LTBR,Lightbridge Corporation,Industrials,Small-Cap,972142,NCM
ALMU,"Aeluma, Inc.",Technology,Small-Cap,1142307,NCM
NUS,"Nu Skin Enterprises, Inc.",Consumer Defensive,Nano-Cap,706423,NYQ
POWW,Outdoor Holding Company,Industrials,Micro-Cap,719463,NCM
SENS,"Senseonics Holdings, Inc.",Healthcare,Small-Cap,910122,NMS
FOSL,"Fossil Group, Inc.",Consumer Cyclical,Small-Cap,898239,NMS
DCX,Digital Currency X Technology I,Consumer Cyclical,Small-Cap,880942,NCM
TRX,TRX Gold Corporation,Basic Materials,Nano-Cap,2038019,ASE
ANGI,Angi Inc.,Communication Services,Micro-Cap,1185261,NMS
MVST,"Microvast Holdings, Inc.",Consumer Cyclical,Small-Cap,5134666,NCM
UIS,Unisys Corporation New,Technology,Micro-Cap,1002426,NYQ
IMMR,Immersion Corporation,Technology,Small-Cap,637861,NMS
CNDT,Conduent Incorporated,Technology,Micro-Cap,1249685,NMS
SVCO,"Silvaco Group, Inc.",Technology,Small-Cap,538012,NMS
FLWS,"1-800-FLOWERS.COM, Inc.",Consumer Cyclical,Micro-Cap,515588,NMS
OPTX,"Syntec Optics Holdings, Inc.",Technology,Small-Cap,970439,NCM
INV,"Innventure, Inc.",Financial Services,Small-Cap,2227623,NGM
ZSQR,Z Squared Inc.,Technology,Small-Cap,504342,NGM
IFRX,InflaRx N.V.,Healthcare,Small-Cap,1810711,NMS
VFF,"Village Farms International, In",Consumer Defensive,Micro-Cap,1050238,NCM
FULC,"Fulcrum Therapeutics, Inc.",Healthcare,Small-Cap,2487733,NGM
PRQR,ProQR Therapeutics N.V.,Healthcare,Micro-Cap,959419,NCM
RXST,"RxSight, Inc.",Healthcare,Micro-Cap,1107042,NGM
ACH,"Accendra Health, Inc.",Healthcare,Nano-Cap,738633,NYQ
VGZ,Vista Gold Corp,Basic Materials,Nano-Cap,2014358,ASE
MGNX,"MacroGenics, Inc.",Healthcare,Micro-Cap,1183312,NMS
LX,LexinFintech Holdings Ltd.,Financial Services,Micro-Cap,2151144,NMS
INDP,"Indaptus Therapeutics, Inc.",Healthcare,Micro-Cap,1006450,NCM
DHY,146692,Financial Services,Micro-Cap,759831,ASE
AVXL,Anavex Life Sciences Corp.,Healthcare,Small-Cap,1209011,NMS
SITC,SITE Centers Corp.,Real Estate,Micro-Cap,804182,NYQ
BCAR,D. Boral ARC Acquisition I Corp,Financial Services,Micro-Cap,691323,NGM
DUOT,"Duos Technologies Group, Inc.",Technology,Small-Cap,810506,NCM
PDYN,Palladyne AI Corp.,Technology,Micro-Cap,1879157,NGM
LTRX,"Lantronix, Inc.",Technology,Micro-Cap,1272628,NCM
RWAY,Runway Growth Finance Corp.,Financial Services,Micro-Cap,635363,NMS
ORBS,Eightco Holdings Inc.,Consumer Cyclical,Micro-Cap,18509706,NCM
SIGA,SIGA Technologies Inc.,Healthcare,Micro-Cap,634146,NGM
CXDO,"Crexendo, Inc.",Communication Services,Micro-Cap,664596,NCM
EU,enCore Energy Corp.,Energy,Nano-Cap,3144033,NCM
CHRS,"Coherus Oncology, Inc.",Healthcare,Micro-Cap,1025826,NGM
TARA,"Protara Therapeutics, Inc.",Healthcare,Micro-Cap,697369,NGM
PNNT,PennantPark Investment Corporat,Financial Services,Micro-Cap,820187,NYQ
LODE,Comstock Inc.,Basic Materials,Micro-Cap,1667939,ASE
SSTK,"Shutterstock, Inc.",Communication Services,Micro-Cap,887803,NYQ
QUIK,QuickLogic Corporation,Technology,Micro-Cap,534611,NCM
WALD,Waldencast plc,Consumer Defensive,Micro-Cap,665849,NCM
GALT,Galectin Therapeutics Inc.,Healthcare,Micro-Cap,645769,NCM
AIRO,"AIRO Group Holdings, Inc.",Industrials,Micro-Cap,534287,NGM
EMBC,Embecta Corp.,Healthcare,Micro-Cap,2545842,NMS
GSIT,"GSI Technology, Inc.",Technology,Micro-Cap,1694774,NMS
QMLS,"QumulusAI, Inc.",Technology,Micro-Cap,643525,NGM
NBP,NovaBridge Biosciences,Healthcare,Micro-Cap,692892,NGM
TOYO,"TOYO Co., Ltd",Technology,Micro-Cap,724665,NCM
SES,SES AI Corporation,Consumer Cyclical,Micro-Cap,13267107,NYQ
CRNT,Ceragon Networks Ltd.,Technology,Micro-Cap,736144,NMS
SMRT,"SmartRent, Inc.",Technology,Micro-Cap,1975247,NYQ
SY,So-Young International Inc. - A,Healthcare,Micro-Cap,567003,NCM
TII,Titan Mining Corporation,Basic Materials,Micro-Cap,1023536,ASE
SLNH,"Soluna Holdings, Inc.",Financial Services,Micro-Cap,20503442,NCM
THRY,"Thryv Holdings, Inc.",Technology,Micro-Cap,714807,NCM
PLX,"Protalix BioTherapeutics, Inc. ",Healthcare,Micro-Cap,722112,ASE
LFMD,"LifeMD, Inc.",Healthcare,Micro-Cap,942103,NGM
ATOM,Atomera Incorporated,Technology,Micro-Cap,1515252,NCM
PYXS,"Pyxis Oncology, Inc.",Healthcare,Micro-Cap,972001,NMS
VUZI,Vuzix Corporation,Technology,Micro-Cap,1868011,NCM
WHWK,"Whitehawk Therapeutics, Inc.",Healthcare,Micro-Cap,502860,NCM
AREC,American Resources Corporation,Basic Materials,Micro-Cap,3103220,NCM
BRCB,"Black Rock Coffee Bar, Inc.",Consumer Cyclical,Micro-Cap,595458,NGM
LENZ,"LENZ Therapeutics, Inc.",Healthcare,Micro-Cap,906346,NMS
BIYA,Baiya International Group Inc.,Technology,Micro-Cap,5293712,NCM
HITI,High Tide Inc.,Healthcare,Micro-Cap,564790,NCM
VYGR,"Voyager Therapeutics, Inc.",Healthcare,Micro-Cap,640257,NMS
FJET,"Starfighters Space, Inc.",Industrials,Micro-Cap,2003079,ASE
CAN,Canaan Inc.,Technology,Micro-Cap,10236328,NCM
INHD,Inno Holdings Inc.,Basic Materials,Micro-Cap,4694152,NCM
GLDG,GoldMining Inc.,Basic Materials,Micro-Cap,1414196,ASE
IVVD,"Invivyd, Inc.",Healthcare,Micro-Cap,4415247,NGM
EXFY,"Expensify, Inc.",Technology,Micro-Cap,1339292,NMS
BHR,Braemar Hotels & Resorts Inc.,Real Estate,Micro-Cap,592996,NYQ
HUMA,"Humacyte, Inc.",Healthcare,Micro-Cap,10394936,NMS
LUCD,Lucid Diagnostics Inc.,Healthcare,Micro-Cap,1396263,NCM
NGEN,NervGen Pharma Corp.,Healthcare,Micro-Cap,936577,NCM
DOMO,"Domo, Inc.",Technology,Micro-Cap,2158482,NGM
SIDU,"Sidus Space, Inc.",Industrials,Micro-Cap,17244460,NCM
GETY,"Getty Images Holdings, Inc.",Communication Services,Micro-Cap,7764044,NYQ
GCTS,"GCT Semiconductor Holding, Inc.",Technology,Micro-Cap,6219420,NYQ
EVTL,Vertical Aerospace Ltd.,Industrials,Micro-Cap,2646722,NYQ
ALEC,"Alector, Inc.",Healthcare,Micro-Cap,707061,NMS
ACB,Aurora Cannabis Inc.,Healthcare,Micro-Cap,1007147,NCM
QSI,Quantum-Si Incorporated,Healthcare,Micro-Cap,5285884,NGM
QTRX,Quanterix Corporation,Healthcare,Micro-Cap,1087179,NGM
NRDY,Nerdy Inc.,Technology,Micro-Cap,641926,NYQ
TNYA,"Tenaya Therapeutics, Inc.",Healthcare,Micro-Cap,3379507,NMS
DEFT,"Defi Technologies, Inc.",Financial Services,Micro-Cap,3461582,NCM
VLN,Valens Semiconductor Ltd.,Technology,Micro-Cap,2709639,NYQ
NKTX,"Nkarta, Inc.",Healthcare,Micro-Cap,708503,NMS
OTLK,"Outlook Therapeutics, Inc.",Healthcare,Micro-Cap,21794466,NCM
KPTI,Karyopharm Therapeutics Inc.,Healthcare,Nano-Cap,923288,NMS
TNXP,Tonix Pharmaceuticals Holding C,Healthcare,Micro-Cap,525946,NMS
HCAT,"Health Catalyst, Inc",Healthcare,Micro-Cap,1513366,NMS
PLG,Platinum Group Metals Ltd.,Basic Materials,Nano-Cap,1228592,ASE
SMJF,SMJ International Holdings Inc.,Consumer Cyclical,Micro-Cap,742606,ASE
BRR,"ProCap Financial, Inc.",Financial Services,Micro-Cap,1155296,NGM
CNTN,"Canton Strategic Holdings, Inc.",Healthcare,Micro-Cap,931852,NCM
STEX,Streamex Corp.,Financial Services,Micro-Cap,1673490,NCM
AMPY,Amplify Energy Corp.,Energy,Micro-Cap,768852,NYQ
CVGI,"Commercial Vehicle Group, Inc.",Consumer Cyclical,Micro-Cap,537500,NMS
NAUT,"Nautilus Biotechnology, Inc.",Healthcare,Micro-Cap,759658,NCM
SKYX,SKYX Platforms Corp.,Industrials,Micro-Cap,1784276,NCM
NRXP,"NRX Pharmaceuticals, Inc.",Healthcare,Micro-Cap,1203982,NCM
GORO,Goldgroup Mining Inc.,Basic Materials,Micro-Cap,510082,ASE
DPRO,Draganfly Inc.,Technology,Micro-Cap,1497401,NCM
FIRY,Firy Inc.,Communication Services,Micro-Cap,690912,NYQ
ZONE,CleanCore Solutions Inc.,Industrials,Micro-Cap,3324266,ASE
OXSQ,Oxford Square Capital Corp.,Financial Services,Micro-Cap,2171120,NMS
CRBU,"Caribou Biosciences, Inc.",Healthcare,Micro-Cap,1986990,NMS
EQ,"Equillium, Inc.",Healthcare,Micro-Cap,814268,NCM
PLBY,"Playboy, Inc.",Consumer Cyclical,Micro-Cap,960279,NGM
ELME,Elme Communities,Real Estate,Micro-Cap,1579331,NYQ
ADCT,ADC Therapeutics SA,Healthcare,Micro-Cap,1858395,NYQ
AIB,AIB Data Centers Inc.,Technology,Micro-Cap,1166411,ASE
CRDL,Cardiol Therapeutics Inc.,Healthcare,Micro-Cap,562326,NCM
CHPT,"ChargePoint Holdings, Inc.",Consumer Cyclical,Micro-Cap,653793,NYQ
UNCY,"Unicycive Therapeutics, Inc.",Healthcare,Micro-Cap,1499363,NCM
CDXS,"Codexis, Inc.",Healthcare,Micro-Cap,1120158,NMS
SAFX,"XCF Global, Inc.",Utilities,Micro-Cap,5638614,NCM
CIK,N/A,Financial Services,Nano-Cap,638498,ASE
RGP,"Resources Connection, Inc.",Industrials,Micro-Cap,537141,NMS
VENU,Venu Holding Corporation,Consumer Cyclical,Micro-Cap,570565,ASE
HURA,"TuHURA Biosciences, Inc.",Healthcare,Micro-Cap,537820,NCM
MIST,Milestone Pharmaceuticals Inc.,Healthcare,Micro-Cap,1371007,NMS
OGI,Organigram Global Inc.,Healthcare,Micro-Cap,557546,NMS
SLQT,"SelectQuote, Inc.",Financial Services,Micro-Cap,2095304,NYQ
PNBK,Patriot National Bancorp Inc.,Financial Services,Micro-Cap,514122,NGM
JLHL,Julong Holding Limited,Industrials,Micro-Cap,2112707,NCM
STXS,"Stereotaxis, Inc.",Healthcare,Micro-Cap,735619,ASE
NPWR,NET Power Inc.,Industrials,Micro-Cap,840031,NYQ
STIM,"Neuronetics, Inc.",Healthcare,Micro-Cap,2216623,NGM
PN,PN Smart Energy Limited,Technology,Micro-Cap,2001309,NCM
PEPG,PepGen Inc.,Healthcare,Micro-Cap,868138,NMS
USBC,"USBC, Inc.",Technology,Micro-Cap,1912096,ASE
AMPG,"Amplitech Group, Inc.",Technology,Micro-Cap,4702938,NCM
BZAI,"Blaize Holdings, Inc.",Technology,Micro-Cap,6352280,NGM
OCC,Optical Cable Corporation,Technology,Micro-Cap,734298,NGM
GPRO,"GoPro, Inc.",Technology,Micro-Cap,6528923,NMS
BRCC,BRC Inc.,Consumer Defensive,Micro-Cap,1220288,NYQ
GUTS,"Fractyl Health, Inc.",Healthcare,Micro-Cap,1979388,NGM
TYGO,"Tigo Energy, Inc.",Technology,Micro-Cap,1131609,NCM
CHGG,"Chegg, Inc.",Consumer Defensive,Micro-Cap,1865582,NYQ
VIVO,VivoPower PLC,Technology,Micro-Cap,1599722,NCM
TTEC,"TTEC Holdings, Inc.",Technology,Micro-Cap,554246,NMS
ZENA,"ZenaTech, Inc.",Technology,Micro-Cap,3040917,NCM
HOVR,New Horizon Aircraft Ltd.,Industrials,Micro-Cap,2310571,NCM
KULR,"KULR Technology Group, Inc.",Technology,Micro-Cap,2269787,ASE
MX,Magnachip Semiconductor Corpora,Technology,Micro-Cap,2466438,NYQ
ENGN,enGene Therapeutics Inc.,Healthcare,Micro-Cap,1909179,NCM
SEER,"Seer, Inc.",Healthcare,Micro-Cap,1080338,NMS
ZVIA,Zevia PBC,Consumer Defensive,Micro-Cap,1088682,NYQ
MXCT,"MaxCyte, Inc.",Healthcare,Micro-Cap,1237914,NMS
RANI,"Rani Therapeutics Holdings, Inc",Healthcare,Micro-Cap,967458,NGM
MBOT,Microbot Medical Inc.,Healthcare,Micro-Cap,1179955,NCM
BAER,Bridger Aerospace Group Holding,Industrials,Micro-Cap,636641,NGM
NEOV,NeoVolta Inc.,Industrials,Micro-Cap,2435517,NCM
FBIO,"Fortress Biotech, Inc.",Healthcare,Micro-Cap,501495,NCM
RDZN,"Roadzen, Inc.",Technology,Micro-Cap,698241,NGM
AMTX,"Aemetis, Inc",Basic Materials,Micro-Cap,1353665,NGM
BZFD,"BuzzFeed, Inc.",Communication Services,Micro-Cap,3708174,NCM
YRD,Yiren Digital Ltd.,Financial Services,Nano-Cap,1066571,NYQ
CIGL,Concorde International Group Lt,Industrials,Micro-Cap,3602244,NCM
BDTX,"Black Diamond Therapeutics, Inc",Healthcare,Micro-Cap,1707466,NMS
JELD,"JELD-WEN Holding, Inc.",Industrials,Micro-Cap,1696500,NYQ
INVZ,Innoviz Technologies Ltd.,Consumer Cyclical,Micro-Cap,3347431,NCM
HLP,Hongli Group Inc.,Basic Materials,Micro-Cap,1716988,NCM
TRT,Trio-Tech International,Technology,Nano-Cap,881730,ASE
VERI,"Veritone, Inc.",Technology,Micro-Cap,2740969,NGM
WRAP,"Wrap Technologies, Inc.",Technology,Micro-Cap,1593239,NCM
GOSS,"Gossamer Bio, Inc.",Healthcare,Micro-Cap,24899793,NMS
ALDX,"Aldeyra Therapeutics, Inc.",Healthcare,Micro-Cap,1356850,NCM
ONCY,Oncolytics Biotech Inc.,Healthcare,Micro-Cap,1395879,NCM
MWC,"Micware Co., Ltd.",Consumer Cyclical,Micro-Cap,1227520,NGM
HRTX,"Heron Therapeutics, Inc.",Healthcare,Micro-Cap,3297720,NCM
NFE,New Fortress Energy Inc.,Energy,Micro-Cap,4686098,NMS
PZG,Paramount Gold Nevada Corp.,Basic Materials,Nano-Cap,595563,ASE
BWEN,"Broadwind, Inc.",Industrials,Micro-Cap,978690,NCM
HYPR,"Hyperfine, Inc.",Healthcare,Micro-Cap,1021306,NGM
SKIN,SkinHealth Systems Inc.,Consumer Defensive,Micro-Cap,2776142,NCM
BMEA,"Biomea Fusion, Inc.",Healthcare,Micro-Cap,985855,NMS
BYRN,"Byrna Technologies, Inc.",Industrials,Micro-Cap,730049,NCM
REKR,"Rekor Systems, Inc.",Technology,Micro-Cap,3024047,NCM
MNTS,Momentus Inc.,Industrials,Micro-Cap,5421095,NCM
MVIS,"Microvision, Inc.",Technology,Nano-Cap,9578377,NCM
ENGS,Energys Group Limited,Industrials,Micro-Cap,694265,NCM
SRFM,Surf Air Mobility Inc.,Industrials,Micro-Cap,6294263,NYQ
INO,"Inovio Pharmaceuticals, Inc.",Healthcare,Micro-Cap,3031703,NCM
CGTX,"Cognition Therapeutics, Inc.",Healthcare,Micro-Cap,1404509,NCM
GLND,Greenland Energy Company,Energy,Micro-Cap,1096288,NGM
CAST,"FreeCast, Inc.",Communication Services,Micro-Cap,9047306,NGM
ATLX,Atlas Lithium Corporation,Basic Materials,Micro-Cap,654103,NCM
DFDV,DeFi Development Corp.,Financial Services,Micro-Cap,871417,NCM
GNTA,Genenta Science S.p.A.,Healthcare,Micro-Cap,1460601,NCM
ELTX,"Elicio Therapeutics, Inc.",Healthcare,Micro-Cap,1668276,NCM
ARBE,Arbe Robotics Ltd.,Technology,Micro-Cap,2704973,NCM
ODYS,Odysight.ai Inc.,Technology,Micro-Cap,694922,NCM
MYPS,"PLAYSTUDIOS, Inc.",Communication Services,Micro-Cap,947993,NCM
SDA,SunCar Technology Group Inc.,Consumer Cyclical,Micro-Cap,921768,NCM
MAIA,"MAIA Biotechnology, Inc.",Healthcare,Micro-Cap,714666,ASE
BLNK,Blink Charging Co.,Industrials,Micro-Cap,2120536,NCM
NAMM,Namib Minerals,Basic Materials,Micro-Cap,1134985,NGM
PEW,GrabAGun Digital Holdings Inc.,Industrials,Micro-Cap,620533,NYQ
GANX,"Gain Therapeutics, Inc.",Healthcare,Micro-Cap,861182,NGM
SPWR,SunPower Inc.,Technology,Micro-Cap,4016685,NGM
CPSH,CPS Technologies Corp.,Technology,Micro-Cap,1856084,NCM
ANVS,"Annovis Bio, Inc.",Healthcare,Micro-Cap,1025001,NYQ
ATRA,"Atara Biotherapeutics, Inc.",Healthcare,Micro-Cap,1407076,NMS
SPRO,"Spero Therapeutics, Inc.",Healthcare,Micro-Cap,1577566,NMS
RNTX,"Rein Therapeutics, Inc.",Healthcare,Micro-Cap,840715,NCM
OSTX,OS Therapies Incorporated,Healthcare,Micro-Cap,697620,ASE
IBIO,"iBio, Inc.",Healthcare,Micro-Cap,921331,NCM
PROP,Prairie Operating Co.,Energy,Micro-Cap,2467382,NCM
GRSD,Grandstand Limited,Consumer Cyclical,Micro-Cap,865107,NGM
PLRX,"Pliant Therapeutics, Inc.",Healthcare,Micro-Cap,524296,NMS
CTM,"Castellum, Inc.",Technology,Micro-Cap,4511715,ASE
AISP,"Airship AI Holdings, Inc",Technology,Micro-Cap,605896,NGM
CIRC,"Circle8 Group, Inc.",Industrials,Micro-Cap,12244585,NGM
KNDI,"Kandi Technologies Group, Inc.",Consumer Cyclical,Micro-Cap,950853,NMS
CYPH,Cypherpunk Technologies Inc.,Financial Services,Micro-Cap,4489979,NCM
UPXI,"Upexi, Inc.",Communication Services,Micro-Cap,2312047,NCM
VWAV,"VisionWave Holdings, Inc.",Industrials,Nano-Cap,755817,NGM
ZYBT,Zhengye Biotechnology Holding L,Healthcare,Micro-Cap,3803531,NCM
CRDF,"Cardiff Oncology, Inc.",Healthcare,Micro-Cap,1533328,NCM
DCGO,DocGo Inc.,Healthcare,Micro-Cap,789017,NCM
IPWR,Ideal Power Inc.,Technology,Micro-Cap,688201,NCM
NNOX,NANO-X IMAGING LTD,Healthcare,Micro-Cap,2055071,NGM
TC,Token Cat Limited,Communication Services,Micro-Cap,1690603,NCM
PUSA,Aureus Greenway Holdings Inc.,Consumer Cyclical,Micro-Cap,1422395,NCM
NPT,Texxon Holding Limited,Consumer Cyclical,Micro-Cap,2402541,NCM
LGO,Largo Inc.,Basic Materials,Micro-Cap,1590280,NMS
APWC,Asia Pacific Wire & Cable Corpo,Industrials,Micro-Cap,798982,NCM
GCL,GCL Global Holdings Ltd,Communication Services,Micro-Cap,2758900,NMS
LGCL,Lucas GC Limited,Technology,Micro-Cap,3739322,NCM
BSIN,Big Sky Industrial Inc.,Energy,Micro-Cap,1914850,NCM
VTIX,Virtuix Holdings Inc.,Technology,Micro-Cap,654422,NGM
LFS,"LEIFRAS Co., Ltd.",Communication Services,Micro-Cap,2295223,NCM
XTIA,"XTI Aerospace, Inc.",Industrials,Micro-Cap,1439223,NCM
VIDA,VIDA Global Inc.,Technology,Nano-Cap,1543045,ASE
JRSH,"Jerash Holdings (US), Inc.",Consumer Cyclical,Micro-Cap,779763,NCM
BOLD,"Boundless Bio, Inc.",Healthcare,Micro-Cap,1240228,NMS
AIFC,AI Financial Corporation,Technology,Micro-Cap,1503961,NCM
IMMP,Immutep Limited,Healthcare,Micro-Cap,649639,NGM
CNTX,Context Therapeutics Inc.,Healthcare,Micro-Cap,2300776,NCM
ELBM,Electra Battery Materials Corpo,Basic Materials,Micro-Cap,817328,NCM
LUNG,Pulmonx Corporation,Healthcare,Micro-Cap,530115,NMS
PCLA,PicoCELA Inc.,Communication Services,Nano-Cap,1655392,NCM
LASE,Laser Photonics Corporation,Industrials,Nano-Cap,14727412,NCM
CMTL,Comtech Telecommunications Corp,Technology,Micro-Cap,605249,NMS
STI,"Solidion Technology, Inc.",Industrials,Micro-Cap,2844801,NCM
BTCS,BTCS Inc.,Financial Services,Micro-Cap,883388,NCM
WWR,"Westwater Resources, Inc.",Basic Materials,Micro-Cap,838388,ASE
MDAI,"Spectral AI, Inc.",Healthcare,Nano-Cap,559236,NCM
FSP,Franklin Street Properties Corp,Real Estate,Nano-Cap,654290,ASE
TCRX,"TScan Therapeutics, Inc.",Healthcare,Nano-Cap,704544,NGM
LIDR,"AEye, Inc.",Technology,Micro-Cap,1189395,NCM
MREO,Mereo BioPharma Group plc,Healthcare,Micro-Cap,3228628,NCM
QTEX,QTREX Quantum Ltd.,Technology,Micro-Cap,29694753,NCM
GMHS,Gamehaus Holdings Inc.,Communication Services,Nano-Cap,1030501,NCM
ATYR,"aTyr Pharma, Inc.",Healthcare,Nano-Cap,2725168,NCM
NXXT,"NextNRG, Inc.",Utilities,Nano-Cap,18660385,NCM
RYOJ,"rYojbaba Co., Ltd.",Industrials,Micro-Cap,1166222,NCM
SNAL,"Snail, Inc.",Communication Services,Nano-Cap,1467260,NCM
MERC,Mercer International Inc.,Basic Materials,Nano-Cap,590985,NMS
XCH,XCHG Limited,Industrials,Nano-Cap,513358,NGM
MCRP,Micropolis AI Robotics,Technology,Nano-Cap,510919,ASE
INMB,INmune Bio Inc.,Healthcare,Nano-Cap,762001,NCM
AHMA,Ambitions Enterprise Management,Consumer Cyclical,Nano-Cap,4436861,NCM
CPHI,"China Pharma Holdings, Inc.",Healthcare,Nano-Cap,4372693,ASE
HAIN,"The Hain Celestial Group, Inc.",Consumer Defensive,Nano-Cap,1074098,NMS
ZEO,Zeo Energy Corporation,Technology,Nano-Cap,694482,NCM
PETS,"PetMed Express, Inc.",Healthcare,Nano-Cap,661006,NMS
DGNX,Diginex Limited,Industrials,Nano-Cap,2194169,NCM
GPUS,"Hyperscale Data, Inc.",Industrials,Nano-Cap,100191244,ASE
INDO,Indonesia Energy Corporation Li,Energy,Nano-Cap,543542,ASE
UAVS,"AgEagle Aerial Systems, Inc.",Technology,Nano-Cap,1970268,ASE
NNVC,"NanoViricides, Inc.",Healthcare,Nano-Cap,946353,ASE
OMEX,"Odyssey Marine Exploration, Inc",Basic Materials,Nano-Cap,702369,NCM
USDE,StablecoinX Inc.,Financial Services,Nano-Cap,3323140,NCM
RCON,"Recon Technology, Ltd.",Energy,Nano-Cap,887995,NCM
STAK,STAK Inc.,Energy,Nano-Cap,5810644,NCM
OPTT,"Ocean Power Technologies, Inc.",Industrials,Nano-Cap,4854080,ASE
PDSB,PDS Biotechnology Corporation,Healthcare,Nano-Cap,692234,NCM
RYET,Ruanyun Edai Technology Inc.,Consumer Defensive,Nano-Cap,995285,NCM
VIP,Vulcan Infrastructure and Power,Financial Services,Nano-Cap,571877,NMS
MYO,Myomo Inc.,Healthcare,Nano-Cap,782382,ASE
HYPD,"Hyperion DeFi, Inc.",Healthcare,Nano-Cap,553625,NCM
GAME,"GameSquare Holdings, Inc.",Communication Services,Nano-Cap,1317322,NCM
HOLO,MicroCloud Hologram Inc.,Technology,Nano-Cap,513384,NCM
YOUL,Youlife Group Inc.,Consumer Defensive,Nano-Cap,1182061,NCM
VERU,Veru Inc.,Healthcare,Nano-Cap,1950053,NCM
ONMD,OneMedNet Corp,Healthcare,Nano-Cap,1008909,NCM
TOON,"Kartoon Studios, Inc.",Communication Services,Nano-Cap,1612601,ASE
NCT,Intercont (Cayman) Limited,Industrials,Nano-Cap,1048506,NCM
SLND,"Southland Holdings, Inc.",Industrials,Nano-Cap,3809790,ASE
WPRT,Westport Fuel Systems Inc,Consumer Cyclical,Nano-Cap,1025080,NMS
BLNE,"Beeline Holdings, Inc.",Financial Services,Nano-Cap,566647,NCM
SDEV,Stablecoin Development Corporat,Financial Services,Micro-Cap,776069,ASE
HTCO,High-Trend International Group,Industrials,Nano-Cap,760355,NCM
MOBX,"Mobix Labs, Inc.",Technology,Nano-Cap,4558176,NCM
GNS,Genius Group Limited,Consumer Defensive,Nano-Cap,10303333,ASE
SRXH,SRX Global Inc.,Consumer Defensive,Nano-Cap,4026781,ASE
HKIT,Hitek Global Inc.,Technology,Nano-Cap,711956,NCM
SPPL,SIMPPLE LTD.,Industrials,Nano-Cap,1042338,NCM
ARAY,Accuray Incorporated,Healthcare,Nano-Cap,3521607,NMS
BEAT,"Heartbeam, Inc.",Healthcare,Nano-Cap,797504,NCM
BATL,Battalion Oil Corporation,Energy,Nano-Cap,15541150,ASE
ASTI,"Ascent Solar Technologies, Inc",Technology,Nano-Cap,1439374,NCM
GRML,Greenland Mines Ltd,Basic Materials,Nano-Cap,5339476,NCM
FTHM,Fathom Holdings Inc.,Real Estate,Nano-Cap,1778738,NCM
XOS,"Xos, Inc.",Industrials,Nano-Cap,2812788,NCM
CRMT,"America's Car-Mart, Inc.",Consumer Cyclical,Nano-Cap,1673695,NMS
IGC,"IGC Pharma, Inc.",Healthcare,Nano-Cap,549065,ASE
KSCP,"Knightscope, Inc.",Industrials,Nano-Cap,1115260,NCM
ATCH,"AtlasClear Holdings, Inc.",Financial Services,Nano-Cap,2265055,ASE
BTAI,"BioXcel Therapeutics, Inc.",Healthcare,Nano-Cap,908946,NCM
LGPS,LogProstyle Inc.,Industrials,Nano-Cap,2720046,ASE
QUCY,Quantum Cyber N.V.,Healthcare,Nano-Cap,19113469,NCM
UCAR,U Power Limited,Consumer Cyclical,Nano-Cap,751966,NCM
SLGB,Smart Logistics Global Limited,Industrials,Nano-Cap,5021411,NCM
AZIO,"Azio AI Holdings, Inc.",Technology,Nano-Cap,601144,NCM
EONR,EON Resources Inc.,Energy,Nano-Cap,1359582,ASE
SCAG,Scage Future,Industrials,Nano-Cap,4616271,NGM
CRVO,CervoMed Inc.,Healthcare,Nano-Cap,5541607,NCM
PBK,PowerBank Corporation,Utilities,Nano-Cap,3361928,NGM
TVRD,"Tvardi Therapeutics, Inc.",Healthcare,Nano-Cap,2285412,NCM
DFNS,T3 Defense Inc.,Industrials,Nano-Cap,2839104,NGM
FLD,"Fold Holdings, Inc.",Financial Services,Nano-Cap,2275558,NCM
BEEM,Beam Global,Technology,Nano-Cap,1498455,NCM
KMRK,K-Tech Solutions Company Limite,Consumer Cyclical,Nano-Cap,811522,NCM
PLSM,Pulsenmore Ltd.,Healthcare,Nano-Cap,1409138,NCM
HOWL,"Werewolf Therapeutics, Inc.",Healthcare,Nano-Cap,787922,NMS
MDXH,MDxHealth SA,Healthcare,Nano-Cap,822731,NCM
VNTG,Vantage Corp,Industrials,Nano-Cap,711420,ASE
GWH,"ESS Tech, Inc.",Industrials,Nano-Cap,859292,NYQ
BESS,Bimergen Energy Corporation,Utilities,Nano-Cap,583968,ASE
CVM,Cel-Sci Corporation,Healthcare,Nano-Cap,545203,ASE
BIRD,"Smartbird, Inc.",Consumer Cyclical,Nano-Cap,1611385,NMS
JSPR,"Jasper Therapeutics, Inc.",Healthcare,Nano-Cap,1372733,NCM
ILLR,Triller Group Inc.,Technology,Nano-Cap,5844356,NCM
NIXX,"Nixxy, Inc.",Communication Services,Nano-Cap,3589019,NCM
CLRB,"Cellectar Biosciences, Inc.",Healthcare,Nano-Cap,1057269,NCM
LICN,Lichen International Limited,Industrials,Nano-Cap,1139630,NCM
SMXT,Solarmax Technology Inc.,Technology,Nano-Cap,955884,NCM
NXTC,"NextCure, Inc.",Healthcare,Nano-Cap,2095203,NMS
MYND,"Mynd.ai, Inc.",Consumer Defensive,Nano-Cap,578390,ASE
PSIG,PS International Group Ltd.,Industrials,Nano-Cap,1386219,NCM
FOXX,Foxx Development Holdings Inc.,Technology,Nano-Cap,1560861,NCM
EPSM,Epsium Enterprise Limited,Consumer Defensive,Nano-Cap,1251942,NCM
TMDE,TMD Energy Limited,Energy,Nano-Cap,930360,ASE
SKYQ,Sky Quarry Inc.,Energy,Nano-Cap,11112774,NCM
INTZ,Intrusion Inc.,Technology,Nano-Cap,1992974,NCM
RKTO,Rocket One Inc.,Technology,Nano-Cap,10057450,NCM
ANY,Sphere 3D Corp.,Financial Services,Nano-Cap,3303404,NCM
FABC,"Fabric.AI, Inc.",Technology,Nano-Cap,858415,NCM
MPU,Mega Matrix Inc.,Communication Services,Nano-Cap,3146620,ASE
TURB,"Turbo Energy, S.A.",Technology,Nano-Cap,666993,NCM
ADVB,Advanced Biomed Inc.,Healthcare,Nano-Cap,1778619,NCM
ONEG,OneConstruction Group Limited,Industrials,Nano-Cap,925000,NCM
HPAI,Helport AI Limited,Technology,Nano-Cap,1185412,NCM
PMA,Ming Shing Group Holdings Limit,Industrials,Nano-Cap,2011019,NCM
MDCX,Medicus Pharma Ltd.,Healthcare,Nano-Cap,2143007,NCM
FNGR,"FingerMotion, Inc.",Communication Services,Nano-Cap,753944,NCM
TGHL,The GrowHub Limited,Technology,Nano-Cap,7385415,NCM
SDOT,Sadot Group Inc.,Consumer Defensive,Nano-Cap,3773668,NCM
DSY,Big Tree Cloud Holdings Limited,Consumer Defensive,Nano-Cap,2765657,NCM
OSRH,"OSR Health, Inc.",Healthcare,Nano-Cap,1400119,NCM
LEDS,SemiLEDS Corporation,Technology,Nano-Cap,939507,NCM
MBRX,"Moleculin Biotech, Inc.",Healthcare,Nano-Cap,850290,NCM
SMX,SMX (Security Matters) Public L,Industrials,Nano-Cap,553040,NCM
SCNX,"Scienture Holdings, Inc.",Healthcare,Nano-Cap,1518671,NCM
MRNO,Murano Global Investments PLC,Real Estate,Nano-Cap,6291315,NCM
AKTX,Akari Therapeutics Plc,Healthcare,Nano-Cap,783612,NCM
PASW,"Ping An Biomedical Co., Ltd.",Consumer Cyclical,Nano-Cap,654922,NCM
UZX,Linkage Global Inc,Consumer Cyclical,Nano-Cap,6821266,NCM
KTTA,Pasithea Therapeutics Corp.,Healthcare,Nano-Cap,812617,NCM
IOTR,iOThree Limited,Communication Services,Nano-Cap,1218795,NCM
SAGT,SAGTEC GLOBAL LIMITED,Technology,Nano-Cap,1747888,NCM
QH,Quhuo Limited,Technology,Mega-Cap,680673,NCM
LHAI,Linkhome Holdings Inc.,Real Estate,Nano-Cap,8109292,NCM
CTXR,"Citius Pharmaceuticals, Inc.",Healthcare,Nano-Cap,505649,NCM
SEGG,Sports Entertainment Gaming Glo,Consumer Cyclical,Nano-Cap,1559392,NGM
CLRO,"ClearOne, Inc.",Technology,Nano-Cap,3075119,NCM
ARAI,Arrive AI Inc.,Technology,Nano-Cap,927071,NGM
CXAI,CXApp Inc.,Technology,Nano-Cap,22465387,NCM
TDTH,Trident Digital Tech Holdings L,Technology,Nano-Cap,1337573,NCM
CLIK,CLICK HOLDINGS LIMITED,Consumer Cyclical,Nano-Cap,1818349,NCM
NVNI,Nvni Group Limited,Technology,Nano-Cap,521044,NCM
ASTC,Astrotech Corporation,Technology,Nano-Cap,4206260,NCM
MMA,MIXED MARTIAL ARTS GROUP LIMITE,Consumer Cyclical,Nano-Cap,879266,ASE
RGNT,Regentis Biomaterials Ltd.,Healthcare,Nano-Cap,5315576,ASE
CHOW,ChowChow Cloud International Ho,Technology,Nano-Cap,5553838,ASE
COSM,Cosmos Health Inc.,Healthcare,Nano-Cap,9322749,NCM
MIMI,Mint Incorporation Limited,Industrials,Nano-Cap,1748723,NCM
SKK,SKK Holdings Limited,Industrials,Nano-Cap,735763,NCM
TPET,Trio Petroleum Corp.,Energy,Nano-Cap,3732901,ASE
PHIO,Phio Pharmaceuticals Corp.,Healthcare,Nano-Cap,608795,NCM
MF,MindForge Inc.,Communication Services,Nano-Cap,1294709,NCM
AMSS,AMASS Brands Inc.,Consumer Defensive,Nano-Cap,703850,NGM
PRZO,ParaZero Technologies Ltd.,Industrials,Nano-Cap,2592625,NCM
CLWT,Euro Tech Holdings Company Limi,Industrials,Nano-Cap,1721020,NCM
BCDA,"BioCardia, Inc.",Healthcare,Nano-Cap,3096917,NCM
GTBP,"GT Biopharma, Inc.",Healthcare,Nano-Cap,1486069,NCM
AEON,"AEON Biopharma, Inc.",Healthcare,Nano-Cap,1260539,ASE
CISO,"CISO Global, Inc.",Technology,Nano-Cap,694728,NCM
OBAI,"Our Bond, Inc.",Technology,Nano-Cap,11326757,NGM
CALC,"CalciMedica, Inc.",Healthcare,Nano-Cap,1278106,NCM
RCT,RedCloud Holdings plc,Technology,Nano-Cap,6906374,NCM
MTEK,Maris-Tech Ltd.,Technology,Nano-Cap,502933,NCM
CJMB,Callan JMB Inc.,Industrials,Nano-Cap,2225646,NCM
HWH,HWH International Inc.,Consumer Cyclical,Nano-Cap,638187,NCM
AEHL,Antelope Enterprise Holdings Li,Industrials,Nano-Cap,12406003,NCM
LOBO,LOBO TECHNOLOGIES LTD.,Consumer Cyclical,Nano-Cap,1867176,NCM
BURU,"Nuburu, Inc.",Industrials,Nano-Cap,23932246,ASE
LNAI,Lunai Bioworks Inc.,Healthcare,Nano-Cap,1092051,NCM
THH,TryHard Holdings Limited,Industrials,Nano-Cap,643088,NCM
GFAI,"Guardforce AI Co., Limited",Industrials,Nano-Cap,1085222,NCM
MGRX,"Mangoceuticals, Inc.",Healthcare,Nano-Cap,10591669,NCM
PRSO,Peraso Inc.,Technology,Nano-Cap,1385292,NCM
GXAI,Gaxos.ai Inc.,Communication Services,Nano-Cap,2157515,NCM
PLAG,Planet Green Holdings Corp.,Industrials,Nano-Cap,1223371,ASE
LESL,"Leslie's, Inc.",Consumer Cyclical,Nano-Cap,1552515,NMS
CHAI,"Core AI Holdings, Inc.",Communication Services,Nano-Cap,8902728,NCM
TOVX,"Theriva Biologics, Inc.",Healthcare,Nano-Cap,6682344,ASE
VTGN,"VistaGen Therapeutics, Inc.",Healthcare,Nano-Cap,2042279,NCM
ICCM,IceCure Medical Ltd.,Healthcare,Nano-Cap,3274889,NCM
HKPD,"Cellyan Biotechnology Co., Ltd",Healthcare,Nano-Cap,829231,NCM
ASBP,"Aspire Biopharma Holdings, Inc.",Healthcare,Nano-Cap,3725146,NCM
BGL,Blue Gold Limited,Basic Materials,Nano-Cap,794896,NGM
CUPR,Cuprina Holdings (Cayman) Limit,Healthcare,Nano-Cap,3119042,NCM
MEDS,N/A,Healthcare,Nano-Cap,556136,NCM
PMI,"Picard Medical, Inc.",Healthcare,Nano-Cap,38077806,ASE
INM,InMed Pharmaceuticals Inc.,Healthcare,Nano-Cap,2497565,NCM
FTRK,FAST TRACK GROUP,Communication Services,Nano-Cap,3166761,NCM
LHSW,Lianhe Sowell International Gro,Technology,Nano-Cap,2000223,NCM
SUNE,"SUNation Energy, Inc.",Technology,Nano-Cap,7789861,NCM
WKSP,"Worksport, Ltd.",Consumer Cyclical,Nano-Cap,5678811,NCM
LGHL,Lion Group Holding Ltd.,Financial Services,Nano-Cap,2263799,NCM
VEEA,Veea Inc.,Technology,Nano-Cap,1401655,NCM
WLDS,Wearable Devices Ltd.,Technology,Nano-Cap,1485659,NCM
BTCT,BTC Digital Ltd.,Technology,Nano-Cap,1576269,NCM
NXL,"Nexalin Technology, Inc.",Healthcare,Nano-Cap,603384,NCM
JYD,Jayud Global Logistics Limited,Industrials,Nano-Cap,640795,NCM
GITS,Global Interactive Technologies,Communication Services,Nano-Cap,694104,NCM
TRAW,"Traws Pharma, Inc.",Healthcare,Nano-Cap,2283239,NCM
KWM,"K Wave Media, Ltd.",Communication Services,Nano-Cap,7311993,NCM
VEEE,Twin Vee PowerCats Co.,Consumer Cyclical,Nano-Cap,2310906,NCM
CNSP,"CNS Pharmaceuticals, Inc.",Healthcare,Nano-Cap,1404011,NCM
MTVA,MetaVia Inc.,Healthcare,Nano-Cap,3844509,NCM
HSCS,HeartSciences Inc.,Healthcare,Nano-Cap,2265638,NCM
EDHL,Everbright Digital Holding Limi,Communication Services,Nano-Cap,2513136,NCM
SOAR,"Volato Group, Inc.",Industrials,Nano-Cap,21739822,ASE
YMAT,"J-Star Holding Co., Ltd.",Basic Materials,Nano-Cap,2753617,NCM
OLOX,Olenox Industries Inc.,Industrials,Nano-Cap,577854,NCM
LIMN,"Liminatus Pharma, Inc.",Healthcare,Nano-Cap,30736279,NGM
BRTX,"BioRestorative Therapies, Inc.",Healthcare,Nano-Cap,10148244,NCM
POAS,Phaos Technology Holdings (Caym,Healthcare,Nano-Cap,1385669,ASE
EHGO,Eshallgo Inc.,Industrials,Nano-Cap,7533000,NCM
CANF,Can-Fite Biopharma Ltd,Healthcare,Nano-Cap,1440366,ASE
GDC,GD Culture Group Limited,Communication Services,Nano-Cap,897724,NCM
AIM,AIM ImmunoTech Inc.,Healthcare,Nano-Cap,27482557,ASE
MTEN,Mingteng International Corporat,Industrials,Nano-Cap,3568738,NCM
IQST,iQSTEL Inc.,Communication Services,Nano-Cap,5071849,NCM
LUCY,"Innovative Eyewear, Inc.",Healthcare,Nano-Cap,4373041,NCM
GLE,Global Engine Group Holding Lim,Technology,Nano-Cap,7171433,NCM
HUBC,Hub Cyber Security Ltd.,Technology,Nano-Cap,4527906,NCM
GELS,Gelteq Limited,Healthcare,Nano-Cap,3671514,NCM
KAPA,"Kairos Pharma, Ltd.",Healthcare,Nano-Cap,2086334,ASE
POLA,"Polar Power, Inc.",Industrials,Nano-Cap,902287,NCM
AGRZ,Agroz Inc.,Consumer Defensive,Nano-Cap,2533057,NCM
DLXY,Delixy Holdings Limited,Energy,Nano-Cap,519838,NCM
ITOC,iTonic Holdings Ltd,Healthcare,Nano-Cap,846744,NCM
CODX,"Co-Diagnostics, Inc.",Healthcare,Nano-Cap,5751638,NCM
SURG,"SurgePays, Inc.",Communication Services,Nano-Cap,4570966,NCM
CTNT,Cheetah Net Supply Chain Servic,Industrials,Nano-Cap,1614174,NCM
BQ,Boqii Holding Limited,Consumer Cyclical,Nano-Cap,1273534,ASE
SVRE,SaverOne 2014 Ltd.,Technology,Nano-Cap,500277,NCM
EVGN,Evogene Ltd.,Healthcare,Nano-Cap,1692238,NCM
VVOS,"Vivos Therapeutics, Inc.",Healthcare,Nano-Cap,1621014,NCM
SPHL,SPRINGVIEW HOLDINGS LTD,Consumer Cyclical,Nano-Cap,1001347,NCM
GLXG,Galaxy Payroll Group Limited,Industrials,Nano-Cap,3308739,NCM
AUUD,Auddia Inc.,Technology,Nano-Cap,3531639,NCM
HXHX,Haoxin Holdings Limited,Industrials,Nano-Cap,1743650,NCM
AIDX,"20/20 Biolabs, Inc.",Healthcare,Nano-Cap,784320,NCM
FAMI,"Farmmi, Inc. Ordinary Shares",Consumer Defensive,Nano-Cap,500315,NCM
ZBAO,Zhibao Technology Inc.,Financial Services,Nano-Cap,21536569,NCM
CCHH,CCH Holdings Ltd,Consumer Cyclical,Nano-Cap,686673,NCM
DSS,"DSS, Inc.",Consumer Cyclical,Nano-Cap,1438596,ASE
SNGX,"Soligenix, Inc.",Healthcare,Nano-Cap,7160947,NCM
CRE,Cre8 Enterprise Limited,Industrials,Nano-Cap,1143523,NCM
AMST,Amesite Inc.,Technology,Nano-Cap,3086928,NCM
GCDT,Green Circle Decarbonize Techno,Industrials,Nano-Cap,1767026,ASE
RMSG,Real Messenger Corporation,Technology,Nano-Cap,5097307,NCM
JUNS,"Jupiter Neurosciences, Inc.",Healthcare,Nano-Cap,13777365,NCM
WBUY,WEBUY GLOBAL LTD.,Consumer Cyclical,Nano-Cap,3104952,NCM
VMAR,Vision Marine Technologies Inc.,Consumer Cyclical,Nano-Cap,3265407,NCM
DXST,Decent Holding Inc.,Industrials,Nano-Cap,2132395,NCM
HIHO,Highway Holdings Limited,Industrials,Nano-Cap,1727692,NCM
BGMS,"Bio Green Med Solution, Inc.",Industrials,Nano-Cap,2283655,NCM
MASK,3 E Network Technology Group Lt,Technology,Nano-Cap,5684825,NCM
HCWC,Healthy Choice Wellness Corp.,Consumer Defensive,Nano-Cap,2611277,ASE
CETX,Cemtrex Inc.,Technology,Nano-Cap,516039,NCM
ALP,Alpha Compute Corp,Financial Services,Nano-Cap,17790895,NCM
RITR,Reitar Logtech Holdings Limited,Industrials,Nano-Cap,2888688,NCM
GMM,Global Mofy AI Limited,Technology,Nano-Cap,4636515,NCM
CNEY,CN Energy Group Inc.,Basic Materials,Nano-Cap,2567973,NCM
CPOP,"Pop Culture Group Co., Ltd",Communication Services,Nano-Cap,2711484,NCM
CELZ,Creative Medical Technology Hol,Healthcare,Nano-Cap,3271398,NCM
MSGY,Masonglory Limited,Industrials,Nano-Cap,1019198,NCM
WOK,WORK Medical Technology Group L,Healthcare,Nano-Cap,1140696,NCM
SLE,"Super League Enterprise, Inc.",Communication Services,Nano-Cap,774504,NCM
STFS,Star Fashion Culture Holdings L,Communication Services,Nano-Cap,614280,NCM
HCWB,HCW Biologics Inc.,Healthcare,Nano-Cap,2017528,NCM
ERNA,Ernexa Therapeutics Inc.,Healthcare,Nano-Cap,2053761,NCM
CWD,CaliberCos Inc.,Financial Services,Nano-Cap,5760412,NCM
TWAV,"TaoWeave, Inc.",Financial Services,Nano-Cap,1197765,NCM
VSEE,"VSee Health, Inc.",Healthcare,Nano-Cap,6676752,NCM
FMFC,Kandal M Venture Limited,Consumer Cyclical,Nano-Cap,5392550,NCM
SMTK,"SmartKem, Inc.",Technology,Nano-Cap,10173261,NCM
CYAB,"Cyabra, Inc.",Technology,Nano-Cap,601382,NGM
TOPS,"TOP Ships, Inc.",Energy,Nano-Cap,918950,ASE
ELAB,PMGC Holdings Inc.,Healthcare,Nano-Cap,2944931,NCM
WCT,Wellchange Holdings Company Lim,Technology,Nano-Cap,3051498,NCM
JEM,707 Cayman Holdings Limited,Consumer Cyclical,Nano-Cap,1114507,NCM
PAVS,Paranovus Entertainment Technol,Consumer Defensive,Nano-Cap,697572,NCM
YYGH,YY Group Holding Limited,Industrials,Nano-Cap,1538657,NCM
GLMD,Galmed Pharmaceuticals Ltd.,Healthcare,Nano-Cap,768353,NCM
AZI,Autozi Internet Technology (Glo,Consumer Cyclical,Nano-Cap,6070979,NCM
NWGL,CL Workshop Group Limited,Basic Materials,Nano-Cap,3058892,NCM
ENSC,"Ensysce Biosciences, Inc.",Healthcare,Nano-Cap,2522353,NCM
WETO,Wetour Robotics Limited,Technology,Nano-Cap,27245592,NCM
CAPS,Capstone Holding Corp.,Basic Materials,Nano-Cap,2412219,NCM
GOVX,"GeoVax Labs, Inc.",Healthcare,Nano-Cap,5087793,NCM
LABT,Lakewood-Amedex Biotherapeutics,Healthcare,Nano-Cap,1588648,NCM
TDIC,Dreamland Limited,Communication Services,Nano-Cap,1599816,NCM
OCG,Oriental Culture Holding LTD,Consumer Cyclical,Nano-Cap,993617,NCM
FRSX,Foresight Autonomous Holdings L,Consumer Cyclical,Nano-Cap,997153,NCM
CIIT,"Tianci International, Inc.",Industrials,Nano-Cap,757289,NCM
OMH,Ohmyhome Limited,Real Estate,Nano-Cap,13237153,NCM
ARTL,"Artelo Biosciences, Inc.",Healthcare,Nano-Cap,1124407,NCM
CYCU,"Cycurion, Inc.",Technology,Nano-Cap,13851179,NGM
ABTS,Abits Group Inc,Financial Services,Nano-Cap,2084134,NCM
AKAN,Akanda Corp.,Healthcare,Nano-Cap,598239,NCM
TNON,"Tenon Medical, Inc.",Healthcare,Nano-Cap,7054049,NCM
VSME,VS Media Holdings Limited,Communication Services,Nano-Cap,6415287,NCM
WNW,Meiwu Technology Company Limite,Consumer Cyclical,Nano-Cap,1505187,NCM
PRFX,PRF Technologies Ltd.,Healthcare,Nano-Cap,2531504,NCM
NIVF,NewGenIvf Group Limited,Healthcare,Nano-Cap,2038103,NCM
SPRC,SciSparc Ltd.,Healthcare,Nano-Cap,901249,NCM
SBFM,Sunshine Biopharma Inc.,Healthcare,Nano-Cap,1633379,NCM
VCIG,VCI Global Limited,Industrials,Nano-Cap,3614588,NCM
NCPL,Netcapital Inc.,Financial Services,Nano-Cap,3597979,NCM
ONCO,"Onconetix, Inc.",Healthcare,Nano-Cap,904234,NCM
IZM,ICZOOM Group Inc.,Technology,Nano-Cap,1149177,NCM
MGN,Megan Holdings Limited,Industrials,Nano-Cap,13422304,NCM
CCTG,CCSC Technology International H,Industrials,Nano-Cap,5583241,NCM
ITP,"IT Tech Packaging, Inc.",Basic Materials,Nano-Cap,676915,ASE
CHGA,Change Agents Corporation,Real Estate,Nano-Cap,1487071,NCM
PPCB,"Propanc Biopharma, Inc.",Healthcare,Nano-Cap,3842383,NCM
PMAX,Powell Max Limited,Financial Services,Nano-Cap,1661973,NCM
SLXN,Silexion Therapeutics Corp,Healthcare,Nano-Cap,649899,NCM
CHSN,Chanson International Holding,Consumer Cyclical,Nano-Cap,1437098,NCM
SUGP,SU Group Holdings Limited,Industrials,Nano-Cap,7550160,NCM
JTAI,Jet.AI Inc.,Technology,Nano-Cap,2528140,NCM
IVDA,"Iveda Solutions, Inc.",Industrials,Nano-Cap,6792011,NCM
NEXR,Nexera Technologies Ltd,Consumer Cyclical,Nano-Cap,927849,NCM
YMT,Yimutian Inc.,Technology,Nano-Cap,764955,NCM
SNYR,Synergy CHC Corp.,Healthcare,Nano-Cap,2508457,NCM
GVH,Globavend Holdings Limited - Or,Industrials,Nano-Cap,1014600,NCM
BYAH,Park Ha Biological Technology C,Consumer Defensive,Nano-Cap,4765731,NCM
ATPC,Agape ATP Corporation,Consumer Defensive,Nano-Cap,3972465,NCM
VRAX,Virax Biolabs Group Limited,Healthcare,Nano-Cap,2188270,NCM
BTOG,Bit Origin Limited,Financial Services,Nano-Cap,1012287,NCM
NCRA,"Nocera, Inc.",Consumer Defensive,Nano-Cap,2874796,NCM
NXTS,Nexentis Technologies Inc.,Basic Materials,Nano-Cap,1301509,NCM
SBEV,"Splash Beverage Group, Inc. (NV",Consumer Defensive,Nano-Cap,7263280,ASE
CMND,Clearmind Medicine Inc.,Healthcare,Nano-Cap,1980739,NCM
EZGO,EZGO Technologies Ltd.,Consumer Cyclical,Nano-Cap,1282209,NCM
STKH,Steakholder Foods Ltd.,Consumer Defensive,Nano-Cap,1089707,NCM
AZTR,Azitra Inc,Healthcare,Nano-Cap,11444053,ASE
RPGL,Republic Power Group Limited,Technology,Nano-Cap,783702,NCM
FEED,"ENvue Medical, Inc.",Healthcare,Nano-Cap,917187,NCM
UPC,Universe Pharmaceuticals Inc,Healthcare,Nano-Cap,1592552,NCM
GCTK,"GlucoTrack, Inc.",Healthcare,Nano-Cap,11477250,NCM
SXTC,"China SXT Pharmaceuticals, Inc.",Healthcare,Nano-Cap,23549412,NCM
PHGE,BiomX Inc.,Industrials,Nano-Cap,7934257,ASE
LNKS,Linkers Industries Limited,Industrials,Nano-Cap,2249826,NCM
CDT,CDT Equity Inc.,Healthcare,Nano-Cap,706611,NCM
MTNB,"Matinas Biopharma Holdings, Inc",Healthcare,Nano-Cap,5150598,ASE
GSUN,Golden Sun Technology Group Lim,Consumer Defensive,Nano-Cap,8711147,NCM
IVF,"INVO Fertility, Inc.",Healthcare,Nano-Cap,2374996,NCM
JZXN,"Jiuzi Holdings, Inc.",Consumer Cyclical,Nano-Cap,6230780,NCM
SOBR,"SOBR Safe, Inc.",Technology,Nano-Cap,14509722,NCM
AMZE,"Amaze Holdings, Inc.",Technology,Nano-Cap,3083227,ASE
LRHC,La Rosa Holdings Corp.,Real Estate,Nano-Cap,533701,NCM
EDBL,Edible Garden AG Incorporated,Consumer Defensive,Nano-Cap,1077612,NCM
SHPH,Shuttle Pharmaceuticals Holding,Healthcare,Nano-Cap,2176440,NCM
AMIX,"Autonomix Medical, Inc.",Healthcare,Nano-Cap,1548379,NCM
FCUV,Focus Universal Inc.,Technology,Nano-Cap,3442525,NCM
BNRG,Brenmiller Energy Ltd,Utilities,Nano-Cap,2486812,NCM
DXF,Dunxin Financial Holdings Limit,Financial Services,Nano-Cap,8700174,ASE
AEMD,"Aethlon Medical, Inc.",Healthcare,Nano-Cap,659830,NCM
MSS,Maison Solutions Inc.,Consumer Defensive,Nano-Cap,1006373,NCM
RKDA,"Arcadia Biosciences, Inc.",Consumer Defensive,Nano-Cap,3044423,NCM
DAIC,"CID HoldCo, Inc.",Technology,Nano-Cap,947219,NGM
GMEX,GMEX ROBOTICS CORPORATION,Technology,Nano-Cap,1293484,NCM
VIVS,"VivoSim Labs, Inc.",Healthcare,Nano-Cap,3555511,NCM
ZCMD,Zhongchao Inc.,Healthcare,Nano-Cap,4872029,NCM
FCHL,Fitness Champs Holdings Limited,Consumer Defensive,Nano-Cap,1375088,NCM
RUBI,Rubico Inc.,Industrials,Nano-Cap,984804,NCM
VIVK,"Vivakor, Inc.",Energy,Nano-Cap,5770687,NCM
KIDZ,KIDZ AI Inc.,Consumer Defensive,Nano-Cap,14380888,NCM
SHFS,"SHF Holdings, Inc.",Financial Services,Nano-Cap,3388966,NCM
IPW,iPower Inc.,Consumer Cyclical,Nano-Cap,1034920,NCM
FGL,Founder Group Limited,Industrials,Nano-Cap,1030728,NCM
RDGT,"Ridgetech, Inc.",Healthcare,Nano-Cap,2925288,NCM
TNMG,TNL Mediagene,Communication Services,Nano-Cap,6681558,NCM
VTAK,"Catheter Precision, Inc.",Healthcare,Nano-Cap,8858453,ASE
BJDX,"Bluejay Diagnostics, Inc.",Healthcare,Nano-Cap,3974322,NCM
GV,Visionary Holdings Inc.,Consumer Defensive,Nano-Cap,2051196,NCM
YYAI,AiRWA Inc.,Technology,Nano-Cap,2057419,NCM
IMCC,IM Cannabis Corp.,Healthcare,Nano-Cap,5230884,NCM
AIXI,XIAO-I Corporation,Technology,Nano-Cap,963883,NGM
VBIO,"Valion Bio, Inc.",Healthcare,Nano-Cap,529846,NCM
ONFO,Onfolio Holdings Inc.,Communication Services,Nano-Cap,12619988,NCM
NVVE,Nuvve Holding Corp.,Consumer Cyclical,Nano-Cap,1350313,NCM
KUST,"Kustom Entertainment, Inc.",Communication Services,Nano-Cap,6348982,NCM
ELPW,Elong Power Holding Limited,Industrials,Nano-Cap,10280785,NCM
GIPR,Generation Income Properties In,Real Estate,Nano-Cap,1128347,NCM
CREG,Smart Powerr Corp.,Utilities,Nano-Cap,2101325,NCM
HAO,Haoxi Health Technology Limited,Communication Services,Nano-Cap,5245557,NCM
INLF,INLIF LIMITED,Industrials,Nano-Cap,2046219,NCM
CISS,C3is Inc.,Industrials,Nano-Cap,10357003,NCM
NUWE,"Nuwellis, Inc.",Healthcare,Nano-Cap,2281349,NCM
LBGJ,Li Bang International Corporati,Industrials,Nano-Cap,34700695,NCM
REF,871,Consumer Cyclical,Small-Cap,3743882,NYQ
GSOL,Grayscale Solana Staking ETF,N/A,Nano-Cap,4004292,PCX
IBIT,iShares Bitcoin Trust ETF,N/A,Nano-Cap,44074780,NGM
ETHE,Grayscale Ethereum Staking ETF ,N/A,Nano-Cap,2254333,PCX
GBTC,Grayscale Bitcoin Trust (BTC),N/A,Nano-Cap,1935192,PCX
APMD,"Apnimed, Inc. Common Stock",Healthcare,Small-Cap,1143087,NGM
BITB,Bitwise Bitcoin ETF,N/A,Nano-Cap,1543665,PCX
IOND,Ionic Digital Inc. Class A Common Stock,Financial Services,Nano-Cap,1438000,NMS
JMKE,Jersey Mikes Subs Inc,Consumer Cyclical,Mid-Cap,23715280,NYQ
BHYP,BITWISE HYPERLIQUID ETF,N/A,Nano-Cap,506090,PCX
BSOL,Bitwise Solana Staking ETF,N/A,Nano-Cap,2650134,PCX
TSM,Taiwan Semiconductor Manufactur,Technology,Mega-Cap,14301750,NYQ
BIOT,Instinct Bio Technical Company ,Consumer Defensive,Nano-Cap,3133566,NGM
ETH,Grayscale Ethereum Staking Mini,N/A,Nano-Cap,2620536,PCX
ETHW,Bitwise Ethereum ETF,N/A,Nano-Cap,804744,PCX
BTC,Grayscale Bitcoin Mini Trust (B,N/A,Nano-Cap,1866557,PCX
ETHA,iShares Ethereum Trust ETF,N/A,Nano-Cap,28841260,NGM
PSUS,N/A,Financial Services,Nano-Cap,582169,NYQ
XRP,Bitwise XRP ETF,N/A,Nano-Cap,629568,PCX
SIVR,abrdn Physical Silver Shares ET,N/A,Nano-Cap,1336119,PCX
DBO,Invesco DB Oil Fund,N/A,Nano-Cap,671863,PCX
GSG,iShares GSCI Commodity-Indexed ,N/A,Nano-Cap,833573,PCX
IAU,iShares Gold Trust Shares,N/A,Nano-Cap,5947612,PCX
BNO,"United States Brent Oil Fund, L",N/A,Nano-Cap,2927885,PCX
PALL,abrdn Physical Palladium Shares,N/A,Nano-Cap,828558,PCX
DBA,Invesco DB Agriculture Fund,N/A,Nano-Cap,1235139,PCX
GLDM,SPDR Gold MiniShares Trust,N/A,Nano-Cap,3758257,PCX
BPRE,N/A,Financial Services,Nano-Cap,772433,NYQ
OUNZ,VanEck Merk Gold ETF,N/A,Nano-Cap,677420,PCX
SLV,iShares Silver Trust,N/A,Nano-Cap,20330398,PCX
UNG,United States Natural Gas Fund ,N/A,Nano-Cap,7707090,PCX
MDY,State Street SPDR S&P MIDCAP 40,N/A,Nano-Cap,686847,PCX
SPCX,Space Exploration Technologies ,Industrials,Mega-Cap,111501291,NMS
PPLT,abrdn Physical Platinum Shares ,N/A,Nano-Cap,2360755,PCX
SPY,State Street SPDR S&P 500 ETF T,N/A,Nano-Cap,52776069,PCX
DBC,Invesco DB Commodity Index Trac,N/A,Nano-Cap,1176885,PCX
DIA,State Street SPDR Dow Jones Ind,N/A,Nano-Cap,4646020,PCX
QQQ,"Invesco QQQ Trust, Series 1",N/A,Nano-Cap,44152393,NGM
SGOL,abrdn Physical Gold Shares ETF,N/A,Nano-Cap,2497693,PCX
USO,United States Oil Fund,N/A,Nano-Cap,7318096,PCX
GLD,SPDR Gold Shares,N/A,Nano-Cap,6943060,PCX
IAUM,iShares Gold Trust Micro Shares,N/A,Nano-Cap,2187379,PCX
IMC,N/A,Basic Materials,Small-Cap,1479514,ASE
FRTT,Fort Technology Inc.,Consumer Cyclical,Nano-Cap,2709073,NCM
MSBT,Common,N/A,Nano-Cap,553425,PCX
AADX,"Applied Aerospace & Defense, In",Industrials,Nano-Cap,1818268,NYQ
GOOG,Alphabet Inc.,Communication Services,Mega-Cap,22264887,NMS
PBR-A,Petroleo Brasileiro S.A. Petrob,Energy,Large-Cap,8297534,NYQ
BIP,Brookfield Infrastructure Partn,Utilities,Large-Cap,870650,NYQ
FWONK,Liberty Media Corporation - Ser,Communication Services,Large-Cap,2013626,NMS
FOX,Fox Corporation,Communication Services,Large-Cap,1716219,NMS
Z,"Zillow Group, Inc.",Communication Services,Mid-Cap,4323758,NMS
NWS,News Corporation,Communication Services,Large-Cap,1578525,NMS
MAA,Mid-America Apartment Communiti,Real Estate,Large-Cap,1043317,NYQ
BF-B,Brown Forman Inc,Consumer Defensive,Large-Cap,3063849,NYQ
FNGD,MicroSectors FANG  Index -3X In,N/A,Nano-Cap,555549,PCX
LBRDK,Liberty Broadband Corporation,Communication Services,Nano-Cap,1911304,NMS
TAP,Molson Coors Beverage Company,Consumer Defensive,Mid-Cap,3291514,NYQ
TMHC,Taylor Morrison Home Corporatio,Consumer Cyclical,Mid-Cap,3317905,NYQ
NSA,National Storage Affiliates Tru,Real Estate,Mid-Cap,1337230,NYQ
LBTYK,Liberty Global Ltd.,Communication Services,Mid-Cap,1257792,NMS
UA,"Under Armour, Inc.",Consumer Cyclical,Mid-Cap,3231343,NYQ
LILAK,Liberty Latin America Ltd.,Communication Services,Small-Cap,1620340,NMS
AVNS,"Avanos Medical, Inc.",Healthcare,Small-Cap,1070441,NYQ
ODV,Osisko Development Corp.,Basic Materials,Small-Cap,3315065,NYQ
CCRN,"Cross Country Healthcare, Inc.",Healthcare,Small-Cap,754302,NMS
CEPT,"Cantor Equity Partners II, Inc.",Financial Services,Small-Cap,794223,NGM
OABI,"OmniAb, Inc.",Healthcare,Small-Cap,685341,NGM
ENTX,Entera Bio Ltd.,Healthcare,Micro-Cap,2476520,NCM
YOOV,Concorde International Group Lt,Industrials,Micro-Cap,2560856,NCM
GAMB,Gambling.com Group Limited,Consumer Cyclical,Micro-Cap,884933,NGM
STRC,Strategy Inc - Variable Rate Se,Technology,Nano-Cap,3193433,NMS
GREE,Vulcan Infrastructure and Power,Financial Services,Micro-Cap,577299,NMS
UBXG,U-BX Technology Ltd.,Communication Services,Nano-Cap,1321761,NGM
WGRX,"Wellgistics Health, Inc.",Healthcare,Micro-Cap,572948,NCM
ALBT,Avalon GloboCare Corp.,Real Estate,Nano-Cap,1516697,NCM
TPTS,N/A,N/A,Nano-Cap,826196,NYQ
OSPRU,Osprey Acquisition Corp. III,Financial Services,Nano-Cap,511556,NGM
PLCIU,PELICAN ACQUISITION II CORPORAT,Financial Services,Nano-Cap,513133,NCM
BRTMU,B&R Technology Merger Corp. Units,Financial Services,Nano-Cap,1779044,NGM
MTAKU,MARKET TECHNOLOGY ACQUISITION C,Financial Services,Nano-Cap,1233666,NGM
JONEU,Jones Ventures INTL Acquisition,Financial Services,Nano-Cap,657260,NGM
CATLU,Catalyst Acquisition Corp. Units,Financial Services,Nano-Cap,1784650,NGM
CGCFU,Cartesian Growth Corporation IV,Financial Services,Nano-Cap,549965,NGM
AAC-UN,Ares Acquisition Corporation II,Financial Services,Nano-Cap,679874,NYQ
AMACU,AMR RESOURCES ACQUISITION CORP,Financial Services,Nano-Cap,777463,NGM
GLIBK,Liberty Capital Corporation - S,Communication Services,Small-Cap,885903,NMS
CPER,United States Copper Index Fund,N/A,Nano-Cap,635949,PCX
GOOGM,Alphabet Inc. - Depositary Shar,N/A,Nano-Cap,6440075,NMS
GOOGN,Alphabet Inc. - Depositary Shar,N/A,Nano-Cap,5615026,NMS
SMCIP,"Super Micro Computer, Inc. - De",Technology,Nano-Cap,2772851,NMS
ORCL-PD,Oracle Corporation Depositary S,Technology,Nano-Cap,2112996,NYQ
AGQ,ProShares Ultra Silver,N/A,Nano-Cap,2937617,PCX
BOIL,ProShares Ultra Bloomberg Natur,N/A,Nano-Cap,4067362,PCX
GLL,ProShares UltraShort Gold,N/A,Nano-Cap,2535339,PCX
ZSL,ProShares UltraShort Silver,N/A,Nano-Cap,4555085,PCX
UGL,ProShares Ultra Gold,N/A,Nano-Cap,2151926,PCX
SCO,ProShares UltraShort Bloomberg ,N/A,Nano-Cap,9364798,PCX
UCO,ProShares Ultra Bloomberg Crude,N/A,Nano-Cap,3652687,PCX
KOLD,ProShares UltraShort Bloomberg ,N/A,Nano-Cap,3091266,PCX
FNGU,MicroSectors FANG+ 3X Leveraged,N/A,Nano-Cap,5510711,PCX
GDXD,MicroSectors Gold Miners -3X In,N/A,Nano-Cap,696196,PCX
BULZ,MicroSectors FANG & Innovation ,N/A,Nano-Cap,1127933,PCX
SHNY,MicroSectors Gold 3X Leveraged ,N/A,Nano-Cap,613039,PCX
GDXU,MicroSectors Gold Miners 3X Lev,N/A,Nano-Cap,1487880,PCX
WEAT,Teucrium Wheat Fund ETV,N/A,Nano-Cap,642814,PCX
MTB-PL,N/A,,Nano-Cap,1206429,NYQ
BA-PA,Boeing Company (The) Depositary,N/A,Nano-Cap,1392529,NYQ
