ticker,name,sector,cap_tier,avg_volume,exchange
NVDA,NVIDIA Corporation,Technology,Mega-Cap,181668703,NMS
GOOGL,Alphabet Inc.,Communication Services,Mega-Cap,35463034,NMS
AAPL,Apple Inc.,Technology,Mega-Cap,46478962,NMS
MSFT,Microsoft Corporation,Technology,Mega-Cap,26808268,NMS
AMZN,"Amazon.com, Inc.",Consumer Cyclical,Mega-Cap,43474803,NMS
META,"Meta Platforms, Inc.",Communication Services,Mega-Cap,18841083,NMS
AVGO,Broadcom Inc.,Technology,Mega-Cap,29804355,NMS
TSLA,"Tesla, Inc.",Consumer Cyclical,Mega-Cap,74409434,NMS
BRK-B,Berkshire Hathaway Inc. New,Financial Services,Mega-Cap,4981454,NYQ
WMT,Walmart Inc.,Consumer Defensive,Mega-Cap,28547922,NMS
LLY,Eli Lilly and Company,Healthcare,Mega-Cap,3504040,NYQ
JPM,JP Morgan Chase & Co.,Financial Services,Mega-Cap,9853667,NYQ
SPY,State Street SPDR S&P 500 ETF T,N/A,Mega-Cap,80435675,PCX
V,Visa Inc.,Financial Services,Mega-Cap,6988026,NYQ
XOM,Exxon Mobil Corporation,Energy,Mega-Cap,16702973,NYQ
ASML,ASML Holding N.V. - New York Re,Technology,Mega-Cap,1631545,NMS
JNJ,Johnson & Johnson,Healthcare,Mega-Cap,8847978,NYQ
ORCL,Oracle Corporation,Technology,Mega-Cap,26189042,NYQ
MA,Mastercard Incorporated,Financial Services,Mega-Cap,3190157,NYQ
MU,"Micron Technology, Inc.",Technology,Mega-Cap,30021293,NMS
COST,Costco Wholesale Corporation,Consumer Defensive,Mega-Cap,2749354,NMS
BABA,Alibaba Group Holding Limited,Consumer Cyclical,Mega-Cap,12558596,NYQ
AMD,"Advanced Micro Devices, Inc.",Technology,Mega-Cap,39421786,NMS
ABBV,AbbVie Inc.,Healthcare,Mega-Cap,6262186,NYQ
PLTR,Palantir Technologies Inc.,Technology,Mega-Cap,45088391,NMS
BAC,Bank of America Corporation,Financial Services,Mega-Cap,37847362,NYQ
HD,"Home Depot, Inc. (The)",Consumer Cyclical,Mega-Cap,4512537,NYQ
NFLX,"Netflix, Inc.",Communication Services,Mega-Cap,46204413,NMS
PG,Procter & Gamble Company (The),Consumer Defensive,Mega-Cap,10623093,NYQ
CVX,Chevron Corporation,Energy,Mega-Cap,9754321,NYQ
KO,Coca-Cola Company (The),Consumer Defensive,Mega-Cap,16709365,NYQ
GE,GE Aerospace,Industrials,Mega-Cap,4946404,NYQ
CSCO,"Cisco Systems, Inc.",Technology,Mega-Cap,21234037,NMS
HSBC,"HSBC Holdings, plc.",Financial Services,Mega-Cap,1714208,NYQ
LRCX,Lam Research Corporation,Technology,Mega-Cap,11641170,NMS
CAT,"Caterpillar, Inc.",Industrials,Mega-Cap,2491613,NYQ
AZN,Astrazeneca PLC,Healthcare,Mega-Cap,6478729,NMS
NVS,Novartis AG,Healthcare,Mega-Cap,1640150,NYQ
MS,Morgan Stanley,Financial Services,Mega-Cap,5889022,NYQ
GS,"Goldman Sachs Group, Inc. (The)",Financial Services,Mega-Cap,2166231,NYQ
NVO,Novo Nordisk A/S,Healthcare,Mega-Cap,20722470,NYQ
WFC,Wells Fargo & Company,Financial Services,Mega-Cap,14847813,NYQ
PM,Philip Morris International Inc,Consumer Defensive,Mega-Cap,5579375,NYQ
IBM,International Business Machines,Technology,Mega-Cap,4250129,NYQ
SAP,SAP  SE,Technology,Mega-Cap,1706360,NYQ
RTX,RTX Corporation,Industrials,Mega-Cap,4833324,NYQ
MRK,"Merck & Company, Inc.",Healthcare,Mega-Cap,13862350,NYQ
AMAT,"Applied Materials, Inc.",Technology,Mega-Cap,7445127,NMS
UNH,UnitedHealth Group Incorporated,Healthcare,Mega-Cap,8528801,NYQ
AXP,American Express Company,Financial Services,Mega-Cap,2651444,NYQ
QQQ,"Invesco QQQ Trust, Series 1",N/A,Mega-Cap,55374372,NGM
RY,Royal Bank Of Canada,Financial Services,Mega-Cap,1229250,NYQ
TMO,Thermo Fisher Scientific Inc,Healthcare,Mega-Cap,1908434,NYQ
MCD,McDonald's Corporation,Consumer Cyclical,Mega-Cap,3265273,NYQ
INTC,Intel Corporation,Technology,Mega-Cap,98724378,NMS
CRM,"Salesforce, Inc.",Technology,Mega-Cap,8213859,NYQ
SHEL,Shell PLC,Energy,Mega-Cap,4554063,NYQ
KLAC,KLA Corporation,Technology,Large-Cap,1012531,NMS
LIN,Linde plc,Basic Materials,Mega-Cap,2816657,NMS
MUFG,"Mitsubishi UFJ Financial Group,",Financial Services,Mega-Cap,3685806,NYQ
TMUS,"T-Mobile US, Inc.",Communication Services,Mega-Cap,5321360,NMS
C,"Citigroup, Inc.",Financial Services,Mega-Cap,13415944,NYQ
PEP,"Pepsico, Inc.",Consumer Defensive,Mega-Cap,7730280,NMS
APH,Amphenol Corporation,Technology,Large-Cap,8830218,NYQ
DIS,Walt Disney Company (The),Communication Services,Mega-Cap,10981652,NYQ
SAN,"Banco Santander, S.A. Sponsored",Financial Services,Large-Cap,3110804,NYQ
BA,Boeing Company (The),Industrials,Large-Cap,8601645,NYQ
GEV,GE Vernova Inc.,Industrials,Large-Cap,3238768,NYQ
SCHW,Charles Schwab Corporation (The,Financial Services,Large-Cap,8704011,NYQ
AMGN,Amgen Inc.,Healthcare,Large-Cap,2914381,NMS
ISRG,"Intuitive Surgical, Inc.",Healthcare,Large-Cap,1849639,NMS
ABT,Abbott Laboratories,Healthcare,Large-Cap,7883560,NYQ
RIO,Rio Tinto Plc,Basic Materials,Large-Cap,3463308,NYQ
ANET,"Arista Networks, Inc.",Technology,Large-Cap,7886067,NYQ
APP,Applovin Corporation,Communication Services,Large-Cap,4431368,NMS
BX,Blackstone Inc.,Financial Services,Large-Cap,4074124,NYQ
NEE,"NextEra Energy, Inc.",Utilities,Large-Cap,9602644,NYQ
BHP,BHP Group Limited,Basic Materials,Large-Cap,3332324,NYQ
SHOP,Shopify Inc.,Technology,Large-Cap,7952278,NMS
TXN,Texas Instruments Incorporated,Technology,Large-Cap,7516470,NMS
GILD,"Gilead Sciences, Inc.",Healthcare,Large-Cap,7247947,NMS
BLK,"BlackRock, Inc.",Financial Services,Large-Cap,656040,NYQ
ACN,Accenture plc,Technology,Large-Cap,3994180,NYQ
UBER,"Uber Technologies, Inc.",Technology,Large-Cap,19574540,NYQ
DHR,Danaher Corporation,Healthcare,Large-Cap,3576978,NYQ
HDB,HDFC Bank Limited,Financial Services,Large-Cap,4413698,NYQ
VZ,Verizon Communications Inc.,Communication Services,Large-Cap,26886532,NYQ
TJX,"TJX Companies, Inc. (The)",Consumer Cyclical,Large-Cap,5441267,NYQ
T,AT&T Inc.,Communication Services,Large-Cap,44246901,NYQ
QCOM,QUALCOMM Incorporated,Technology,Large-Cap,8967078,NMS
TD,Toronto Dominion Bank (The),Financial Services,Large-Cap,2241378,NYQ
SPGI,S&P Global Inc.,Financial Services,Large-Cap,1535049,NYQ
SCCO,Southern Copper Corporation,Basic Materials,Large-Cap,1585810,NYQ
UBS,UBS Group AG Registered,Financial Services,Large-Cap,1999044,NYQ
TTE,TotalEnergies SE,Energy,Large-Cap,1203300,NYQ
LOW,"Lowe's Companies, Inc.",Consumer Cyclical,Large-Cap,3060667,NYQ
INTU,Intuit Inc.,Technology,Large-Cap,2113568,NMS
PDD,PDD Holdings Inc.,Consumer Cyclical,Large-Cap,8579311,NMS
PFE,"Pfizer, Inc.",Healthcare,Large-Cap,63444259,NYQ
ADI,"Analog Devices, Inc.",Technology,Large-Cap,3765854,NMS
HON,Honeywell International Inc.,Industrials,Large-Cap,4232290,NMS
BBVA,Banco Bilbao Vizcaya Argentaria,Financial Services,Large-Cap,1440927,NYQ
UL,Unilever PLC,Consumer Defensive,Large-Cap,2747287,NYQ
DE,Deere & Company,Industrials,Large-Cap,1435439,NYQ
NEM,Newmont Corporation,Basic Materials,Large-Cap,9270391,NYQ
NOW,"ServiceNow, Inc.",Technology,Large-Cap,10891719,NYQ
LMT,Lockheed Martin Corporation,Industrials,Large-Cap,1611519,NYQ
BSX,Boston Scientific Corporation,Healthcare,Large-Cap,9998590,NYQ
COF,Capital One Financial Corporati,Financial Services,Large-Cap,4452263,NYQ
UNP,Union Pacific Corporation,Industrials,Large-Cap,3111280,NYQ
SMFG,Sumitomo Mitsui Financial Group,Financial Services,Large-Cap,2060018,NYQ
BUD,Anheuser-Busch Inbev SA Sponsor,Consumer Defensive,Large-Cap,1973365,NYQ
SONY,Sony Group Corporation,Technology,Large-Cap,4541118,NYQ
SYK,Stryker Corporation,Healthcare,Large-Cap,1785586,NYQ
ETN,"Eaton Corporation, PLC",Industrials,Large-Cap,2994511,NYQ
BTI,British American Tobacco  Indus,Consumer Defensive,Large-Cap,3720801,NYQ
MDT,Medtronic plc.,Healthcare,Large-Cap,7218736,NYQ
IBKR,"Interactive Brokers Group, Inc.",Financial Services,Large-Cap,4341821,NMS
WELL,Welltower Inc.,Real Estate,Large-Cap,3406729,NYQ
PANW,"Palo Alto Networks, Inc.",Technology,Large-Cap,6020775,NMS
COP,ConocoPhillips,Energy,Large-Cap,7685909,NYQ
ADBE,Adobe Inc.,Technology,Large-Cap,4251088,NMS
GLD,SPDR Gold Shares,N/A,Large-Cap,14584045,PCX
ARM,Arm Holdings plc,Technology,Large-Cap,4952727,NMS
PGR,Progressive Corporation (The),Financial Services,Large-Cap,3471260,NYQ
VRTX,Vertex Pharmaceuticals Incorpor,Healthcare,Large-Cap,1435352,NMS
CB,Chubb Limited,Financial Services,Large-Cap,1670980,NYQ
CRWD,"CrowdStrike Holdings, Inc.",Technology,Large-Cap,2408926,NMS
PLD,"Prologis, Inc.",Real Estate,Large-Cap,3537740,NYQ
HCA,"HCA Healthcare, Inc.",Healthcare,Large-Cap,1249149,NYQ
PH,Parker-Hannifin Corporation,Industrials,Large-Cap,673001,NYQ
MELI,"MercadoLibre, Inc.",Consumer Cyclical,Large-Cap,540985,NMS
SNY,Sanofi,Healthcare,Large-Cap,2694775,NMS
CMCSA,Comcast Corporation,Communication Services,Large-Cap,39256573,NMS
BMY,Bristol-Myers Squibb Company,Healthcare,Large-Cap,14564496,NYQ
SBUX,Starbucks Corporation,Consumer Cyclical,Large-Cap,10418937,NMS
AEM,Agnico Eagle Mines Limited,Basic Materials,Large-Cap,2473522,NYQ
KKR,KKR & Co. Inc.,Financial Services,Large-Cap,4387540,NYQ
MFG,"Mizuho Financial Group, Inc. Sp",Financial Services,Large-Cap,3262526,NYQ
MO,"Altria Group, Inc.",Consumer Defensive,Large-Cap,9666416,NYQ
BN,Brookfield Corporation,Financial Services,Large-Cap,4205457,NYQ
IBN,ICICI Bank Limited,Financial Services,Large-Cap,5981670,NYQ
SPOT,Spotify Technology S.A.,Communication Services,Large-Cap,2106104,NYQ
ENB,Enbridge Inc,Energy,Large-Cap,4392814,NYQ
CEG,Constellation Energy Corporatio,Utilities,Large-Cap,2971504,NMS
MCK,McKesson Corporation,Healthcare,Large-Cap,704068,NYQ
CVNA,Carvana Co.,Consumer Cyclical,Large-Cap,4204483,NYQ
ADP,"Automatic Data Processing, Inc.",Technology,Large-Cap,2317875,NMS
GSK,GSK plc,Healthcare,Large-Cap,4270955,NYQ
CME,CME Group Inc.,Financial Services,Large-Cap,1907404,NMS
ICE,Intercontinental Exchange Inc.,Financial Services,Large-Cap,3311708,NYQ
BMO,Bank Of Montreal,Financial Services,Large-Cap,707619,NYQ
GD,General Dynamics Corporation,Industrials,Large-Cap,1253619,NYQ
SO,Southern Company (The),Utilities,Large-Cap,5927547,NYQ
NOC,Northrop Grumman Corporation,Industrials,Large-Cap,842480,NYQ
PBR,Petroleo Brasileiro S.A. Petrob,Energy,Large-Cap,21243921,NYQ
ITUB,Itau Unibanco Banco Holding SA,Financial Services,Large-Cap,21618128,NYQ
BP,BP p.l.c.,Energy,Large-Cap,7915888,NYQ
SNPS,"Synopsys, Inc.",Technology,Large-Cap,2087698,NMS
BNS,Bank Nova Scotia Halifax Pfd 3,Financial Services,Large-Cap,1907390,NYQ
HOOD,"Robinhood Markets, Inc.",Financial Services,Large-Cap,25143988,NMS
IAU,iShares Gold Trust Shares,N/A,Large-Cap,11752086,PCX
GLW,Corning Incorporated,Technology,Large-Cap,6630240,NYQ
BCS,Barclays PLC,Financial Services,Large-Cap,5259880,NYQ
DUK,Duke Energy Corporation (Holdin,Utilities,Large-Cap,3570252,NYQ
NKE,"Nike, Inc.",Consumer Cyclical,Large-Cap,18381118,NYQ
WM,"Waste Management, Inc.",Industrials,Large-Cap,2068075,NYQ
MCO,Moody's Corporation,Financial Services,Large-Cap,750044,NYQ
CVS,CVS Health Corporation,Healthcare,Large-Cap,7946306,NYQ
UPS,"United Parcel Service, Inc.",Industrials,Large-Cap,6148414,NYQ
PNC,"PNC Financial Services Group, I",Financial Services,Large-Cap,2198867,NYQ
FCX,"Freeport-McMoRan, Inc.",Basic Materials,Large-Cap,17748921,NYQ
NU,Nu Holdings Ltd.,Financial Services,Large-Cap,40391168,NYQ
DASH,"DoorDash, Inc.",Consumer Cyclical,Large-Cap,5379986,NMS
B,Barrick Mining Corporation,Basic Materials,Large-Cap,15254465,NYQ
MRSH,Marsh,Financial Services,Large-Cap,2730816,NYQ
USB,U.S. Bancorp,Financial Services,Large-Cap,9347885,NYQ
TT,Trane Technologies plc,Industrials,Large-Cap,1495519,NYQ
ING,"ING Group, N.V.",Financial Services,Large-Cap,1823403,NYQ
CM,Canadian Imperial Bank of Comme,Financial Services,Large-Cap,1133280,NYQ
HWM,Howmet Aerospace Inc.,Industrials,Large-Cap,2284095,NYQ
CDNS,"Cadence Design Systems, Inc.",Technology,Large-Cap,1728432,NMS
WDC,Western Digital Corporation,Technology,Large-Cap,8840804,NMS
SHW,Sherwin-Williams Company (The),Basic Materials,Large-Cap,1804355,NYQ
LYG,Lloyds Banking Group Plc,Financial Services,Large-Cap,7509560,NYQ
MAR,Marriott International,Consumer Cyclical,Large-Cap,1586447,NMS
ORLY,"O'Reilly Automotive, Inc.",Consumer Cyclical,Large-Cap,5540334,NMS
NTES,"NetEase, Inc.",Communication Services,Large-Cap,628460,NMS
AMT,American Tower Corporation (REI,Real Estate,Large-Cap,3165052,NYQ
MMM,3M Company,Industrials,Large-Cap,3173962,NYQ
NGG,"National Grid Transco, PLC Nati",Utilities,Large-Cap,640001,NYQ
BAM,Brookfield Asset Management Inc,Financial Services,Large-Cap,2503980,NYQ
EMR,Emerson Electric Company,Industrials,Large-Cap,2697045,NYQ
BK,The Bank of New York Mellon Cor,Financial Services,Large-Cap,3512504,NYQ
CRH,CRH PLC,Basic Materials,Large-Cap,7664098,NYQ
GM,General Motors Company,Consumer Cyclical,Large-Cap,9036888,NYQ
REGN,"Regeneron Pharmaceuticals, Inc.",Healthcare,Large-Cap,960763,NMS
ABNB,"Airbnb, Inc.",Consumer Cyclical,Large-Cap,4727385,NMS
STX,Seagate Technology Holdings PLC,Technology,Large-Cap,4246031,NMS
ECL,Ecolab Inc.,Basic Materials,Large-Cap,1342439,NYQ
WMB,"Williams Companies, Inc. (The)",Energy,Large-Cap,7101875,NYQ
CMI,Cummins Inc.,Industrials,Large-Cap,887727,NYQ
MNST,Monster Beverage Corporation,Consumer Defensive,Large-Cap,5538044,NMS
EQIX,"Equinix, Inc.",Real Estate,Large-Cap,555821,NMS
RCL,Royal Caribbean Cruises Ltd.,Consumer Cyclical,Large-Cap,2379600,NYQ
DB,Deutsche Bank AG,Financial Services,Large-Cap,2482186,NYQ
DELL,Dell Technologies Inc.,Technology,Large-Cap,6780803,NYQ
CTAS,Cintas Corporation,Industrials,Large-Cap,2012413,NMS
APO,"Apollo Global Management, Inc. ",Financial Services,Large-Cap,3180595,NYQ
CNQ,Canadian Natural Resources Limi,Energy,Large-Cap,8170583,NYQ
MDLZ,"Mondelez International, Inc.",Consumer Defensive,Large-Cap,10874254,NMS
SLB,SLB Limited,Energy,Large-Cap,17002537,NYQ
ITW,Illinois Tool Works Inc.,Industrials,Large-Cap,1197678,NYQ
SE,Sea Limited,Consumer Cyclical,Large-Cap,4995967,NYQ
INFY,Infosys Limited,Technology,Large-Cap,13171331,NYQ
FDX,FedEx Corporation,Industrials,Large-Cap,1734950,NYQ
NWG,NatWest Group plc,Financial Services,Large-Cap,2370109,NYQ
SNOW,Snowflake Inc.,Technology,Large-Cap,4746955,NYQ
ELV,"Elevance Health, Inc.",Healthcare,Large-Cap,1606970,NYQ
VRT,"Vertiv Holdings, LLC",Industrials,Large-Cap,6309322,NYQ
NET,"Cloudflare, Inc.",Technology,Large-Cap,3204698,NYQ
CI,The Cigna Group,Healthcare,Large-Cap,1900275,NYQ
EPD,Enterprise Products Partners L.,Energy,Large-Cap,3880706,NYQ
JCI,Johnson Controls International ,Industrials,Large-Cap,5481042,NYQ
MRVL,"Marvell Technology, Inc.",Technology,Large-Cap,17024680,NMS
PWR,"Quanta Services, Inc.",Industrials,Large-Cap,980167,NYQ
AON,Aon plc,Financial Services,Large-Cap,1093896,NYQ
SNDK,Sandisk Corporation,Technology,Large-Cap,13393581,NMS
CSX,CSX Corporation,Industrials,Large-Cap,13393734,NMS
VALE,VALE S.A.,Basic Materials,Large-Cap,34572680,NYQ
HLT,Hilton Worldwide Holdings Inc.,Consumer Cyclical,Large-Cap,1685909,NYQ
SPG,"Simon Property Group, Inc.",Real Estate,Large-Cap,1421013,NYQ
WBD,"Warner Bros. Discovery, Inc. - ",Communication Services,Large-Cap,43632829,NMS
RELX,RELX PLC PLC,Industrials,Large-Cap,2228847,NYQ
CL,Colgate-Palmolive Company,Consumer Defensive,Large-Cap,6730237,NYQ
COR,"Cencora, Inc.",Healthcare,Large-Cap,1416445,NYQ
WPM,Wheaton Precious Metals Corp,Basic Materials,Large-Cap,2006739,NYQ
TEL,TE Connectivity plc,Technology,Large-Cap,2025732,NYQ
RSG,"Republic Services, Inc.",Industrials,Large-Cap,1527647,NYQ
MSI,"Motorola Solutions, Inc.",Technology,Large-Cap,1474690,NYQ
LHX,"L3Harris Technologies, Inc.",Industrials,Large-Cap,1338485,NYQ
CP,Canadian Pacific Kansas City Li,Industrials,Large-Cap,2429127,NYQ
KMI,"Kinder Morgan, Inc.",Energy,Large-Cap,13689804,NYQ
EQNR,Equinor ASA,Energy,Large-Cap,4092836,NYQ
TFC,Truist Financial Corporation,Financial Services,Large-Cap,8489940,NYQ
NSC,Norfolk Southern Corporation,Industrials,Large-Cap,1249898,NYQ
AEP,American Electric Power Company,Utilities,Large-Cap,3406785,NMS
AMX,"America Movil, S.A.B. de C.V.",Communication Services,Large-Cap,2224473,NYQ
PCAR,PACCAR Inc.,Industrials,Large-Cap,3259140,NMS
SU,Suncor Energy  Inc.,Energy,Large-Cap,4572037,NYQ
CNI,Canadian National Railway Compa,Industrials,Large-Cap,1383624,NYQ
MFC,Manulife Financial Corporation,Financial Services,Large-Cap,2061011,NYQ
TRV,"The Travelers Companies, Inc.",Financial Services,Large-Cap,1499947,NYQ
FTNT,"Fortinet, Inc.",Technology,Large-Cap,5947390,NMS
AJG,Arthur J. Gallagher & Co.,Financial Services,Large-Cap,1823603,NYQ
ET,Energy Transfer LP,Energy,Large-Cap,15202739,NYQ
ROST,"Ross Stores, Inc.",Consumer Cyclical,Large-Cap,2649609,NMS
RACE,Ferrari N.V.,Consumer Cyclical,Large-Cap,698452,NYQ
TRP,TC Energy Corporation,Energy,Large-Cap,2206703,NYQ
EOG,"EOG Resources, Inc.",Energy,Large-Cap,4075057,NYQ
RKT,"Rocket Companies, Inc.",Financial Services,Large-Cap,29695998,NYQ
URI,"United Rentals, Inc.",Industrials,Large-Cap,663170,NYQ
BDX,"Becton, Dickinson and Company",Healthcare,Large-Cap,2182227,NYQ
AFL,AFLAC Incorporated,Financial Services,Large-Cap,2363285,NYQ
NXPI,NXP Semiconductors N.V.,Technology,Large-Cap,2775931,NMS
APD,"Air Products and Chemicals, Inc",Basic Materials,Large-Cap,1644401,NYQ
DLR,"Digital Realty Trust, Inc.",Real Estate,Large-Cap,1972798,NYQ
COIN,"Coinbase Global, Inc. - 3",Financial Services,Large-Cap,9240140,NMS
SRE,DBA Sempra,Utilities,Large-Cap,3821752,NYQ
ADSK,"Autodesk, Inc.",Technology,Large-Cap,1630259,NMS
VLO,Valero Energy Corporation,Energy,Large-Cap,3129590,NYQ
MPLX,MPLX LP,Energy,Large-Cap,1541773,NYQ
PSX,Phillips 66,Energy,Large-Cap,2354029,NYQ
NDAQ,"Nasdaq, Inc.",Financial Services,Large-Cap,3234368,NMS
TAK,Takeda Pharmaceutical Company L,Healthcare,Large-Cap,2958681,NYQ
O,Realty Income Corporation,Real Estate,Large-Cap,6433945,NYQ
BKR,Baker Hughes Company,Energy,Large-Cap,8033685,NMS
VST,Vistra Corp.,Utilities,Large-Cap,4916049,NYQ
IDXX,"IDEXX Laboratories, Inc.",Healthcare,Large-Cap,559775,NMS
F,Ford Motor Company,Consumer Cyclical,Large-Cap,58320400,NYQ
ZTS,Zoetis Inc.,Healthcare,Large-Cap,5389804,NYQ
BIDU,"Baidu, Inc.",Communication Services,Large-Cap,3379673,NMS
AU,AngloGold Ashanti PLC,Basic Materials,Large-Cap,2798480,NYQ
CCJ,Cameco Corporation,Energy,Large-Cap,4190026,NYQ
CRWV,"CoreWeave, Inc.",Technology,Large-Cap,30173788,NMS
TRI,Thomson Reuters Corp,Industrials,Large-Cap,1104852,NMS
CMG,"Chipotle Mexican Grill, Inc.",Consumer Cyclical,Large-Cap,20627488,NYQ
BSBR,Banco Santander Brasil SA,Financial Services,Large-Cap,700673,NYQ
PYPL,"PayPal Holdings, Inc.",Financial Services,Large-Cap,15401581,NMS
MPWR,"Monolithic Power Systems, Inc.",Technology,Large-Cap,681180,NMS
IMO,Imperial Oil Limited,Energy,Large-Cap,585667,ASE
D,"Dominion Energy, Inc.",Utilities,Large-Cap,6221265,NYQ
MPC,Marathon Petroleum Corporation,Energy,Large-Cap,2257049,NYQ
ALL,Allstate Corporation (The),Financial Services,Large-Cap,1660011,NYQ
EA,Electronic Arts Inc.,Communication Services,Large-Cap,1939870,NMS
MET,"MetLife, Inc.",Financial Services,Large-Cap,3613634,NYQ
AME,"AMETEK, Inc.",Industrials,Large-Cap,1376327,NYQ
CAH,"Cardinal Health, Inc.",Healthcare,Large-Cap,2148993,NYQ
GFI,Gold Fields Limited,Basic Materials,Large-Cap,3330773,NYQ
FNV,Franco-Nevada Corporation,Basic Materials,Large-Cap,762126,NYQ
RBLX,Roblox Corporation,Communication Services,Large-Cap,9131072,NYQ
CBRE,CBRE Group Inc,Real Estate,Large-Cap,1354009,NYQ
FERG,Ferguson Enterprises Inc.,Industrials,Large-Cap,1465239,NYQ
FAST,Fastenal Company,Industrials,Large-Cap,7748906,NMS
WDAY,"Workday, Inc.",Technology,Large-Cap,3089354,NMS
FER,Ferrovial SE,Industrials,Large-Cap,2351083,NMS
CTVA,"Corteva, Inc.",Basic Materials,Large-Cap,3774563,NYQ
DEO,Diageo plc,Consumer Defensive,Large-Cap,1773775,NYQ
EW,Edwards Lifesciences Corporatio,Healthcare,Large-Cap,3561144,NYQ
OKE,"ONEOK, Inc.",Energy,Large-Cap,4300586,NYQ
ARES,Ares Management Corporation,Financial Services,Large-Cap,2998867,NYQ
PSA,Public Storage,Real Estate,Large-Cap,1130667,NYQ
CARR,Carrier Global Corporation,Industrials,Large-Cap,7296511,NYQ
AXON,"Axon Enterprise, Inc.",Industrials,Large-Cap,885260,NMS
DDOG,"Datadog, Inc.",Technology,Large-Cap,4979729,NMS
GBTC,Grayscale Bitcoin Trust (BTC),N/A,Large-Cap,5293172,PCX
TGT,Target Corporation,Consumer Defensive,Large-Cap,7107139,NYQ
ROK,"Rockwell Automation, Inc.",Industrials,Large-Cap,873926,NYQ
AMP,"Ameriprise Financial, Inc.",Financial Services,Large-Cap,604147,NYQ
ALNY,"Alnylam Pharmaceuticals, Inc.",Healthcare,Large-Cap,1384627,NMS
MSTR,Strategy Inc,Technology,Large-Cap,19871032,NMS
RKLB,Rocket Lab Corporation,Industrials,Large-Cap,23801011,NCM
HLN,Haleon plc,Healthcare,Large-Cap,9183496,NYQ
KGC,Kinross Gold Corporation,Basic Materials,Large-Cap,9201872,NYQ
FANG,"Diamondback Energy, Inc.",Energy,Large-Cap,1814731,NMS
TTWO,"Take-Two Interactive Software, ",Communication Services,Large-Cap,1544962,NMS
EXC,Exelon Corporation,Utilities,Large-Cap,7601360,NMS
LNG,"Cheniere Energy, Inc.",Energy,Large-Cap,1985421,NYQ
XEL,Xcel Energy Inc.,Utilities,Large-Cap,5308906,NMS
MSCI,MSCI Inc.,Financial Services,Large-Cap,584336,NYQ
ABEV,Ambev S.A.,Consumer Defensive,Large-Cap,29689191,NYQ
OXY,Occidental Petroleum Corporatio,Energy,Large-Cap,9976757,NYQ
BBD,Banco Bradesco Sa,Financial Services,Large-Cap,34722232,NYQ
ASX,"ASE Technology Holding Co., Ltd",Technology,Large-Cap,7162588,NYQ
WCN,"Waste Connections, Inc.",Industrials,Large-Cap,1269909,NYQ
JD,"JD.com, Inc.",Consumer Cyclical,Large-Cap,10281763,NMS
EBAY,eBay Inc.,Consumer Cyclical,Large-Cap,4361883,NMS
DHI,"D.R. Horton, Inc.",Consumer Cyclical,Large-Cap,3172198,NYQ
DAL,"Delta Air Lines, Inc.",Industrials,Large-Cap,7778263,NYQ
ETR,Entergy Corporation,Utilities,Large-Cap,2566396,NYQ
YUM,"Yum! Brands, Inc.",Consumer Cyclical,Large-Cap,2178644,NYQ
MT,Arcelor Mittal NY Registry Shar,Basic Materials,Large-Cap,1406291,NYQ
TRGP,"Targa Resources, Inc.",Energy,Large-Cap,1500385,NYQ
EL,"Estee Lauder Companies, Inc. (T",Consumer Defensive,Large-Cap,3511177,NYQ
CCEP,Coca-Cola Europacific Partners ,Consumer Defensive,Large-Cap,1600347,NMS
LVS,Las Vegas Sands Corp.,Consumer Cyclical,Large-Cap,5802908,NYQ
PUK,Prudential Public Limited Compa,Financial Services,Large-Cap,819880,NYQ
CTSH,Cognizant Technology Solutions ,Technology,Large-Cap,4673952,NMS
KR,Kroger Company (The),Consumer Defensive,Large-Cap,6665057,NYQ
IQV,"IQVIA Holdings, Inc.",Healthcare,Large-Cap,1328119,NYQ
AIG,"American International Group, I",Financial Services,Large-Cap,5041508,NYQ
FIX,"Comfort Systems USA, Inc.",Industrials,Large-Cap,573239,NYQ
ASTS,"AST SpaceMobile, Inc.",Technology,Large-Cap,14154786,NMS
TCOM,Trip.com Group Limited,Consumer Cyclical,Large-Cap,2855339,NMS
MCHP,Microchip Technology Incorporat,Technology,Large-Cap,8966218,NMS
SYY,Sysco Corporation,Consumer Defensive,Large-Cap,3400409,NYQ
PEG,Public Service Enterprise Group,Utilities,Large-Cap,2941739,NYQ
ALC,Alcon Inc.,Healthcare,Large-Cap,1667288,NYQ
DIA,SPDR Dow Jones Industrial Avera,N/A,Large-Cap,6156234,PCX
ROP,"Roper Technologies, Inc.",Technology,Large-Cap,1148657,NMS
NUE,Nucor Corporation,Basic Materials,Large-Cap,1568136,NYQ
WAB,Westinghouse Air Brake Technolo,Industrials,Large-Cap,794263,NYQ
VMC,Vulcan Materials Company (Holdi,Basic Materials,Large-Cap,1012157,NYQ
GRMN,Garmin Ltd.,Technology,Large-Cap,1026114,NYQ
XYZ,"Block, Inc.",Technology,Large-Cap,7303927,NYQ
NOK,Nokia Corporation Sponsored,Technology,Large-Cap,32981572,NYQ
CPRT,"Copart, Inc.",Industrials,Large-Cap,8867931,NMS
HMC,"Honda Motor Company, Ltd.",Consumer Cyclical,Large-Cap,1032975,NYQ
HSY,The Hershey Company,Consumer Defensive,Large-Cap,1713385,NYQ
A,"Agilent Technologies, Inc.",Healthcare,Large-Cap,1992852,NYQ
MDLN,Medline Inc.,Healthcare,Large-Cap,8978982,NMS
CLS,"Celestica, Inc.",Technology,Large-Cap,2890909,NYQ
ED,"Consolidated Edison, Inc.",Utilities,Large-Cap,2151175,NYQ
TER,"Teradyne, Inc.",Technology,Large-Cap,3053844,NMS
CCI,Crown Castle Inc.,Real Estate,Large-Cap,2818790,NYQ
PRU,"Prudential Financial, Inc.",Financial Services,Large-Cap,1705188,NYQ
CUK,Carnival Plc,Consumer Cyclical,Large-Cap,2071162,NYQ
CCL,Carnival Corporation,Consumer Cyclical,Large-Cap,20776355,NYQ
PAYX,"Paychex, Inc.",Technology,Large-Cap,3305085,NMS
KDP,Keurig Dr Pepper Inc.,Consumer Defensive,Large-Cap,13840842,NMS
KEYS,Keysight Technologies Inc.,Technology,Large-Cap,1204831,NYQ
TEVA,Teva Pharmaceutical Industries ,Healthcare,Large-Cap,11328657,NYQ
RMD,ResMed Inc.,Healthcare,Large-Cap,1036737,NYQ
RDDT,"Reddit, Inc.",Communication Services,Large-Cap,4588711,NYQ
ERIC,Ericsson,Technology,Large-Cap,10495365,NMS
CVE,Cenovus Energy Inc,Energy,Large-Cap,11379467,NYQ
GEHC,GE HealthCare Technologies Inc.,Healthcare,Large-Cap,3530560,NMS
CPNG,"Coupang, Inc.",Consumer Cyclical,Large-Cap,17083493,NYQ
ODFL,"Old Dominion Freight Line, Inc.",Industrials,Large-Cap,2159118,NMS
HIG,"The Hartford Insurance Group, I",Financial Services,Large-Cap,1465509,NYQ
SATS,EchoStar Corporation,Communication Services,Large-Cap,5464819,NMS
FISV,"Fiserv, Inc.",N/A,Large-Cap,10522925,NMS
WEC,"WEC Energy Group, Inc.",Utilities,Large-Cap,2131726,NYQ
VEEV,Veeva Systems Inc.,Healthcare,Large-Cap,1605152,NYQ
BE,Bloom Energy Corporation,Industrials,Large-Cap,13539375,NYQ
RYAAY,Ryanair Holdings plc,Industrials,Large-Cap,1140103,NMS
VTR,"Ventas, Inc.",Real Estate,Large-Cap,3033932,NYQ
STT,State Street Corporation,Financial Services,Large-Cap,2007104,NYQ
OTIS,Otis Worldwide Corporation,Industrials,Large-Cap,2724072,NYQ
TEAM,Atlassian Corporation,Technology,Large-Cap,3199698,NMS
MDY,State Street SPDR S&P MIDCAP 40,N/A,Large-Cap,968172,PCX
ZS,"Zscaler, Inc.",Technology,Large-Cap,1846904,NMS
SYM,Symbotic Inc.,Industrials,Large-Cap,2727821,NGM
ACGL,Arch Capital Group Ltd.,Financial Services,Large-Cap,2225972,NMS
CIEN,Ciena Corporation,Technology,Large-Cap,2944072,NYQ
SLV,iShares Silver Trust,N/A,Large-Cap,77931424,PCX
INSM,Insmed Incorporated,Healthcare,Large-Cap,3054629,NMS
IR,Ingersoll Rand Inc.,Industrials,Large-Cap,2916450,NYQ
NTR,Nutrien Ltd.,Basic Materials,Large-Cap,2650298,NYQ
XYL,Xylem Inc.,Industrials,Large-Cap,1330391,NYQ
LYV,"Live Nation Entertainment, Inc.",Communication Services,Large-Cap,3054988,NYQ
WDS,Woodside Energy Group Limited,Energy,Large-Cap,865247,NYQ
MTB,M&T Bank Corporation,Financial Services,Large-Cap,1008796,NYQ
VOD,Vodafone Group Plc,Communication Services,Large-Cap,4680029,NMS
EQT,EQT Corporation,Energy,Large-Cap,9297990,NYQ
UAL,"United Airlines Holdings, Inc.",Industrials,Large-Cap,5257319,NMS
COHR,Coherent Corp.,Technology,Large-Cap,4607642,NYQ
KVUE,Kenvue Inc.,Consumer Defensive,Large-Cap,44514324,NYQ
MDB,"MongoDB, Inc.",Technology,Large-Cap,1762639,NGM
NTRA,"Natera, Inc.",Healthcare,Large-Cap,1356513,NMS
KMB,Kimberly-Clark Corporation,Consumer Defensive,Large-Cap,6856811,NMS
RJF,"Raymond James Financial, Inc.",Financial Services,Large-Cap,1210988,NYQ
PCG,Pacific Gas & Electric Co.,Utilities,Large-Cap,22871403,NYQ
EXPE,"Expedia Group, Inc.",Consumer Cyclical,Large-Cap,2039957,NMS
ADM,Archer-Daniels-Midland Company,Consumer Defensive,Large-Cap,3327762,NYQ
DG,Dollar General Corporation,Consumer Defensive,Large-Cap,3651004,NYQ
SOFI,"SoFi Technologies, Inc.",Financial Services,Large-Cap,58076181,NMS
FOXA,Fox Corporation,Communication Services,Large-Cap,3364722,NMS
UMC,United Microelectronics Corpora,Technology,Large-Cap,10260529,NYQ
EXR,Extra Space Storage Inc,Real Estate,Large-Cap,1274150,NYQ
QSR,Restaurant Brands International,Consumer Cyclical,Large-Cap,2835886,NYQ
WTW,Willis Towers Watson Public Lim,Financial Services,Large-Cap,622683,NMS
VIK,Viking Holdings Ltd,Consumer Cyclical,Large-Cap,2412463,NYQ
ROL,"Rollins, Inc.",Consumer Cyclical,Large-Cap,2640700,NYQ
VICI,VICI Properties Inc.,Real Estate,Large-Cap,12251542,NYQ
FIS,Fidelity National Information S,Technology,Large-Cap,3227880,NYQ
VRSK,"Verisk Analytics, Inc.",Industrials,Large-Cap,1364914,NMS
NRG,"NRG Energy, Inc.",Utilities,Large-Cap,1921450,NYQ
AMRZ,Amrize Ltd,Basic Materials,Large-Cap,3980777,NYQ
BNTX,BioNTech SE,Healthcare,Large-Cap,1174375,NMS
FLUT,Flutter Entertainment plc,Consumer Cyclical,Large-Cap,2677922,NYQ
TSCO,Tractor Supply Company,Consumer Cyclical,Large-Cap,6353229,NMS
LPLA,LPL Financial Holdings Inc.,Financial Services,Large-Cap,662967,NMS
ULTA,"Ulta Beauty, Inc.",Consumer Cyclical,Large-Cap,660875,NMS
HAL,Halliburton Company,Energy,Large-Cap,12062404,NYQ
FTAI,FTAI Aviation Ltd.,Industrials,Large-Cap,1387967,NMS
DXCM,"DexCom, Inc.",Healthcare,Large-Cap,6387437,NMS
HPE,Hewlett Packard Enterprise Comp,Technology,Large-Cap,24167583,NYQ
ALAB,"Astera Labs, Inc.",Technology,Large-Cap,5601232,NMS
TME,Tencent Music Entertainment Gro,Communication Services,Large-Cap,5910924,NYQ
DOV,Dover Corporation,Industrials,Large-Cap,1120224,NYQ
DTE,DTE Energy Company,Utilities,Large-Cap,1619793,NYQ
NTRS,Northern Trust Corporation,Financial Services,Large-Cap,982350,NMS
ZM,"Zoom Communications, Inc.",Technology,Large-Cap,3056275,NMS
STLA,Stellantis N.V.,Consumer Cyclical,Large-Cap,12609950,NYQ
PHG,Koninklijke Philips N.V. NY Reg,Healthcare,Large-Cap,700452,NYQ
STZ,"Constellation Brands, Inc.",Consumer Defensive,Large-Cap,2633693,NYQ
EC,Ecopetrol S.A.,Energy,Large-Cap,2592168,NYQ
AEE,Ameren Corporation,Utilities,Large-Cap,1693749,NYQ
CSGP,"CoStar Group, Inc.",Real Estate,Large-Cap,5179895,NMS
KHC,The Kraft Heinz Company,Consumer Defensive,Large-Cap,15418234,NMS
TECK,Teck Resources Ltd,Basic Materials,Large-Cap,4090077,NYQ
KEP,Korea Electric Power Corporatio,Utilities,Large-Cap,533465,NYQ
HBAN,Huntington Bancshares Incorpora,Financial Services,Large-Cap,26915600,NMS
FE,FirstEnergy Corp.,Utilities,Large-Cap,4497565,NYQ
WIT,Wipro Limited,Technology,Large-Cap,6917521,NYQ
ATO,Atmos Energy Corporation,Utilities,Large-Cap,1223121,NYQ
CFG,"Citizens Financial Group, Inc.",Financial Services,Large-Cap,4702783,NYQ
LEN,Lennar Corporation,Consumer Cyclical,Large-Cap,5877531,NYQ
PPL,PPL Corporation,Utilities,Large-Cap,6570849,NYQ
SYF,Synchrony Financial,Financial Services,Large-Cap,3843622,NYQ
PAAS,Pan American Silver Corp.,Basic Materials,Large-Cap,6991134,NYQ
FTS,Fortis Inc.,Utilities,Large-Cap,873359,NYQ
IRM,Iron Mountain Incorporated (Del,Real Estate,Large-Cap,2189693,NYQ
NMR,Nomura Holdings Inc,Financial Services,Large-Cap,1034070,NYQ
ES,Eversource Energy (D/B/A),Utilities,Large-Cap,2635900,NYQ
TPR,"Tapestry, Inc.",Consumer Cyclical,Large-Cap,2906616,NYQ
GFS,GlobalFoundries Inc.,Technology,Large-Cap,4189611,NMS
LITE,Lumentum Holdings Inc.,Technology,Large-Cap,4607685,NMS
STM,STMicroelectronics N.V.,Technology,Large-Cap,5978173,NYQ
CNP,"CenterPoint Energy, Inc (Holdin",Utilities,Large-Cap,4723903,NYQ
EXE,Expand Energy Corporation,Energy,Large-Cap,3331045,NMS
STE,STERIS plc (Ireland),Healthcare,Large-Cap,609781,NYQ
JBL,Jabil Inc.,Technology,Large-Cap,1217667,NYQ
STLD,"Steel Dynamics, Inc.",Basic Materials,Large-Cap,1260834,NMS
EFX,"Equifax, Inc.",Industrials,Large-Cap,1518722,NYQ
AER,AerCap Holdings N.V.,Industrials,Large-Cap,1236022,NYQ
ON,ON Semiconductor Corporation,Technology,Large-Cap,9082118,NMS
BIIB,Biogen Inc.,Healthcare,Large-Cap,1970339,NMS
WRB,W.R. Berkley Corporation,Financial Services,Large-Cap,2977573,NYQ
AWK,"American Water Works Company, I",Utilities,Large-Cap,1840973,NYQ
BRO,"Brown & Brown, Inc.",Financial Services,Large-Cap,2698827,NYQ
FSLR,"First Solar, Inc.",Technology,Large-Cap,2216081,NMS
AVB,"AvalonBay Communities, Inc.",Real Estate,Large-Cap,1086250,NYQ
DVN,Devon Energy Corporation,Energy,Large-Cap,8710573,NYQ
HUM,Humana Inc.,Healthcare,Large-Cap,1695019,NYQ
CHTR,"Charter Communications, Inc.",Communication Services,Large-Cap,1899562,NMS
VLTO,Veralto Corp,Industrials,Large-Cap,1647114,NYQ
PPG,"PPG Industries, Inc.",Basic Materials,Large-Cap,2144193,NYQ
WSM,"Williams-Sonoma, Inc.",Consumer Cyclical,Large-Cap,1191729,NYQ
DLTR,"Dollar Tree, Inc.",Consumer Defensive,Large-Cap,3367026,NMS
RGLD,"Royal Gold, Inc.",Basic Materials,Large-Cap,962445,NMS
OMC,Omnicom Group Inc.,Communication Services,Large-Cap,4516813,NYQ
CINF,Cincinnati Financial Corporatio,Financial Services,Large-Cap,575244,NMS
NBIS,Nebius Group N.V.,Communication Services,Large-Cap,16172600,NMS
PSTG,"Pure Storage, Inc.",Technology,Large-Cap,4096216,NYQ
EQR,Equity Residential,Real Estate,Large-Cap,2367983,NYQ
PHM,"PulteGroup, Inc.",Consumer Cyclical,Large-Cap,1821006,NYQ
RF,Regions Financial Corporation,Financial Services,Large-Cap,14409216,NYQ
FLEX,Flex Ltd.,Technology,Large-Cap,4930063,NMS
BR,"Broadridge Financial Solutions,",Technology,Large-Cap,755424,NYQ
EIX,Edison International,Utilities,Large-Cap,3081396,NYQ
SQM,Sociedad Quimica y Minera S.A.,Basic Materials,Large-Cap,1619845,NYQ
LDOS,"Leidos Holdings, Inc.",Technology,Large-Cap,857014,NYQ
PBA,Pembina Pipeline Corp.,Energy,Large-Cap,1383616,NYQ
GIS,"General Mills, Inc.",Consumer Defensive,Large-Cap,7162991,NYQ
RPRX,Royalty Pharma plc,Healthcare,Large-Cap,4210067,NMS
BCE,"BCE, Inc.",Communication Services,Large-Cap,3088949,NYQ
KEY,KeyCorp,Financial Services,Large-Cap,16599109,NYQ
AXIA,AXIA Energia,Utilities,Large-Cap,1918473,NYQ
ILMN,"Illumina, Inc.",Healthcare,Large-Cap,1867281,NMS
CRDO,Credo Technology Group Holding ,Technology,Large-Cap,6106745,NMS
VRSN,"VeriSign, Inc.",Technology,Large-Cap,786601,NMS
WAT,Waters Corporation,Healthcare,Large-Cap,555334,NYQ
TSN,"Tyson Foods, Inc.",Consumer Defensive,Large-Cap,3135626,NYQ
TROW,"T. Rowe Price Group, Inc.",Financial Services,Large-Cap,1754652,NMS
TPG,TPG Inc.,Financial Services,Large-Cap,1843355,NMS
DRI,"Darden Restaurants, Inc.",Consumer Cyclical,Large-Cap,1628467,NYQ
FTI,TechnipFMC plc,Energy,Large-Cap,3012496,NYQ
VIV,Telefonica Brasil S.A.,Communication Services,Large-Cap,812454,NYQ
AFRM,"Affirm Holdings, Inc.",Financial Services,Large-Cap,5434263,NMS
ALB,Albemarle Corporation,Basic Materials,Large-Cap,3553344,NYQ
OWL,Blue Owl Capital Inc.,Financial Services,Large-Cap,13460047,NYQ
FUTU,Futu Holdings Limited,Financial Services,Large-Cap,1390001,NGM
TW,Tradeweb Markets Inc.,Financial Services,Large-Cap,1254754,NMS
TS,Tenaris S.A.,Energy,Large-Cap,1172409,NYQ
CHD,"Church & Dwight Company, Inc.",Consumer Defensive,Large-Cap,2559040,NYQ
LH,Labcorp Holdings Inc.,Healthcare,Large-Cap,817711,NYQ
CYBR,CyberArk Software Ltd.,Technology,Large-Cap,556770,NMS
BG,Bunge Limited,Consumer Defensive,Large-Cap,1518978,NYQ
CPAY,"Corpay, Inc.",Technology,Large-Cap,589086,NYQ
SW,Smurfit WestRock plc,Consumer Cyclical,Large-Cap,5271831,NYQ
IP,International Paper Company,Consumer Cyclical,Large-Cap,5621272,NYQ
LULU,lululemon athletica inc.,Consumer Cyclical,Large-Cap,4012762,NMS
CMS,CMS Energy Corporation,Utilities,Large-Cap,2586432,NYQ
PSLV,"""Sprott Physical Silver Trust""",Financial Services,Large-Cap,15794675,NYQ
RBA,"RB Global, Inc.",Industrials,Large-Cap,1134819,NYQ
CG,The Carlyle Group Inc.,Financial Services,Large-Cap,2682714,NMS
VG,"Venture Global, Inc.",Energy,Large-Cap,11760134,NYQ
LUV,Southwest Airlines Company,Industrials,Large-Cap,9517311,NYQ
RL,Ralph Lauren Corporation,Consumer Cyclical,Large-Cap,633296,NYQ
EXPD,Expeditors International of Was,Industrials,Large-Cap,1470731,NYQ
TU,Telus Corporation,Communication Services,Large-Cap,6315477,NYQ
GMAB,Genmab A/S,Healthcare,Large-Cap,1738181,NMS
CHRW,"C.H. Robinson Worldwide, Inc.",Industrials,Large-Cap,1637263,NMS
L,Loews Corporation,Financial Services,Large-Cap,783521,NYQ
AS,"Amer Sports, Inc.",Consumer Cyclical,Large-Cap,3997872,NYQ
NI,NiSource Inc,Utilities,Large-Cap,3560954,NYQ
CTRA,Coterra Energy Inc.,Energy,Large-Cap,8754221,NYQ
SSNC,"SS&C Technologies Holdings, Inc",Technology,Large-Cap,1268249,NMS
Q,"Qnity Electronics, Inc.",Technology,Large-Cap,2645536,NYQ
BEKE,KE Holdings Inc,Real Estate,Large-Cap,4961537,NYQ
GPN,Global Payments Inc.,Industrials,Large-Cap,2764327,NYQ
AMCR,Amcor plc,Consumer Cyclical,Large-Cap,4885673,NYQ
DGX,Quest Diagnostics Incorporated,Healthcare,Large-Cap,1022327,NYQ
PFG,Principal Financial Group Inc,Financial Services,Large-Cap,1368424,NMS
TWLO,Twilio Inc.,Technology,Large-Cap,2252542,NYQ
LTM,LATAM Airlines Group S.A.,Industrials,Large-Cap,832445,NYQ
CNC,Centene Corporation,Healthcare,Large-Cap,7223198,NYQ
INCY,Incyte Corporation,Healthcare,Large-Cap,2169727,NMS
PKG,Packaging Corporation of Americ,Consumer Cyclical,Large-Cap,870424,NYQ
NTAP,"NetApp, Inc.",Technology,Large-Cap,2154283,NMS
KTOS,Kratos Defense & Security Solut,Industrials,Large-Cap,3162545,NMS
RCI,"Rogers Communication, Inc.",Communication Services,Large-Cap,983034,NYQ
SBAC,SBA Communications Corporation,Real Estate,Large-Cap,813209,NMS
WWD,"Woodward, Inc.",Industrials,Large-Cap,556752,NMS
DOW,Dow Inc.,Basic Materials,Large-Cap,12074393,NYQ
IREN,IREN LIMITED,Financial Services,Large-Cap,39454693,NMS
PTC,PTC Inc.,Technology,Large-Cap,920573,NMS
CHKP,Check Point Software Technologi,Technology,Large-Cap,962929,NMS
MTZ,"MasTec, Inc.",Industrials,Large-Cap,854814,NYQ
EXAS,Exact Sciences Corporation,Healthcare,Large-Cap,5502814,NCM
BWXT,"BWX Technologies, Inc.",Industrials,Large-Cap,1168332,NYQ
GPC,Genuine Parts Company,Consumer Cyclical,Large-Cap,1105918,NYQ
JBHT,"J.B. Hunt Transport Services, I",Industrials,Large-Cap,1144029,NMS
RVMD,"Revolution Medicines, Inc.",Healthcare,Large-Cap,3468204,NMS
GRAB,Grab Holdings Limited,Technology,Large-Cap,50602962,NMS
TOST,"Toast, Inc.",Technology,Large-Cap,8409845,NYQ
SBS,Companhia de saneamento Basico ,Utilities,Large-Cap,1163903,NYQ
SGI,Somnigroup International Inc.,Consumer Cyclical,Large-Cap,1744408,NYQ
HL,Hecla Mining Company,Basic Materials,Large-Cap,24086824,NYQ
WY,Weyerhaeuser Company,Real Estate,Large-Cap,7271411,NYQ
PHYS,"""Sprott Physical Gold Trust""",Financial Services,Large-Cap,5561291,NYQ
USFD,US Foods Holding Corp.,Consumer Defensive,Large-Cap,2313155,NYQ
IFF,International Flavors & Fragran,Basic Materials,Large-Cap,2156975,NYQ
RIVN,"Rivian Automotive, Inc.",Consumer Cyclical,Large-Cap,46312822,NMS
CX,"Cemex, S.A.B. de C.V. Sponsored",Basic Materials,Large-Cap,6792808,NYQ
DD,"DuPont de Nemours, Inc.",Basic Materials,Large-Cap,5978807,NYQ
PODD,Insulet Corporation,Healthcare,Large-Cap,780368,NMS
SMCI,"Super Micro Computer, Inc.",Technology,Large-Cap,27290349,NMS
BEP,Brookfield Renewable Partners L,Utilities,Large-Cap,735085,NYQ
DKS,Dick's Sporting Goods Inc,Consumer Cyclical,Large-Cap,1442726,NYQ
NVT,nVent Electric plc,Industrials,Large-Cap,2140832,NYQ
ENTG,"Entegris, Inc.",Technology,Large-Cap,2843498,NMS
BURL,"Burlington Stores, Inc.",Consumer Cyclical,Large-Cap,1005729,NYQ
AGI,Alamos Gold Inc.,Basic Materials,Large-Cap,2813618,NYQ
HPQ,HP Inc.,Technology,Large-Cap,14415606,NYQ
APG,APi Group Corporation,Industrials,Large-Cap,2560237,NYQ
FTV,Fortive Corporation,Technology,Large-Cap,3137611,NYQ
FN,Fabrinet,Technology,Large-Cap,636872,NYQ
YUMC,"Yum China Holdings, Inc.",Consumer Cyclical,Large-Cap,1302734,NYQ
MRNA,"Moderna, Inc.",Healthcare,Large-Cap,11881588,NMS
EVRG,"Evergy, Inc.",Utilities,Large-Cap,2050411,NMS
CRCL,"Circle Internet Group, Inc.",Financial Services,Large-Cap,13450936,NYQ
XPEV,XPeng Inc.,Consumer Cyclical,Large-Cap,11629734,NYQ
U,Unity Software Inc.,Technology,Large-Cap,8494908,NYQ
IOT,Samsara Inc.,Technology,Large-Cap,6035493,NYQ
PNR,Pentair plc.,Industrials,Large-Cap,1335409,NYQ
IT,"Gartner, Inc.",Technology,Large-Cap,969659,NYQ
XPO,"XPO, Inc.",Industrials,Large-Cap,1324508,NYQ
ESS,"Essex Property Trust, Inc.",Real Estate,Large-Cap,515621,NYQ
SN,"SharkNinja, Inc.",Consumer Cyclical,Large-Cap,1771242,NYQ
WST,"West Pharmaceutical Services, I",Healthcare,Large-Cap,772144,NYQ
CRS,Carpenter Technology Corporatio,Industrials,Large-Cap,859570,NYQ
JBS,JBS N.V.,Consumer Defensive,Large-Cap,5175939,NYQ
LNT,Alliant Energy Corporation,Utilities,Large-Cap,2085504,NMS
ATI,ATI Inc.,Industrials,Large-Cap,1364234,NYQ
ZTO,ZTO Express (Cayman) Inc.,Industrials,Large-Cap,1849749,NYQ
ZBH,"Zimmer Biomet Holdings, Inc.",Healthcare,Large-Cap,2299931,NYQ
MKC,"McCormick & Company, Incorporat",Consumer Defensive,Large-Cap,3193773,NYQ
APTV,Aptiv PLC,Consumer Cyclical,Large-Cap,2304683,NYQ
LI,Li Auto Inc.,Consumer Cyclical,Large-Cap,4300883,NMS
RTO,Rentokil Initial plc,Industrials,Large-Cap,949503,NYQ
HUBS,"HubSpot, Inc.",Technology,Large-Cap,961957,NYQ
TXT,Textron Inc.,Industrials,Large-Cap,1528716,NYQ
HOLX,"Hologic, Inc.",Healthcare,Large-Cap,2859418,NMS
WES,"Western Midstream Partners, LP",Energy,Large-Cap,1329324,NYQ
THC,Tenet Healthcare Corporation,Healthcare,Large-Cap,905642,NYQ
QXO,"QXO, Inc.",Industrials,Large-Cap,8130929,NYQ
TRMB,Trimble Inc.,Technology,Large-Cap,1503678,NMS
NLY,Annaly Capital Management Inc.,Real Estate,Large-Cap,7763916,NYQ
HII,"Huntington Ingalls Industries, ",Industrials,Large-Cap,516765,NYQ
ZG,"Zillow Group, Inc.",Communication Services,Large-Cap,752449,NMS
MTSI,MACOM Technology Solutions Hold,Technology,Large-Cap,1231834,NMS
TLN,Talen Energy Corporation,Utilities,Large-Cap,894645,NMS
CDE,"Coeur Mining, Inc.",Basic Materials,Large-Cap,21566596,NYQ
CDW,CDW Corporation,Technology,Large-Cap,1690088,NMS
INVH,Invitation Homes Inc.,Real Estate,Large-Cap,5849214,NYQ
BIP,Brookfield Infrastructure Partn,Utilities,Large-Cap,593793,NYQ
TKO,"TKO Group Holdings, Inc.",Communication Services,Large-Cap,1147140,NYQ
SUI,"Sun Communities, Inc.",Real Estate,Large-Cap,694493,NYQ
YPF,YPF Sociedad Anonima,Energy,Large-Cap,1635680,NYQ
J,Jacobs Solutions Inc.,Industrials,Large-Cap,979327,NYQ
LYB,LyondellBasell Industries NV,Basic Materials,Large-Cap,5664886,NYQ
OKTA,"Okta, Inc.",Technology,Large-Cap,2579324,NMS
MAA,Mid-America Apartment Communiti,Real Estate,Large-Cap,1009831,NYQ
IONQ,"IonQ, Inc.",Technology,Large-Cap,20929588,NYQ
NXT,Nextpower Inc.,Technology,Large-Cap,2073862,NMS
COO,"The Cooper Companies, Inc.",Healthcare,Large-Cap,2656604,NMS
TRU,TransUnion,Financial Services,Large-Cap,1932873,NYQ
PINS,"Pinterest, Inc.",Communication Services,Large-Cap,16629613,NYQ
WMG,Warner Music Group Corp.,Communication Services,Large-Cap,2093824,NMS
GFL,GFL Environmental Inc. Subordin,Industrials,Large-Cap,1634808,NYQ
ITT,ITT Inc.,Industrials,Large-Cap,838388,NYQ
TTD,"The Trade Desk, Inc.",Communication Services,Large-Cap,13182104,NGM
FFIV,"F5, Inc.",Technology,Large-Cap,1242088,NMS
ROIV,Roivant Sciences Ltd.,Healthcare,Large-Cap,7309880,NMS
EWBC,"East West Bancorp, Inc.",Financial Services,Large-Cap,814747,NMS
NWSA,News Corporation,Communication Services,Large-Cap,3666044,NMS
GEN,Gen Digital Inc.,Technology,Large-Cap,4967019,NMS
BALL,Ball Corporation,Consumer Cyclical,Large-Cap,2680149,NYQ
HTHT,H World Group Limited,Consumer Cyclical,Large-Cap,1587309,NMS
ROKU,"Roku, Inc.",Communication Services,Large-Cap,3094421,NMS
AVAV,"AeroVironment, Inc.",Industrials,Large-Cap,1252513,NMS
MKSI,MKS Inc.,Technology,Large-Cap,1071473,NMS
AA,Alcoa Corporation,Basic Materials,Large-Cap,6851268,NYQ
PFGC,Performance Food Group Company,Consumer Defensive,Large-Cap,1720798,NYQ
CRBG,Corebridge Financial Inc.,Financial Services,Large-Cap,6291644,NYQ
WPC,W. P. Carey Inc. REIT,Real Estate,Large-Cap,1297032,NYQ
MGA,"Magna International, Inc.",Consumer Cyclical,Large-Cap,1495270,NYQ
VTRS,Viatris Inc.,Healthcare,Large-Cap,8818445,NMS
HMY,Harmony Gold Mining Company Lim,Basic Materials,Large-Cap,4150019,NYQ
ONON,On Holding AG,Consumer Cyclical,Large-Cap,6621914,NYQ
KRMN,Karman Holdings Inc.,Industrials,Large-Cap,1873568,NYQ
DKNG,DraftKings Inc.,Consumer Cyclical,Large-Cap,13754622,NMS
H,Hyatt Hotels Corporation,Consumer Cyclical,Large-Cap,851121,NYQ
MLI,"Mueller Industries, Inc.",Industrials,Large-Cap,723336,NYQ
TSEM,Tower Semiconductor Ltd.,Technology,Large-Cap,1701947,NMS
BBIO,"BridgeBio Pharma, Inc.",Healthcare,Large-Cap,2314283,NMS
AKAM,"Akamai Technologies, Inc.",Technology,Large-Cap,3418319,NMS
GH,"Guardant Health, Inc.",Healthcare,Large-Cap,2291627,NMS
CF,"CF Industries Holdings, Inc.",Basic Materials,Large-Cap,2471521,NYQ
DECK,Deckers Outdoor Corporation,Consumer Cyclical,Large-Cap,3217011,NYQ
FNF,"Fidelity National Financial, In",Financial Services,Large-Cap,1400721,NYQ
SNN,"Smith & Nephew SNATS, Inc.",Healthcare,Large-Cap,698311,NYQ
IEX,IDEX Corporation,Industrials,Large-Cap,629583,NYQ
ICLR,ICON plc,Healthcare,Large-Cap,888368,NMS
ARCC,Ares Capital Corporation,Financial Services,Large-Cap,4589404,NMS
ULS,UL Solutions Inc.,Industrials,Large-Cap,1392500,NYQ
ASND,Ascendis Pharma A/S,Healthcare,Large-Cap,670000,NMS
GGG,Graco Inc.,Industrials,Large-Cap,873024,NYQ
W,Wayfair Inc.,Consumer Cyclical,Large-Cap,2925193,NYQ
EMBJ,Embraer S.A.,Industrials,Large-Cap,861122,NYQ
AVY,Avery Dennison Corporation,Consumer Cyclical,Large-Cap,680719,NYQ
SBSW,D/B/A Sibanye-Stillwater Limite,Basic Materials,Large-Cap,6515652,NYQ
GDDY,GoDaddy Inc.,Technology,Large-Cap,1462095,NYQ
ALLE,Allegion plc,Industrials,Large-Cap,819165,NYQ
CELH,"Celsius Holdings, Inc.",Consumer Defensive,Large-Cap,6164601,NCM
PNFP,"Pinnacle Financial Partners, In",Financial Services,Large-Cap,1386852,NYQ
KIM,Kimco Realty Corporation (HC),Real Estate,Large-Cap,4997316,NYQ
BILI,Bilibili Inc.,Communication Services,Large-Cap,2469500,NMS
FIG,"Figma, Inc.",Technology,Large-Cap,7667580,NYQ
PEN,"Penumbra, Inc.",Healthcare,Large-Cap,874447,NYQ
MAS,Masco Corporation,Industrials,Large-Cap,2453575,NYQ
DPZ,Domino's Pizza Inc,Consumer Cyclical,Large-Cap,584709,NMS
WCC,"WESCO International, Inc.",Industrials,Large-Cap,504611,NYQ
CLH,"Clean Harbors, Inc.",Industrials,Large-Cap,500026,NYQ
UDR,"UDR, Inc.",Real Estate,Large-Cap,3391652,NYQ
JHX,James Hardie Industries plc.,Basic Materials,Large-Cap,6278383,NYQ
HRL,Hormel Foods Corporation,Consumer Defensive,Large-Cap,4907388,NYQ
BBY,"Best Buy Co., Inc.",Consumer Cyclical,Large-Cap,4264529,NYQ
CLX,Clorox Company (The),Consumer Defensive,Large-Cap,2340952,NYQ
PAA,"Plains All American Pipeline, L",Energy,Large-Cap,3028216,NMS
TOL,"Toll Brothers, Inc.",Consumer Cyclical,Large-Cap,1168755,NYQ
LOGI,Logitech International S.A. - R,Technology,Large-Cap,968591,NMS
RPM,RPM International Inc.,Basic Materials,Large-Cap,1043013,NYQ
EQH,"Equitable Holdings, Inc.",Financial Services,Large-Cap,2772426,NYQ
GWRE,"Guidewire Software, Inc.",Technology,Large-Cap,1099026,NYQ
CNH,CNH Industrial N.V.,Industrials,Large-Cap,12937688,NYQ
SOLV,Solventum Corporation,Healthcare,Large-Cap,1083659,NYQ
FIGR,"Figure Technology Solutions, In",Financial Services,Large-Cap,2962362,NMS
GLXY,Galaxy Digital Inc.,Financial Services,Large-Cap,7387103,NMS
AMH,American Homes 4 Rent,Real Estate,Large-Cap,3499778,NYQ
NBIX,"Neurocrine Biosciences, Inc.",Healthcare,Large-Cap,1058575,NMS
OKLO,Oklo Inc.,Utilities,Large-Cap,12630519,NYQ
BEN,"Franklin Resources, Inc.",Financial Services,Large-Cap,4392678,NYQ
BMNR,"BitMine Immersion Technologies,",Financial Services,Large-Cap,45322968,ASE
IONS,"Ionis Pharmaceuticals, Inc.",Healthcare,Large-Cap,2455686,NMS
RVTY,"Revvity, Inc.",Healthcare,Large-Cap,1439306,NYQ
ALLY,Ally Financial Inc.,Financial Services,Large-Cap,3235901,NYQ
EQX,Equinox Gold Corp.,Basic Materials,Large-Cap,9698018,ASE
VNOM,"Viper Energy, Inc.",Energy,Large-Cap,1825093,NMS
REG,Regency Centers Corporation,Real Estate,Large-Cap,1234760,NMS
OHI,"Omega Healthcare Investors, Inc",Real Estate,Large-Cap,1891580,NYQ
FMS,Fresenius Medical Care AG,Healthcare,Large-Cap,563603,NYQ
BLDR,"Builders FirstSource, Inc.",Industrials,Large-Cap,2075139,NYQ
JKHY,"Jack Henry & Associates, Inc.",Technology,Large-Cap,800263,NMS
CHWY,"Chewy, Inc.",Consumer Cyclical,Large-Cap,7575483,NYQ
AGNC,AGNC Investment Corp.,Real Estate,Large-Cap,20099040,NMS
HST,"Host Hotels & Resorts, Inc.",Real Estate,Large-Cap,8160055,NMS
UNM,Unum Group,Financial Services,Large-Cap,1395090,NYQ
SF,Stifel Financial Corporation,Financial Services,Large-Cap,771814,NYQ
GLPI,"Gaming and Leisure Properties, ",Real Estate,Large-Cap,2657290,NMS
UHS,"Universal Health Services, Inc.",Healthcare,Large-Cap,705108,NYQ
JEF,Jefferies Financial Group Inc.,Financial Services,Large-Cap,1772572,NYQ
SNAP,Snap Inc.,Communication Services,Large-Cap,44927457,NYQ
ELS,"Equity Lifestyle Properties, In",Real Estate,Large-Cap,1624178,NYQ
PSKY,Paramount Skydance Corporation,Communication Services,Large-Cap,8902729,NMS
ACM,AECOM,Industrials,Large-Cap,1419796,NYQ
SNX,TD SYNNEX Corporation,Technology,Large-Cap,756177,NYQ
IAG,Iamgold Corporation,Basic Materials,Large-Cap,8533949,NYQ
HAS,"Hasbro, Inc.",Consumer Cyclical,Large-Cap,1691695,NMS
BJ,"BJ's Wholesale Club Holdings, I",Consumer Defensive,Large-Cap,2060913,NYQ
SWK,"Stanley Black & Decker, Inc.",Industrials,Large-Cap,1688711,NYQ
AG,First Majestic Silver Corp.,Basic Materials,Large-Cap,21581303,NYQ
AMKR,"Amkor Technology, Inc.",Technology,Large-Cap,3734142,NMS
DTM,"DT Midstream, Inc.",Energy,Large-Cap,737944,NYQ
RBRK,"Rubrik, Inc.",Technology,Large-Cap,3435657,NYQ
RMBS,"Rambus, Inc.",Technology,Large-Cap,1759373,NMS
GIL,"Gildan Activewear, Inc.",Consumer Cyclical,Large-Cap,1480198,NYQ
GMED,"Globus Medical, Inc.",Healthcare,Large-Cap,1795155,NYQ
DOC,"Healthpeak Properties, Inc.",Real Estate,Large-Cap,7911836,NYQ
RYAN,"Ryan Specialty Holdings, Inc.",Financial Services,Large-Cap,1456832,NYQ
TXRH,"Texas Roadhouse, Inc.",Consumer Cyclical,Large-Cap,978211,NMS
DT,"Dynatrace, Inc.",Technology,Large-Cap,3947598,NYQ
JOBY,"Joby Aviation, Inc.",Industrials,Mid-Cap,24886685,NYQ
ELAN,Elanco Animal Health Incorporat,Healthcare,Large-Cap,5467103,NYQ
SUZ,Suzano S.A.,Basic Materials,Large-Cap,2442585,NYQ
EPAM,"EPAM Systems, Inc.",Technology,Large-Cap,867136,NYQ
CMA,Comerica Incorporated,Financial Services,Large-Cap,1525950,NYQ
ZBRA,Zebra Technologies Corporation,Technology,Large-Cap,645100,NMS
IVZ,Invesco Ltd,Financial Services,Large-Cap,5150196,NYQ
CCK,"Crown Holdings, Inc.",Consumer Cyclical,Large-Cap,1564649,NYQ
ALGN,"Align Technology, Inc.",Healthcare,Large-Cap,1201478,NMS
FHN,First Horizon Corporation,Financial Services,Large-Cap,6244432,NYQ
WMS,"Advanced Drainage Systems, Inc.",Industrials,Large-Cap,632127,NYQ
TEM,"Tempus AI, Inc.",Healthcare,Large-Cap,5017244,NMS
NYT,New York Times Company (The),Communication Services,Large-Cap,1804185,NYQ
SMMT,Summit Therapeutics Inc.,Healthcare,Large-Cap,2635842,NGM
WYNN,"Wynn Resorts, Limited",Consumer Cyclical,Large-Cap,1449347,NMS
MP,MP Materials Corp.,Basic Materials,Large-Cap,9447072,NYQ
EXEL,"Exelixis, Inc.",Healthcare,Large-Cap,2607862,NMS
AEG,Aegon Ltd. New York Registry Sh,Financial Services,Large-Cap,4879572,NYQ
NIO,NIO Inc.,Consumer Cyclical,Large-Cap,47206318,NYQ
DCI,"Donaldson Company, Inc.",Industrials,Large-Cap,711103,NYQ
CPT,Camden Property Trust,Real Estate,Large-Cap,1447024,NYQ
LSCC,Lattice Semiconductor Corporati,Technology,Large-Cap,1912224,NMS
BXP,"BXP, Inc.",Real Estate,Large-Cap,1506257,NYQ
RDY,Dr. Reddy's Laboratories Ltd,Healthcare,Large-Cap,1255375,NYQ
STRL,"Sterling Infrastructure, Inc.",Industrials,Large-Cap,663468,NMS
APLD,Applied Digital Corporation,Technology,Mid-Cap,31228370,NMS
PR,Permian Resources Corporation,Energy,Large-Cap,10351426,NYQ
PNW,Pinnacle West Capital Corporati,Utilities,Large-Cap,1313396,NYQ
CEF,"""Sprott Physical Gold and Silve",Financial Services,Mid-Cap,1547514,ASE
BSY,"Bentley Systems, Incorporated",Technology,Large-Cap,2132304,NMS
SCI,Service Corporation Internation,Consumer Cyclical,Large-Cap,898868,NYQ
SJM,The J.M. Smucker Company,Consumer Defensive,Large-Cap,1597475,NYQ
DRS,"Leonardo DRS, Inc.",Industrials,Large-Cap,1130091,NMS
QGEN,Qiagen N.V.,Healthcare,Large-Cap,1877026,NYQ
NTNX,"Nutanix, Inc.",Technology,Large-Cap,4356578,NMS
GL,Globe Life Inc.,Financial Services,Large-Cap,502906,NYQ
WTRG,"Essential Utilities, Inc.",Utilities,Large-Cap,1999408,NYQ
DOCU,"DocuSign, Inc.",Technology,Large-Cap,3016990,NMS
DAY,"Dayforce, Inc.",Technology,Large-Cap,3292173,NYQ
SARO,"StandardAero, Inc.",Industrials,Large-Cap,2750652,NYQ
BAH,Booz Allen Hamilton Holding Cor,Industrials,Large-Cap,2679096,NYQ
SUN,Sunoco LP,Energy,Large-Cap,555462,NYQ
RNA,"Avidity Biosciences, Inc.",Healthcare,Large-Cap,2738065,NGM
BMRN,BioMarin Pharmaceutical Inc.,Healthcare,Large-Cap,2743955,NMS
CAE,CAE Inc.,Industrials,Large-Cap,586414,NYQ
CNM,"Core & Main, Inc.",Industrials,Large-Cap,2344993,NYQ
MICC,The Magnum Ice Cream Company N.,Consumer Defensive,Large-Cap,2542900,NYQ
GME,GameStop Corporation,Consumer Cyclical,Large-Cap,6785388,NYQ
CFLT,"Confluent, Inc.",Technology,Large-Cap,11604095,NMS
OVV,Ovintiv Inc. (DE),Energy,Large-Cap,3660229,NYQ
CRL,Charles River Laboratories Inte,Healthcare,Large-Cap,831085,NYQ
SPXC,"SPX Technologies, Inc.",Industrials,Large-Cap,540514,NYQ
TECH,Bio-Techne Corp,Healthcare,Mid-Cap,1999559,NMS
AR,Antero Resources Corporation,Energy,Large-Cap,5601049,NYQ
AES,The AES Corporation,Utilities,Large-Cap,8160047,NYQ
SKM,"SK Telecom Co., Ltd.",Communication Services,Large-Cap,946431,NYQ
XP,XP Inc.,Financial Services,Large-Cap,7052163,NMS
WLK,Westlake Corporation,Basic Materials,Large-Cap,1512173,NYQ
BWA,BorgWarner Inc.,Consumer Cyclical,Large-Cap,2897337,NYQ
SEIC,SEI Investments Company,Financial Services,Large-Cap,588768,NMS
HBM,Hudbay Minerals Inc.,Basic Materials,Mid-Cap,5342842,NYQ
YMM,Full Truck Alliance Co. Ltd.,Technology,Large-Cap,8064214,NYQ
WBS,Webster Financial Corporation,Financial Services,Large-Cap,1330281,NYQ
ONTO,Onto Innovation Inc.,Technology,Large-Cap,834416,NYQ
FIVE,"Five Below, Inc.",Consumer Cyclical,Large-Cap,1254573,NMS
SAIL,"SailPoint, Inc.",Technology,Mid-Cap,2010400,NMS
PPC,Pilgrim's Pride Corporation,Consumer Defensive,Large-Cap,1096250,NMS
MANH,"Manhattan Associates, Inc.",Technology,Mid-Cap,595944,NMS
RRX,Regal Rexnord Corporation,Industrials,Large-Cap,765750,NYQ
JAZZ,Jazz Pharmaceuticals plc,Healthcare,Mid-Cap,1209662,NMS
ARMK,Aramark,Industrials,Large-Cap,2502339,NYQ
SSB,SouthState Bank Corporation,Financial Services,Large-Cap,800167,NYQ
FLS,Flowserve Corporation,Industrials,Large-Cap,1378244,NYQ
OC,Owens Corning Inc,Industrials,Large-Cap,1577214,NYQ
TIGO,Millicom International Cellular,Communication Services,Large-Cap,975414,NMS
BAX,Baxter International Inc.,Healthcare,Large-Cap,8639236,NYQ
FDS,FactSet Research Systems Inc.,Financial Services,Mid-Cap,774637,NYQ
GNRC,Generac Holdlings Inc.,Industrials,Mid-Cap,1081181,NYQ
NGD,New Gold Inc.,Basic Materials,Mid-Cap,21410968,ASE
CART,Maplebear Inc.,Consumer Cyclical,Mid-Cap,5535757,NMS
MOH,Molina Healthcare Inc,Healthcare,Mid-Cap,1585573,NYQ
CHYM,"Chime Financial, Inc.",Technology,Mid-Cap,3968709,NMS
GAP,"Gap, Inc. (The)",Consumer Cyclical,Large-Cap,8603793,NYQ
KT,KT Corporation,Communication Services,Large-Cap,1679050,NYQ
AOS,A.O. Smith Corporation,Industrials,Large-Cap,1322311,NYQ
SOLS,Solstice Advanced Materials Inc,Basic Materials,Mid-Cap,4171344,NMS
ARE,Alexandria Real Estate Equities,Real Estate,Mid-Cap,2893329,NYQ
WAL,Western Alliance Bancorporation,Financial Services,Mid-Cap,876562,NYQ
POOL,Pool Corporation,Industrials,Mid-Cap,821840,NMS
ALV,"Autoliv, Inc.",Consumer Cyclical,Mid-Cap,588313,NYQ
PCOR,"Procore Technologies, Inc.",Technology,Mid-Cap,1421465,NYQ
TTMI,"TTM Technologies, Inc.",Technology,Large-Cap,2556400,NMS
KLAR,Klarna Group plc,Technology,Mid-Cap,2518098,NYQ
TTEK,"Tetra Tech, Inc.",Industrials,Mid-Cap,2380881,NMS
EGO,Eldorado Gold Corporation,Basic Materials,Mid-Cap,1765280,NYQ
BVN,Buenaventura Mining Company Inc,Basic Materials,Mid-Cap,1653800,NYQ
REXR,"Rexford Industrial Realty, Inc.",Real Estate,Mid-Cap,2082547,NYQ
OSK,Oshkosh Corporation (Holding Co,Industrials,Mid-Cap,720265,NYQ
TAP,Molson Coors Beverage Company,Consumer Defensive,Mid-Cap,3394362,NYQ
ORI,Old Republic International Corp,Financial Services,Mid-Cap,1793136,NYQ
BROS,Dutch Bros Inc.,Consumer Cyclical,Mid-Cap,3491126,NYQ
LUMN,"Lumen Technologies, Inc.",Communication Services,Mid-Cap,14880027,NYQ
EHC,Encompass Health Corporation,Healthcare,Mid-Cap,995722,NYQ
COMP,"Compass, Inc.",Real Estate,Mid-Cap,16823880,NYQ
NCLH,Norwegian Cruise Line Holdings ,Consumer Cyclical,Mid-Cap,18175486,NYQ
AXSM,"Axsome Therapeutics, Inc.",Healthcare,Mid-Cap,653054,NGM
UWMC,UWM Holdings Corporation,Financial Services,Mid-Cap,13084996,NYQ
SFD,"Smithfield Foods, Inc.",Consumer Defensive,Mid-Cap,872778,NMS
DINO,HF Sinclair Corporation,Energy,Mid-Cap,2565426,NYQ
EDU,New Oriental Education & Techno,Consumer Defensive,Large-Cap,888365,NYQ
ONB,Old National Bancorp,Financial Services,Mid-Cap,2761485,NMS
HSIC,"Henry Schein, Inc.",Healthcare,Mid-Cap,1365542,NMS
GTLS,"Chart Industries, Inc.",Industrials,Mid-Cap,607322,NYQ
ARWR,"Arrowhead Pharmaceuticals, Inc.",Healthcare,Mid-Cap,2645103,NMS
ABVX,Abivax SA,Healthcare,Mid-Cap,1664754,NGM
UEC,Uranium Energy Corp.,Energy,Mid-Cap,10870044,ASE
APA,APA Corporation,Energy,Mid-Cap,6313178,NMS
ALSN,"Allison Transmission Holdings, ",Consumer Cyclical,Mid-Cap,931416,NYQ
PL,Planet Labs PBC,Industrials,Mid-Cap,12049991,NYQ
RGEN,Repligen Corporation,Healthcare,Mid-Cap,686388,NMS
QBTS,D-Wave Quantum Inc.,Technology,Mid-Cap,36232695,NYQ
ACI,"Albertsons Companies, Inc.",Consumer Defensive,Mid-Cap,9159021,NYQ
MGM,MGM Resorts International,Consumer Cyclical,Mid-Cap,4439765,NYQ
STEP,StepStone Group Inc.,Financial Services,Mid-Cap,677549,NMS
GDS,GDS Holdings Limited,Technology,Mid-Cap,1814929,NGM
GGAL,Grupo Financiero Galicia S.A.,Financial Services,Mid-Cap,1383968,NCM
DOX,Amdocs Limited,Technology,Mid-Cap,1105657,NMS
OGE,OGE Energy Corp,Utilities,Mid-Cap,1439816,NYQ
LINE,"Lineage, Inc.",Real Estate,Mid-Cap,1672208,NMS
MOS,Mosaic Company (The),Basic Materials,Mid-Cap,7489403,NYQ
USO,United States Oil Fund,N/A,Mid-Cap,5222250,PCX
SWKS,"Skyworks Solutions, Inc.",Technology,Mid-Cap,3351245,NMS
AM,Antero Midstream Corporation,Energy,Mid-Cap,2582336,NYQ
GGB,Gerdau S.A.,Basic Materials,Mid-Cap,13774322,NYQ
KNX,Knight-Swift Transportation Hol,Industrials,Mid-Cap,3094945,NYQ
AAL,"American Airlines Group, Inc.",Industrials,Mid-Cap,55966618,NMS
TTC,Toro Company (The),Industrials,Mid-Cap,960727,NYQ
FRT,Federal Realty Investment Trust,Real Estate,Mid-Cap,684173,NYQ
BPOP,"Popular, Inc.",Financial Services,Mid-Cap,559422,NMS
PRAX,"Praxis Precision Medicines, Inc",Healthcare,Mid-Cap,798314,NMS
ZION,Zions Bancorporation N.A.,Financial Services,Mid-Cap,1548216,NMS
VIPS,Vipshop Holdings Limited,Consumer Cyclical,Mid-Cap,2784008,NYQ
COLB,"Columbia Banking System, Inc.",Financial Services,Mid-Cap,2804696,NMS
AMTM,"Amentum Holdings, Inc.",Industrials,Mid-Cap,2210368,NYQ
OR,OR Royalties Inc.,Basic Materials,Mid-Cap,1312191,NYQ
CAG,"ConAgra Brands, Inc.",Consumer Defensive,Mid-Cap,10865336,NYQ
TTAN,"ServiceTitan, Inc.",Technology,Mid-Cap,1017131,NMS
UGI,UGI Corporation,Utilities,Mid-Cap,2203657,NYQ
CUBE,CubeSmart,Real Estate,Mid-Cap,2180886,NYQ
LKQ,LKQ Corporation,Consumer Cyclical,Mid-Cap,4108150,NMS
AHR,"American Healthcare REIT, Inc.",Real Estate,Mid-Cap,2134380,NYQ
PEGA,Pegasystems Inc.,Technology,Mid-Cap,1236373,NMS
RRC,Range Resources Corporation,Energy,Mid-Cap,3060355,NYQ
CMC,Commercial Metals Company,Basic Materials,Mid-Cap,1102924,NYQ
AGCO,AGCO Corporation,Industrials,Mid-Cap,721027,NYQ
LEVI,Levi Strauss & Co,Consumer Cyclical,Mid-Cap,2014004,NYQ
AUR,"Aurora Innovation, Inc.",Technology,Mid-Cap,16556522,NMS
ADC,Agree Realty Corporation,Real Estate,Mid-Cap,1186354,NYQ
NXE,Nexgen Energy Ltd.,Energy,Mid-Cap,8078927,NYQ
HLNE,Hamilton Lane Incorporated,Financial Services,Mid-Cap,526875,NMS
HALO,"Halozyme Therapeutics, Inc.",Healthcare,Mid-Cap,2211183,NMS
PSO,"Pearson, Plc",Communication Services,Mid-Cap,807237,NYQ
ATR,"AptarGroup, Inc.",Healthcare,Mid-Cap,578891,NYQ
PRIM,Primoris Services Corporation,Industrials,Mid-Cap,999178,NYQ
MBLY,Mobileye Global Inc.,Consumer Cyclical,Mid-Cap,7282162,NMS
CPB,The Campbell's Company,Consumer Defensive,Mid-Cap,6733665,NMS
EQPT,EquipmentShare.com Inc,Industrials,Mid-Cap,6541200,NMS
CLF,Cleveland-Cliffs Inc.,Basic Materials,Mid-Cap,16744157,NYQ
BRX,Brixmor Property Group Inc.,Real Estate,Mid-Cap,2704316,NYQ
CTRE,"CareTrust REIT, Inc.",Real Estate,Mid-Cap,1830091,NYQ
GSAT,"Globalstar, Inc.",Communication Services,Mid-Cap,916504,NMS
CADE,Cadence Bank,Financial Services,Mid-Cap,2735963,NYQ
JXN,Jackson Financial Inc.,Financial Services,Mid-Cap,519186,NYQ
VIRT,"Virtu Financial, Inc.",Financial Services,Mid-Cap,990900,NYQ
NNN,"NNN REIT, Inc.",Real Estate,Mid-Cap,1465970,NYQ
AXS,Axis Capital Holdings Limited,Financial Services,Mid-Cap,650116,NYQ
PAYC,"Paycom Software, Inc.",Technology,Mid-Cap,871019,NYQ
AVTR,"Avantor, Inc.",Healthcare,Mid-Cap,10525139,NYQ
TFPM,Triple Flag Precious Metals Cor,Basic Materials,Mid-Cap,597534,NYQ
VFC,V.F. Corporation,Consumer Cyclical,Mid-Cap,6425359,NYQ
EMN,Eastman Chemical Company,Basic Materials,Mid-Cap,2208280,NYQ
NFG,National Fuel Gas Company,Energy,Mid-Cap,687722,NYQ
G,Genpact Limited,Technology,Mid-Cap,1799331,NYQ
ESTC,Elastic N.V.,Technology,Mid-Cap,1716165,NYQ
ZWS,Zurn Elkay Water Solutions Corp,Industrials,Mid-Cap,840152,NYQ
PCTY,Paylocity Holding Corporation,Technology,Mid-Cap,629455,NMS
FR,"First Industrial Realty Trust, ",Real Estate,Mid-Cap,918703,NYQ
CYTK,"Cytokinetics, Incorporated",Healthcare,Mid-Cap,1925934,NMS
SANM,Sanmina Corporation,Technology,Mid-Cap,779649,NMS
PLNT,"Planet Fitness, Inc.",Consumer Cyclical,Mid-Cap,1623309,NYQ
BZ,KANZHUN LIMITED - American Depo,Communication Services,Mid-Cap,3113162,NMS
LNC,Lincoln National Corporation,Financial Services,Mid-Cap,1599211,NYQ
OMF,"OneMain Holdings, Inc.",Financial Services,Mid-Cap,1194186,NYQ
FND,"Floor & Decor Holdings, Inc.",Consumer Cyclical,Mid-Cap,2613544,NYQ
NUVL,"Nuvalent, Inc.",Healthcare,Mid-Cap,608326,NMS
MOD,Modine Manufacturing Company,Consumer Cyclical,Mid-Cap,1281124,NYQ
PATH,"UiPath, Inc.",Technology,Mid-Cap,24047318,NYQ
WING,Wingstop Inc.,Consumer Cyclical,Mid-Cap,802918,NMS
CBSH,"Commerce Bancshares, Inc.",Financial Services,Mid-Cap,1171204,NMS
QRVO,"Qorvo, Inc.",Technology,Mid-Cap,1349231,NMS
KVYO,"Klaviyo, Inc. Series A",Technology,Mid-Cap,3019163,NYQ
ORA,"Ormat Technologies, Inc.",Utilities,Mid-Cap,590465,NYQ
GRFS,"Grifols, S.A.",Healthcare,Mid-Cap,592042,NMS
MTCH,"Match Group, Inc.",Communication Services,Mid-Cap,3616583,NMS
PSN,Parsons Corporation,Technology,Mid-Cap,1457362,NYQ
PDI,PIMCO Dynamic Income Fund,Financial Services,Mid-Cap,2918093,NYQ
DVA,DaVita Inc.,Healthcare,Mid-Cap,918198,NYQ
AAON,"AAON, Inc.",Industrials,Mid-Cap,1040449,NMS
CWEN,"Clearway Energy, Inc.",Utilities,Mid-Cap,1133967,NYQ
INGR,Ingredion Incorporated,Consumer Defensive,Mid-Cap,660368,NYQ
HESM,Hess Midstream LP,Energy,Mid-Cap,1535503,NYQ
MIDD,The Middleby Corporation,Industrials,Mid-Cap,813442,NMS
MHK,"Mohawk Industries, Inc.",Consumer Cyclical,Mid-Cap,1030045,NYQ
FLR,Fluor Corporation,Industrials,Mid-Cap,2995418,NYQ
JHG,Janus Henderson Group plc,Financial Services,Mid-Cap,1404067,NYQ
MASI,Masimo Corporation,Healthcare,Mid-Cap,814760,NMS
RGTI,"Rigetti Computing, Inc.",Technology,Mid-Cap,38995108,NCM
SMTC,Semtech Corporation,Technology,Mid-Cap,1595467,NMS
BTG,B2Gold Corp,Basic Materials,Mid-Cap,39417967,ASE
CIFR,Cipher Mining Inc.,Financial Services,Mid-Cap,37607295,NMS
VOYA,"Voya Financial, Inc.",Financial Services,Mid-Cap,828732,NYQ
DOCS,"Doximity, Inc.",Healthcare,Mid-Cap,2634795,NYQ
CAI,"Caris Life Sciences, Inc.",Healthcare,Mid-Cap,2278940,NMS
BRKR,Bruker Corporation,Healthcare,Mid-Cap,2464573,NMS
OTEX,Open Text Corporation,Technology,Mid-Cap,1140100,NMS
CAVA,"CAVA Group, Inc.",Consumer Cyclical,Mid-Cap,4126493,NYQ
BEPC,Brookfield Renewable Corporatio,Utilities,Mid-Cap,1064606,NYQ
AL,Air Lease Corporation,Industrials,Mid-Cap,1710940,NYQ
CWAN,"Clearwater Analytics Holdings, ",Technology,Mid-Cap,11678114,NYQ
HQY,"HealthEquity, Inc.",Healthcare,Mid-Cap,931314,NMS
AXTA,Axalta Coating Systems Ltd.,Basic Materials,Mid-Cap,3962291,NYQ
KEX,Kirby Corporation,Industrials,Mid-Cap,787755,NYQ
LYFT,"Lyft, Inc.",Technology,Mid-Cap,14632490,NMS
PONY,Pony AI Inc.,Technology,Mid-Cap,5032613,NMS
PCVX,"Vaxcyte, Inc.",Healthcare,Mid-Cap,1327821,NMS
PB,"Prosperity Bancshares, Inc.",Financial Services,Mid-Cap,981503,NYQ
ICL,ICL Group Ltd.,Basic Materials,Mid-Cap,1090393,NYQ
GPGI,"GPGI, Inc.",Industrials,Mid-Cap,1480763,NYQ
ESI,Element Solutions Inc.,Basic Materials,Mid-Cap,2295222,NYQ
BIRK,Birkenstock Holding plc,Consumer Cyclical,Mid-Cap,2546486,NYQ
STAG,"Stag Industrial, Inc.",Real Estate,Mid-Cap,1320777,NYQ
BTSG,"BrightSpring Health Services, I",Healthcare,Mid-Cap,1945455,NMS
PRMB,Primo Brands Corporation,Consumer Defensive,Mid-Cap,8275265,NYQ
RYTM,"Rhythm Pharmaceuticals, Inc.",Healthcare,Mid-Cap,768504,NGM
CHDN,"Churchill Downs, Incorporated",Consumer Cyclical,Mid-Cap,691285,NMS
NOV,NOV Inc.,Energy,Mid-Cap,4156626,NYQ
NICE,NICE Ltd,Technology,Mid-Cap,863609,NMS
DSGX,The Descartes Systems Group Inc,Technology,Mid-Cap,567652,NMS
CIG,Comp En De Mn Cemig,Utilities,Mid-Cap,3290245,NYQ
FROG,JFrog Ltd.,Technology,Mid-Cap,1988916,NMS
EAT,"Brinker International, Inc.",Consumer Cyclical,Mid-Cap,1421703,NYQ
DAR,Darling Ingredients Inc.,Consumer Defensive,Mid-Cap,2178445,NYQ
DBX,"Dropbox, Inc.",Technology,Mid-Cap,3695596,NMS
STWD,"STARWOOD PROPERTY TRUST, INC. S",Real Estate,Mid-Cap,3498168,NYQ
SFM,"Sprouts Farmers Market, Inc.",Consumer Defensive,Mid-Cap,2602175,NMS
VLY,Valley National Bancorp,Financial Services,Mid-Cap,7434336,NMS
GKOS,Glaukos Corporation,Healthcare,Mid-Cap,906485,NYQ
OLLI,Ollie's Bargain Outlet Holdings,Consumer Defensive,Mid-Cap,1162077,NGM
KMX,CarMax Inc,Consumer Cyclical,Mid-Cap,4721686,NYQ
SIRI,SiriusXM Holdings Inc.,Communication Services,Mid-Cap,3947262,NMS
HIMS,"Hims & Hers Health, Inc.",Healthcare,Mid-Cap,18676242,NYQ
DUOL,"Duolingo, Inc.",Technology,Mid-Cap,2062944,NMS
CWST,"Casella Waste Systems, Inc.",Industrials,Mid-Cap,906249,NMS
WFRD,Weatherford International plc,Energy,Mid-Cap,957652,NMS
VNO,Vornado Realty Trust,Real Estate,Mid-Cap,1488283,NYQ
RITM,Rithm Capital Corp.,Real Estate,Mid-Cap,6803750,NYQ
HUT,Hut 8 Corp.,Financial Services,Mid-Cap,6848304,NMS
CRUS,"Cirrus Logic, Inc.",Technology,Mid-Cap,520124,NMS
FBIN,"Fortune Brands Innovations, Inc",Industrials,Mid-Cap,1738313,NYQ
GXO,"GXO Logistics, Inc.",Industrials,Mid-Cap,1115522,NYQ
LOAR,Loar Holdings Inc.,Industrials,Mid-Cap,730137,NYQ
CGNX,Cognex Corporation,Technology,Mid-Cap,1750421,NMS
FAF,First American Corporation (New,Financial Services,Mid-Cap,742657,NYQ
BYD,Boyd Gaming Corporation,Consumer Cyclical,Mid-Cap,798291,NYQ
CRK,"Comstock Resources, Inc.",Energy,Mid-Cap,2866959,NYQ
ADT,ADT Inc.,Industrials,Mid-Cap,6340183,NYQ
LMND,"Lemonade, Inc.",Financial Services,Mid-Cap,2671560,NYQ
TKR,Timken Company (The),Industrials,Mid-Cap,663616,NYQ
EXLS,"ExlService Holdings, Inc.",Technology,Mid-Cap,1192714,NMS
RIOT,"Riot Platforms, Inc.",Financial Services,Mid-Cap,19417677,NCM
MAT,"Mattel, Inc.",Consumer Cyclical,Mid-Cap,3500339,NMS
HXL,Hexcel Corporation,Industrials,Mid-Cap,1183834,NYQ
TAL,TAL Education Group,Consumer Defensive,Mid-Cap,3379867,NYQ
GLBE,Global-E Online Ltd.,Consumer Cyclical,Mid-Cap,1276498,NMS
LTH,"Life Time Group Holdings, Inc.",Consumer Cyclical,Mid-Cap,2140613,NYQ
MNDY,monday.com Ltd.,Technology,Mid-Cap,1395486,NMS
TXNM,"TXNM Energy, Inc.",Utilities,Mid-Cap,842481,NYQ
SITE,"SiteOne Landscape Supply, Inc.",Industrials,Mid-Cap,608114,NYQ
LEA,Lear Corporation,Consumer Cyclical,Mid-Cap,615301,NYQ
WULF,TeraWulf Inc.,Financial Services,Mid-Cap,32874703,NCM
ORLA,Orla Mining Ltd.,Basic Materials,Mid-Cap,2572370,ASE
TRNO,Terreno Realty Corporation,Real Estate,Mid-Cap,724885,NYQ
GBCI,"Glacier Bancorp, Inc.",Financial Services,Mid-Cap,883847,NYQ
GPCR,Structure Therapeutics Inc.,Healthcare,Mid-Cap,1611631,NGM
OTF,Blue Owl Technology Finance Cor,Financial Services,Mid-Cap,1247250,NYQ
MKTX,"MarketAxess Holdings, Inc.",Financial Services,Mid-Cap,640367,NMS
GTLB,GitLab Inc.,Technology,Mid-Cap,4565290,NMS
LW,"Lamb Weston Holdings, Inc.",Consumer Defensive,Mid-Cap,2569283,NYQ
URBN,"Urban Outfitters, Inc.",Consumer Cyclical,Mid-Cap,2200204,NMS
OBDC,Blue Owl Capital Corporation,Financial Services,Mid-Cap,5030336,NYQ
FNB,F.N.B. Corporation,Financial Services,Mid-Cap,5359545,NYQ
ARW,"Arrow Electronics, Inc.",Technology,Mid-Cap,556055,NYQ
ENIC,Enel Chile S.A.,Utilities,Mid-Cap,508057,NYQ
RRR,"Red Rock Resorts, Inc.",Consumer Cyclical,Mid-Cap,848886,NMS
MIR,"Mirion Technologies, Inc.",Industrials,Mid-Cap,2831954,NYQ
NTSK,"Netskope, Inc.",Technology,Mid-Cap,2441442,NMS
CORZ,"Core Scientific, Inc.",Technology,Mid-Cap,12518160,NMS
SEE,Sealed Air Corporation,Consumer Cyclical,Mid-Cap,3567150,NYQ
ESNT,Essent Group Ltd.,Financial Services,Mid-Cap,653408,NYQ
LPX,Louisiana-Pacific Corporation,Industrials,Mid-Cap,1021875,NYQ
MTG,MGIC Investment Corporation,Financial Services,Mid-Cap,1828431,NYQ
QS,QuantumScape Corporation,Consumer Cyclical,Mid-Cap,20163159,NMS
VSAT,"ViaSat, Inc.",Technology,Mid-Cap,1869301,NMS
ALGM,"Allegro MicroSystems, Inc.",Technology,Mid-Cap,2173844,NMS
MRCY,Mercury Systems Inc,Industrials,Mid-Cap,657922,NMS
BXSL,Blackstone Secured Lending Fund,Financial Services,Mid-Cap,1763460,NYQ
PTCT,"PTC Therapeutics, Inc.",Healthcare,Mid-Cap,1627291,NMS
THO,"Thor Industries, Inc.",Consumer Cyclical,Mid-Cap,563473,NYQ
FRO,Frontline Plc,Energy,Mid-Cap,3100173,NYQ
RAL,Ralliant Corporation,Technology,Mid-Cap,1350596,NYQ
EPRT,Essential Properties Realty Tru,Real Estate,Mid-Cap,1790826,NYQ
VIST,Vista Energy S.A.B. de C.V.,Energy,Mid-Cap,912739,NYQ
ALK,"Alaska Air Group, Inc.",Industrials,Mid-Cap,3479709,NYQ
TMHC,Taylor Morrison Home Corporatio,Consumer Cyclical,Mid-Cap,953978,NYQ
MMYT,MakeMyTrip Limited,Consumer Cyclical,Mid-Cap,1204675,NMS
HR,Healthcare Realty Trust Incorpo,Real Estate,Mid-Cap,3102975,NYQ
RHP,"Ryman Hospitality Properties, I",Real Estate,Mid-Cap,505696,NYQ
COGT,"Cogent Biosciences, Inc.",Healthcare,Mid-Cap,3311383,NMS
ACHR,Archer Aviation Inc.,Industrials,Mid-Cap,49552191,NYQ
FRMI,Fermi Inc.,N/A,Mid-Cap,6497870,NMS
SOBO,South Bow Corporation,Energy,Mid-Cap,947632,NYQ
GTES,Gates Industrial Corporation pl,Industrials,Mid-Cap,2323749,NYQ
IBRX,"ImmunityBio, Inc.",Healthcare,Mid-Cap,24802634,NMS
DLB,Dolby Laboratories,Industrials,Mid-Cap,664057,NYQ
WH,"Wyndham Hotels & Resorts, Inc.",Consumer Cyclical,Mid-Cap,1223178,NYQ
ETSY,"Etsy, Inc.",Consumer Cyclical,Mid-Cap,3417808,NYQ
OS,"OneStream, Inc.",Technology,Mid-Cap,3193768,NMS
UBSI,"United Bankshares, Inc.",Financial Services,Mid-Cap,797627,NMS
MAIN,Main Street Capital Corporation,Financial Services,Mid-Cap,508537,NYQ
KYMR,"Kymera Therapeutics, Inc.",Healthcare,Mid-Cap,971444,NGM
BETA,"Beta Technologies, Inc.",Industrials,Mid-Cap,1241723,NYQ
AUGO,Aura Minerals Inc.,Basic Materials,Mid-Cap,685831,NMS
TKC,Turkcell Iletisim Hizmetleri AS,Communication Services,Mid-Cap,1102360,NYQ
OPCH,"Option Care Health, Inc.",Healthcare,Mid-Cap,2018624,NMS
UUUU,Energy Fuels Inc,Energy,Mid-Cap,13981059,ASE
FORM,"FormFactor, Inc.",Technology,Mid-Cap,1129060,NMS
MNSO,MINISO Group Holding Limited,Consumer Cyclical,Mid-Cap,563463,NYQ
SSRM,SSR Mining Inc.,Basic Materials,Mid-Cap,2967785,NMS
POR,Portland General Electric Co,Utilities,Mid-Cap,1107490,NYQ
HWC,Hancock Whitney Corporation,Financial Services,Mid-Cap,817952,NMS
LEU,Centrus Energy Corp.,Energy,Mid-Cap,1124521,NYQ
HOMB,"Home BancShares, Inc.",Financial Services,Mid-Cap,1189091,NYQ
BC,Brunswick Corporation,Consumer Cyclical,Mid-Cap,858680,NYQ
CHRD,Chord Energy Corporation,Energy,Mid-Cap,724742,NMS
AUB,Atlantic Union Bankshares Corpo,Financial Services,Mid-Cap,1190693,NYQ
RDNT,"RadNet, Inc.",Healthcare,Mid-Cap,868526,NGM
NE,Noble Corporation plc A,Energy,Mid-Cap,1665603,NYQ
OLED,Universal Display Corporation,Technology,Mid-Cap,611677,NMS
BKH,Black Hills Corporation,Utilities,Mid-Cap,1103796,NYQ
KBR,"KBR, Inc.",Industrials,Mid-Cap,1340157,NYQ
OPEN,Opendoor Technologies Inc,Real Estate,Mid-Cap,89452690,NMS
ALKS,Alkermes plc,Healthcare,Mid-Cap,2250022,NMS
DOCN,"DigitalOcean Holdings, Inc.",Technology,Mid-Cap,2441759,NYQ
BIPC,Brookfield Infrastructure Corpo,Utilities,Mid-Cap,613208,NYQ
SLM,SLM Corporation,Financial Services,Mid-Cap,2891409,NMS
KD,"Kyndryl Holdings, Inc.",Technology,Mid-Cap,2277196,NYQ
BOOT,"Boot Barn Holdings, Inc.",Consumer Cyclical,Mid-Cap,570598,NYQ
SRAD,Sportradar Group AG,Technology,Mid-Cap,2294059,NMS
RIG,Transocean Ltd (Switzerland),Energy,Mid-Cap,34629670,NYQ
FOUR,"Shift4 Payments, Inc.",Technology,Mid-Cap,2038796,NYQ
MC,Moelis & Company,Financial Services,Mid-Cap,809065,NYQ
FLG,"Flagstar Bank, N.A.",Financial Services,Mid-Cap,4871977,NYQ
SMR,NuScale Power Corporation,Industrials,Mid-Cap,26157260,NYQ
CRNX,"Crinetics Pharmaceuticals, Inc.",Healthcare,Mid-Cap,1356018,NMS
VNT,Vontier Corporation,Technology,Mid-Cap,1141501,NYQ
M,Macy's Inc,Consumer Cyclical,Mid-Cap,6765254,NYQ
IMVT,"Immunovant, Inc.",Healthcare,Mid-Cap,1642650,NMS
CELC,Celcuity Inc.,Healthcare,Mid-Cap,853626,NCM
WAY,Waystar Holding Corp.,Healthcare,Mid-Cap,2077159,NMS
MTDR,Matador Resources Company,Energy,Mid-Cap,1616545,NYQ
LGN,Legence Corp.,Industrials,Mid-Cap,1171537,NMS
PACS,"PACS Group, Inc.",Healthcare,Mid-Cap,1683775,NYQ
CNX,CNX Resources Corporation,Energy,Mid-Cap,2018275,NYQ
MMS,"Maximus, Inc.",Industrials,Mid-Cap,609388,NYQ
SHC,Sotera Health Company,Healthcare,Mid-Cap,2491822,NMS
RLI,RLI Corp.,Financial Services,Mid-Cap,792934,NYQ
BLSH,Bullish,Technology,Mid-Cap,1988232,NYQ
GNTX,Gentex Corporation,Consumer Cyclical,Mid-Cap,2292186,NMS
GVA,Granite Construction Incorporat,Industrials,Mid-Cap,680485,NYQ
ENPH,"Enphase Energy, Inc.",Technology,Mid-Cap,6629844,NGM
FLNC,"Fluence Energy, Inc.",Utilities,Mid-Cap,5912903,NMS
ONDS,Ondas Inc,Technology,Mid-Cap,103436611,NCM
OZK,Bank OZK,Financial Services,Mid-Cap,1260106,NMS
PTGX,"Protagonist Therapeutics, Inc.",Healthcare,Mid-Cap,900032,NGM
BFAM,Bright Horizons Family Solution,Consumer Cyclical,Mid-Cap,723901,NYQ
NIQ,NIQ Global Intelligence plc,N/A,Mid-Cap,1256106,NYQ
KRG,Kite Realty Group Trust,Real Estate,Mid-Cap,1860165,NYQ
SNDR,"Schneider National, Inc.",Industrials,Mid-Cap,940665,NYQ
CRSP,CRISPR Therapeutics AG,Healthcare,Mid-Cap,2021583,NGM
ELF,"e.l.f. Beauty, Inc.",Consumer Defensive,Mid-Cap,2409649,NYQ
ATAT,Atour Lifestyle Holdings Limite,Consumer Cyclical,Mid-Cap,1236291,NMS
S,"SentinelOne, Inc.",Technology,Mid-Cap,8187275,NYQ
ST,Sensata Technologies Holding pl,Technology,Mid-Cap,1333463,NYQ
MIRM,"Mirum Pharmaceuticals, Inc.",Healthcare,Mid-Cap,760809,NGM
CE,Celanese Corporation,Basic Materials,Mid-Cap,2176498,NYQ
POST,"Post Holdings, Inc.",Consumer Defensive,Mid-Cap,810491,NYQ
AQN,Algonquin Power & Utilities Cor,Utilities,Mid-Cap,4962008,NYQ
CCC,CCC Intelligent Solutions Holdi,Technology,Mid-Cap,7951968,NMS
UGP,Ultrapar Participacoes S.A. (Ne,Energy,Mid-Cap,1672909,NYQ
STUB,"StubHub Holdings, Inc.",Communication Services,Mid-Cap,3602539,NYQ
REZI,"Resideo Technologies, Inc.",Industrials,Mid-Cap,1722013,NYQ
LAUR,"Laureate Education, Inc.",Consumer Defensive,Mid-Cap,1140034,NMS
IRTC,"iRhythm Holdings, Inc.",Healthcare,Mid-Cap,560200,NMS
TDS,"Telephone and Data Systems, Inc",Communication Services,Mid-Cap,976352,NYQ
HRB,"H&R Block, Inc.",Consumer Cyclical,Mid-Cap,1647278,NYQ
LAZ,"Lazard, Inc.",Financial Services,Mid-Cap,936278,NYQ
AROC,"Archrock, Inc.",Energy,Mid-Cap,1591345,NYQ
NOVT,Novanta Inc.,Technology,Mid-Cap,640352,NMS
CNR,"Core Natural Resources, Inc.",Energy,Mid-Cap,769336,NYQ
SGHC,Super Group (SGHC) Limited,Consumer Cyclical,Mid-Cap,2409955,NYQ
RUSHA,"Rush Enterprises, Inc.",Consumer Cyclical,Mid-Cap,578285,NMS
MRP,"Millrose Properties, Inc.",Real Estate,Mid-Cap,2401672,NYQ
MTH,Meritage Homes Corporation,Consumer Cyclical,Mid-Cap,891024,NYQ
NJR,NewJersey Resources Corporation,Utilities,Mid-Cap,569018,NYQ
APGE,"Apogee Therapeutics, Inc.",Healthcare,Mid-Cap,925239,NGM
ZETA,Zeta Global Holdings Corp.,Technology,Mid-Cap,7688749,NYQ
PECO,"Phillips Edison & Company, Inc.",Real Estate,Mid-Cap,883000,NMS
WIX,Wix.com Ltd.,Technology,Mid-Cap,1602926,NMS
TGTX,"TG Therapeutics, Inc.",Healthcare,Mid-Cap,2038100,NCM
MMSI,"Merit Medical Systems, Inc.",Healthcare,Mid-Cap,700270,NMS
REYN,Reynolds Consumer Products Inc.,Consumer Cyclical,Mid-Cap,824614,NMS
PI,"Impinj, Inc.",Technology,Mid-Cap,606255,NMS
SKY,"Champion Homes, Inc.",Consumer Cyclical,Mid-Cap,714572,NYQ
EOSE,"Eos Energy Enterprises, Inc.",Industrials,Mid-Cap,21338634,NCM
CORT,Corcept Therapeutics Incorporat,Healthcare,Mid-Cap,1721240,NCM
HCC,"Warrior Met Coal, Inc.",Basic Materials,Mid-Cap,848245,NYQ
LIF,"Life360, Inc.",Technology,Mid-Cap,1036263,NMS
CHH,"Choice Hotels International, In",Consumer Cyclical,Mid-Cap,761763,NYQ
PAGP,"Plains GP Holdings, L.P.",Energy,Mid-Cap,1546385,NMS
BBAR,Banco BBVA Argentina S.A.,Financial Services,Mid-Cap,815781,NYQ
RUN,Sunrun Inc.,Technology,Mid-Cap,7668813,NMS
MTN,"Vail Resorts, Inc.",Consumer Cyclical,Mid-Cap,903688,NYQ
VSNT,"Versant Media Group, Inc.",Communication Services,Mid-Cap,5348754,NMS
NG,Novagold Resources Inc.,Basic Materials,Mid-Cap,2940837,ASE
ECG,"Everus Construction Group, Inc.",Industrials,Mid-Cap,610927,NYQ
SAIC,Science Applications Internatio,Technology,Mid-Cap,579711,NMS
IEP,Icahn Enterprises L.P. - Deposi,Energy,Mid-Cap,1199029,NMS
MAC,Macerich Company (The),Real Estate,Mid-Cap,1751859,NYQ
SON,Sonoco Products Company,Consumer Cyclical,Mid-Cap,983444,NYQ
BILL,"BILL Holdings, Inc.",Technology,Mid-Cap,2525772,NYQ
TMDX,"TransMedics Group, Inc.",Healthcare,Mid-Cap,797488,NGM
MGY,Magnolia Oil & Gas Corporation,Energy,Mid-Cap,2441268,NYQ
NSA,National Storage Affiliates Tru,Real Estate,Mid-Cap,1339947,NYQ
WHR,Whirlpool Corporation,Consumer Cyclical,Mid-Cap,1426077,NYQ
FLY,Firefly Aerospace Inc.,Industrials,Mid-Cap,2992080,NGM
ATMU,Atmus Filtration Technologies I,Consumer Cyclical,Mid-Cap,668404,NYQ
MSM,"MSC Industrial Direct Company, ",Industrials,Mid-Cap,680477,NYQ
SSL,Sasol Ltd.,Basic Materials,Mid-Cap,1128190,NYQ
WPP,WPP plc,Communication Services,Mid-Cap,619009,NYQ
YOU,"Clear Secure, Inc.",Technology,Mid-Cap,1530036,NYQ
VIAV,Viavi Solutions Inc.,Technology,Mid-Cap,4122701,NMS
TFX,Teleflex Incorporated,Healthcare,Mid-Cap,829565,NYQ
LNTH,"Lantheus Holdings, Inc.",Healthcare,Mid-Cap,1081895,NGM
SBRA,"Sabra Health Care REIT, Inc.",Real Estate,Mid-Cap,2897632,NMS
ACIW,"ACI Worldwide, Inc.",Technology,Mid-Cap,711126,NMS
CROX,"Crocs, Inc.",Consumer Cyclical,Mid-Cap,1375644,NMS
ANF,Abercrombie & Fitch Company,Consumer Cyclical,Mid-Cap,2116675,NYQ
SLGN,Silgan Holdings Inc.,Consumer Cyclical,Mid-Cap,1009334,NYQ
EBC,"Eastern Bankshares, Inc.",Financial Services,Mid-Cap,2225008,NMS
FFIN,"First Financial Bankshares, Inc",Financial Services,Mid-Cap,755554,NMS
HYMC,Hycroft Mining Holding Corporat,Basic Materials,Mid-Cap,3824240,NCM
WK,Workiva Inc.,Technology,Mid-Cap,678075,NYQ
MUR,Murphy Oil Corporation,Energy,Mid-Cap,2340491,NYQ
CRC,California Resources Corporatio,Energy,Mid-Cap,926085,NYQ
ITRI,"Itron, Inc.",Technology,Mid-Cap,752568,NMS
CGON,"CG Oncology, Inc.",Healthcare,Mid-Cap,1085259,NMS
CSAN,Cosan S.A.,Energy,Mid-Cap,2474155,NYQ
TNL,Travel   Leisure Co.,Consumer Cyclical,Mid-Cap,567040,NYQ
TREX,"Trex Company, Inc.",Industrials,Mid-Cap,2791622,NYQ
CZR,"Caesars Entertainment, Inc.",Consumer Cyclical,Mid-Cap,6839104,NMS
SRRK,Scholar Rock Holding Corporatio,Healthcare,Mid-Cap,1465311,NMS
VSCO,Victorias Secret & Co.,Consumer Cyclical,Mid-Cap,2449365,NYQ
FOLD,"Amicus Therapeutics, Inc.",Healthcare,Mid-Cap,10741221,NGM
RDN,Radian Group Inc.,Financial Services,Mid-Cap,953421,NYQ
CENX,Century Aluminum Company,Basic Materials,Mid-Cap,2196357,NMS
GPK,Graphic Packaging Holding Compa,Consumer Cyclical,Mid-Cap,5011045,NYQ
STNE,StoneCo Ltd.,Technology,Mid-Cap,6766459,NMS
ACAD,ACADIA Pharmaceuticals Inc.,Healthcare,Mid-Cap,1430888,NMS
BBWI,"Bath & Body Works, Inc.",Consumer Cyclical,Mid-Cap,7543662,NYQ
ALH,Alliance Laundry Holdings Inc.,Consumer Cyclical,Mid-Cap,1115614,NYQ
ASB,Associated Banc-Corp,Financial Services,Mid-Cap,1984491,NYQ
KC,Kingsoft Cloud Holdings Limited,Technology,Mid-Cap,1358563,NMS
UPST,"Upstart Holdings, Inc.",Financial Services,Mid-Cap,5164344,NMS
INTR,Inter & Co. Inc.,Financial Services,Mid-Cap,2553693,NMS
BTU,Peabody Energy Corporation,Energy,Mid-Cap,2915926,NYQ
AMRX,"Amneal Pharmaceuticals, Inc.",Healthcare,Mid-Cap,2409436,NMS
LPL,"LG Display Co, Ltd AMERICAN DEP",Technology,Mid-Cap,525144,NYQ
INDV,"Indivior Pharmaceuticals, Inc.",Healthcare,Mid-Cap,2471695,NMS
NMRK,"Newmark Group, Inc.",Real Estate,Mid-Cap,1105591,NMS
HASI,HA Sustainable Infrastructure C,Financial Services,Mid-Cap,1093337,NYQ
FTDR,"frontdoor, inc.",Consumer Cyclical,Mid-Cap,647986,NMS
TMC,TMC the metals company Inc.,Basic Materials,Mid-Cap,9669896,NMS
CUZ,Cousins Properties Incorporated,Real Estate,Mid-Cap,1466585,NYQ
AVT,"Avnet, Inc.",Technology,Mid-Cap,965062,NMS
DLO,DLocal Limited,Technology,Mid-Cap,1683660,NMS
OSCR,"Oscar Health, Inc.",Healthcare,Mid-Cap,11298719,NYQ
PPTA,Perpetua Resources Corp.,Basic Materials,Mid-Cap,2346531,NCM
ARMN,Aris Mining Corporation,Basic Materials,Mid-Cap,1699398,ASE
GRAL,"GRAIL, Inc.",Healthcare,Mid-Cap,965378,NMS
MDU,"MDU Resources Group, Inc.",Utilities,Mid-Cap,2365929,NYQ
VVV,Valvoline Inc.,Consumer Cyclical,Mid-Cap,2339611,NYQ
MWA,MUELLER WATER PRODUCTS,Industrials,Mid-Cap,1322398,NYQ
BGC,"BGC Group, Inc.",Financial Services,Mid-Cap,2566037,NMS
ATGE,Adtalem Global Education Inc.,Consumer Defensive,Mid-Cap,626213,NYQ
KRC,Kilroy Realty Corporation,Real Estate,Mid-Cap,1482101,NYQ
SOUN,"SoundHound AI, Inc.",Technology,Mid-Cap,27028795,NGM
OUT,OUTFRONT Media Inc.,Real Estate,Mid-Cap,1576980,NYQ
VAL,Valaris Limited,Energy,Mid-Cap,1006411,NYQ
ALHC,"Alignment Healthcare, Inc.",Healthcare,Mid-Cap,2809347,NMS
TPC,Tutor Perini Corporation,Industrials,Mid-Cap,502108,NYQ
CAR,"Avis Budget Group, Inc.",Industrials,Mid-Cap,631644,NMS
NWE,"NorthWestern Energy Group, Inc.",Utilities,Mid-Cap,564888,NMS
UCB,"United Community Banks, Inc.",Financial Services,Mid-Cap,786444,NYQ
HSAI,Hesai Group,Consumer Cyclical,Mid-Cap,2520859,NMS
IRT,"Independence Realty Trust, Inc.",Real Estate,Mid-Cap,2735740,NYQ
GLNG,Golar LNG Limited,Energy,Mid-Cap,1178508,NMS
TAC,TransAlta Corporation,Utilities,Mid-Cap,1716711,NYQ
FHI,"Federated Hermes, Inc.",Financial Services,Mid-Cap,575124,NYQ
QTWO,"Q2 Holdings, Inc.",Technology,Mid-Cap,761509,NYQ
EXK,Endeavour Silver Corporation,Basic Materials,Mid-Cap,14794598,NYQ
CLBT,Cellebrite DI Ltd.,Technology,Mid-Cap,1258329,NMS
VISN,"Vistance Networks, Inc.",Technology,Mid-Cap,4232478,NMS
SKE,Skeena Resources Limited,Basic Materials,Mid-Cap,849944,NYQ
VRNS,"Varonis Systems, Inc.",Technology,Mid-Cap,2178170,NMS
NVST,Envista Holdings Corporation,Healthcare,Mid-Cap,2239767,NYQ
TFSL,TFS Financial Corporation,Financial Services,Mid-Cap,610691,NMS
CALM,"Cal-Maine Foods, Inc.",Consumer Defensive,Mid-Cap,1155801,NMS
FSK,FS KKR Capital Corp.,Financial Services,Mid-Cap,2569203,NYQ
ACLX,"Arcellx, Inc.",Healthcare,Mid-Cap,1042339,NMS
MARA,"MARA Holdings, Inc.",Financial Services,Mid-Cap,41984003,NCM
HPP,"Hudson Pacific Properties, Inc.",Real Estate,Mid-Cap,1238434,NYQ
CNO,"CNO Financial Group, Inc.",Financial Services,Mid-Cap,645557,NYQ
AEO,"American Eagle Outfitters, Inc.",Consumer Cyclical,Mid-Cap,7501632,NYQ
TEX,Terex Corporation,Industrials,Mid-Cap,1223129,NYQ
ADMA,ADMA Biologics Inc,Healthcare,Mid-Cap,2860498,NGM
CVLT,"Commvault Systems, Inc.",Technology,Mid-Cap,854836,NMS
TBBB,BBB Foods Inc.,Consumer Defensive,Mid-Cap,663155,NYQ
AAUC,Allied Gold Corporation,Basic Materials,Mid-Cap,894022,NYQ
PRM,"Perimeter Solutions, SA",Basic Materials,Mid-Cap,966634,NYQ
SIMO,Silicon Motion Technology Corpo,Technology,Mid-Cap,502142,NMS
DJT,Trump Media & Technology Group ,Communication Services,Mid-Cap,9249662,NGM
RH,RH,Consumer Cyclical,Mid-Cap,1047606,NYQ
CGAU,Centerra Gold Inc.,Basic Materials,Mid-Cap,1446368,NYQ
EPR,EPR Properties,Real Estate,Mid-Cap,743724,NYQ
HGV,Hilton Grand Vacations Inc.,Consumer Cyclical,Mid-Cap,802409,NYQ
RSI,"Rush Street Interactive, Inc.",Consumer Cyclical,Mid-Cap,1500681,NYQ
WHD,"Cactus, Inc. Class A Common Sto",Energy,Mid-Cap,715229,NYQ
KNF,Knife Riv Holding Co.,Basic Materials,Mid-Cap,565177,NYQ
SEI,"Solaris Energy Infrastructure, ",Energy,Mid-Cap,3123514,NYQ
FG,"F&G Annuities & Life, Inc.",Financial Services,Mid-Cap,570954,NYQ
YETI,"YETI Holdings, Inc.",Consumer Cyclical,Mid-Cap,1970447,NYQ
BULL,Webull Corporation,Technology,Mid-Cap,15041521,NCM
CBT,Cabot Corporation,Basic Materials,Mid-Cap,501136,NYQ
PBF,PBF Energy Inc.,Energy,Mid-Cap,3032598,NYQ
DNP,"DNP Select Income Fund, Inc.",Financial Services,Mid-Cap,596088,NYQ
TERN,"Terns Pharmaceuticals, Inc.",Healthcare,Mid-Cap,4121949,NMS
FIBK,"First Interstate BancSystem, In",Financial Services,Mid-Cap,1375244,NMS
CNTA,Centessa Pharmaceuticals plc,Healthcare,Mid-Cap,1785522,NMS
BOX,"Box, Inc.",Technology,Mid-Cap,2291678,NYQ
CWK,Cushman & Wakefield Ltd.,Real Estate,Mid-Cap,1690868,NYQ
RYN,Rayonier Inc. REIT,Real Estate,Mid-Cap,1800296,NYQ
SHAK,"Shake Shack, Inc.",Consumer Cyclical,Mid-Cap,1564121,NYQ
PII,Polaris Inc.,Consumer Cyclical,Mid-Cap,888824,NYQ
SKT,Tanger Inc.,Real Estate,Mid-Cap,855244,NYQ
WSC,WillScot Holdings Corporation,Industrials,Mid-Cap,3092680,NCM
SIG,Signet Jewelers Limited,Consumer Cyclical,Mid-Cap,878439,NYQ
CALX,"Calix, Inc",Technology,Mid-Cap,869981,NYQ
NAMS,NewAmsterdam Pharma Company N.V,Healthcare,Mid-Cap,910470,NGM
GTX,Garrett Motion Inc.,Consumer Cyclical,Mid-Cap,2495506,NMS
LQDA,Liquidia Corporation,Healthcare,Mid-Cap,2016231,NCM
PAY,"Paymentus Holdings, Inc.",Technology,Mid-Cap,744019,NYQ
ERO,Ero Copper Corp.,Basic Materials,Mid-Cap,1459008,NYQ
LBTYA,Liberty Global Ltd.,Communication Services,Mid-Cap,2031885,NMS
GBTG,"Global Business Travel Group, I",Consumer Cyclical,Mid-Cap,1570508,NYQ
BHF,"Brighthouse Financial, Inc.",Financial Services,Mid-Cap,1309857,NMS
SMG,Scotts Miracle-Gro Company (The,Basic Materials,Mid-Cap,849501,NYQ
USAR,"USA Rare Earth, Inc.",Basic Materials,Mid-Cap,14872680,NGM
FULT,Fulton Financial Corporation,Financial Services,Mid-Cap,1741095,NMS
SA,"Seabridge Gold, Inc.",Basic Materials,Mid-Cap,1109886,NYQ
GBDC,"Golub Capital BDC, Inc.",Financial Services,Mid-Cap,1676372,NMS
COLD,"Americold Realty Trust, Inc.",Real Estate,Mid-Cap,6280332,NYQ
KBH,KB Home,Consumer Cyclical,Mid-Cap,1160393,NYQ
BNL,"Broadstone Net Lease, Inc.",Real Estate,Mid-Cap,1830026,NYQ
MEOH,Methanex Corporation,Basic Materials,Mid-Cap,507063,NMS
ASO,"Academy Sports and Outdoors, In",Consumer Cyclical,Mid-Cap,1665173,NMS
CMBT,CMB.TECH NV,Energy,Mid-Cap,2244090,NYQ
LBRT,Liberty Energy Inc.,Energy,Mid-Cap,3672931,NYQ
BKU,"BankUnited, Inc.",Financial Services,Mid-Cap,945570,NYQ
LCID,"Lucid Group, Inc.",Consumer Cyclical,Mid-Cap,8486965,NMS
NAVN,"Navan, Inc.",Technology,Mid-Cap,1970760,NMS
FSM,Fortuna Mining Corp.,Basic Materials,Mid-Cap,8571868,NYQ
HAYW,"Hayward Holdings, Inc.",Industrials,Mid-Cap,1551426,NYQ
VKTX,"Viking Therapeutics, Inc.",Healthcare,Mid-Cap,3214208,NCM
RNST,Renasant Corporation,Financial Services,Mid-Cap,562870,NYQ
KGS,"Kodiak Gas Services, Inc.",Energy,Mid-Cap,1568875,NYQ
MIAX,"Miami International Holdings, I",Financial Services,Mid-Cap,865132,NYQ
DNN,Denison Mines Corp,Energy,Mid-Cap,53219688,ASE
FBP,First BanCorp. New,Financial Services,Mid-Cap,1313809,NYQ
ACMR,"ACM Research, Inc.",Technology,Mid-Cap,1367009,NGM
FRPT,"Freshpet, Inc.",Consumer Defensive,Mid-Cap,1221193,NGM
CDP,COPT Defense Properties,Real Estate,Mid-Cap,1038809,NYQ
LIVN,LivaNova PLC,Healthcare,Mid-Cap,603381,NMS
DAN,Dana Incorporated,Consumer Cyclical,Mid-Cap,1883624,NYQ
SPSC,"SPS Commerce, Inc.",Technology,Mid-Cap,593811,NMS
SPHR,Sphere Entertainment Co.,Communication Services,Mid-Cap,839193,NYQ
NEA,Nuveen AMT-Free Quality Municip,Financial Services,Mid-Cap,959778,NYQ
PAGS,PagSeguro Digital Ltd.,Technology,Mid-Cap,4291885,NYQ
SLG,SL Green Realty Corp,Real Estate,Mid-Cap,1289552,NYQ
HTGC,"Hercules Capital, Inc.",Financial Services,Mid-Cap,1161624,NYQ
GNW,Genworth Financial Inc,Financial Services,Mid-Cap,4113431,NYQ
WSBC,"WesBanco, Inc.",Financial Services,Mid-Cap,501701,NMS
FRSH,Freshworks Inc.,Technology,Mid-Cap,3961086,NMS
LEGN,Legend Biotech Corporation,Healthcare,Mid-Cap,2405527,NMS
FHB,"First Hawaiian, Inc.",Financial Services,Mid-Cap,1389154,NMS
CARG,"CarGurus, Inc.",Consumer Cyclical,Mid-Cap,888178,NMS
HNI,HNI Corporation,Consumer Cyclical,Mid-Cap,760824,NYQ
CLSK,"CleanSpark, Inc.",Financial Services,Mid-Cap,31458611,NCM
PLUG,"Plug Power, Inc.",Industrials,Mid-Cap,105266793,NCM
AVNT,Avient Corporation,Basic Materials,Mid-Cap,808401,NYQ
XMTR,"Xometry, Inc.",Industrials,Mid-Cap,743104,NMS
AVA,Avista Corporation,Utilities,Mid-Cap,726595,NYQ
WRBY,Warby Parker Inc.,Healthcare,Mid-Cap,4261613,NYQ
BXMT,"Blackstone Mortgage Trust, Inc.",Real Estate,Mid-Cap,1303421,NYQ
DNLI,Denali Therapeutics Inc.,Healthcare,Mid-Cap,1607683,NMS
VERA,"Vera Therapeutics, Inc.",Healthcare,Mid-Cap,1542752,NGM
SYNA,Synaptics Incorporated,Technology,Mid-Cap,586239,NMS
REVG,"REV Group, Inc.",Industrials,Mid-Cap,796588,NYQ
HP,"Helmerich & Payne, Inc.",Energy,Mid-Cap,1573581,NYQ
PCH,PotlatchDeltic Corporation - Co,Real Estate,Mid-Cap,613693,NMS
SBCF,Seacoast Banking Corporation of,Financial Services,Mid-Cap,684342,NMS
MCHB,Mechanics Bancorp,Financial Services,Mid-Cap,650470,NMS
BL,"BlackLine, Inc.",Technology,Mid-Cap,767745,NMS
ALMS,Alumis Inc.,Healthcare,Mid-Cap,2892914,NMS
XENE,Xenon Pharmaceuticals Inc.,Healthcare,Mid-Cap,882552,NGM
KTB,"Kontoor Brands, Inc.",Consumer Cyclical,Mid-Cap,720388,NYQ
HAE,Haemonetics Corporation,Healthcare,Mid-Cap,904508,NYQ
ARQT,"Arcutis Biotherapeutics, Inc.",Healthcare,Mid-Cap,2049063,NMS
OPLN,"OPENLANE, Inc.",Consumer Cyclical,Mid-Cap,923877,NYQ
VRDN,"Viridian Therapeutics, Inc.",Healthcare,Mid-Cap,1621147,NCM
SHOO,"Steven Madden, Ltd.",Consumer Cyclical,Mid-Cap,1134485,NMS
VRRM,Verra Mobility Corporation,Technology,Mid-Cap,1440916,NCM
BTDR,Bitdeer Technologies Group,Technology,Mid-Cap,7102708,NCM
HNGE,"Hinge Health, Inc.",Healthcare,Mid-Cap,1509768,NYQ
LRN,"Stride, Inc.",Consumer Defensive,Mid-Cap,1611860,NYQ
CSTM,Constellium SE,Basic Materials,Mid-Cap,1248926,NYQ
BFH,"Bread Financial Holdings, Inc.",Financial Services,Mid-Cap,824070,NYQ
TBBK,"The Bancorp, Inc.",Financial Services,Mid-Cap,602640,NMS
IAC,IAC Inc.,Communication Services,Mid-Cap,1104881,NMS
VCYT,"Veracyte, Inc.",Healthcare,Mid-Cap,908747,NGM
TDW,Tidewater Inc.,Energy,Mid-Cap,755042,NYQ
BEAM,Beam Therapeutics Inc.,Healthcare,Mid-Cap,2007160,NMS
BANC,"Banc of California, Inc.",Financial Services,Mid-Cap,2068504,NYQ
COCO,"The Vita Coco Company, Inc.",Consumer Defensive,Mid-Cap,736777,NMS
PTRN,Pattern Group Inc. - Series A,Technology,Mid-Cap,854332,NMS
BRBR,"BellRing Brands, Inc.",Consumer Defensive,Mid-Cap,4078437,NYQ
EWTX,"Edgewise Therapeutics, Inc.",Healthcare,Mid-Cap,1487995,NMS
STNG,Scorpio Tankers Inc.,Energy,Mid-Cap,1004700,NYQ
OII,"Oceaneering International, Inc.",Energy,Mid-Cap,886231,NYQ
IRON,"Disc Medicine, Inc.",Healthcare,Mid-Cap,572381,NGM
WRD,WERIDE INC.,Technology,Mid-Cap,4908408,NGM
ARX,Accelerant Holdings,Financial Services,Mid-Cap,1105429,NYQ
VERX,"Vertex, Inc.",Technology,Mid-Cap,1512032,NGM
MPW,"Medical Properties Trust, Inc.",Real Estate,Mid-Cap,7117244,NYQ
EEFT,"Euronet Worldwide, Inc.",Technology,Mid-Cap,779978,NMS
BKD,Brookdale Senior Living Inc.,Healthcare,Mid-Cap,3981845,NYQ
VNET,"VNET Group, Inc.",Technology,Mid-Cap,4368303,NMS
TGNA,TEGNA Inc,Communication Services,Mid-Cap,1323124,NYQ
GLOB,Globant S.A.,Technology,Mid-Cap,1245306,NYQ
IDYA,"IDEAYA Biosciences, Inc.",Healthcare,Mid-Cap,926901,NMS
KLIC,"Kulicke and Soffa Industries, I",Technology,Mid-Cap,622896,NMS
WU,Western Union Company (The),Financial Services,Mid-Cap,7897242,NYQ
CRGY,Crescent Energy Company,Energy,Mid-Cap,6014447,NYQ
INTA,"Intapp, Inc.",Technology,Mid-Cap,623634,NMS
ITGR,Integer Holdings Corporation,Healthcare,Mid-Cap,678957,NYQ
PVH,PVH Corp.,Consumer Cyclical,Mid-Cap,890242,NYQ
DBRG,"DigitalBridge Group, Inc.",Financial Services,Mid-Cap,7022319,NYQ
USAS,Americas Gold and Silver Corpor,Basic Materials,Mid-Cap,5190468,ASE
ERAS,"Erasca, Inc.",Healthcare,Mid-Cap,4615149,NMS
RLX,RLX Technology Inc.,Consumer Defensive,Mid-Cap,2064731,NYQ
AAP,Advance Auto Parts Inc.,Consumer Cyclical,Mid-Cap,1791768,NYQ
DYN,"Dyne Therapeutics, Inc.",Healthcare,Mid-Cap,2663885,NMS
COLM,Columbia Sportswear Company,Consumer Cyclical,Mid-Cap,594732,NMS
CPRX,"Catalyst Pharmaceuticals, Inc.",Healthcare,Mid-Cap,1312854,NCM
TGB,"Taseko Mines, Ltd.",Basic Materials,Mid-Cap,7183309,ASE
EXG,Eaton Vance Tax-Managed Global ,Financial Services,Mid-Cap,504472,NYQ
HAFN,Hafnia Limited,Industrials,Mid-Cap,1167259,NYQ
HIW,"Highwoods Properties, Inc.",Real Estate,Mid-Cap,1261554,NYQ
XXI,"Twenty One Capital, Inc.",Financial Services,Mid-Cap,1247547,NYQ
ADPT,Adaptive Biotechnologies Corpor,Healthcare,Mid-Cap,2377759,NMS
LXP,LXP Industrial Trust,Real Estate,Mid-Cap,682033,NYQ
SFNC,Simmons First National Corporat,Financial Services,Mid-Cap,1098726,NMS
TPH,"Tri Pointe Homes, Inc.",Consumer Cyclical,Mid-Cap,851009,NYQ
HUBG,"Hub Group, Inc.",Industrials,Mid-Cap,672988,NMS
JPC,Nuveen Preferred & Income Oppor,Financial Services,Mid-Cap,1076942,NYQ
KYIV,Kyivstar Group Ltd.,Communication Services,Mid-Cap,644088,NMS
RELY,"Remitly Global, Inc.",Technology,Mid-Cap,3770373,NMS
TARS,"Tarsus Pharmaceuticals, Inc.",Healthcare,Mid-Cap,552873,NMS
LUNR,"Intuitive Machines, Inc.",Industrials,Mid-Cap,9743783,NGM
AMBA,"Ambarella, Inc.",Technology,Mid-Cap,974073,NMS
PTEN,"Patterson-UTI Energy, Inc.",Energy,Mid-Cap,9184185,NMS
CXT,"Crane NXT, Co.",Industrials,Mid-Cap,540927,NYQ
FFBC,First Financial Bancorp.,Financial Services,Mid-Cap,801375,NMS
BWIN,"The Baldwin Insurance Group, In",Financial Services,Mid-Cap,1179373,NMS
MRX,Marex Group plc,Financial Services,Mid-Cap,576508,NMS
CAKE,The Cheesecake Factory Incorpor,Consumer Cyclical,Mid-Cap,1169796,NMS
ASH,Ashland Inc.,Basic Materials,Mid-Cap,830239,NYQ
RCUS,"Arcus Biosciences, Inc.",Healthcare,Mid-Cap,1864165,NYQ
CPRI,Capri Holdings Limited,Consumer Cyclical,Mid-Cap,2567495,NYQ
INSW,"International Seaways, Inc.",Energy,Mid-Cap,531808,NYQ
IMNM,"Immunome, Inc.",Healthcare,Mid-Cap,2157127,NCM
CTRI,"Centuri Holdings, Inc.",Utilities,Mid-Cap,1774113,NYQ
SUPN,"Supernus Pharmaceuticals, Inc.",Healthcare,Mid-Cap,791008,NGM
MH,"McGraw Hill, Inc.",Consumer Defensive,Mid-Cap,652311,NYQ
ALM,Almonty Industries Inc.,Basic Materials,Mid-Cap,3163978,NCM
UPWK,Upwork Inc.,Communication Services,Mid-Cap,3578193,NMS
RHI,Robert Half Inc.,Industrials,Mid-Cap,2248483,NYQ
ACLS,"Axcelis Technologies, Inc.",Technology,Mid-Cap,565454,NMS
BBAI,"BigBear.ai, Inc.",Technology,Mid-Cap,92472547,NYQ
SUNC,SunocoCorp LLC,Energy,Mid-Cap,820033,NYQ
NAD,Nuveen Quality Municipal Income,Financial Services,Mid-Cap,764827,NYQ
APLE,"Apple Hospitality REIT, Inc.",Real Estate,Mid-Cap,2658480,NYQ
PRVA,"Privia Health Group, Inc.",Healthcare,Mid-Cap,740968,NMS
IE,Ivanhoe Electric Inc.,Basic Materials,Mid-Cap,2018970,ASE
TDC,Teradata Corporation,Technology,Mid-Cap,1510344,NYQ
SVM,Silvercorp Metals Inc.,Basic Materials,Mid-Cap,5910439,ASE
ATRO,Astronics Corporation,Industrials,Mid-Cap,726237,NMS
AKR,Acadia Realty Trust,Real Estate,Mid-Cap,1380150,NYQ
GTM,ZoomInfo Technologies Inc.,Technology,Mid-Cap,5055124,NMS
ABM,ABM Industries Incorporated,Industrials,Mid-Cap,691106,NYQ
WGS,GeneDx Holdings Corp.,Healthcare,Mid-Cap,537836,NMS
CALY,Callaway Golf Company,Consumer Cyclical,Mid-Cap,3168185,NYQ
LION,Lionsgate Studios Corp,N/A,Mid-Cap,2666578,NYQ
CON,Concentra Group Holdings Parent,Healthcare,Mid-Cap,968154,NYQ
LFST,"LifeStance Health Group, Inc.",Healthcare,Mid-Cap,2177198,NMS
COTY,Coty Inc.,Consumer Defensive,Mid-Cap,6592136,NYQ
APLS,"Apellis Pharmaceuticals, Inc.",Healthcare,Mid-Cap,2728295,NMS
TENB,"Tenable Holdings, Inc.",Technology,Mid-Cap,1423519,NMS
DNOW,DNOW Inc.,Industrials,Mid-Cap,2512042,NYQ
NCNO,"nCino, Inc.",Technology,Mid-Cap,1860645,NMS
BKV,BKV Corporation,Energy,Mid-Cap,886186,NYQ
DBC,Invesco DB Commodity Index Trac,N/A,Mid-Cap,547519,PCX
ZIM,ZIM Integrated Shipping Service,Industrials,Mid-Cap,4689380,NYQ
TXG,"10x Genomics, Inc.",Healthcare,Mid-Cap,2682649,NMS
GT,The Goodyear Tire & Rubber Comp,Consumer Cyclical,Mid-Cap,6420054,NMS
SID,Companhia Siderurgica Nacional ,Basic Materials,Mid-Cap,3267793,NYQ
BRZE,"Braze, Inc.",Technology,Mid-Cap,2053600,NMS
PFS,"Provident Financial Services, I",Financial Services,Mid-Cap,884526,NYQ
CNK,Cinemark Holdings Inc Cinemark ,Communication Services,Mid-Cap,3449713,NYQ
NVG,Nuveen AMT-Free Municipal Credi,Financial Services,Mid-Cap,659993,NYQ
TVTX,"Travere Therapeutics, Inc.",Healthcare,Mid-Cap,2281990,NGM
UAA,"Under Armour, Inc.",Consumer Cyclical,Mid-Cap,11749983,NYQ
BRSL,Brightstar Lottery PLC Trading ,Consumer Cyclical,Mid-Cap,1693700,NYQ
WB,Weibo Corporation,Communication Services,Mid-Cap,1033806,NMS
AVPT,"AvePoint, Inc.",Technology,Mid-Cap,1966750,NMS
ANDG,Andersen Group Inc.,Consumer Cyclical,Mid-Cap,624186,NYQ
IHS,IHS Holding Limited,Real Estate,Mid-Cap,1003855,NYQ
HE,"Hawaiian Electric Industries, I",Utilities,Mid-Cap,3745004,NYQ
HTFL,"Heartflow, Inc.",Healthcare,Mid-Cap,730470,NMS
CVBF,CVB Financial Corporation,Financial Services,Mid-Cap,1260462,NMS
AMBP,Ardagh Metal Packaging S.A.,Consumer Cyclical,Mid-Cap,1069019,NYQ
ASAN,"Asana, Inc.",Technology,Mid-Cap,3897696,NYQ
ETOR,eToro Group Ltd.,Financial Services,Mid-Cap,1456806,NMS
KMT,Kennametal Inc.,Industrials,Mid-Cap,920611,NYQ
BTE,Baytex Energy Corp,Energy,Mid-Cap,20077468,NYQ
DXC,DXC Technology Company,Technology,Mid-Cap,2061244,NYQ
OLN,Olin Corporation,Basic Materials,Mid-Cap,2651634,NYQ
TWST,Twist Bioscience Corporation,Healthcare,Mid-Cap,1431680,NMS
MLYS,"Mineralys Therapeutics, Inc.",Healthcare,Mid-Cap,1527375,NMS
DRVN,Driven Brands Holdings Inc.,Consumer Cyclical,Mid-Cap,1059318,NMS
UE,Urban Edge Properties,Real Estate,Mid-Cap,834331,NYQ
SYRE,"Spyre Therapeutics, Inc.",Healthcare,Mid-Cap,706024,NMS
FCPT,"Four Corners Property Trust, In",Real Estate,Mid-Cap,831806,NYQ
POWI,"Power Integrations, Inc.",Technology,Mid-Cap,1042081,NMS
CNXC,Concentrix Corporation,Technology,Mid-Cap,1128313,NMS
GOF,Guggenheim Strategic Opportunit,Financial Services,Mid-Cap,1731626,NYQ
XRAY,DENTSPLY SIRONA Inc.,Healthcare,Mid-Cap,3947814,NMS
PAX,Patria Investments Limited,Financial Services,Mid-Cap,598542,NMS
AAOI,"Applied Optoelectronics, Inc.",Technology,Mid-Cap,5223836,NGM
QUBT,Quantum Computing Inc.,Technology,Mid-Cap,21782900,NCM
KNTK,Kinetik Holdings Inc.,Energy,Mid-Cap,1133604,NYQ
SBLK,Star Bulk Carriers Corp.,Industrials,Mid-Cap,1255788,NMS
CURB,Curbline Properties Corp.,Real Estate,Mid-Cap,742601,NYQ
PTY,Pimco Corporate & Income Opport,Financial Services,Mid-Cap,1145562,NYQ
VSH,"Vishay Intertechnology, Inc.",Technology,Mid-Cap,1897321,NYQ
BKE,"Buckle, Inc. (The)",Consumer Cyclical,Mid-Cap,523129,NYQ
WVE,Wave Life Sciences Ltd.,Healthcare,Mid-Cap,6939950,NGM
MLCO,Melco Resorts & Entertainment L,Consumer Cyclical,Mid-Cap,1968421,NMS
PTON,"Peloton Interactive, Inc.",Consumer Cyclical,Mid-Cap,9325377,NMS
WAFD,"WaFd, Inc.",Financial Services,Mid-Cap,682031,NMS
WT,"WisdomTree, Inc.",Financial Services,Mid-Cap,3501290,NYQ
HOG,"Harley-Davidson, Inc.",Consumer Cyclical,Mid-Cap,2687109,NYQ
INSP,"Inspire Medical Systems, Inc.",Healthcare,Mid-Cap,1646303,NYQ
SDRL,Seadrill Limited,Energy,Mid-Cap,778995,NYQ
KMPR,Kemper Corporation,Financial Services,Mid-Cap,914139,NYQ
TRMD,TORM plc,Energy,Mid-Cap,535316,NMS
LC,LendingClub Corporation,Financial Services,Small-Cap,1918500,NYQ
DAVE,Dave Inc.,Technology,Mid-Cap,510583,NGM
RXRX,"Recursion Pharmaceuticals, Inc.",Healthcare,Mid-Cap,25166650,NMS
NZF,Nuveen Municipal Credit Income ,Financial Services,Mid-Cap,622550,NYQ
BBT,Beacon Financial Corporation,Financial Services,Mid-Cap,894336,NYQ
RXO,"RXO, Inc.",Industrials,Mid-Cap,2157285,NYQ
CIVI,"Civitas Resources, Inc.",Energy,Mid-Cap,1927693,NYQ
UNFI,"United Natural Foods, Inc.",Consumer Defensive,Mid-Cap,952536,NYQ
RARE,Ultragenyx Pharmaceutical Inc.,Healthcare,Mid-Cap,2397100,NMS
CLM,Cornerstone Strategic Value Fd,Financial Services,Mid-Cap,1916719,NYQ
ZGN,Ermenegildo Zegna N.V.,Consumer Cyclical,Mid-Cap,589118,NYQ
FLO,"Flowers Foods, Inc.",Consumer Defensive,Mid-Cap,4203396,NYQ
CC,Chemours Company (The),Basic Materials,Mid-Cap,2767473,NYQ
NOG,"Northern Oil and Gas, Inc.",Energy,Mid-Cap,2241503,NYQ
RDW,Redwire Corporation,Industrials,Small-Cap,17640883,NYQ
OI,"O-I Glass, Inc.",Consumer Cyclical,Mid-Cap,2202665,NYQ
RNG,"Ringcentral, Inc.",Technology,Mid-Cap,1353821,NYQ
OGN,Organon & Co.,Healthcare,Mid-Cap,5899442,NYQ
FA,First Advantage Corporation,Industrials,Mid-Cap,681277,NMS
LU,Lufax Holding Ltd,Financial Services,Mid-Cap,1363686,NYQ
TIC,"TIC Solutions, Inc.",Industrials,Mid-Cap,2660767,NYQ
SRPT,"Sarepta Therapeutics, Inc.",Healthcare,Mid-Cap,4068196,NMS
SLNO,"Soleno Therapeutics, Inc.",Healthcare,Mid-Cap,1821522,NCM
SEZL,Sezzle Inc.,Financial Services,Mid-Cap,922921,NCM
GEO,Geo Group Inc (The) REIT,Industrials,Mid-Cap,1933147,NYQ
OCUL,"Ocular Therapeutix, Inc.",Healthcare,Small-Cap,3771904,NGM
SPNT,SiriusPoint Ltd.,Financial Services,Mid-Cap,639155,NYQ
PAYO,Payoneer Global Inc.,Technology,Mid-Cap,3500919,NGM
VZLA,Vizsla Silver Corp.,Basic Materials,Small-Cap,7656722,ASE
OMCL,"Omnicell, Inc.",Healthcare,Mid-Cap,507860,NMS
LASR,"nLIGHT, Inc.",Technology,Mid-Cap,765400,NMS
CSGS,"CSG Systems International, Inc.",Technology,Mid-Cap,505981,NMS
GENI,Genius Sports Limited,Communication Services,Mid-Cap,5140036,NYQ
TRN,"Trinity Industries, Inc.",Industrials,Mid-Cap,718614,NYQ
CHA,Chagee Holdings Limited,Consumer Cyclical,Mid-Cap,891668,NMS
ATEC,"Alphatec Holdings, Inc.",Healthcare,Mid-Cap,2923370,NMS
GRND,Grindr Inc.,Technology,Mid-Cap,1486934,NYQ
IRDM,Iridium Communications Inc,Communication Services,Mid-Cap,2388257,NMS
HI,Hillenbrand Inc,Industrials,Mid-Cap,846278,NYQ
BB,BlackBerry Limited,Technology,Mid-Cap,8314475,NYQ
IVT,InvenTrust Properties Corp.,Real Estate,Mid-Cap,530060,NYQ
NEOG,Neogen Corporation,Healthcare,Mid-Cap,3916239,NMS
CVI,CVR Energy Inc.,Energy,Mid-Cap,1183357,NYQ
ALKT,"Alkami Technology, Inc.",Technology,Mid-Cap,1551404,NMS
ASGN,ASGN Incorporated,Technology,Mid-Cap,553254,NYQ
QFIN,"Qfin Holdings, Inc.",Financial Services,Mid-Cap,1872214,NMS
SM,SM Energy Company,Energy,Mid-Cap,3788742,NYQ
APPN,Appian Corporation,Technology,Mid-Cap,886716,NGM
NVTS,Navitas Semiconductor Corporati,Technology,Small-Cap,22942206,NGM
DHT,"DHT Holdings, Inc.",Energy,Mid-Cap,1956349,NYQ
PK,Park Hotels & Resorts Inc.,Real Estate,Mid-Cap,3785145,NYQ
HRMY,"Harmony Biosciences Holdings, I",Healthcare,Mid-Cap,755557,NGM
DX,"Dynex Capital, Inc.",Real Estate,Mid-Cap,5432816,NYQ
MGNI,"Magnite, Inc.",Communication Services,Mid-Cap,2583455,NMS
DNTH,"Dianthus Therapeutics, Inc.",Healthcare,Mid-Cap,745093,NCM
CRML,Critical Metals Corp.,Basic Materials,Small-Cap,14482754,NGM
CBZ,"CBIZ, Inc.",Industrials,Mid-Cap,686940,NYQ
BUR,Burford Capital Limited,Financial Services,Mid-Cap,2124449,NYQ
BHC,Bausch Health Companies Inc.,Healthcare,Mid-Cap,2589242,NYQ
DEI,"Douglas Emmett, Inc.",Real Estate,Mid-Cap,2253204,NYQ
GCMG,GCM Grosvenor Inc.,Financial Services,Mid-Cap,737229,NGM
AVDL,Avadel Pharmaceuticals plc,Healthcare,Mid-Cap,1924073,NGM
PLAB,"Photronics, Inc.",Technology,Mid-Cap,1346221,NMS
EYE,"National Vision Holdings, Inc.",Consumer Cyclical,Mid-Cap,1473178,NMS
OLMA,"Olema Pharmaceuticals, Inc.",Healthcare,Mid-Cap,3775003,NMS
GNL,"Global Net Lease, Inc.",Real Estate,Mid-Cap,1695955,NYQ
PGNY,"Progyny, Inc.",Healthcare,Mid-Cap,1582657,NMS
ARR,"ARMOUR Residential REIT, Inc.",Real Estate,Small-Cap,3219583,NYQ
VOYG,"Voyager Technologies, Inc.",Industrials,Small-Cap,1768093,NYQ
SEDG,"SolarEdge Technologies, Inc.",Technology,Small-Cap,3446265,NMS
KN,Knowles Corporation,Technology,Mid-Cap,703132,NYQ
UCTT,"Ultra Clean Holdings, Inc.",Technology,Small-Cap,699773,NMS
RVLV,"Revolve Group, Inc.",Consumer Cyclical,Small-Cap,1028531,NYQ
PRDO,Perdoceo Education Corporation,Consumer Defensive,Mid-Cap,709372,NMS
TALO,"Talos Energy, Inc.",Energy,Mid-Cap,2021837,NYQ
PCT,"PureCycle Technologies, Inc.",Industrials,Small-Cap,4338534,NCM
RNW,ReNew Energy Global plc,Utilities,Small-Cap,1359309,NMS
IQ,"iQIYI, Inc.",Communication Services,Mid-Cap,10760760,NMS
PRKS,United Parks & Resorts Inc.,Consumer Cyclical,Mid-Cap,1185075,NYQ
RUM,Rumble Inc.,Communication Services,Small-Cap,2819442,NGM
NTCT,"NetScout Systems, Inc.",Technology,Mid-Cap,505704,NMS
ADEA,Adeia Inc.,Technology,Small-Cap,961331,NMS
PWP,Perella Weinberg Partners,Financial Services,Mid-Cap,919137,NMS
NESR,National Energy Services Reunit,Energy,Small-Cap,1049160,NCM
OSW,OneSpaWorld Holdings Limited,Consumer Cyclical,Mid-Cap,564565,NCM
FMC,FMC Corporation,Basic Materials,Small-Cap,4905680,NYQ
PENN,"PENN Entertainment, Inc.",Consumer Cyclical,Small-Cap,3840575,NMS
CXW,"CoreCivic, Inc.",Industrials,Small-Cap,1032216,NYQ
KSS,Kohl's Corporation,Consumer Cyclical,Small-Cap,4744711,NYQ
ODD,ODDITY Tech Ltd.,Consumer Defensive,Small-Cap,959488,NGM
SLDE,"Slide Insurance Holdings, Inc.",Financial Services,Mid-Cap,1076911,NMS
SGRY,"Surgery Partners, Inc.",Healthcare,Small-Cap,1919329,NMS
ESRT,"Empire State Realty Trust, Inc.",Real Estate,Small-Cap,1445119,NYQ
WERN,"Werner Enterprises, Inc.",Industrials,Mid-Cap,1022096,NMS
HUN,Huntsman Corporation,Basic Materials,Small-Cap,5185739,NYQ
CMRE,Costamare Inc.,Industrials,Mid-Cap,511036,NYQ
NRIX,"Nurix Therapeutics, Inc.",Healthcare,Small-Cap,1611796,NGM
EXTR,"Extreme Networks, Inc.",Technology,Small-Cap,1495906,NMS
SBET,"SharpLink Gaming, Inc.",Consumer Cyclical,Small-Cap,8900272,NCM
VECO,Veeco Instruments Inc.,Technology,Small-Cap,661098,NMS
AESI,Atlas Energy Solutions Inc.,Energy,Small-Cap,2957640,NYQ
MQ,"Marqeta, Inc.",Technology,Small-Cap,4126657,NMS
TE,T1 Energy Inc.,Industrials,Small-Cap,19222996,NYQ
NN,NextNav Inc.,Technology,Small-Cap,1265544,NCM
CLVT,Clarivate Plc,Technology,Small-Cap,5259411,NYQ
AUPH,Aurinia Pharmaceuticals Inc,Healthcare,Small-Cap,1509316,NGM
PRGO,Perrigo Company plc,Healthcare,Small-Cap,3819908,NYQ
NUVB,Nuvation Bio Inc.,Healthcare,Small-Cap,7767039,NYQ
PDO,N/A,Financial Services,Small-Cap,638478,NYQ
CLMT,"Calumet, Inc",Basic Materials,Small-Cap,889037,NMS
ARDX,"Ardelyx, Inc.",Healthcare,Small-Cap,4441937,NGM
VAC,Marriott Vacations Worldwide Co,Consumer Cyclical,Small-Cap,723777,NYQ
ATRC,"AtriCure, Inc.",Healthcare,Small-Cap,524191,NGM
LAC,Lithium Americas Corp.,Basic Materials,Small-Cap,16365045,NYQ
GAB,"Gabelli Equity Trust, Inc. (The",Financial Services,Small-Cap,513670,NYQ
DRH,Diamondrock Hospitality Company,Real Estate,Small-Cap,3295477,NMS
NUV,"Nuveen Municipal Value Fund, In",Financial Services,Small-Cap,562901,NYQ
ESTA,Establishment Labs Holdings Inc,Healthcare,Small-Cap,537440,NCM
ZLAB,Zai Lab Limited,Healthcare,Small-Cap,865285,NGM
FIGS,"FIGS, Inc.",Consumer Cyclical,Small-Cap,2553114,NYQ
NOMD,Nomad Foods Limited,Consumer Defensive,Small-Cap,1967154,NYQ
HLMN,Hillman Solutions Corp.,Industrials,Small-Cap,1066573,NGM
REAL,"The RealReal, Inc.",Consumer Cyclical,Small-Cap,3295157,NMS
RCAT,"Red Cat Holdings, Inc.",Industrials,Small-Cap,10548040,NCM
IMAX,Imax Corporation,Communication Services,Small-Cap,1406137,NYQ
INOD,Innodata Inc.,Technology,Small-Cap,1255196,NGM
NWBI,"Northwest Bancshares, Inc.",Financial Services,Small-Cap,900288,NMS
SMPL,The Simply Good Foods Company,Consumer Defensive,Small-Cap,1960000,NCM
NEXA,Nexa Resources S.A.,Basic Materials,Small-Cap,599849,NYQ
XPRO,Expro Group Holdings N.V.,Energy,Small-Cap,1164183,NYQ
SEM,Select Medical Holdings Corpora,Healthcare,Small-Cap,991918,NYQ
QDEL,QuidelOrtho Corporation,Healthcare,Small-Cap,1239019,NMS
SNDX,"Syndax Pharmaceuticals, Inc.",Healthcare,Small-Cap,1936121,NMS
CRVS,"Corvus Pharmaceuticals, Inc.",Healthcare,Small-Cap,3414854,NGM
FCF,First,Financial Services,Small-Cap,681550,NYQ
VCEL,Vericel Corporation,Healthcare,Small-Cap,610224,NGM
AZTA,"Azenta, Inc.",Healthcare,Small-Cap,657693,NMS
NWL,Newell Brands Inc.,Consumer Defensive,Small-Cap,8785519,NMS
DQ,DAQO New Energy Corp.,Technology,Small-Cap,967457,NYQ
DVAX,Dynavax Technologies Corporatio,Healthcare,Small-Cap,3052511,NMS
USA,Liberty All-Star Equity Fund,Financial Services,Small-Cap,1364990,NYQ
UNIT,Uniti Group Inc.,Real Estate,Small-Cap,2526781,NMS
SEMR,"SEMrush Holdings, Inc.",Technology,Small-Cap,2822924,NYQ
DV,"DoubleVerify Holdings, Inc.",Communication Services,Small-Cap,2607473,NYQ
MD,"Pediatrix Medical Group, Inc.",Healthcare,Small-Cap,925532,NYQ
PRGS,Progress Software Corporation,Technology,Small-Cap,644414,NMS
PARR,"Par Pacific Holdings, Inc. Comm",Energy,Small-Cap,1238326,NYQ
SONO,"Sonos, Inc.",Technology,Small-Cap,1516426,NMS
AI,"C3.ai, Inc.",Technology,Small-Cap,6230921,NYQ
FUN,Six Flags Entertainment Corpora,Consumer Cyclical,Small-Cap,3518585,NYQ
NNE,Nano Nuclear Energy Inc.,Industrials,Small-Cap,2052988,NCM
ZYME,Zymeworks Inc.,Healthcare,Small-Cap,1165236,NMS
MCW,"Mister Car Wash, Inc.",Consumer Cyclical,Small-Cap,1272624,NMS
TV,Grupo Televisa S.A.B.,Communication Services,Small-Cap,1520255,NYQ
ADNT,Adient plc,Consumer Cyclical,Small-Cap,1256890,NYQ
GLUE,"Monte Rosa Therapeutics, Inc.",Healthcare,Small-Cap,1581486,NMS
SHCO,Soho House & Co Inc.,Consumer Cyclical,Small-Cap,1266145,NYQ
UPB,"Upstream Bio, Inc.",Healthcare,Small-Cap,549506,NMS
SMA,"SmartStop Self Storage REIT, In",Real Estate,Small-Cap,762891,NYQ
PBI,Pitney Bowes Inc.,Industrials,Small-Cap,2543206,NYQ
HLF,Herbalife Ltd.,Consumer Defensive,Small-Cap,2055665,NYQ
NTST,NetSTREIT Corp.,Real Estate,Small-Cap,1214972,NYQ
JAMF,Jamf Holding Corp.,Technology,Small-Cap,2412316,NMS
AMRC,"Ameresco, Inc.",Industrials,Small-Cap,510691,NYQ
CLDX,"Celldex Therapeutics, Inc.",Healthcare,Small-Cap,778318,NCM
NAC,Nuveen California Quality Munic,Financial Services,Small-Cap,567398,NYQ
ARRY,"Array Technologies, Inc.",Technology,Small-Cap,6567404,NGM
AVAH,Aveanna Healthcare Holdings Inc,Healthcare,Small-Cap,1218642,NMS
YELP,Yelp Inc.,Communication Services,Small-Cap,993468,NYQ
KDK,"Kodiak AI, Inc.",Technology,Small-Cap,774245,NGM
JBLU,JetBlue Airways Corporation,Industrials,Small-Cap,18184588,NMS
PRCT,PROCEPT BioRobotics Corporation,Healthcare,Small-Cap,1421509,NGM
NTLA,"Intellia Therapeutics, Inc.",Healthcare,Small-Cap,6009414,NGM
MNKD,MannKind Corporation,Healthcare,Small-Cap,3727814,NGM
PSIX,"Power Solutions International, ",Industrials,Small-Cap,583911,NCM
DFTX,"Definium Therapeutics, Inc.",Healthcare,Small-Cap,2043881,NMS
DK,"Delek US Holdings, Inc.",Energy,Small-Cap,1447300,NYQ
ORKA,"Oruka Therapeutics, Inc.",Healthcare,Small-Cap,551268,NGM
STOK,"Stoke Therapeutics, Inc.",Healthcare,Small-Cap,945237,NMS
SHO,"Sunstone Hotel Investors, Inc. ",Real Estate,Small-Cap,1856008,NYQ
BHVN,Biohaven Ltd.,Healthcare,Small-Cap,4275206,NYQ
TYRA,"Tyra Biosciences, Inc.",Healthcare,Small-Cap,547760,NMS
AGIO,"Agios Pharmaceuticals, Inc.",Healthcare,Small-Cap,1650472,NMS
AMLX,"Amylyx Pharmaceuticals, Inc.",Healthcare,Small-Cap,1625818,NMS
PGEN,"Precigen, Inc.",Healthcare,Small-Cap,4539419,NMS
NSP,"Insperity, Inc.",Industrials,Small-Cap,1111321,NYQ
PGY,Pagaya Technologies Ltd.,Technology,Small-Cap,3409452,NCM
RAPT,"RAPT Therapeutics, Inc.",Healthcare,Small-Cap,1167472,NGM
ALVO,Alvotech,Healthcare,Small-Cap,604067,NGM
MUX,McEwen Inc.,Basic Materials,Small-Cap,1316326,NYQ
VRE,"Veris Residential, Inc.",Real Estate,Small-Cap,696903,NYQ
HTZ,"Hertz Global Holdings, Inc",Industrials,Small-Cap,9615831,NMS
RAMP,"LiveRamp Holdings, Inc.",Technology,Small-Cap,568865,NYQ
ABR,Arbor Realty Trust,Real Estate,Small-Cap,3916967,NYQ
MXL,"MaxLinear, Inc",Technology,Small-Cap,1182460,NMS
ARCO,Arcos Dorados Holdings Inc.,Consumer Cyclical,Small-Cap,1129590,NYQ
RQI,Cohen & Steers Quality Income R,Financial Services,Small-Cap,585088,NYQ
LOMA,Loma Negra Compania Industrial ,Basic Materials,Small-Cap,514190,NYQ
FLYW,Flywire Corporation - Voting,Technology,Small-Cap,1426218,NMS
SVV,"Savers Value Village, Inc.",Consumer Cyclical,Small-Cap,1107200,NYQ
SKYT,"SkyWater Technology, Inc.",Technology,Small-Cap,2532257,NCM
WLY,"John Wiley & Sons, Inc.",Communication Services,Small-Cap,577837,NYQ
ASM,Avino Silver & Gold Mines Ltd.,Basic Materials,Small-Cap,5835519,ASE
ZD,"Ziff Davis, Inc.",Communication Services,Small-Cap,641337,NMS
MBX,"MBX Biosciences, Inc.",Healthcare,Small-Cap,769534,NMS
CXM,"Sprinklr, Inc.",Technology,Small-Cap,1806567,NYQ
NEO,"NeoGenomics, Inc.",Healthcare,Small-Cap,1984885,NCM
LEG,"Leggett & Platt, Incorporated",Consumer Cyclical,Small-Cap,1818962,NYQ
SHLS,"Shoals Technologies Group, Inc.",Technology,Small-Cap,4432036,NGM
LZ,"LegalZoom.com, Inc.",Industrials,Small-Cap,2148926,NMS
STGW,Stagwell Inc.,Communication Services,Small-Cap,2887686,NMS
AXGN,"AxoGen, Inc.",Healthcare,Small-Cap,916762,NCM
TNGX,"Tango Therapeutics, Inc.",Healthcare,Small-Cap,2974027,NGM
NVAX,"Novavax, Inc.",Healthcare,Small-Cap,4614621,NMS
TTI,"Tetra Technologies, Inc.",Industrials,Small-Cap,2125168,NYQ
HROW,"Harrow, Inc.",Healthcare,Small-Cap,614467,NGM
BTGO,"BitGo Holdings, Inc.",Financial Services,Small-Cap,5146957,NYQ
FTRE,Fortrea Holdings Inc.,Healthcare,Small-Cap,1355878,NMS
LSPD,Lightspeed Commerce Inc. Subord,Technology,Small-Cap,553044,NYQ
GSG,iShares GSCI Commodity-Indexed ,N/A,Small-Cap,729340,PCX
ENVX,Enovix Corporation,Industrials,Small-Cap,6739931,NMS
TIGR,UP Fintech Holding Limited,Financial Services,Small-Cap,3694042,NMS
HOPE,"Hope Bancorp, Inc.",Financial Services,Small-Cap,984036,NMS
BITF,Bitfarms Ltd.,Financial Services,Small-Cap,53765714,NGM
JMIA,Jumia Technologies AG,Consumer Cyclical,Small-Cap,3129400,NYQ
ELVN,"Enliven Therapeutics, Inc.",Healthcare,Small-Cap,995383,NMS
CERT,"Certara, Inc.",Healthcare,Small-Cap,2271749,NMS
LZB,La-Z-Boy Incorporated,Consumer Cyclical,Small-Cap,530152,NYQ
BCAT,N/A,Financial Services,Small-Cap,669749,NYQ
FSLY,"Fastly, Inc.",Technology,Small-Cap,4478254,NMS
BAK,Braskem SA,Basic Materials,Small-Cap,1150190,NYQ
ORC,"Orchid Island Capital, Inc.",Real Estate,Small-Cap,6155734,NYQ
TRIP,"TripAdvisor, Inc.",Consumer Cyclical,Small-Cap,2460172,NMS
ACVA,ACV Auctions Inc.,Consumer Cyclical,Small-Cap,3873645,NYQ
IAUX,i-80 Gold Corp.,Basic Materials,Small-Cap,6809763,ASE
UTI,Universal Technical Institute I,Consumer Defensive,Small-Cap,736331,NYQ
AMSC,American Superconductor Corpora,Industrials,Small-Cap,971600,NMS
MBC,"MasterBrand, Inc.",Consumer Cyclical,Small-Cap,1668178,NYQ
WEN,Wendy's Company (The),Consumer Cyclical,Small-Cap,6917226,NMS
METC,"Ramaco Resources, Inc.",Basic Materials,Small-Cap,3337377,NMS
QURE,uniQure N.V.,Healthcare,Small-Cap,3165272,NMS
NVRI,Enviri Corporation,Industrials,Small-Cap,1822988,NYQ
SGML,Sigma Lithium Corporation,Basic Materials,Small-Cap,6501881,NCM
XHR,"Xenia Hotels & Resorts, Inc.",Real Estate,Small-Cap,952255,NYQ
BVC,BitVentures Limited,Technology,Small-Cap,1239734,NCM
ALEX,"Alexander & Baldwin, Inc.",Real Estate,Small-Cap,921545,NYQ
AMPX,"Amprius Technologies, Inc.",Industrials,Small-Cap,7186585,NYQ
KOD,Kodiak Sciences Inc,Healthcare,Small-Cap,854639,NGM
SBH,"Sally Beauty Holdings, Inc. (Na",Consumer Cyclical,Small-Cap,1784198,NYQ
DOLE,Dole plc,Consumer Defensive,Small-Cap,867913,NYQ
VET,Vermilion Energy Inc.,Energy,Small-Cap,1511413,NYQ
ENR,"Energizer Holdings, Inc.",Industrials,Small-Cap,1338383,NYQ
EFC,Ellington Financial Inc.,Real Estate,Small-Cap,1727629,NYQ
CSIQ,Canadian Solar Inc.,Technology,Small-Cap,5409234,NMS
ABTC,American Bitcoin Corp.,Financial Services,Small-Cap,11791754,NCM
HIMX,"Himax Technologies, Inc.",Technology,Small-Cap,1046514,NMS
INVA,"Innoviva, Inc.",Healthcare,Small-Cap,833855,NMS
ARHS,"Arhaus, Inc.",Consumer Cyclical,Small-Cap,1283860,NMS
RLAY,"Relay Therapeutics, Inc.",Healthcare,Small-Cap,2258306,NGM
OUST,"Ouster, Inc.",Technology,Small-Cap,2052813,NMS
NVCR,NovoCure Limited,Healthcare,Small-Cap,1537063,NMS
HYT,Blackrock Corporate High Yield ,Financial Services,Small-Cap,1005472,NYQ
EVEX,"Eve Holding, Inc.",Industrials,Small-Cap,1345277,NYQ
CTOS,"Custom Truck One Source, Inc.",Industrials,Small-Cap,753639,NYQ
BTX,BlackRock Technology and Privat,Financial Services,Small-Cap,968721,NYQ
WKC,World Kinect Corporation,Energy,Small-Cap,898413,NYQ
GCT,GigaCloud Technology Inc,Technology,Small-Cap,638926,NGM
EXPI,"eXp World Holdings, Inc.",Real Estate,Small-Cap,1312293,NGM
JKS,JinkoSolar Holding Company Limi,Technology,Small-Cap,757334,NYQ
RES,"RPC, Inc.",Energy,Small-Cap,1859429,NYQ
FIVN,"Five9, Inc.",Technology,Small-Cap,2089767,NGM
SOC,Sable Offshore Corp.,Energy,Small-Cap,9438108,NYQ
COLL,"Collegium Pharmaceutical, Inc.",Healthcare,Small-Cap,549024,NMS
ATAI,AtaiBeckley Inc.,Healthcare,Small-Cap,4070159,NGM
WTTR,"Select Water Solutions, Inc.",Energy,Small-Cap,761257,NYQ
KRP,Kimbell Royalty Partners,Energy,Small-Cap,671722,NYQ
MSDL,N/A,Financial Services,Small-Cap,793339,NYQ
LADR,Ladder Capital Corp,Real Estate,Small-Cap,671278,NYQ
TWO,Two Harbors Investment Corp,Real Estate,Small-Cap,2817765,NYQ
BCRX,"BioCryst Pharmaceuticals, Inc.",Healthcare,Small-Cap,4425067,NMS
ARI,Apollo Commercial Real Estate F,Real Estate,Small-Cap,1078016,NYQ
GILT,Gilat Satellite Networks Ltd.,Technology,Small-Cap,718972,NMS
TRVI,"Trevi Therapeutics, Inc.",Healthcare,Small-Cap,1836390,NGM
WWW,"Wolverine World Wide, Inc.",Consumer Cyclical,Small-Cap,2015954,NYQ
TRS,TriMas Corporation,Consumer Cyclical,Small-Cap,638467,NMS
VYX,NCR Voyix Corporation,Technology,Small-Cap,2117670,NYQ
ARLO,"Arlo Technologies, Inc.",Industrials,Small-Cap,1254377,NYQ
ANAB,"AnaptysBio, Inc.",Healthcare,Small-Cap,551608,NMS
MAN,ManpowerGroup,Industrials,Small-Cap,1016545,NYQ
MRVI,"Maravai LifeSciences Holdings, ",Healthcare,Small-Cap,1318508,NMS
NAK,"Northern Dynasty Minerals, Ltd.",Basic Materials,Small-Cap,8698704,ASE
UAMY,United States Antimony Corporat,Basic Materials,Small-Cap,12674747,ASE
BORR,Borr Drilling Limited,Energy,Small-Cap,4998129,NYQ
PEB,Pebblebrook Hotel Trust,Real Estate,Small-Cap,2058519,NYQ
LAR,Lithium Argentina AG,Basic Materials,Small-Cap,3516613,NYQ
AHCO,AdaptHealth Corp.,Healthcare,Small-Cap,1072777,NCM
NEXT,NextDecade Corporation,Energy,Small-Cap,3125972,NCM
TUYA,Tuya Inc.,Technology,Small-Cap,1016367,NYQ
TNDM,"Tandem Diabetes Care, Inc.",Healthcare,Small-Cap,1890529,NGM
DHC,Diversified Healthcare Trust,Real Estate,Small-Cap,1236301,NMS
OXLC,Oxford Lane Capital Corp.,Financial Services,Small-Cap,1230270,NGM
KW,Kennedy-Wilson Holdings Inc.,Real Estate,Small-Cap,1034477,NYQ
PSEC,Prospect Capital Corporation,Financial Services,Small-Cap,4079921,NMS
COHU,"Cohu, Inc.",Technology,Small-Cap,641729,NMS
HCSG,"Healthcare Services Group, Inc.",Healthcare,Small-Cap,679190,NMS
CSWC,Capital Southwest Corporation,Financial Services,Small-Cap,607060,NMS
WLTH,Wealthfront Corporation,Technology,Small-Cap,1811622,NMS
FINV,FinVolution Group,Financial Services,Small-Cap,1410209,NYQ
PLTK,Playtika Holding Corp.,Communication Services,Small-Cap,1266616,NMS
MLKN,"MillerKnoll, Inc.",Consumer Cyclical,Small-Cap,848200,NMS
IMTX,Immatics N.V.,Healthcare,Small-Cap,518014,NCM
UMH,"UMH Properties, Inc.",Real Estate,Small-Cap,612096,NYQ
AMPL,"Amplitude, Inc.",Technology,Small-Cap,1400939,NCM
SANA,"Sana Biotechnology, Inc.",Healthcare,Small-Cap,3961554,NMS
WGO,"Winnebago Industries, Inc.",Consumer Cyclical,Small-Cap,600396,NYQ
SLI,Standard Lithium Ltd.,Basic Materials,Small-Cap,3677239,ASE
EYPT,"EyePoint, Inc.",Healthcare,Small-Cap,1167426,NGM
LMRI,"Lumexa Imaging Holdings, Inc.",Healthcare,Small-Cap,814324,NMS
ATEN,"A10 Networks, Inc.",Technology,Small-Cap,685065,NYQ
DSL,DoubleLine Income Solutions Fun,Financial Services,Small-Cap,761652,NYQ
TSHA,"Taysha Gene Therapies, Inc.",Healthcare,Small-Cap,3394177,NMS
EZPW,"EZCORP, Inc.",Financial Services,Small-Cap,921908,NMS
RERE,ATRenew Inc.,Consumer Cyclical,Small-Cap,1529267,NYQ
AGRO,Adecoagro S.A.,Consumer Defensive,Small-Cap,859742,NYQ
CAPR,"Capricor Therapeutics, Inc.",Healthcare,Small-Cap,2868208,NCM
JFR,Nuveen Floating Rate Income Fun,Financial Services,Small-Cap,1005544,NYQ
CRI,"Carter's, Inc.",Consumer Cyclical,Small-Cap,1099468,NYQ
TRIN,Trinity Capital Inc.,Financial Services,Small-Cap,1030388,NMS
DAWN,"Day One Biopharmaceuticals, Inc",Healthcare,Small-Cap,3006363,NMS
GOLD,"Gold.com, Inc.",Financial Services,Small-Cap,600349,NYQ
ENOV,Enovis Corporation,Healthcare,Small-Cap,963147,NYQ
BV,"BrightView Holdings, Inc.",Industrials,Small-Cap,677765,NYQ
XERS,"Xeris Biopharma Holdings, Inc.",Healthcare,Small-Cap,2423649,NMS
ECVT,Ecovyst Inc.,Basic Materials,Small-Cap,1329757,NYQ
VITL,"Vital Farms, Inc.",Consumer Defensive,Small-Cap,1832924,NGM
THS,"Treehouse Foods, Inc.",Consumer Defensive,Small-Cap,988000,NYQ
OPRA,Opera Limited,Communication Services,Small-Cap,668760,NMS
NABL,"N-able, Inc.",Technology,Small-Cap,907511,NYQ
CRF,33138,Financial Services,Small-Cap,1377019,NYQ
TBLA,Taboola.com Ltd.,Communication Services,Small-Cap,1947740,NMS
CNMD,CONMED Corporation,Healthcare,Small-Cap,611736,NYQ
GOOS,Canada Goose Holdings Inc. Subo,Consumer Cyclical,Small-Cap,798100,NYQ
CLOV,"Clover Health Investments, Corp",Healthcare,Small-Cap,5962001,NMS
RZLV,Rezolve AI PLC,Technology,Small-Cap,23222552,NGM
FSCO,N/A,Financial Services,Small-Cap,1405436,NYQ
PX,"P10, Inc.",Financial Services,Small-Cap,500288,NYQ
ACHC,"Acadia Healthcare Company, Inc.",Healthcare,Small-Cap,3225867,NMS
DEA,"Easterly Government Properties,",Real Estate,Small-Cap,521432,NYQ
LPG,Dorian LPG Ltd.,Energy,Small-Cap,502347,NYQ
ABCL,AbCellera Biologics Inc.,Healthcare,Small-Cap,4387067,NMS
ARDT,"Ardent Health, Inc.",Healthcare,Small-Cap,565311,NYQ
SVRA,"Savara, Inc.",Healthcare,Small-Cap,2506891,NMS
PZZA,"Papa John's International, Inc.",Consumer Cyclical,Small-Cap,1343349,NMS
RR,Richtech Robotics Inc.,Industrials,Small-Cap,32568491,NCM
IOVA,"Iovance Biotherapeutics, Inc.",Healthcare,Small-Cap,14667544,NGM
ORIC,"Oric Pharmaceuticals, Inc.",Healthcare,Small-Cap,1484009,NMS
TMQ,Trilogy Metals Inc.,Basic Materials,Small-Cap,5181478,ASE
PMT,PennyMac Mortgage Investment Tr,Real Estate,Small-Cap,1014854,NYQ
NPKI,NPK International Inc.,Energy,Small-Cap,734777,NYQ
CCOI,"Cogent Communications Holdings,",Communication Services,Small-Cap,1524588,NMS
HLIT,Harmonic Inc.,Technology,Small-Cap,1060186,NMS
BW,"Babcock & Wilcox Enterprises, I",Industrials,Small-Cap,4338614,NYQ
MLTX,MoonLake Immunotherapeutics,Healthcare,Small-Cap,2480906,NCM
NFGC,New Found Gold Corp,Basic Materials,Small-Cap,1811806,ASE
CMPX,"Compass Therapeutics, Inc.",Healthcare,Small-Cap,2187083,NCM
PAR,PAR Technology Corporation,Technology,Small-Cap,751829,NYQ
EVLV,"Evolv Technologies Holdings, In",Industrials,Small-Cap,2758050,NCM
ULCC,"Frontier Group Holdings, Inc.",Industrials,Small-Cap,3881844,NMS
RLJ,RLJ Lodging Trust,Real Estate,Small-Cap,1944286,NYQ
SUPV,Grupo Supervielle S.A.,Financial Services,Small-Cap,1408350,NYQ
HLX,"Helix Energy Solutions Group, I",Energy,Small-Cap,1576698,NYQ
MOMO,Hello Group Inc.,Communication Services,Small-Cap,1058522,NMS
BFLY,"Butterfly Network, Inc.",Healthcare,Small-Cap,6269288,NYQ
AKTS,"Aktis Oncology, Inc.",Healthcare,Small-Cap,553535,NMS
UPBD,"Upbound Group, Inc.",Technology,Small-Cap,772568,NMS
PUMP,ProPetro Holding Corp.,Energy,Small-Cap,2783986,NYQ
SFL,SFL Corporation Ltd,Industrials,Small-Cap,1299255,NYQ
PHAT,"Phathom Pharmaceuticals, Inc.",Healthcare,Small-Cap,1055670,NMS
OCSL,Oaktree Specialty Lending Corpo,Financial Services,Small-Cap,713645,NMS
VLRS,Controladora Vuela Compania de ,Industrials,Small-Cap,537754,NYQ
GROY,Gold Royalty Corp.,Basic Materials,Small-Cap,3558240,ASE
CDNA,"CareDx, Inc.",Healthcare,Small-Cap,889006,NGM
SDGR,"Schrodinger, Inc.",Healthcare,Small-Cap,995221,NMS
CIM,Chimera Investment Corporation,Real Estate,Small-Cap,802439,NYQ
JBGS,JBG SMITH Properties,Real Estate,Small-Cap,605140,NYQ
ZBIO,"Zenas BioPharma, Inc.",Healthcare,Small-Cap,672362,NMS
GEMI,"Gemini Space Station, Inc.",Financial Services,Small-Cap,2016549,NMS
ASTH,Astrana Health Inc.,Healthcare,Small-Cap,565708,NCM
GSBD,"Goldman Sachs BDC, Inc.",Financial Services,Small-Cap,1366540,NYQ
VIR,"Vir Biotechnology, Inc.",Healthcare,Small-Cap,1802231,NMS
OLPX,"Olaplex Holdings, Inc.",Consumer Cyclical,Small-Cap,1565249,NMS
ICHR,Ichor Holdings,Technology,Small-Cap,848345,NMS
OCFC,OceanFirst Financial Corp.,Financial Services,Small-Cap,533567,NMS
AOD,Aberdeen Total Dynamic Dividend,Financial Services,Small-Cap,525296,NYQ
MFIC,MidCap Financial Investment Cor,Financial Services,Small-Cap,660683,NMS
TDOC,"Teladoc Health, Inc.",Healthcare,Small-Cap,5720855,NYQ
CRON,Cronos Group Inc. Common Share,Healthcare,Small-Cap,2273790,NGM
SPRY,"ARS Pharmaceuticals, Inc.",Healthcare,Small-Cap,1959237,NGM
PENG,"Penguin Solutions, Inc.",Technology,Small-Cap,1166037,NMS
COUR,"Coursera, Inc.",Consumer Defensive,Small-Cap,3481188,NYQ
PDM,"Piedmont Realty Trust, Inc.",Real Estate,Small-Cap,711811,NYQ
INMD,InMode Ltd.,Healthcare,Small-Cap,706380,NMS
GLDD,Great Lakes Dredge & Dock Corpo,Industrials,Small-Cap,606285,NMS
CRTO,Criteo S.A.,Communication Services,Small-Cap,541454,NMS
TROX,Tronox Holdings plc,Basic Materials,Small-Cap,4234614,NYQ
MFA,"MFA Financial, Inc.",Real Estate,Small-Cap,1282003,NYQ
OPK,"Opko Health, Inc.",Healthcare,Small-Cap,3307122,NMS
PD,"PagerDuty, Inc.",Technology,Small-Cap,2257755,NYQ
URGN,UroGen Pharma Ltd.,Healthcare,Small-Cap,978644,NGM
ASST,"Strive, Inc.",Financial Services,Small-Cap,102691368,NGM
MRTN,"Marten Transport, Ltd.",Industrials,Small-Cap,822134,NMS
CCO,"Clear Channel Outdoor Holdings,",Communication Services,Small-Cap,2305703,NYQ
DEC,Diversified Energy Company,Energy,Small-Cap,579680,NYQ
CTMX,"CytomX Therapeutics, Inc.",Healthcare,Small-Cap,3301126,NMS
VTYX,"Ventyx Biosciences, Inc.",Healthcare,Small-Cap,3232978,NMS
ARVN,"Arvinas, Inc.",Healthcare,Small-Cap,1495463,NMS
SLDP,"Solid Power, Inc.",Consumer Cyclical,Small-Cap,9959586,NMS
ANNX,"Annexon, Inc.",Healthcare,Small-Cap,2900750,NMS
GO,Grocery Outlet Holding Corp.,Consumer Defensive,Small-Cap,2740934,NMS
TLRY,"Tilray Brands, Inc.",Healthcare,Small-Cap,10011905,NMS
FWRG,"First Watch Restaurant Group, I",Consumer Cyclical,Small-Cap,1261698,NMS
ODV,Osisko Development Corp.,Basic Materials,Small-Cap,1631993,NYQ
BKSY,BlackSky Technology Inc.,Industrials,Small-Cap,1633200,NYQ
ASPI,ASP Isotopes Inc.,Basic Materials,Small-Cap,6361808,NCM
BBDC,"Barings BDC, Inc.",Financial Services,Small-Cap,649893,NYQ
JBI,"Janus International Group, Inc.",Industrials,Small-Cap,1697154,NYQ
SSYS,"Stratasys, Ltd.",Technology,Small-Cap,929262,NMS
WBI,WaterBridge Infrastructure LLC,Energy,Small-Cap,502224,NYQ
EH,EHang Holdings Limited,Industrials,Small-Cap,942449,NGM
HUYA,HUYA Inc.,Communication Services,Small-Cap,1699680,NYQ
AVO,"Mission Produce, Inc.",Consumer Defensive,Small-Cap,633190,NMS
SERV,Serve Robotics Inc.,Industrials,Small-Cap,7096808,NCM
PFLT,PennantPark Floating Rate Capit,Financial Services,Small-Cap,977824,NYQ
OMDA,"Omada Health, Inc.",Healthcare,Small-Cap,1016595,NMS
XNCR,"Xencor, Inc.",Healthcare,Small-Cap,788542,NGM
STAA,STAAR Surgical Company,Healthcare,Small-Cap,1344024,NGM
EVGO,EVgo Inc.,Consumer Cyclical,Small-Cap,3601936,NMS
CRCT,"Cricut, Inc.",Technology,Small-Cap,543170,NMS
NRDS,"NerdWallet, Inc.",Communication Services,Small-Cap,803168,NGM
MVST,"Microvast Holdings, Inc.",Consumer Cyclical,Small-Cap,4987762,NCM
AXTI,AXT Inc,Technology,Small-Cap,5332390,NMS
INDI,"indie Semiconductor, Inc.",Technology,Small-Cap,3231378,NCM
YEXT,"Yext, Inc.",Technology,Small-Cap,882321,NYQ
XIFR,"XPLR Infrastructure, LP",Utilities,Small-Cap,1421763,NYQ
GSM,Ferroglobe PLC,Basic Materials,Small-Cap,1394700,NCM
UTZ,Utz Brands Inc,Consumer Defensive,Small-Cap,1572091,NYQ
PSNL,"Personalis, Inc.",Healthcare,Small-Cap,1524573,NGM
PHR,"Phreesia, Inc.",Healthcare,Small-Cap,1242519,NYQ
NMAX,"Newsmax, Inc.",Communication Services,Small-Cap,992080,NYQ
BCAX,Bicara Therapeutics Inc.,Healthcare,Small-Cap,605419,NGM
CFFN,"Capitol Federal Financial, Inc.",Financial Services,Small-Cap,935247,NMS
AHMA,Ambitions Enterprise Management,Consumer Cyclical,Small-Cap,1857983,NCM
NB,NioCorp Developments Ltd.,Basic Materials,Small-Cap,5208870,NGM
CGBD,"Carlyle Secured Lending, Inc.",Financial Services,Small-Cap,510583,NMS
SNCY,"Sun Country Airlines Holdings, ",Industrials,Small-Cap,1220940,NMS
ACDC,ProFrac Holding Corp.,Energy,Small-Cap,1292754,NMS
NMFC,New Mountain Finance Corporatio,Financial Services,Small-Cap,684157,NMS
EPC,Edgewell Personal Care Company,Consumer Defensive,Small-Cap,707145,NYQ
OMER,Omeros Corporation,Healthcare,Small-Cap,2600732,NGM
ALIT,"Alight, Inc.",Technology,Small-Cap,13286914,NYQ
CWH,"Camping World Holdings, Inc.",Consumer Cyclical,Small-Cap,2230716,NYQ
POET,POET Technologies Inc.,Technology,Small-Cap,9155191,NCM
VSTS,Vestis Corporation,Industrials,Small-Cap,2548491,NYQ
JANX,"Janux Therapeutics, Inc.",Healthcare,Small-Cap,2061065,NGM
CCCX,Churchill Capital Corp X,Financial Services,Small-Cap,2183357,NGM
GERN,Geron Corporation,Healthcare,Small-Cap,8890439,NMS
TDAY,"USA TODAY Co., Inc.",Communication Services,Small-Cap,1524022,NYQ
HNRG,Hallador Energy Company,Energy,Small-Cap,582026,NCM
NRGV,"Energy Vault Holdings, Inc.",Utilities,Small-Cap,3225157,NYQ
FWRD,Forward Air Corporation,Industrials,Small-Cap,560557,NMS
AEVA,"Aeva Technologies, Inc.",Technology,Small-Cap,2947921,NMS
GGN,"GAMCO Global Gold, Natural Reso",Financial Services,Small-Cap,631191,ASE
NAT,Nordic American Tankers Limited,Energy,Small-Cap,2845452,NYQ
IART,Integra LifeSciences Holdings C,Healthcare,Small-Cap,850173,NMS
OPFI,OppFi Inc.,Financial Services,Small-Cap,564821,NYQ
PHK,Pimco High Income Fund Pimco Hi,Financial Services,Small-Cap,715072,NYQ
PCRX,"Pacira BioSciences, Inc.",Healthcare,Small-Cap,906470,NMS
IMSR,Terrestrial Energy Inc.,Utilities,Small-Cap,2945096,NMS
LAES,SEALSQ Corp,Technology,Small-Cap,13333988,NMS
SPPP,"""Sprott Physical Platinum and P",Financial Services,Small-Cap,1252913,NYQ
NX,Quanex Building Products Corpor,Industrials,Small-Cap,787098,NYQ
FBRT,"Franklin BSP Realty Trust, Inc.",Real Estate,Small-Cap,731626,NYQ
LDI,"loanDepot, Inc.",Financial Services,Small-Cap,4355688,NYQ
AEHR,Aehr Test Systems,Technology,Small-Cap,903700,NCM
AIV,Apartment Investment and Manage,Real Estate,Small-Cap,1985514,NYQ
IRWD,"Ironwood Pharmaceuticals, Inc.",Healthcare,Small-Cap,4567686,NMS
PRCH,"Porch Group, Inc.",Technology,Small-Cap,1792737,NCM
TK,Teekay Corporation Ltd.,Energy,Small-Cap,600845,NYQ
WYFI,"WhiteFiber, Inc.",Technology,Small-Cap,1155426,NCM
RPD,"Rapid7, Inc.",Technology,Small-Cap,1188765,NGM
GPRE,"Green Plains, Inc.",Basic Materials,Small-Cap,1387149,NMS
BIOA,"BioAge Labs, Inc.",Healthcare,Small-Cap,587654,NMS
FUBO,fuboTV Inc.,Communication Services,Small-Cap,13046847,NYQ
ESPR,"Esperion Therapeutics, Inc.",Healthcare,Small-Cap,6117783,NGM
GAU,Galiano Gold Inc.,Basic Materials,Small-Cap,2728080,ASE
GDRX,"GoodRx Holdings, Inc.",Healthcare,Small-Cap,2354691,NMS
QNST,"QuinStreet, Inc.",Communication Services,Small-Cap,574490,NMS
ITRG,Integra Resources Corp.,Basic Materials,Small-Cap,2188995,ASE
WRN,Western Copper and Gold Corpora,Basic Materials,Small-Cap,1391736,ASE
SES,SES AI Corporation,Consumer Cyclical,Small-Cap,7696408,NYQ
FOXF,Fox Factory Holding Corp.,Consumer Cyclical,Small-Cap,903798,NMS
HTLD,"Heartland Express, Inc.",Industrials,Small-Cap,566222,NMS
NXDR,"Nextdoor Holdings, Inc.",Communication Services,Small-Cap,6246091,NYQ
ABUS,Arbutus Biopharma Corporation,Healthcare,Small-Cap,1286304,NMS
WOOF,Petco Health and Wellness Compa,Consumer Cyclical,Small-Cap,2476986,NMS
AMN,AMN Healthcare Services Inc,Healthcare,Small-Cap,1184342,NYQ
CTLP,"Cantaloupe, Inc.",Technology,Small-Cap,794731,NMS
MTA,Metalla Royalty & Streaming Ltd,Basic Materials,Small-Cap,546388,ASE
ABX,"Abacus Global Management, Inc.",Financial Services,Small-Cap,670170,NYQ
SWIM,"Latham Group, Inc.",Industrials,Small-Cap,712963,NMS
REAX,"The Real Brokerage, Inc.",Real Estate,Small-Cap,1538645,NCM
MDXG,"MiMedx Group, Inc",Healthcare,Small-Cap,946708,NCM
BLDP,"Ballard Power Systems, Inc.",Industrials,Small-Cap,4543745,NGM
PACB,Pacific Biosciences of Californ,Healthcare,Small-Cap,8551167,NMS
HTBK,Heritage Commerce Corp,Financial Services,Small-Cap,772844,NMS
BRSP,"BrightSpire Capital, Inc.",Real Estate,Small-Cap,732206,NYQ
NKTR,Nektar Therapeutics,Healthcare,Small-Cap,794390,NCM
ADTN,"ADTRAN Holdings, Inc.",Technology,Small-Cap,1454654,NMS
CNNE,"Cannae Holdings, Inc.",Consumer Cyclical,Small-Cap,648231,NYQ
PRME,"Prime Medicine, Inc.",Healthcare,Small-Cap,3729183,NGM
SG,"Sweetgreen, Inc.",Consumer Cyclical,Small-Cap,5566622,NYQ
AXG,Solowin Holdings,Financial Services,Small-Cap,787931,NCM
RWT,"Redwood Trust, Inc.",Real Estate,Small-Cap,1416142,NYQ
ADAM,"Adamas Trust, Inc.",Real Estate,Small-Cap,674885,NMS
SFIX,"Stitch Fix, Inc.",Consumer Cyclical,Small-Cap,2331334,NMS
JQC,Nuveen Credit Strategies Income,Financial Services,Small-Cap,935377,NYQ
KALV,"KalVista Pharmaceuticals, Inc.",Healthcare,Small-Cap,1348427,NGM
VTIX,Virtuix Holdings Inc.,Technology,Micro-Cap,1849400,NGM
DC,Dakota Gold Corp.,Basic Materials,Small-Cap,1246150,ASE
ECC,Eagle Point Credit Company Inc.,Financial Services,Small-Cap,1633965,NYQ
SLS,"SELLAS Life Sciences Group, Inc",Healthcare,Small-Cap,7966995,NCM
SATL,Satellogic Inc.,Industrials,Small-Cap,6645357,NCM
ENGN,enGene Holdings Inc.,Healthcare,Small-Cap,1310722,NCM
NEWP,New Pacific Metals Corp.,Basic Materials,Small-Cap,981985,ASE
AMC,"AMC Entertainment Holdings, Inc",Communication Services,Small-Cap,27526791,NYQ
SIBN,"SI-BONE, Inc.",Healthcare,Small-Cap,591840,NGM
KURA,"Kura Oncology, Inc.",Healthcare,Small-Cap,1744545,NMS
RSKD,Riskified Ltd.,Technology,Small-Cap,538570,NYQ
CGEM,"Cullinan Therapeutics, Inc.",Healthcare,Small-Cap,1034583,NMS
MNTN,"MNTN, Inc.",Technology,Small-Cap,716455,NYQ
URG,Ur Energy Inc,Energy,Small-Cap,11059165,ASE
KODK,Eastman Kodak Company,Industrials,Small-Cap,1357047,NYQ
HIVE,HIVE Digital Technologies Ltd,Financial Services,Small-Cap,15195009,NCM
BLND,"Blend Labs, Inc.",Technology,Small-Cap,3296872,NYQ
FULC,"Fulcrum Therapeutics, Inc.",Healthcare,Small-Cap,1394393,NGM
CARS,Cars.com Inc.,Communication Services,Small-Cap,770213,NYQ
TRTX,"TPG RE Finance Trust, Inc.",Real Estate,Small-Cap,695537,NYQ
UDMY,"Udemy, Inc.",Consumer Defensive,Small-Cap,2649293,NMS
IGR,CBRE Clarion Global Real Estate,Financial Services,Small-Cap,1255427,NYQ
AHH,"Armada Hoffler Properties, Inc.",Real Estate,Small-Cap,892311,NYQ
BTBT,"Bit Digital, Inc.",Financial Services,Small-Cap,33423608,NCM
AIOT,"PowerFleet, Inc.",Technology,Small-Cap,1225988,NGM
UROY,Uranium Royalty Corp.,Energy,Small-Cap,2747786,NCM
GDYN,"Grid Dynamics Holdings, Inc.",Technology,Small-Cap,1027637,NCM
ANGX,"Angel Studios, Inc.",Communication Services,Small-Cap,830470,NYQ
MAX,"MediaAlpha, Inc.",Communication Services,Small-Cap,511778,NYQ
AIP,"Arteris, Inc.",Technology,Small-Cap,571614,NGM
ACP,Aberdeen Income Credit Strategi,Financial Services,Small-Cap,694118,NYQ
FIP,FTAI Infrastructure Inc.,Industrials,Small-Cap,1347465,NMS
SXC,"SunCoke Energy, Inc.",Basic Materials,Small-Cap,1286344,NYQ
GDOT,Green Dot Corporation,Financial Services,Small-Cap,871452,NYQ
RGNX,REGENXBIO Inc.,Healthcare,Small-Cap,784308,NMS
TALK,"Talkspace, Inc.",Healthcare,Small-Cap,1417760,NCM
RIGL,"Rigel Pharmaceuticals, Inc.",Healthcare,Small-Cap,599686,NMS
CBRL,Cracker Barrel Old Country Stor,Consumer Cyclical,Small-Cap,1911957,NMS
CMPS,COMPASS Pathways Plc - American,Healthcare,Small-Cap,1646567,NMS
ECX,ECARX Holdings Inc.,Consumer Cyclical,Small-Cap,5249214,NGM
PLAY,"Dave & Buster's Entertainment, ",Communication Services,Small-Cap,1361368,NMS
TDUP,ThredUp Inc.,Consumer Cyclical,Small-Cap,1937472,NMS
PROK,ProKidney Corp.,Healthcare,Small-Cap,1269709,NCM
KOS,Kosmos Energy Ltd.,Energy,Small-Cap,16226042,NYQ
CTKB,"Cytek Biosciences, Inc.",Healthcare,Small-Cap,1293881,NMS
BBNX,"Beta Bionics, Inc.",Healthcare,Small-Cap,1015206,NGM
STEX,Streamex Corp.,Financial Services,Small-Cap,972445,NCM
EBS,Emergent BioSolutions Inc.,Healthcare,Small-Cap,958798,NYQ
MGTX,MeiraGTx Holdings plc,Healthcare,Small-Cap,535168,NMS
GRPN,"Groupon, Inc.",Communication Services,Small-Cap,1149101,NMS
ALT,"Altimmune, Inc.",Healthcare,Small-Cap,4848281,NGM
IVR,INVESCO MORTGAGE CAPITAL INC,Real Estate,Small-Cap,1996598,NYQ
IDR,"Idaho Strategic Resources, Inc.",Basic Materials,Small-Cap,587854,ASE
GRNT,"Granite Ridge Resources, Inc.",Energy,Small-Cap,643357,NYQ
GOGO,Gogo Inc.,Communication Services,Small-Cap,2725283,NMS
EU,enCore Energy Corp.,Energy,Small-Cap,2955640,NCM
DDL,Dingdong (Cayman) Limited,Consumer Defensive,Small-Cap,1364795,NYQ
LXRX,"Lexicon Pharmaceuticals, Inc.",Healthcare,Small-Cap,2134839,NCM
UMAC,"Unusual Machines, Inc.",Technology,Small-Cap,3163054,ASE
ABAT,American Battery Technology Com,Industrials,Small-Cap,7077096,NCM
FVRR,Fiverr International Ltd.,Communication Services,Small-Cap,917493,NYQ
EMBC,Embecta Corp.,Healthcare,Small-Cap,619914,NMS
VTEX,VTEX,Technology,Small-Cap,1266140,NYQ
AVR,Anteris Technologies Global Cor,Healthcare,Small-Cap,710955,NGM
APPS,"Digital Turbine, Inc.",Technology,Small-Cap,3174580,NCM
CRMD,CorMedix Inc.,Healthcare,Small-Cap,3333619,NGM
FWDI,"Forward Industries, Inc.",Consumer Cyclical,Small-Cap,925427,NCM
GOSS,"Gossamer Bio, Inc.",Healthcare,Small-Cap,3944450,NMS
AVNS,"Avanos Medical, Inc.",Healthcare,Small-Cap,557068,NYQ
PCLA,PicoCELA Inc.,Communication Services,Nano-Cap,709465,NCM
LENZ,"LENZ Therapeutics, Inc.",Healthcare,Small-Cap,1213137,NMS
CEVA,"CEVA, Inc.",Technology,Small-Cap,544822,NMS
MNRO,"Monro, Inc.",Consumer Cyclical,Small-Cap,900283,NMS
LPTH,"LightPath Technologies, Inc.",Technology,Small-Cap,2166783,NCM
THM,"International Tower Hill Mines,",Basic Materials,Small-Cap,1141729,ASE
ANGI,Angi Inc.,Communication Services,Small-Cap,1066781,NMS
REPL,"Replimune Group, Inc.",Healthcare,Small-Cap,1739070,NMS
DNA,"Ginkgo Bioworks Holdings, Inc.",Healthcare,Small-Cap,1036783,NYQ
BMBL,Bumble Inc.,Communication Services,Small-Cap,2942468,NMS
DNUT,"Krispy Kreme, Inc.",Consumer Defensive,Small-Cap,3440914,NMS
IVVD,"Invivyd, Inc.",Healthcare,Small-Cap,6666604,NGM
VOR,Vor Biopharma Inc.,Healthcare,Small-Cap,1864583,NMS
BTQ,BTQ Technologies Corp.,Technology,Small-Cap,3103277,NGM
BLMN,"Bloomin' Brands, Inc.",Consumer Cyclical,Small-Cap,2204609,NMS
LAB,Standard BioTools Inc.,Healthcare,Small-Cap,1715365,NMS
STKL,"SunOpta, Inc.",Consumer Defensive,Small-Cap,1296403,NMS
CRSR,"Corsair Gaming, Inc.",Technology,Small-Cap,1103278,NMS
SPT,"Sprout Social, Inc",Technology,Small-Cap,1218608,NCM
TWI,"Titan International, Inc. (DE)",Industrials,Small-Cap,655180,NYQ
RYAM,Rayonier Advanced Materials Inc,Basic Materials,Small-Cap,694939,NYQ
KROS,"Keros Therapeutics, Inc.",Healthcare,Small-Cap,799577,NGM
GOOD,Gladstone Commercial Corporatio,Real Estate,Small-Cap,533814,NMS
KYTX,"Kyverna Therapeutics, Inc.",Healthcare,Small-Cap,1472270,NMS
LTBR,Lightbridge Corporation,Industrials,Small-Cap,1188454,NCM
SB,"Safe Bulkers, Inc",Industrials,Small-Cap,525886,NYQ
PURR,Hyperliquid Strategies Inc,Financial Services,Small-Cap,1885607,NCM
MYGN,"Myriad Genetics, Inc.",Healthcare,Small-Cap,1059965,NMS
LXEO,"Lexeo Therapeutics, Inc.",Healthcare,Small-Cap,1369106,NGM
HPK,"HighPeak Energy, Inc.",Energy,Small-Cap,756439,NGM
WEAV,"Weave Communications, Inc.",Healthcare,Small-Cap,1502014,NYQ
CDZI,"Cadiz, Inc.",Utilities,Small-Cap,911940,NGM
CRNC,Cerence Inc.,Technology,Small-Cap,1252118,NMS
GETY,"Getty Images Holdings, Inc.",Communication Services,Small-Cap,3926232,NYQ
KREF,KKR Real Estate Finance Trust I,Real Estate,Small-Cap,896840,NYQ
EVTL,Vertical Aerospace Ltd.,Industrials,Small-Cap,1908709,NYQ
UP,Wheels Up Experience Inc.,Industrials,Small-Cap,5613778,NYQ
PRTA,Prothena Corporation plc,Healthcare,Small-Cap,628000,NMS
LWLG,"Lightwave Logic, Inc.",Basic Materials,Small-Cap,1854613,NCM
KLC,"KinderCare Learning Companies, ",Consumer Defensive,Small-Cap,978673,NYQ
OIS,"Oil States International, Inc.",Energy,Small-Cap,728816,NYQ
OCGN,"Ocugen, Inc.",Healthcare,Small-Cap,4497068,NCM
DVS,Dolly Varden Silver Corporation,Basic Materials,Small-Cap,1281957,ASE
CODI,D/B/A Compass Diversified Holdi,Industrials,Small-Cap,1600404,NYQ
SCVL,"Shoe Carnival, Inc.",Consumer Cyclical,Small-Cap,588847,NMS
FFWM,First Foundation Inc.,Financial Services,Small-Cap,810422,NYQ
ELVA,Electrovaya Inc.,Industrials,Small-Cap,706673,NCM
SLDB,Solid Biosciences Inc.,Healthcare,Small-Cap,1082818,NMS
IHRT,"iHeartMedia, Inc.",Communication Services,Small-Cap,1529818,NMS
VVR,Invesco Senior Income Trust  (D,Financial Services,Small-Cap,1261970,NYQ
ORGO,Organogenesis Holdings Inc.,Healthcare,Small-Cap,1832957,NCM
SWBI,"Smith & Wesson Brands, Inc.",Industrials,Small-Cap,609654,NMS
CLNE,Clean Energy Fuels Corp.,Energy,Small-Cap,1195144,NMS
PML,Pimco Municipal Income Fund II ,Financial Services,Small-Cap,546986,NYQ
GEVO,"Gevo, Inc.",Basic Materials,Small-Cap,3084391,NCM
ZVRA,"Zevra Therapeutics, Inc.",Healthcare,Small-Cap,1213162,NMS
INN,"Summit Hotel Properties, Inc.",Real Estate,Small-Cap,754524,NYQ
NAGE,"Niagen Bioscience, Inc.",Healthcare,Small-Cap,853832,NCM
SABR,Sabre Corporation,Technology,Small-Cap,5811480,NMS
NMG,Nouveau Monde Graphite Inc.,Basic Materials,Small-Cap,726045,NYQ
EGY,"VAALCO Energy, Inc.",Energy,Small-Cap,999349,NYQ
BDN,Brandywine Realty Trust,Real Estate,Small-Cap,4267049,NYQ
LX,LexinFintech Holdings Ltd.,Financial Services,Small-Cap,2492827,NMS
FPI,Farmland Partners Inc.,Real Estate,Small-Cap,535539,NYQ
RBBN,Ribbon Communications Inc.,Technology,Small-Cap,628681,NMS
VSTM,"Verastem, Inc.",Healthcare,Small-Cap,2166800,NCM
MITK,"Mitek Systems, Inc.",Technology,Small-Cap,580921,NCM
HLLY,Holley Inc.,Consumer Cyclical,Small-Cap,1163936,NYQ
MAGN,Magnera Corporation,Consumer Defensive,Small-Cap,935236,NYQ
PRTH,"Priority Technology Holdings, I",Technology,Small-Cap,555837,NCM
CAN,Canaan Inc.,Technology,Small-Cap,24102929,NGM
FDMT,"4D Molecular Therapeutics, Inc.",Healthcare,Small-Cap,948586,NMS
KOPN,Kopin Corporation,Technology,Small-Cap,3487121,NCM
ASC,Ardmore Shipping Corporation,Industrials,Small-Cap,601183,NYQ
GTN,"Gray Media, Inc.",Communication Services,Small-Cap,1225491,NYQ
BETR,Better Home & Finance Holding C,Financial Services,Small-Cap,508713,NGM
CGC,Canopy Growth Corporation,Healthcare,Small-Cap,30797998,NMS
ASTL,Algoma Steel Group Inc.,Basic Materials,Small-Cap,1339283,NGM
CERS,Cerus Corporation,Healthcare,Small-Cap,1508147,NGM
VNDA,Vanda Pharmaceuticals Inc.,Healthcare,Small-Cap,1687921,NGM
CANG,Cango Inc.,Financial Services,Small-Cap,948322,NYQ
WOLF,"Wolfspeed, Inc.",Technology,Small-Cap,1364732,NYQ
GLSI,"Greenwich LifeSciences, Inc.",Healthcare,Small-Cap,514737,NCM
OSPN,OneSpan Inc.,Technology,Small-Cap,606444,NCM
BBBY,"Bed Bath & Beyond, Inc.",N/A,Small-Cap,1876200,NYQ
NBP,NovaBridge Biosciences,Healthcare,Small-Cap,666065,NGM
FCEL,"FuelCell Energy, Inc.",Industrials,Small-Cap,2894819,NGM
IMMP,Immutep Limited,Healthcare,Small-Cap,727939,NGM
AVXL,Anavex Life Sciences Corp.,Healthcare,Small-Cap,2706814,NMS
ABSI,Absci Corporation,Healthcare,Small-Cap,4032931,NMS
TII,Titan Mining Corporation,Basic Materials,Small-Cap,643998,ASE
TCPC,BlackRock TCP Capital Corp.,Financial Services,Small-Cap,896203,NMS
ASIX,AdvanSix Inc.,Basic Materials,Small-Cap,518252,NYQ
ADCT,ADC Therapeutics SA,Healthcare,Small-Cap,1146845,NYQ
CYH,"Community Health Systems, Inc.",Healthcare,Small-Cap,1615237,NYQ
EB,"Eventbrite, Inc.",Communication Services,Small-Cap,1810940,NYQ
SPIR,"Spire Global, Inc.",Industrials,Small-Cap,757016,NYQ
TRX,TRX Gold Corporation,Basic Materials,Small-Cap,3867178,ASE
GLDG,GoldMining Inc.,Basic Materials,Small-Cap,3589162,ASE
SRTA,"Strata Critical Medical, Inc.",Healthcare,Small-Cap,925960,NCM
HKD,AMTD Digital Inc.,Technology,Small-Cap,6092011,NYQ
GPRK,Geopark Ltd,Energy,Small-Cap,731791,NYQ
CAL,"Caleres, Inc.",Consumer Cyclical,Small-Cap,1057109,NYQ
CLPT,ClearPoint Neuro Inc.,Healthcare,Small-Cap,799208,NCM
DXYZ,Destiny Tech100 Inc.,Financial Services,Small-Cap,1356486,NYQ
NNDM,Nano Dimension Ltd.,Technology,Small-Cap,2951386,NCM
PLG,Platinum Group Metals Ltd.,Basic Materials,Small-Cap,4045424,ASE
PTLO,Portillo's Inc.,Consumer Cyclical,Small-Cap,2611300,NMS
ANGO,"AngioDynamics, Inc.",Healthcare,Small-Cap,589024,NMS
BCAR,D. Boral ARC Acquisition I Corp,Financial Services,Small-Cap,506226,NGM
DVLT,Datavault AI Inc.,Technology,Small-Cap,73113191,NCM
AQST,"Aquestive Therapeutics, Inc.",Healthcare,Small-Cap,3873949,NGM
ACRS,"Aclaris Therapeutics, Inc.",Healthcare,Small-Cap,1904703,NMS
ZURA,Zura Bio Limited,Healthcare,Small-Cap,632013,NCM
JACK,Jack In The Box Inc.,Consumer Cyclical,Small-Cap,840540,NMS
PSFE,Paysafe Limited,Technology,Small-Cap,606032,NYQ
SNDL,SNDL Inc.,Consumer Defensive,Small-Cap,3066934,NCM
NVA,Nova Minerals Limited,Basic Materials,Small-Cap,1206036,NCM
TRON,Tron Inc.,Consumer Cyclical,Small-Cap,1233562,NCM
HELE,Helen of Troy Limited,Consumer Defensive,Small-Cap,901290,NMS
WNC,Wabash National Corporation,Industrials,Small-Cap,555567,NYQ
NUAI,"New Era Energy & Digital, Inc.",Technology,Small-Cap,8569126,NGM
TLS,Telos Corporation,Technology,Small-Cap,963121,NGM
AKBA,"Akebia Therapeutics, Inc.",Healthcare,Small-Cap,3753644,NCM
AREC,American Resources Corporation,Basic Materials,Small-Cap,6205686,NCM
NFE,New Fortress Energy Inc.,Energy,Small-Cap,15697459,NMS
RCKT,"Rocket Pharmaceuticals, Inc.",Healthcare,Small-Cap,2107273,NGM
EVH,"Evolent Health, Inc",Healthcare,Small-Cap,3873673,NYQ
NKLR,Terra Innovatum Global N.V.,Utilities,Small-Cap,930839,NGM
VFF,"Village Farms International, In",Consumer Defensive,Small-Cap,2481800,NCM
TARA,"Protara Therapeutics, Inc.",Healthcare,Small-Cap,993290,NGM
BYND,"Beyond Meat, Inc.",Consumer Defensive,Small-Cap,78799621,NMS
PEPG,PepGen Inc.,Healthcare,Small-Cap,708759,NMS
VOXR,Vox Royalty Corp.,Basic Materials,Small-Cap,646937,NCM
XPOF,"Xponential Fitness, Inc.",Consumer Cyclical,Small-Cap,599614,NYQ
PNNT,PennantPark Investment Corporat,Financial Services,Small-Cap,685724,NYQ
AUTL,Autolus Therapeutics plc,Healthcare,Small-Cap,2915531,NMS
HYLN,Hyliion Holdings Corp.,Consumer Cyclical,Small-Cap,1178757,ASE
RC,Ready Capital Corporation,Real Estate,Small-Cap,4029813,NYQ
BKKT,"Bakkt, Inc.",Technology,Small-Cap,1577654,NYQ
RXST,"RxSight, Inc.",Healthcare,Small-Cap,869003,NGM
LCTX,"Lineage Cell Therapeutics, Inc.",Healthcare,Small-Cap,1557721,ASE
VGZ,Vista Gold Corp,Basic Materials,Small-Cap,1699567,ASE
FJET,"Starfighters Space, Inc.",Industrials,Small-Cap,5201407,ASE
AIRO,"AIRO Group Holdings, Inc.",Industrials,Small-Cap,745468,NGM
DAVA,Endava plc,Technology,Small-Cap,961659,NYQ
LAND,Gladstone Land Corporation,Real Estate,Small-Cap,557170,NGM
NMRA,"Neumora Therapeutics, Inc.",Healthcare,Small-Cap,1587622,NMS
HELP,Cybin Inc.,Healthcare,Small-Cap,707655,NGM
OEC,Orion S.A.,Basic Materials,Small-Cap,721126,NYQ
DCTH,"Delcath Systems, Inc.",Healthcare,Small-Cap,657900,NCM
BGS,"B&G Foods, Inc.",Consumer Defensive,Small-Cap,1883344,NYQ
KELYA,"Kelly Services, Inc.",Industrials,Small-Cap,517009,NMS
DEFT,"Defi Technologies, Inc.",Financial Services,Small-Cap,7950806,NCM
ACIU,AC Immune SA,Healthcare,Small-Cap,695267,NGM
VERI,"Veritone, Inc.",Technology,Small-Cap,3533429,NGM
PUBM,"PubMatic, Inc.",Technology,Small-Cap,732901,NGM
ACCO,Acco Brands Corporation,Industrials,Small-Cap,763695,NYQ
CNCK,Coincheck Group N.V.,Financial Services,Small-Cap,655318,NGM
DDD,3D Systems Corporation,Technology,Small-Cap,3816739,NYQ
ALLO,"Allogene Therapeutics, Inc.",Healthcare,Small-Cap,3520554,NMS
CLYM,"Climb Bio, Inc.",Healthcare,Small-Cap,1249226,NGM
XFLT,XAI Octagon Floating Rate & Alt,Financial Services,Small-Cap,656762,NYQ
AGL,"agilon health, inc.",Healthcare,Small-Cap,8949786,NYQ
VELO,"Velo3D, Inc.",Technology,Small-Cap,1410881,NCM
DBI,Designer Brands Inc.,Consumer Cyclical,Small-Cap,1148731,NYQ
IMRX,Immuneering Corporation,Healthcare,Small-Cap,1832998,NGM
SVC,Service Properties Trust - Shar,Real Estate,Small-Cap,1420834,NMS
GRRR,Gorilla Technology Group Inc.,Technology,Small-Cap,963139,NCM
CADL,"Candel Therapeutics, Inc.",Healthcare,Small-Cap,795855,NGM
ALDX,"Aldeyra Therapeutics, Inc.",Healthcare,Small-Cap,1049063,NCM
CHAC,Crane Harbor Acquisition Corp.,Financial Services,Small-Cap,558201,NGM
SKYX,SKYX Platforms Corp.,Industrials,Small-Cap,1097257,NCM
SMRT,"SmartRent, Inc.",Technology,Small-Cap,1149757,NYQ
GUTS,"Fractyl Health, Inc.",Healthcare,Micro-Cap,4816280,NGM
RZLT,"Rezolute, Inc.",Healthcare,Small-Cap,6896942,NCM
XFOR,"X4 Pharmaceuticals, Inc.",Healthcare,Small-Cap,606057,NCM
EOLS,"Evolus, Inc. Common Stock",Healthcare,Small-Cap,1434286,NGM
ADV,Advantage Solutions Inc.,Communication Services,Small-Cap,799249,NMS
SITC,SITE Centers Corp.,Real Estate,Small-Cap,1434847,NYQ
RPAY,Repay Holdings Corporation,Technology,Small-Cap,1167713,NCM
IMMX,"Immix Biopharma, Inc.",Healthcare,Small-Cap,1049031,NCM
LRMR,"Larimar Therapeutics, Inc.",Healthcare,Small-Cap,1394004,NGM
TSSI,"TSS, Inc.",Technology,Small-Cap,1631618,NCM
QTRX,Quanterix Corporation,Healthcare,Small-Cap,738103,NGM
HRZN,Horizon Technology Finance Corp,Financial Services,Small-Cap,726114,NMS
WTI,"W&T Offshore, Inc.",Energy,Small-Cap,1525411,NYQ
SSP,E.W. Scripps Company (The),Communication Services,Small-Cap,1441586,NMS
SY,So-Young International Inc. - A,Healthcare,Small-Cap,1011254,NCM
CCRN,"Cross Country Healthcare, Inc.",Healthcare,Small-Cap,878350,NMS
TOI,"The Oncology Institute, Inc.",Healthcare,Small-Cap,2249185,NCM
CHRS,"Coherus Oncology, Inc.",Healthcare,Small-Cap,1863824,NGM
RLMD,"Relmada Therapeutics, Inc.",Healthcare,Small-Cap,1241531,NCM
NBY,"NovaBay Pharmaceuticals, Inc.",Healthcare,Micro-Cap,1618760,ASE
EM,Smart Share Global Limited,Consumer Cyclical,Small-Cap,592034,NCM
DGNX,Diginex Limited,Industrials,Micro-Cap,2173903,NCM
ASPN,"Aspen Aerogels, Inc.",Industrials,Small-Cap,2390929,NYQ
PDYN,Palladyne AI Corp.,Technology,Small-Cap,2987600,NGM
CABA,"Cabaletta Bio, Inc.",Healthcare,Micro-Cap,3705872,NMS
BLZE,"Backblaze, Inc.",Technology,Small-Cap,769347,NGM
EVC,Entravision Communications Corp,Communication Services,Small-Cap,515004,NYQ
RILY,"BRC Group Holdings, Inc.",Financial Services,Small-Cap,1846716,NGM
ENLV,Enlivex Therapeutics Ltd.,Healthcare,Micro-Cap,4063019,NCM
INV,"Innventure, Inc.",Financial Services,Small-Cap,1802270,NGM
ORBS,Eightco Holdings Inc.,Consumer Cyclical,Small-Cap,4378485,NCM
OABI,"OmniAb, Inc.",Healthcare,Small-Cap,514211,NGM
HNST,"The Honest Company, Inc.",Consumer Defensive,Small-Cap,3129278,NMS
MVIS,"Microvision, Inc.",Technology,Micro-Cap,4914263,NGM
FLYX,"flyExclusive, Inc.",Industrials,Small-Cap,2227483,ASE
GORO,Gold Resource Corporation,Basic Materials,Micro-Cap,5153568,ASE
ALTS,ALT5 Sigma Corporation,Technology,Small-Cap,4232947,NCM
ABEO,Abeona Therapeutics Inc.,Healthcare,Small-Cap,1736547,NCM
XRX,Xerox Holdings Corporation,Industrials,Small-Cap,3735836,NMS
LTRX,"Lantronix, Inc.",Technology,Small-Cap,659103,NCM
PALI,"Palisade Bio, Inc.",Healthcare,Micro-Cap,5177434,NCM
ACRE,Ares Commercial Real Estate Cor,Real Estate,Small-Cap,540640,NYQ
SLQT,"SelectQuote, Inc.",Financial Services,Micro-Cap,1113316,NYQ
GSIT,"GSI Technology, Inc.",Technology,Small-Cap,1742486,NMS
QSI,Quantum-Si Incorporated,Healthcare,Micro-Cap,5300049,NGM
BRR,"ProCap Financial, Inc.",Financial Services,Micro-Cap,1058859,NGM
NAKA,Nakamoto Inc.,Financial Services,Micro-Cap,12342844,NGM
DSX,Diana Shipping inc.,Industrials,Small-Cap,530162,NYQ
BNAI,Brand Engagement Network Inc.,Technology,Micro-Cap,9033684,NCM
CMRC,"Commerce.com, Inc. - Series 1",Technology,Small-Cap,839347,NGM
FLWS,"1-800-FLOWERS.COM, Inc.",Consumer Cyclical,Small-Cap,975688,NMS
OSS,"One Stop Systems, Inc.",Technology,Micro-Cap,1587036,NCM
HRTX,"Heron Therapeutics, Inc.",Healthcare,Micro-Cap,1937627,NCM
USBC,"USBC, Inc.",Technology,Micro-Cap,1475403,ASE
CNDT,Conduent Incorporated,Technology,Micro-Cap,1331042,NMS
STTK,"Shattuck Labs, Inc.",Healthcare,Micro-Cap,501239,NMS
DOMO,"Domo, Inc.",Technology,Micro-Cap,924201,NGM
NAMM,Namib Minerals,Basic Materials,Micro-Cap,8453418,NGM
ACB,Aurora Cannabis Inc.,Healthcare,Micro-Cap,1639939,NCM
NVX,NOVONIX Limited - American Depo,Industrials,Micro-Cap,1535191,NGM
NIU,Niu Technologies,Consumer Cyclical,Small-Cap,578686,NGM
ACHV,"Achieve Life Sciences, Inc.",Healthcare,Micro-Cap,703383,NCM
XWIN,"XMAX, Inc.",Consumer Cyclical,Micro-Cap,755821,NCM
BZAI,"Blaize Holdings, Inc.",Technology,Micro-Cap,2424285,NGM
SCII,SC II Acquisition Corp.,N/A,Micro-Cap,727112,NGM
BNC,CEA Industries Inc.,Industrials,Micro-Cap,561065,NCM
TYGO,"Tigo Energy, Inc.",Technology,Micro-Cap,739611,NCM
KLTR,"Kaltura, Inc.",Technology,Small-Cap,841590,NMS
SIDU,"Sidus Space, Inc.",Industrials,Micro-Cap,36866729,NCM
JELD,"JELD-WEN Holding, Inc.",Industrials,Micro-Cap,1657259,NYQ
STXS,"Stereotaxis, Inc.",Healthcare,Micro-Cap,567808,ASE
EGHT,8x8 Inc,Technology,Micro-Cap,732426,NMS
AMBR,Amber International Holding Lim,Technology,Micro-Cap,1679075,NGM
SNBR,Sleep Number Corporation,Consumer Cyclical,Small-Cap,816177,NMS
TNXP,Tonix Pharmaceuticals Holding C,Healthcare,Micro-Cap,599659,NCM
FNKO,"Funko, Inc.",Consumer Cyclical,Micro-Cap,963806,NMS
IPSC,"Century Therapeutics, Inc.",Healthcare,Micro-Cap,1932614,NCM
VUZI,Vuzix Corporation,Technology,Micro-Cap,2096067,NCM
AIRJ,AirJoule Technologies Corporati,Industrials,Micro-Cap,504355,NCM
SPCE,"Virgin Galactic Holdings, Inc.",Industrials,Micro-Cap,4506416,NYQ
MENS,Jyong Biotech Ltd.,Healthcare,Micro-Cap,905175,NGM
REI,"Ring Energy, Inc.",Energy,Micro-Cap,1657237,ASE
LPRO,Open Lending Corporation,Financial Services,Micro-Cap,630331,NGM
FOSL,"Fossil Group, Inc.",Consumer Cyclical,Micro-Cap,767670,NMS
OGI,Organigram Global Inc.,Healthcare,Micro-Cap,1046013,NMS
CURI,CuriosityStream Inc.,Communication Services,Micro-Cap,789516,NCM
INVZ,Innoviz Technologies Ltd.,Consumer Cyclical,Micro-Cap,5084608,NCM
VYGR,"Voyager Therapeutics, Inc.",Healthcare,Micro-Cap,511831,NMS
DPRO,Draganfly Inc.,Technology,Micro-Cap,2065713,NCM
HITI,High Tide Inc.,Healthcare,Micro-Cap,532526,NCM
ZIP,"ZipRecruiter, Inc.",Communication Services,Micro-Cap,1015808,NYQ
SPWR,SunPower Inc.,Technology,Micro-Cap,1418322,NGM
ALEC,"Alector, Inc.",Healthcare,Micro-Cap,1472829,NMS
ARCT,Arcturus Therapeutics Holdings ,Healthcare,Micro-Cap,734490,NGM
ZENA,"ZenaTech, Inc.",Technology,Micro-Cap,1223018,NCM
NNOX,NANO-X IMAGING LTD,Healthcare,Micro-Cap,1667372,NGM
CRNT,Ceragon Networks Ltd.,Technology,Micro-Cap,651393,NMS
GPRO,"GoPro, Inc.",Technology,Micro-Cap,3066690,NMS
EDIT,"Editas Medicine, Inc.",Healthcare,Micro-Cap,1874822,NMS
CCCC,"C4 Therapeutics, Inc.",Healthcare,Micro-Cap,1638863,NMS
GALT,Galectin Therapeutics Inc.,Healthcare,Micro-Cap,532162,NCM
FFAI,Faraday Future Intelligent Elec,Consumer Cyclical,Micro-Cap,6274442,NCM
ALTO,"Alto Ingredients, Inc.",Basic Materials,Micro-Cap,1931236,NCM
CNTX,Context Therapeutics Inc.,Healthcare,Micro-Cap,1159136,NCM
GTE,Gran Tierra Energy Inc.,Energy,Micro-Cap,602459,ASE
OSUR,"OraSure Technologies, Inc.",Healthcare,Micro-Cap,687690,NMS
UIS,Unisys Corporation New,Technology,Micro-Cap,711606,NYQ
NPWR,NET Power Inc.,Industrials,Micro-Cap,1093483,NYQ
CATX,"Perspective Therapeutics, Inc.",Healthcare,Small-Cap,2824822,ASE
HUMA,"Humacyte, Inc.",Healthcare,Micro-Cap,4905690,NMS
OPTX,"Syntec Optics Holdings, Inc.",Technology,Micro-Cap,2537926,NCM
THRY,"Thryv Holdings, Inc.",Technology,Micro-Cap,1021481,NCM
SGMT,Sagimet Biosciences Inc. - Seri,Healthcare,Micro-Cap,594178,NGM
ELME,Elme Communities,Real Estate,Micro-Cap,3797257,NYQ
AIRS,"AirSculpt Technologies, Inc.",Healthcare,Micro-Cap,1413624,NGM
IRD,"Opus Genetics, Inc.",Healthcare,Micro-Cap,578147,NCM
AMPY,Amplify Energy Corp.,Energy,Micro-Cap,755163,NYQ
SKIN,The Beauty Health Company,Consumer Defensive,Micro-Cap,688831,NCM
GOAI,Eva Live Inc.,Technology,Micro-Cap,2743000,NCM
DGXX,Digi Power X Inc.,Utilities,Micro-Cap,4570016,NCM
ZNTL,"Zentalis Pharmaceuticals, Inc.",Healthcare,Micro-Cap,1323657,NGM
VLN,Valens Semiconductor Ltd.,Technology,Micro-Cap,2019768,NYQ
NRDY,Nerdy Inc.,Technology,Micro-Cap,1185855,NYQ
TCGL,TechCreate Group Ltd.,Technology,Mid-Cap,1040180,ASE
DHF,Dreyfus High Yield Strategies F,Financial Services,Micro-Cap,539618,NYQ
QNCX,"Quince Therapeutics, Inc.",Healthcare,Nano-Cap,1292914,NMS
LODE,Comstock Inc.,Basic Materials,Micro-Cap,1345175,ASE
KULR,"KULR Technology Group, Inc.",Technology,Micro-Cap,2135106,ASE
DFDV,DeFi Development Corp.,Financial Services,Micro-Cap,1753280,NCM
PLBY,"Playboy, Inc.",Consumer Cyclical,Micro-Cap,759347,NGM
TNMG,TNL Mediagene,Communication Services,Micro-Cap,1081260,NCM
RXT,"Rackspace Technology, Inc.",Technology,Micro-Cap,1248973,NMS
NKTX,"Nkarta, Inc.",Healthcare,Micro-Cap,736880,NMS
BAER,Bridger Aerospace Group Holding,Industrials,Micro-Cap,639088,NGM
UNG,United States Natural Gas Fund ,N/A,Micro-Cap,20098301,PCX
PRQR,ProQR Therapeutics N.V.,Healthcare,Micro-Cap,512473,NCM
ELDN,"Eledon Pharmaceuticals, Inc.",Healthcare,Micro-Cap,1910647,NCM
NEOV,NeoVolta Inc.,Industrials,Micro-Cap,642891,NCM
GAMB,Gambling.com Group Limited,Consumer Cyclical,Micro-Cap,752239,NGM
ATLX,Atlas Lithium Corporation,Basic Materials,Micro-Cap,633803,NCM
REKR,"Rekor Systems, Inc.",Technology,Micro-Cap,2983419,NCM
MIST,Milestone Pharmaceuticals Inc.,Healthcare,Micro-Cap,5338467,NMS
PLX,"Protalix BioTherapeutics, Inc. ",Healthcare,Micro-Cap,657929,ASE
RANI,"Rani Therapeutics Holdings, Inc",Healthcare,Micro-Cap,4443729,NGM
LFMD,"LifeMD, Inc.",Healthcare,Micro-Cap,1327559,NGM
EMPD,Empery Digital Inc.,Consumer Cyclical,Micro-Cap,838818,NMS
FURY,Fury Gold Mines Limited,Basic Materials,Micro-Cap,811611,ASE
HLXC,Helix Acquisition Corp. III,N/A,Micro-Cap,1229280,NGM
SMX,SMX (Security Matters) Public L,Industrials,Micro-Cap,3878949,NCM
ACH,"Accendra Health, Inc.",Healthcare,Micro-Cap,1993747,NYQ
TMCI,"Treace Medical Concepts, Inc.",Healthcare,Micro-Cap,914550,NMS
ARBE,Arbe Robotics Ltd.,Technology,Micro-Cap,4393770,NCM
LUCD,Lucid Diagnostics Inc.,Healthcare,Micro-Cap,1262877,NCM
ABOS,"Acumen Pharmaceuticals, Inc.",Healthcare,Micro-Cap,530113,NMS
QIPT,Quipt Home Medical Corp.,Healthcare,Micro-Cap,660113,NCM
HCAT,"Health Catalyst, Inc",Healthcare,Micro-Cap,665139,NMS
TONX,TON Strategy Company,Technology,Micro-Cap,599863,NCM
BARK,"BARK, Inc.",Consumer Cyclical,Micro-Cap,1520604,NYQ
CHPT,"ChargePoint Holdings, Inc.",Consumer Cyclical,Micro-Cap,567281,NYQ
OXSQ,Oxford Square Capital Corp.,Financial Services,Micro-Cap,925473,NMS
STIM,"Neuronetics, Inc.",Healthcare,Micro-Cap,1718081,NGM
FATE,"Fate Therapeutics, Inc.",Healthcare,Micro-Cap,1575649,NGM
TNYA,"Tenaya Therapeutics, Inc.",Healthcare,Micro-Cap,4654127,NMS
GRO,Brazil Potash Corp.,Basic Materials,Micro-Cap,510244,ASE
BDTX,"Black Diamond Therapeutics, Inc",Healthcare,Micro-Cap,1223521,NMS
SMJF,SMJ International Holdings Inc.,N/A,Micro-Cap,695934,ASE
MERC,Mercer International Inc.,Basic Materials,Micro-Cap,649427,NMS
ZNB,Zeta Network Group,Communication Services,Micro-Cap,1124321,NCM
COOK,"Traeger, Inc.",Consumer Cyclical,Micro-Cap,564306,NYQ
CRBU,"Caribou Biosciences, Inc.",Healthcare,Micro-Cap,2307239,NMS
WWR,"Westwater Resources, Inc.",Basic Materials,Micro-Cap,2905101,ASE
THAR,"Tharimmune, Inc.",Healthcare,Micro-Cap,1585085,NCM
SLMT,Brera Holdings PLC,Communication Services,Micro-Cap,1481326,NCM
SRFM,Surf Air Mobility Inc.,Industrials,Micro-Cap,3972652,NYQ
AMCI,AMC Robotics Corporation,Technology,Micro-Cap,4370783,NCM
SUIG,Sui Group Holdings Limited,Financial Services,Micro-Cap,1458670,NCM
ZVIA,Zevia PBC,Consumer Defensive,Micro-Cap,1061308,NYQ
MAPS,"WM Technology, Inc.",Technology,Micro-Cap,1187518,NMS
PZG,Paramount Gold Nevada Corp.,Basic Materials,Micro-Cap,991354,ASE
NXXT,"NextNRG, Inc.",Utilities,Micro-Cap,2152122,NCM
OPTT,"Ocean Power Technologies, Inc.",Industrials,Micro-Cap,12443149,ASE
PMI,"Picard Medical, Inc.",Healthcare,Micro-Cap,1026229,ASE
LVRO,Lavoro Limited,Basic Materials,Micro-Cap,2169240,NGM
CRDF,"Cardiff Oncology, Inc.",Healthcare,Micro-Cap,1194509,NCM
ANL,Adlai Nortye Ltd.,Healthcare,Small-Cap,608881,NGM
PRLD,Prelude Therapeutics Incorporat,Healthcare,Micro-Cap,1546118,NMS
SLNH,"Soluna Holdings, Inc.",Financial Services,Micro-Cap,5594401,NCM
MBOT,Microbot Medical Inc.,Healthcare,Micro-Cap,1975227,NCM
LIFE,Ethos Technologies Inc.,Financial Services,Small-Cap,4944748,NMS
JMG,JM Group Limited,Consumer Cyclical,Micro-Cap,679188,ASE
OMEX,"Odyssey Marine Exploration, Inc",Basic Materials,Micro-Cap,1205685,NCM
BTCS,BTCS Inc.,Financial Services,Micro-Cap,1195580,NCM
OVID,Ovid Therapeutics Inc.,Healthcare,Micro-Cap,1627357,NCM
CDXS,"Codexis, Inc.",Healthcare,Micro-Cap,1161442,NMS
SGMO,"Sangamo Therapeutics, Inc.",Healthcare,Micro-Cap,6504093,NCM
HYPR,"Hyperfine, Inc.",Healthcare,Micro-Cap,629913,NGM
TGEN,Tecogen Inc.,Industrials,Micro-Cap,665054,ASE
ABVE,Above Food Ingredients Inc.,Consumer Defensive,Micro-Cap,1976744,NGM
IMPP,Imperial Petroleum Inc.,Energy,Micro-Cap,806339,NCM
HSDT,Solana Company,Financial Services,Micro-Cap,587754,NCM
UPXI,"Upexi, Inc.",Communication Services,Micro-Cap,4378924,NCM
ONCY,Oncolytics Biotech Inc.,Healthcare,Micro-Cap,894327,NCM
AGIG,Abundia Global Impact Group Inc,Utilities,Micro-Cap,579744,ASE
CURR,Currenc Group Inc.,Technology,Micro-Cap,854160,NGM
ARTV,"Artiva Biotherapeutics, Inc.",Healthcare,Micro-Cap,1044298,NGM
BLNK,Blink Charging Co.,Industrials,Micro-Cap,4678659,NCM
CGTX,"Cognition Therapeutics, Inc.",Healthcare,Micro-Cap,977726,NCM
AISP,"Airship AI Holdings, Inc",Technology,Micro-Cap,957437,NGM
MGNX,"MacroGenics, Inc.",Healthcare,Micro-Cap,1349531,NMS
HAIN,"The Hain Celestial Group, Inc.",Consumer Defensive,Micro-Cap,1863954,NMS
BGL,Blue Gold Limited,Basic Materials,Micro-Cap,1201801,NGM
AGEN,Agenus Inc.,Healthcare,Micro-Cap,681237,NCM
QMCO,Quantum Corporation,Technology,Micro-Cap,601440,NGM
RPTX,Repare Therapeutics Inc.,Healthcare,Micro-Cap,1140351,NMS
MXCT,"MaxCyte, Inc.",Healthcare,Micro-Cap,1013208,NMS
MCRP,Micropolis AI Robotics,Technology,Micro-Cap,504313,ASE
PROP,Prairie Operating Co.,Energy,Micro-Cap,1366042,NCM
LGO,Largo Inc.,Basic Materials,Micro-Cap,625173,NMS
FGNX,FG Nexus Inc.,Financial Services,Micro-Cap,839854,NGM
MAIA,"MAIA Biotechnology, Inc.",Healthcare,Micro-Cap,846101,ASE
IXHL,Incannex Healthcare Inc.,Healthcare,Micro-Cap,15221603,NCM
MRNO,Murano Global Investments PLC,Real Estate,Micro-Cap,2666683,NCM
FBIO,"Fortress Biotech, Inc.",Healthcare,Micro-Cap,701270,NCM
AMTX,"Aemetis, Inc",Basic Materials,Micro-Cap,948783,NGM
INO,"Inovio Pharmaceuticals, Inc.",Healthcare,Micro-Cap,1548421,NCM
ATOM,Atomera Incorporated,Technology,Micro-Cap,513185,NCM
OM,"Outset Medical, Inc.",Healthcare,Micro-Cap,1012886,NMS
SAVA,"Cassava Sciences, Inc.",Healthcare,Micro-Cap,992936,NCM
PYXS,"Pyxis Oncology, Inc.",Healthcare,Micro-Cap,1312678,NMS
AURE,Aurelion Inc.,Financial Services,Micro-Cap,556809,NCM
KRRO,"Korro Bio, Inc.",Healthcare,Micro-Cap,551816,NCM
BRCC,BRC Inc.,Consumer Defensive,Micro-Cap,807113,NYQ
HOVR,New Horizon Aircraft Ltd.,Industrials,Micro-Cap,1077068,NCM
BLNE,"Beeline Holdings, Inc.",Financial Services,Micro-Cap,1014349,NCM
ELBM,Electra Battery Materials Corpo,Basic Materials,Micro-Cap,1685040,NCM
PLCE,"Children's Place, Inc. (The)",Consumer Cyclical,Micro-Cap,575913,NMS
AIIO,Robo.ai Inc.,Consumer Cyclical,Micro-Cap,8727645,NCM
ETHZ,ETHZilla Corporation,Healthcare,Micro-Cap,860116,NCM
PEW,GrabAGun Digital Holdings Inc.,Industrials,Micro-Cap,768963,NYQ
CTM,"Castellum, Inc.",Technology,Micro-Cap,3811893,ASE
ARAY,Accuray Incorporated,Healthcare,Micro-Cap,1038913,NMS
FSP,Franklin Street Properties Corp,Real Estate,Micro-Cap,579386,ASE
BMEA,"Biomea Fusion, Inc.",Healthcare,Micro-Cap,1315432,NMS
MNOV,"MediciNova, Inc.",Healthcare,Micro-Cap,941477,NGM
MSGY,Masonglory Limited,Industrials,Nano-Cap,1403129,NCM
BDSX,"Biodesix, Inc.",Healthcare,Micro-Cap,1429526,NGM
CHGG,"Chegg, Inc.",Consumer Defensive,Micro-Cap,1834200,NYQ
ATOS,"Atossa Therapeutics, Inc.",Healthcare,Micro-Cap,1308952,NCM
CGTL,Creative Global Technology Hold,Consumer Cyclical,Micro-Cap,2216265,NCM
GPUS,"Hyperscale Data, Inc.",Industrials,Micro-Cap,48965927,ASE
LIDR,"AEye, Inc.",Technology,Micro-Cap,1440086,NCM
DCGO,DocGo Inc.,Healthcare,Micro-Cap,812208,NCM
GRWG,GrowGeneration Corp.,Consumer Cyclical,Micro-Cap,642770,NCM
ZDAI,"DirectBooking Technology Co., L",Industrials,Micro-Cap,899218,NCM
SLGB,Smart Logistics Global Limited,Industrials,Micro-Cap,3039270,NCM
KZIA,Kazia Therapeutics Limited,Healthcare,Micro-Cap,788770,NCM
BTM,Bitcoin Depot Inc.,Financial Services,Micro-Cap,1159760,NCM
GANX,"Gain Therapeutics, Inc.",Healthcare,Micro-Cap,1509975,NGM
EQ,"Equillium, Inc.",Healthcare,Micro-Cap,651103,NCM
BURU,"Nuburu, Inc.",Industrials,Micro-Cap,31315160,ASE
PLRX,"Pliant Therapeutics, Inc.",Healthcare,Micro-Cap,1217434,NMS
ARAI,Arrive AI Inc.,Technology,Micro-Cap,866963,NGM
LFS,"LEIFRAS Co., Ltd.",Communication Services,Micro-Cap,1612863,NCM
AMPG,"Amplitech Group, Inc.",Technology,Micro-Cap,690045,NCM
ANVS,"Annovis Bio, Inc.",Healthcare,Micro-Cap,1658142,NYQ
ROLR,"High Roller Technologies, Inc.",Consumer Cyclical,Micro-Cap,2332519,ASE
ZOOZ,ZOOZ Strategy Ltd.,Consumer Cyclical,Micro-Cap,977209,NCM
MREO,Mereo BioPharma Group plc,Healthcare,Micro-Cap,14555919,NCM
IMUX,"Immunic, Inc.",Healthcare,Micro-Cap,1436785,NCM
CALC,"CalciMedica, Inc.",Healthcare,Nano-Cap,924588,NCM
TGE,The Generation Essentials Group,Financial Services,Micro-Cap,4197068,NYQ
LUNG,Pulmonx Corporation,Healthcare,Micro-Cap,833316,NMS
MTC,"MMTec, Inc.",Technology,Micro-Cap,8808801,NCM
INDO,Indonesia Energy Corporation Li,Energy,Micro-Cap,820334,ASE
PETS,"PetMed Express, Inc.",Healthcare,Micro-Cap,2674268,NMS
ATYR,"aTyr Pharma, Inc.",Healthcare,Micro-Cap,2588350,NCM
TVGN,Tevogen Bio Holdings Inc.,Healthcare,Micro-Cap,875424,NGM
SUUN,PowerBank Corporation,Utilities,Micro-Cap,1445554,NGM
NRXP,"NRX Pharmaceuticals, Inc.",Healthcare,Micro-Cap,933104,NCM
XTIA,"XTI Aerospace, Inc.",Industrials,Micro-Cap,1893814,NCM
VRA,"Vera Bradley, Inc.",Consumer Cyclical,Micro-Cap,1055872,NMS
IFRX,InflaRx N.V.,Healthcare,Micro-Cap,2958460,NMS
TEAD,Teads Holding Co.,Communication Services,Micro-Cap,1252024,NMS
NUKK,Nukkleus Inc.,Technology,Micro-Cap,1466355,NGM
TCRX,"TScan Therapeutics, Inc.",Healthcare,Micro-Cap,770847,NGM
ACRV,"Acrivon Therapeutics, Inc.",Healthcare,Micro-Cap,1779437,NGM
SAFX,"XCF Global, Inc.",Utilities,Nano-Cap,13266373,NCM
BEAT,"Heartbeam, Inc.",Healthcare,Nano-Cap,13208811,NCM
LITM,Snow Lake Resources Ltd.,Basic Materials,Micro-Cap,557724,NCM
CDLX,"Cardlytics, Inc. Common Stock",Communication Services,Micro-Cap,899672,NGM
YYAI,AiRWA Inc.,Technology,Nano-Cap,3047147,NCM
SPWH,"Sportsman's Warehouse Holdings,",Consumer Cyclical,Micro-Cap,521437,NMS
GCTS,"GCT Semiconductor Holding, Inc.",Technology,Micro-Cap,3114431,NYQ
BATL,Battalion Oil Corporation,Energy,Micro-Cap,4652355,ASE
OPAD,Offerpad Solutions Inc.,Real Estate,Nano-Cap,3671318,NYQ
AIRE,reAlpha Tech Corp.,Real Estate,Nano-Cap,6166193,NCM
ORIS,Oriental Rise Holdings Limited,Consumer Defensive,Nano-Cap,613686,NCM
UAVS,"AgEagle Aerial Systems, Inc.",Technology,Nano-Cap,7261952,ASE
EUDA,Euda Health Holdings Limited,Real Estate,Nano-Cap,505077,NCM
LVLU,"Lulu's Fashion Lounge Holdings,",Consumer Cyclical,Micro-Cap,504195,NCM
AXIL,"AXIL Brands, Inc.",Technology,Nano-Cap,509063,ASE
IBIO,"iBio, Inc.",Healthcare,Nano-Cap,5903890,NCM
POAS,Phaos Technology Holdings (Caym,Healthcare,Micro-Cap,790761,ASE
LONA,"LeonaBio, Inc.",Healthcare,Nano-Cap,1076906,NCM
CYPH,Cypherpunk Technologies Inc.,Financial Services,Nano-Cap,25742373,NCM
KWM,"K Wave Media, Ltd.",Communication Services,Micro-Cap,1143613,NGM
GNS,Genius Group Limited,Consumer Defensive,Nano-Cap,2772904,ASE
PDSB,PDS Biotechnology Corporation,Healthcare,Nano-Cap,814288,NCM
QTTB,Q32 Bio Inc.,Healthcare,Nano-Cap,3067885,NCM
LITS,"Lite Strategy, Inc.",Healthcare,Nano-Cap,592121,NCM
SMXT,Solarmax Technology Inc.,Technology,Micro-Cap,1039639,NCM
PSQH,"PSQ Holdings, Inc.",Technology,Nano-Cap,1563378,NYQ
DXST,Decent Holding Inc.,Industrials,Micro-Cap,1505222,NCM
ONMD,OneMedNet Corp,Healthcare,Nano-Cap,1136067,NCM
CMBM,Cambium Networks Corporation,Technology,Nano-Cap,3609873,NGM
JSPR,"Jasper Therapeutics, Inc.",Healthcare,Nano-Cap,1776852,NCM
RMTI,"Rockwell Medical, Inc.",Healthcare,Nano-Cap,721649,NCM
DFLI,Dragonfly Energy Holdings Corp,Industrials,Nano-Cap,1201096,NCM
LHSW,Lianhe Sowell International Gro,Technology,Nano-Cap,618762,NCM
THH,TryHard Holdings Limited,Industrials,Nano-Cap,3083380,NCM
PSTV,"PLUS THERAPEUTICS, Inc.",Healthcare,Nano-Cap,9433367,NCM
GAME,"GameSquare Holdings, Inc.",Communication Services,Nano-Cap,1421173,NCM
ZDGE,"Zedge, Inc.",Communication Services,Nano-Cap,968577,ASE
XLO,"Xilio Therapeutics, Inc.",Healthcare,Nano-Cap,581498,NCM
GLTO,"Galecto, Inc.",Healthcare,Nano-Cap,1158721,NCM
RNTX,"Rein Therapeutics, Inc.",Healthcare,Nano-Cap,984552,NCM
BCG,"Binah Capital Group, Inc.",Financial Services,Nano-Cap,728227,NGM
UFG,Uni-Fuels Holdings Limited,Industrials,Nano-Cap,869939,NCM
WGRX,"Wellgistics Health, Inc.",Healthcare,Nano-Cap,797663,NCM
HOLO,MicroCloud Hologram Inc.,Technology,Nano-Cap,631119,NCM
AMOD,"Alpha Modus Holdings, Inc.",Technology,Nano-Cap,2176388,NCM
OMH,Ohmyhome Limited,Real Estate,Nano-Cap,516383,NCM
RADX,Radiopharm Theranostics Limited,Healthcare,Nano-Cap,727180,NCM
BTAI,"BioXcel Therapeutics, Inc.",Healthcare,Nano-Cap,599342,NCM
ATCH,"AtlasClear Holdings, Inc.",Financial Services,Nano-Cap,4800467,ASE
MODD,"Modular Medical, Inc.",Healthcare,Nano-Cap,839081,NCM
MYO,Myomo Inc.,Healthcare,Nano-Cap,724152,ASE
GNTA,Genenta Science S.p.A.,Healthcare,Nano-Cap,1071977,NCM
BEEM,Beam Global,Technology,Nano-Cap,1433529,NCM
USEG,U.S. Energy Corp.,Energy,Nano-Cap,914291,NCM
FEMY,Femasys Inc.,Healthcare,Nano-Cap,4101372,NCM
RVPH,Reviva Pharmaceuticals Holdings,Healthcare,Nano-Cap,5481209,NCM
PRTS,"CarParts.com, Inc.",Consumer Cyclical,Nano-Cap,1009018,NCM
CUE,"Cue Biopharma, Inc.",Healthcare,Nano-Cap,1203859,NCM
SCYX,"SCYNEXIS, Inc.",Healthcare,Nano-Cap,508290,NCM
GSIW,Garden Stage Limited,Financial Services,Nano-Cap,765009,NCM
GWH,"ESS Tech, Inc.",Industrials,Nano-Cap,567447,NYQ
VNRX,VolitionRX Limited,Healthcare,Nano-Cap,2269262,ASE
HOWL,"Werewolf Therapeutics, Inc.",Healthcare,Nano-Cap,689501,NMS
OTLK,"Outlook Therapeutics, Inc.",Healthcare,Nano-Cap,6900162,NCM
ORGN,"Origin Materials, Inc.",Basic Materials,Nano-Cap,1713334,NCM
HCHL,Happy City Holdings Limited,Consumer Cyclical,Nano-Cap,632326,NCM
FOXX,Foxx Development Holdings Inc.,Technology,Nano-Cap,1003429,NCM
EPSM,Epsium Enterprise Limited,Consumer Defensive,Nano-Cap,1284044,NCM
AUST,Austin Gold Corp.,Basic Materials,Nano-Cap,1386396,ASE
POM,POMDOCTOR LIMITED,Healthcare,Nano-Cap,2737465,NGM
EKSO,"Ekso Bionics Holdings, Inc.",Healthcare,Nano-Cap,2166057,NCM
ASTI,"Ascent Solar Technologies, Inc",Technology,Nano-Cap,2461708,NCM
SER,"Serina Therapeutics, Inc.",Healthcare,Nano-Cap,1257080,ASE
SELX,Semilux International Ltd.,Technology,Nano-Cap,1154703,NCM
XCUR,"Exicure, Inc.",Healthcare,Nano-Cap,702221,NCM
SNTI,"Senti Biosciences, Inc.",Healthcare,Nano-Cap,1624621,NCM
IGC,"IGC Pharma, Inc.",Healthcare,Nano-Cap,671872,ASE
YSXT,"YSX Tech. Co., Ltd",Industrials,Nano-Cap,802595,NCM
NINE,"Nine Energy Service, Inc.",Energy,Nano-Cap,2460285,NYQ
ANGH,Anghami Inc.,Communication Services,Nano-Cap,817606,NCM
PRZO,ParaZero Technologies Ltd.,Industrials,Nano-Cap,1230863,NCM
HBIO,"Harvard Bioscience, Inc.",Healthcare,Nano-Cap,1299122,NCM
LHAI,Linkhome Holdings Inc.,Real Estate,Nano-Cap,670055,NCM
PAPL,Pineapple Financial Inc.,Financial Services,Nano-Cap,1569200,ASE
IVF,"INVO Fertility, Inc.",Healthcare,Nano-Cap,7181702,NCM
MSAI,"MultiSensor AI Holdings, Inc.",Technology,Nano-Cap,7947527,NCM
BNKK,"Bonk, Inc.",Financial Services,Nano-Cap,1652861,NCM
FBLG,"FibroBiologics, Inc.",Healthcare,Nano-Cap,1985868,NCM
VTGN,"VistaGen Therapeutics, Inc.",Healthcare,Nano-Cap,2720054,NCM
IOBT,"IO Biotech, Inc.",Healthcare,Nano-Cap,9532801,NMS
ZJYL,JIN MEDICAL INTERNATIONAL LTD.,Healthcare,Nano-Cap,1167170,NCM
MLSS,"Milestone Scientific, Inc.",Healthcare,Nano-Cap,1328550,ASE
DOGZ,Dogness (International) Corpora,Consumer Cyclical,Nano-Cap,648381,NCM
BTOC,Armlogi Holding Corp.,Industrials,Nano-Cap,501550,NGM
CHOW,ChowChow Cloud International Ho,Technology,Nano-Cap,2672354,ASE
INTS,"Intensity Therapeutics, Inc.",Healthcare,Nano-Cap,6658652,NCM
AUID,authID Inc.,Technology,Nano-Cap,6553775,NCM
CISO,"CISO Global, Inc.",Technology,Nano-Cap,618949,NCM
NIXX,"Nixxy, Inc.",Industrials,Nano-Cap,531654,NCM
KLTO,"Klotho Neurosciences, Inc.",Healthcare,Nano-Cap,714590,NCM
RVSN,Rail Vision Ltd.,Industrials,Nano-Cap,1775250,NCM
MOBX,"Mobix Labs, Inc.",Technology,Nano-Cap,7570729,NCM
MSGM,Motorsport Games Inc.,Communication Services,Nano-Cap,2244332,NCM
GREE,Greenidge Generation Holdings I,Financial Services,Nano-Cap,1075600,NMS
ACCL,Acco Group Holdings Limited,Industrials,Nano-Cap,539816,NCM
GTEC,Greenland Technologies Holding ,Consumer Cyclical,Nano-Cap,553400,NCM
QCLS,"Q/C Technologies, Inc.",Technology,Nano-Cap,4257485,NCM
BCAB,"BioAtla, Inc.",Healthcare,Nano-Cap,2008408,NCM
SCNX,"Scienture Holdings, Inc.",Healthcare,Nano-Cap,6382000,NCM
TWNP,Twin Hospitality Group Inc.,Consumer Cyclical,Nano-Cap,697193,NGM
GTBP,"GT Biopharma, Inc.",Healthcare,Nano-Cap,1554101,NCM
LNAI,Lunai Bioworks Inc.,Healthcare,Nano-Cap,4008981,NCM
BTTC,Black Titan Corp,N/A,Nano-Cap,2213186,NCM
KTTA,Pasithea Therapeutics Corp.,Healthcare,Nano-Cap,7264950,NCM
EONR,EON Resources Inc.,Energy,Nano-Cap,1416616,ASE
LEXX,Lexaria Bioscience Corp.,Healthcare,Nano-Cap,635985,NCM
VYNE,VYNE Therapeutics Inc.,Healthcare,Nano-Cap,5515883,NCM
MOVE,Movano Inc.,Healthcare,Nano-Cap,1810637,NCM
CAPT,Captivision Inc.,Basic Materials,Nano-Cap,3192247,NGM
COSM,Cosmos Health Inc.,Healthcare,Nano-Cap,776249,NCM
HIND,"Vyome Holdings, Inc.",Healthcare,Nano-Cap,793954,NCM
ITRM,Iterum Therapeutics plc,Healthcare,Nano-Cap,942975,NCM
NOTV,"Inotiv, Inc.",Healthcare,Nano-Cap,818221,NCM
TSE,Trinseo PLC,Basic Materials,Nano-Cap,984593,NYQ
OSRH,"OSR Holdings, Inc.",Healthcare,Nano-Cap,5292636,NCM
TRIB,Trinity Biotech plc,Healthcare,Nano-Cap,3226170,NMS
CTXR,"Citius Pharmaceuticals, Inc.",Healthcare,Nano-Cap,811850,NCM
CETX,Cemtrex Inc.,Technology,Nano-Cap,6548785,NCM
SOPA,Society Pass Incorporated,Communication Services,Nano-Cap,5318554,NCM
FTRK,FAST TRACK GROUP,Communication Services,Nano-Cap,504462,NCM
CSAI,"Cloudastructure, Inc.",Technology,Nano-Cap,742726,NCM
KALA,"KALA BIO, Inc.",Healthcare,Nano-Cap,8102626,NCM
ELOG,Eastern International Ltd.,Industrials,Nano-Cap,689790,NCM
TMDE,TMD Energy Limited,Energy,Nano-Cap,2150450,ASE
VSEE,"VSee Health, Inc.",Healthcare,Nano-Cap,2526303,NCM
CYN,Cyngn Inc.,Technology,Nano-Cap,1688734,NCM
SEGG,"Lottery.com, Inc.",Consumer Cyclical,Nano-Cap,10645708,NGM
PN,Skycorp Solar Group Limited,Technology,Nano-Cap,749542,NCM
BNZI,"Banzai International, Inc.",Technology,Nano-Cap,769395,NCM
GITS,Global Interactive Technologies,Communication Services,Nano-Cap,2266883,NCM
PLRZ,Polyrizon Ltd.,Healthcare,Nano-Cap,3206912,NCM
ZSPC,"zSpace, Inc.",Technology,Nano-Cap,1011895,NCM
VRME,"VerifyMe, Inc.",Industrials,Nano-Cap,3773706,NCM
IMG,CIMG Inc.,Consumer Defensive,Nano-Cap,1194633,NCM
ENGS,Energys Group Limited,Industrials,Nano-Cap,607518,NCM
MBAI,Check-Cap Ltd.,Healthcare,Nano-Cap,2682527,NCM
CENN,Cenntro Inc.,Consumer Cyclical,Nano-Cap,3474991,NCM
APLT,"Applied Therapeutics, Inc.",Healthcare,Nano-Cap,15758008,NCM
YYGH,YY Group Holding Limited,Consumer Cyclical,Nano-Cap,1446670,NCM
MNTS,Momentus Inc.,Industrials,Nano-Cap,2427279,NCM
SXTC,"China SXT Pharmaceuticals, Inc.",Healthcare,Nano-Cap,11941903,NCM
AGAE,Allied Gaming & Entertainment I,Communication Services,Nano-Cap,754808,NCM
ITOC,iTonic Holdings Ltd,Healthcare,Nano-Cap,1364050,NCM
SPHL,SPRINGVIEW HOLDINGS LTD,Consumer Cyclical,Nano-Cap,2125582,NCM
PTLE,PTL LTD,Consumer Cyclical,Nano-Cap,14756875,NCM
LFWD,Lifeward Ltd.,Healthcare,Nano-Cap,522839,NCM
KXIN,Kaixin Holdings,Consumer Cyclical,Nano-Cap,1045464,NCM
AIMD,"Ainos, Inc.",Technology,Nano-Cap,628421,NCM
DAIC,"CID HoldCo, Inc.",Technology,Nano-Cap,2768691,NGM
MWG,Multi Ways Holdings Limited,Industrials,Nano-Cap,5561832,ASE
XAIR,"Beyond Air, Inc.",Healthcare,Nano-Cap,7807478,NCM
EVTV,"Envirotech Vehicles, Inc.",Consumer Cyclical,Nano-Cap,27884932,NCM
PHIO,Phio Pharmaceuticals Corp.,Healthcare,Nano-Cap,3134813,NCM
FBGL,FBS Global Limited,Industrials,Nano-Cap,1738014,NCM
MYNZ,Mainz Biomed N.V.,Healthcare,Nano-Cap,567550,NCM
GELS,Gelteq Limited,Healthcare,Nano-Cap,2007873,NCM
SVRE,SaverOne 2014 Ltd.,Technology,Nano-Cap,940383,NCM
IOTR,iOThree Limited,Communication Services,Nano-Cap,1467324,NCM
INBS,Intelligent Bio Solutions Inc.,Healthcare,Nano-Cap,2391618,NCM
PHGE,BiomX Inc.,Healthcare,Nano-Cap,1034017,ASE
XHLD,"TEN Holdings, Inc.",Communication Services,Nano-Cap,3138274,NCM
SRXH,"SRX Health Solutions, Inc.",Consumer Defensive,Nano-Cap,19048744,ASE
BBGI,"Beasley Broadcast Group, Inc.",Communication Services,Nano-Cap,895347,NCM
TPET,Trio Petroleum Corp.,Energy,Nano-Cap,560998,ASE
CXAI,CXApp Inc.,Technology,Nano-Cap,3686227,NCM
SKYQ,Sky Quarry Inc.,Energy,Nano-Cap,6021927,NCM
AMZE,"Amaze Holdings, Inc.",Technology,Nano-Cap,18171662,ASE
TURB,"Turbo Energy, S.A.",Technology,Nano-Cap,648781,NCM
AKTX,Akari Therapeutics Plc,Healthcare,Nano-Cap,1180050,NCM
INHD,Inno Holdings Inc.,Basic Materials,Nano-Cap,1033162,NCM
XTKG,"X3 Holdings Co., Ltd.",Technology,Nano-Cap,17531667,NCM
PMCB,"PharmaCyte  Biotech, Inc.",Healthcare,Nano-Cap,3566324,NCM
CCHH,CCH Holdings Ltd,Consumer Cyclical,Nano-Cap,2440249,NCM
GXAI,Gaxos.ai Inc.,Communication Services,Nano-Cap,2131342,NCM
CJMB,Callan JMB Inc.,Industrials,Nano-Cap,3394419,NCM
JTAI,Jet.AI Inc.,Technology,Nano-Cap,11563327,NCM
WLDS,Wearable Devices Ltd.,Technology,Nano-Cap,535660,NCM
PRSO,Peraso Inc.,Technology,Nano-Cap,593149,NCM
PFSA,"Profusa, Inc.",Healthcare,Nano-Cap,26460277,NGM
NTCL,NETCLASS TECHNOLOGY INC,Technology,Nano-Cap,1980165,NCM
OLOX,Olenox Industries Inc.,Industrials,Nano-Cap,6862695,NCM
CYCU,"Cycurion, Inc.",Technology,Nano-Cap,1437917,NGM
NCRA,"Nocera, Inc.",Consumer Defensive,Nano-Cap,682367,NCM
TDIC,Dreamland Limited,Communication Services,Nano-Cap,2905373,NCM
SOWG,Sow Good Inc.,Consumer Defensive,Nano-Cap,1178352,NCM
AZI,Autozi Internet Technology (Glo,Consumer Cyclical,Nano-Cap,5631473,NGM
TIRX,TIAN RUIXIANG Holdings Ltd,Financial Services,Nano-Cap,8104598,NCM
TGL,Treasure Global Inc.,Technology,Nano-Cap,971529,NCM
MIMI,Mint Incorporation Limited,Industrials,Nano-Cap,3408109,NCM
IMRN,Immuron Limited,Healthcare,Nano-Cap,577954,NCM
JCSE,JE Cleantech Holdings Limited,Industrials,Nano-Cap,938898,NCM
XPON,Expion360 Inc.,Industrials,Nano-Cap,1782216,NCM
DRMA,"Dermata Therapeutics, Inc.",Healthcare,Nano-Cap,1457414,NCM
YCBD,"cbdMD, Inc.",Healthcare,Nano-Cap,11103195,ASE
BFRG,"Bullfrog AI Holdings, Inc.",Healthcare,Nano-Cap,581672,NCM
XTLB,XTL Biopharmaceuticals Ltd.,Healthcare,Nano-Cap,712908,NCM
ATON,AlphaTON Capital Corp.,Financial Services,Nano-Cap,6433398,NCM
PAVM,PAVmed Inc.,Healthcare,Nano-Cap,967739,NCM
KITT,"Nauticus Robotics, Inc.",Industrials,Nano-Cap,8876773,NCM
LOBO,LOBO TECHNOLOGIES LTD.,Consumer Cyclical,Nano-Cap,2295000,NCM
BQ,Boqii Holding Limited,Consumer Cyclical,Nano-Cap,1539313,ASE
MGRX,"Mangoceuticals, Inc.",Healthcare,Nano-Cap,1801663,NCM
TOVX,"Theriva Biologics, Inc.",Healthcare,Nano-Cap,5338493,ASE
PCSA,"Processa Pharmaceuticals, Inc.",Healthcare,Nano-Cap,810048,NCM
EDHL,Everbright Digital Holding Limi,Communication Services,Nano-Cap,568468,NCM
CETY,"Clean Energy Technologies, Inc.",Industrials,Nano-Cap,6201345,NCM
LUCY,"Innovative Eyewear, Inc.",Healthcare,Nano-Cap,3570227,NCM
MSS,Maison Solutions Inc.,Consumer Defensive,Nano-Cap,612198,NCM
CHR,"Cheer Holding, Inc.",Communication Services,Nano-Cap,1027632,NCM
TWG,Top Wealth Group Holding Limite,Consumer Defensive,Nano-Cap,1523932,NCM
RDHL,Redhill Biopharma Ltd.,Healthcare,Nano-Cap,974962,NCM
NCT,Intercont (Cayman) Limited,Industrials,Nano-Cap,583039,NCM
PMAX,Powell Max Limited,Industrials,Nano-Cap,906781,NCM
HXHX,Haoxin Holdings Limited,Industrials,Nano-Cap,5849831,NCM
ADVB,Advanced Biomed Inc.,Healthcare,Nano-Cap,608918,NCM
LNKS,Linkers Industries Limited,Industrials,Nano-Cap,960768,NCM
DTCK,Davis Commodities Limited,Consumer Defensive,Nano-Cap,4258340,NCM
ASBP,"Aspire Biopharma Holdings, Inc.",Healthcare,Nano-Cap,1269240,NCM
FMFC,Kandal M Venture Limited,Consumer Cyclical,Nano-Cap,2340216,NCM
SXTP,"60 Degrees Pharmaceuticals, Inc",Healthcare,Nano-Cap,3392137,NCM
KIDZ,"Classover Holdings, Inc.",Consumer Defensive,Nano-Cap,1121932,NCM
STFS,Star Fashion Culture Holdings L,Communication Services,Nano-Cap,2031773,NCM
NCPL,Netcapital Inc.,Financial Services,Nano-Cap,6187132,NCM
LMFA,"LM Funding America, Inc.",Financial Services,Nano-Cap,718611,NCM
LCFY,Locafy Limited,Communication Services,Nano-Cap,732470,NCM
RPGL,Republic Power Group Limited,Technology,Nano-Cap,12277524,NCM
PAVS,Paranovus Entertainment Technol,Consumer Defensive,Nano-Cap,2635106,NCM
CYCN,"Cyclerion Therapeutics, Inc.",Healthcare,Nano-Cap,1838539,NCM
SOAR,"Volato Group, Inc.",Industrials,Nano-Cap,1305225,ASE
ICON,Icon Energy Corp.,Industrials,Nano-Cap,934251,NCM
BKYI,"BIO-key International, Inc.",Industrials,Nano-Cap,11972459,NCM
VSME,VS Media Holdings Limited,Communication Services,Nano-Cap,7249104,NCM
DCOY,Decoy Therapeutics Inc.,Healthcare,Nano-Cap,3878780,NCM
MIGI,Mawson Infrastructure Group Inc,Financial Services,Nano-Cap,1557725,NCM
MASK,3 E Network Technology Group Lt,Technology,Nano-Cap,9448414,NCM
GIBO,GIBO Holdings Limited,Communication Services,Nano-Cap,673490,NCM
JEM,707 Cayman Holdings Limited,Consumer Cyclical,Nano-Cap,1308998,NCM
VSTD,Vestand Inc.,Consumer Cyclical,Nano-Cap,503134,NCM
YDKG,Yueda Digital Holding,Communication Services,Nano-Cap,741086,NCM
ULY,Urgent.ly Inc.,Technology,Nano-Cap,523080,NCM
BIYA,Baiya International Group Inc.,Technology,Nano-Cap,686685,NCM
CNEY,CN Energy Group Inc.,Basic Materials,Nano-Cap,2288047,NCM
FAT,FAT Brands Inc.,Consumer Cyclical,Nano-Cap,743939,NCM
HIHO,Highway Holdings Limited,Industrials,Nano-Cap,2799116,NCM
AEHL,Antelope Enterprise Holdings Li,Industrials,Nano-Cap,4366978,NCM
ATPC,Agape ATP Corporation,Consumer Defensive,Nano-Cap,38024613,NCM
POLA,"Polar Power, Inc.",Industrials,Nano-Cap,1330300,NCM
PASW,"Ping An Biomedical Co., Ltd.",Consumer Cyclical,Nano-Cap,3396937,NCM
GLMD,Galmed Pharmaceuticals Ltd.,Healthcare,Nano-Cap,2129083,NCM
NCL,Northann Corp.,Consumer Cyclical,Nano-Cap,14992616,ASE
ENVB,"Enveric Biosciences, Inc.",Healthcare,Nano-Cap,737872,NCM
IVDA,"Iveda Solutions, Inc.",Industrials,Nano-Cap,3164280,NCM
NCI,Neo-Concept International Group,Consumer Cyclical,Nano-Cap,637300,NCM
INDP,"Indaptus Therapeutics, Inc.",Healthcare,Nano-Cap,707493,NCM
FRSX,Foresight Autonomous Holdings L,Consumer Cyclical,Nano-Cap,706722,NCM
DRCT,"Direct Digital Holdings, Inc.",Communication Services,Nano-Cap,2817008,NCM
CANF,Can-Fite Biopharma Ltd,Healthcare,Nano-Cap,518717,ASE
ONFO,Onfolio Holdings Inc.,Communication Services,Nano-Cap,568439,NCM
ASNS,"Actelis Networks, Inc.",Technology,Nano-Cap,1522340,NCM
DFSC,DEFSEC Technologies Inc.,Industrials,Nano-Cap,594960,NCM
NITO,"N2OFF, Inc.",Basic Materials,Nano-Cap,824219,NCM
SHPH,Shuttle Pharmaceuticals Holding,Healthcare,Nano-Cap,2758942,NCM
BYAH,Park Ha Biological Technology C,Consumer Defensive,Nano-Cap,1824124,NCM
GNPX,"Genprex, Inc.",Healthcare,Nano-Cap,695214,NCM
ACON,"Aclarion, Inc.",Healthcare,Nano-Cap,849549,NCM
SPRC,SciSparc Ltd.,Healthcare,Nano-Cap,2084254,NCM
WHLR,Wheeler Real Estate Investment ,Real Estate,Nano-Cap,652267,NCM
ARTL,"Artelo Biosciences, Inc.",Healthcare,Nano-Cap,646900,NCM
MEHA,"Functional Brands, Inc.",Consumer Defensive,Nano-Cap,2036537,NCM
FTEL,Fitell Corporation,Consumer Cyclical,Nano-Cap,779511,NCM
CCTG,CCSC Technology International H,Industrials,Nano-Cap,1078607,NCM
VCIG,VCI Global Limited,Industrials,Nano-Cap,3546742,NCM
NUWE,"Nuwellis, Inc.",Healthcare,Nano-Cap,2110711,NCM
ISPC,iSpecimen Inc.,Healthcare,Nano-Cap,1162526,NCM
RUBI,Rubico Inc.,Industrials,Nano-Cap,1525747,NCM
ZONE,CleanCore Solutions Inc.,Industrials,Nano-Cap,4467270,ASE
VEEE,Twin Vee PowerCats Co.,Consumer Cyclical,Nano-Cap,1197608,NCM
IMTE,Integrated Media Technology Lim,Technology,Nano-Cap,2362381,NCM
UGRO,"urban-gro, Inc.",Industrials,Nano-Cap,5602045,NCM
WBUY,WEBUY GLOBAL LTD.,Consumer Cyclical,Nano-Cap,1055821,NCM
TIVC,"Tivic Health Systems, Inc.",Healthcare,Nano-Cap,909565,NCM
NVVE,Nuvve Holding Corp.,Consumer Cyclical,Nano-Cap,3476655,NCM
PW,Power REIT (MD),Real Estate,Nano-Cap,707354,ASE
WORX,SCWorx Corp.,Healthcare,Nano-Cap,17735398,NCM
AKAN,Akanda Corp.,Healthcare,Nano-Cap,1357281,NCM
MNDR,Mobile-health Network Solutions,Healthcare,Nano-Cap,3528675,NCM
CMCT,Creative Media,Real Estate,Nano-Cap,3903990,NCM
REVB,"Revelation Biosciences, Inc.",Healthcare,Nano-Cap,567510,NCM
JFBR,Jeffs' Brands Ltd,Consumer Cyclical,Nano-Cap,5766586,NCM
AZTR,Azitra Inc,Healthcare,Nano-Cap,951478,ASE
OCG,Oriental Culture Holding LTD,Consumer Cyclical,Nano-Cap,945158,NCM
FGL,Founder Group Limited,Industrials,Nano-Cap,6380452,NCM
JAGX,"Jaguar Health, Inc.",Healthcare,Nano-Cap,3707365,NCM
HCTI,"Healthcare Triangle, Inc.",Healthcare,Nano-Cap,7857509,NCM
AMIX,"Autonomix Medical, Inc.",Healthcare,Nano-Cap,8529591,NCM
PRFX,PRF Technologies Ltd.,Healthcare,Nano-Cap,1790859,NCM
GP,GreenPower Motor Company Inc.,Industrials,Nano-Cap,1440172,NCM
SGN,"Signing Day Sports, Inc.",Technology,Nano-Cap,18567518,ASE
AREB,"American Rebel Holdings, Inc.",Consumer Cyclical,Nano-Cap,3029152,NCM
VERO,Venus Concept Inc.,Healthcare,Nano-Cap,7245513,NCM
RIME,"Algorhythm Holdings, Inc.",Technology,Nano-Cap,840659,NCM
SOBR,"SOBR Safe, Inc.",Technology,Nano-Cap,2556290,NCM
SBEV,"Splash Beverage Group, Inc. (NV",Consumer Defensive,Nano-Cap,1536524,ASE
WOK,WORK Medical Technology Group L,Healthcare,Nano-Cap,693919,NCM
FRGT,"Freight Technologies, Inc.",Technology,Nano-Cap,1216998,NCM
VRAX,Virax Biolabs Group Limited,Healthcare,Nano-Cap,5276096,NCM
TRNR,Interactive Strength Inc.,Consumer Cyclical,Nano-Cap,996709,NCM
BDRX,Biodexa Pharmaceuticals plc,Healthcare,Nano-Cap,1106131,NCM
KUST,"Kustom Entertainment, Inc.",Communication Services,Nano-Cap,2494241,NCM
ADTX,"Aditxt, Inc.",Healthcare,Nano-Cap,2760366,NCM
EDBL,Edible Garden AG Incorporated,Consumer Defensive,Nano-Cap,1037714,NCM
NIVF,NewGenIvf Group Limited,Healthcare,Nano-Cap,523902,NCM
BOXL,Boxlight Corporation,Technology,Nano-Cap,2320311,NCM
RENX,RenX Enterprises Corp.,Real Estate,Nano-Cap,7525495,NCM
RAYA,Erayak Power Solution Group Inc,Industrials,Nano-Cap,820806,NCM
DCX,Digital Currency X Technology I,Consumer Cyclical,Nano-Cap,600751,NCM
FEED,"ENvue Medical, Inc.",Healthcare,Nano-Cap,7694480,NCM
WTO,UTime Limited,Technology,Nano-Cap,1219553,NCM
QH,Quhuo Limited - American Deposi,Technology,Nano-Cap,1448200,NGM
EPWK,EPWK Holdings Ltd.,Technology,Nano-Cap,1634723,NGM
ECDA,"ECD Automotive Design, Inc.",Consumer Cyclical,Nano-Cap,3601451,NCM
TSM,Taiwan Semiconductor Manufactur,Technology,Mega-Cap,12600239,NYQ
UUP,Invesco DB USD Index Bullish Fu,N/A,Nano-Cap,1197814,PCX
BPRE,N/A,,Nano-Cap,2083720,NYQ
OUNZ,VanEck Merk Gold ETF,N/A,Nano-Cap,1605157,PCX
SIVR,abrdn Physical Silver Shares ET,N/A,Nano-Cap,3932886,PCX
SGOL,abrdn Physical Gold Shares ETF,N/A,Nano-Cap,6300719,PCX
GLDM,SPDR Gold MiniShares Trust,N/A,Nano-Cap,8492281,PCX
OSG,"Octave Specialty Group, Inc.",Financial Services,Small-Cap,752068,NYQ
PALL,abrdn Physical Palladium Shares,N/A,Nano-Cap,570765,PCX
BNO,"United States Brent Oil Fund, L",N/A,Nano-Cap,540365,PCX
PPLT,abrdn Physical Platinum Shares ,N/A,Nano-Cap,995257,PCX
IBIT,iShares Bitcoin Trust ETF,N/A,Nano-Cap,61822555,NGM
GSOL,Grayscale Solana Staking ETF,N/A,Nano-Cap,631167,PCX
ETHW,Bitwise Ethereum ETF,N/A,Nano-Cap,1552101,PCX
ETH,Grayscale Ethereum Staking Mini,N/A,Nano-Cap,8312614,PCX
BSOL,Bitwise Solana Staking ETF,N/A,Nano-Cap,1638429,PCX
PPHC,"Public Policy Holding Company, ",Industrials,Small-Cap,895250,NGM
YSS,York Space Systems Inc.,Industrials,Mid-Cap,15780017,NYQ
BTC,Grayscale Bitcoin Mini Trust (B,N/A,Nano-Cap,2866549,PCX
XRP,Bitwise XRP ETF,N/A,Nano-Cap,534063,PCX
FSSL,FS Specialty Lending Fund,N/A,Nano-Cap,1033138,NYQ
PICS,Picpay Holdings Netherlands N.V,N/A,Nano-Cap,10453842,NMS
BAR,GraniteShares Gold Trust Shares,N/A,Nano-Cap,1146396,PCX
PLTM,GraniteShares Platinum Shares E,N/A,Nano-Cap,1530640,PCX
MINE,Mayfair Gold Corp.,Basic Materials,Small-Cap,1404500,ASE
EZRA,"Reliance Global Group, Inc.",Financial Services,Nano-Cap,1446411,NCM
BITB,Bitwise Bitcoin ETF,N/A,Nano-Cap,3015270,PCX
ETHE,Grayscale Ethereum Staking ETF ,N/A,Nano-Cap,7302140,PCX
OPTU,"Optimum Communications, Inc.",Communication Services,Nano-Cap,3004811,NYQ
IAUM,iShares Gold Trust Micro Shares,N/A,Nano-Cap,4206677,PCX
ETHA,iShares Ethereum Trust ETF,N/A,Nano-Cap,45526337,NGM
GOOG,Alphabet Inc.,Communication Services,Mega-Cap,22931562,NMS
PBR-A,Petroleo Brasileiro S.A. Petrob,Energy,Large-Cap,8692783,NYQ
FITB,Fifth Third Bancorp,Financial Services,Large-Cap,7721004,NMS
FOX,Fox Corporation,Communication Services,Large-Cap,1441236,NMS
FWONK,Liberty Media Corporation - Ser,Communication Services,Large-Cap,1582554,NMS
TEF,Telefonica SA,Communication Services,Large-Cap,1649224,NYQ
Z,"Zillow Group, Inc.",Communication Services,Large-Cap,2743622,NMS
NWS,News Corporation,Communication Services,Large-Cap,943350,NMS
FNGD,MicroSectors FANG  Index -3X In,N/A,Mid-Cap,29582672,PCX
BF-B,Brown Forman Inc,Consumer Defensive,Large-Cap,4883265,NYQ
LBRDK,Liberty Broadband Corporation,Communication Services,Mid-Cap,1241326,NMS
UHAL-B,U-Haul Holding Company Series N,Industrials,Mid-Cap,590078,NYQ
FYBR,"Frontier Communications Parent,",Communication Services,Mid-Cap,3300235,NMS
CMPO,"CompoSecure, Inc.",Industrials,Mid-Cap,1480791,NYQ
LBTYK,Liberty Global Ltd.,Communication Services,Mid-Cap,879985,NMS
UA,"Under Armour, Inc.",Consumer Cyclical,Mid-Cap,5903512,NYQ
LILAK,Liberty Latin America Ltd.,Communication Services,Small-Cap,873272,NMS
NAVI,Navient Corporation,Financial Services,Small-Cap,908672,NMS
PLYM,"Plymouth Industrial REIT, Inc.",Real Estate,Small-Cap,1456910,NYQ
AXL,American Axle & Manufacturing H,Consumer Cyclical,Small-Cap,3128303,NYQ
GES,"Guess?, Inc.",Consumer Cyclical,Small-Cap,613248,NYQ
ATXS,"Astria Therapeutics, Inc.",Healthcare,Small-Cap,1080754,NGM
DENN,Denny's Corporation,Consumer Cyclical,Small-Cap,2573810,NCM
SMLR,"Semler Scientific, Inc.",Healthcare,Small-Cap,542642,NCM
TRUE,"TrueCar, Inc.",Communication Services,Micro-Cap,895942,NMS
STRC,Strategy Inc - Variable Rate Se,Technology,Nano-Cap,1062893,NMS
SGBX,Safe & Green Holdings Corp.,Industrials,Nano-Cap,6862397,NCM
RELI,"Reliance Global Group, Inc.",Financial Services,Nano-Cap,1444894,NCM
IVP,"Inspire Veterinary Partners, In",Consumer Cyclical,Nano-Cap,56343057,NCM
SOMN,Southern Company (The) 2025 Ser,Utilities,Nano-Cap,1078562,NYQ
BA-PA,Boeing Company (The) Depositary,N/A,Nano-Cap,1226422,NYQ
BERZ,MicroSectors FANG & Innovation ,N/A,Nano-Cap,1346490,PCX
FNGU,MicroSectors FANG+ 3X Leveraged,N/A,Nano-Cap,4605670,PCX
GDXD,MicroSectors Gold Miners -3X In,N/A,Nano-Cap,5867988,PCX
GDXU,MicroSectors Gold Miners 3X Lev,N/A,Nano-Cap,669106,PCX
CPER,United States Copper Index Fund,N/A,Nano-Cap,1047224,PCX
AGQ,ProShares Ultra Silver,N/A,Nano-Cap,5760836,PCX
BOIL,ProShares Ultra Bloomberg Natur,N/A,Nano-Cap,11914219,PCX
GLL,ProShares UltraShort Gold,N/A,Nano-Cap,3395637,PCX
KOLD,ProShares UltraShort Bloomberg ,N/A,Nano-Cap,8784852,PCX
ZSL,ProShares UltraShort Silver,N/A,Nano-Cap,100796627,PCX
UGL,ProShares Ultra Gold,N/A,Nano-Cap,4427622,PCX
SCO,ProShares UltraShort Bloomberg ,N/A,Nano-Cap,1590826,PCX
UCO,ProShares Ultra Bloomberg Crude,N/A,Nano-Cap,2632801,PCX
ALB-PA,Albemarle Corporation Depositar,Basic Materials,Nano-Cap,556208,NYQ
OPENL,N/A,,Nano-Cap,556840,NMS
OPENZ,N/A,,Nano-Cap,728928,NMS
OPENW,N/A,,Nano-Cap,565432,NMS
OIMAU,OneIM Acquisition Corp.,Financial Services,Nano-Cap,793409,NGM
IEAGU,Infinite Eagle Acquisition Corp,Financial Services,Nano-Cap,1359833,NGM
FGIIU,FG Imperii Acquisition Corp.,Financial Services,Nano-Cap,681855,NGM
MLAAU,Mountain Lake Acquisition Corp.,N/A,Nano-Cap,5450033,NGM
ARTCU,Art Technology Acquisition Corp,N/A,Nano-Cap,863858,NGM
SORNU,Soren Acquisition Corp.,Financial Services,Nano-Cap,771694,NGM
ZKPU,Lafayette Digital Acquisition C,N/A,Nano-Cap,744607,NGM
ALOVU,Aldabra 4 Liquidity Opportunity,N/A,Nano-Cap,1815000,NGM
GIXXU,GigCapital9 Corp.,N/A,Nano-Cap,2374566,NGM
GLIBK,"GCI Liberty, Inc. - Series C GC",Communication Services,Small-Cap,593319,NMS
LEGO-UN,Legato Merger Corp. IV,N/A,Nano-Cap,1560605,ASE
MESHU,Meshflow Acquisition Corp.,Financial Services,Nano-Cap,590491,NGM
XCBEU,X3 Acquisition Corp. Ltd.,N/A,Nano-Cap,1250414,NGM
KRAQU,KRAKacquisition Corp,N/A,Nano-Cap,5178700,NGM
ARCIU,Archimedes Tech SPAC Partners I,Financial Services,Nano-Cap,1621120,NGM
NWAX-UN,New America Acquisition I Corp.,N/A,Nano-Cap,1364482,NYQ
PTORU,Praetorian Acquisition Corp.,Financial Services,Nano-Cap,2185120,NGM
SAAQU,Space Asset Acquisition Corp.,N/A,Nano-Cap,4474500,NGM
BBCQU,Bleichroeder Acquisition Corp. ,N/A,Nano-Cap,503980,NGM
